phase,sleepHours,sleepQuality,energy,mood,muscleSoreness,sleepDebt,acuteLoad,chronicLoad,recoveryScore
Late Luteal,6.3,3,2,3,2,1.7,225.2,134.8,33.2
Menstrual,7.7,4,2,3,5,0.3,800.0,847.5,28.7
Menstrual,5.9,3,3,2,2,2.1,149.3,107.9,33.4
Early Luteal,7.2,4,5,4,2,0.8,194.2,220.6,58.6
Late Luteal,7.7,4,2,3,3,0.3,286.0,299.5,46.1
Follicular,6.6,4,3,3,2,1.4,156.8,123.2,54.6
Follicular,6.7,3,3,4,2,1.3,224.3,246.4,46.5
Follicular,7.2,4,3,3,3,0.8,332.8,302.1,51.0
Late Luteal,6.3,2,2,2,1,1.7,33.5,0.0,37.5
Menstrual,6.6,3,3,3,1,1.4,32.8,0.0,48.9
Follicular,7.7,5,2,2,4,0.3,606.9,488.9,47.3
Ovulation,6.6,3,5,5,2,1.4,90.1,190.1,52.6
Follicular,7.3,4,3,3,1,0.7,88.5,86.2,61.5
Late Luteal,6.7,3,1,1,4,1.3,612.3,511.9,23.6
Early Luteal,6.8,3,3,4,2,1.2,228.6,260.5,47.0
Early Luteal,8.1,4,2,4,5,0.0,800.0,816.7,39.4
Late Luteal,8.6,4,3,3,1,0.0,30.4,34.7,70.2
Late Luteal,6.8,3,2,2,3,1.2,527.7,578.2,30.9
Menstrual,8.0,5,3,4,2,0.0,358.2,211.8,62.3
Menstrual,8.2,4,3,4,2,0.0,353.3,234.9,55.6
Follicular,5.8,3,4,4,2,2.2,243.2,192.7,41.1
Menstrual,6.6,3,3,2,2,1.4,8.0,0.0,43.6
Early Luteal,8.4,4,4,3,1,0.0,72.3,172.3,75.5
Menstrual,5.4,2,3,3,2,2.6,106.9,109.5,29.9
Menstrual,8.1,4,3,4,2,0.0,224.6,276.9,64.3
Menstrual,6.7,3,2,3,3,1.3,278.1,293.6,31.1
Menstrual,6.9,3,3,3,1,1.1,71.0,169.0,54.2
Follicular,7.8,4,3,4,2,0.2,122.4,167.6,64.0
Menstrual,6.1,4,2,3,2,1.9,129.4,87.0,39.0
Follicular,7.7,4,3,3,1,0.3,38.2,0.0,75.0
Late Luteal,5.7,3,4,3,2,2.3,112.8,209.5,41.1
Follicular,7.1,4,3,4,4,0.9,481.7,581.7,39.7
Late Luteal,5.8,2,2,2,3,2.2,502.8,414.8,16.6
Early Luteal,6.7,4,2,4,5,1.3,800.0,679.4,25.4
Follicular,7.8,4,4,4,1,0.2,35.6,83.3,74.6
Late Luteal,6.5,4,4,3,1,1.5,135.7,126.4,53.2
Ovulation,6.5,3,3,4,2,1.5,208.4,223.6,48.8
Follicular,6.8,2,3,3,1,1.2,197.4,18.5,44.7
Follicular,8.2,5,5,4,1,0.0,48.6,148.6,83.7
Late Luteal,6.1,4,3,4,2,1.9,180.3,115.3,43.1
Follicular,7.7,5,4,4,3,0.3,425.0,269.6,57.9
Late Luteal,7.0,3,2,2,3,1.0,190.8,175.1,36.6
Late Luteal,5.8,4,3,3,2,2.2,125.0,64.4,46.7
Follicular,7.5,4,4,3,2,0.5,234.6,317.9,66.4
Follicular,5.7,4,4,4,2,2.3,95.4,120.8,48.2
Follicular,7.0,4,3,3,3,1.0,388.7,309.1,43.5
Follicular,6.2,3,4,3,3,1.8,283.6,383.6,34.5
Follicular,8.4,5,4,5,2,0.0,211.2,148.8,75.2
Late Luteal,6.9,2,3,3,2,1.1,94.5,0.0,41.0
Follicular,6.6,2,3,4,2,1.4,126.0,212.0,42.2
Early Luteal,6.8,3,4,3,3,1.2,494.3,554.7,38.8
Late Luteal,8.0,4,3,3,1,0.0,86.9,55.7,65.2
Follicular,5.8,3,3,4,1,2.2,181.5,81.1,44.0
Menstrual,7.9,4,3,2,1,0.1,30.6,5.3,70.8
Early Luteal,5.6,3,3,3,2,2.4,149.7,249.7,40.0
Early Luteal,6.3,2,3,4,3,1.7,547.9,647.9,28.6
Ovulation,6.8,4,4,4,2,1.2,174.5,194.0,57.9
Follicular,5.8,5,4,4,2,2.2,188.1,273.2,60.0
Early Luteal,6.5,3,3,4,2,1.5,209.2,244.8,44.1
Follicular,7.5,4,4,4,2,0.5,223.3,94.8,61.5
Late Luteal,7.5,3,3,3,2,0.5,246.3,213.0,46.3
Follicular,7.5,4,3,3,4,0.5,617.4,634.9,41.7
Late Luteal,7.5,4,2,1,2,0.5,131.9,105.6,52.2
Late Luteal,6.6,3,2,2,1,1.4,86.1,128.1,43.9
Late Luteal,6.2,3,2,2,2,1.8,162.9,138.9,36.7
Early Luteal,6.8,2,2,3,2,1.2,140.5,235.2,43.6
Late Luteal,6.3,3,3,2,2,1.7,160.8,0.0,36.7
Ovulation,5.5,4,3,3,2,2.5,60.1,5.9,48.1
Follicular,7.3,3,3,2,2,0.7,250.2,261.8,54.3
Menstrual,6.6,3,2,2,2,1.4,174.3,245.2,43.4
Late Luteal,5.9,2,2,2,1,2.1,35.1,0.0,35.8
Follicular,6.8,3,4,3,1,1.2,21.2,18.1,56.1
Early Luteal,6.5,2,3,2,4,1.5,444.5,448.9,20.0
Menstrual,6.7,3,2,3,2,1.3,128.0,175.8,38.8
Early Luteal,6.0,3,2,3,2,2.0,219.8,185.7,36.6
Follicular,6.6,3,4,4,1,1.4,8.6,13.8,61.1
Menstrual,6.7,3,2,3,2,1.3,183.6,202.6,43.3
Late Luteal,5.9,3,2,2,1,2.1,78.2,0.0,43.0
Late Luteal,5.7,4,1,2,3,2.3,347.2,327.1,29.8
Late Luteal,7.4,4,3,2,1,0.6,32.4,132.4,60.0
Follicular,7.4,4,3,5,3,0.6,306.0,287.8,55.1
Follicular,7.4,4,3,3,2,0.6,204.2,105.3,60.5
Early Luteal,6.3,2,3,4,2,1.7,303.1,395.1,38.6
Early Luteal,8.0,4,4,4,2,0.0,224.0,157.4,62.0
Menstrual,5.9,2,3,3,1,2.1,107.8,121.8,38.9
Menstrual,8.5,3,3,1,1,0.0,128.8,0.0,63.4
Early Luteal,6.5,3,3,2,2,1.5,176.2,130.4,49.4
Follicular,7.1,4,4,4,2,0.9,188.4,164.3,51.6
Follicular,5.7,3,3,3,2,2.3,213.9,313.9,33.7
Late Luteal,7.7,3,3,3,1,0.3,73.9,0.0,60.3
Follicular,6.3,3,4,3,2,1.7,186.3,282.8,43.3
Late Luteal,6.4,3,3,2,1,1.6,17.9,18.4,47.2
Follicular,6.7,4,4,4,2,1.3,277.0,196.1,52.1
Follicular,4.5,2,3,3,1,3.5,173.6,112.6,33.4
Early Luteal,6.8,4,3,3,1,1.2,103.0,143.0,60.8
Early Luteal,6.6,4,3,3,1,1.4,96.2,141.4,56.7
Early Luteal,6.1,2,2,2,2,1.9,62.2,85.3,33.6
Late Luteal,6.5,3,3,3,1,1.5,85.2,139.6,47.5
Follicular,7.5,5,4,4,1,0.5,91.5,0.0,71.7
Late Luteal,6.8,3,2,2,2,1.2,190.8,35.6,40.9
Ovulation,7.0,3,3,4,5,1.0,757.3,793.7,24.9
Follicular,8.2,5,4,4,2,0.0,163.0,205.8,73.7
Follicular,8.5,4,4,3,1,0.0,83.2,50.4,76.3
Menstrual,7.8,4,3,2,2,0.2,105.5,140.2,61.7
Early Luteal,3.8,1,2,3,3,4.2,281.5,174.7,1.8
Early Luteal,6.8,4,3,4,3,1.2,500.3,475.1,37.0
Early Luteal,8.3,4,4,4,1,0.0,38.0,23.5,73.4
Late Luteal,6.5,2,1,2,4,1.5,556.3,572.7,16.1
Menstrual,5.9,3,2,2,3,2.1,418.7,415.2,22.5
Follicular,6.7,2,2,3,4,1.3,557.9,501.5,26.7
Early Luteal,6.9,1,3,2,2,1.1,176.6,126.3,35.3
Ovulation,9.3,4,4,4,1,0.0,117.8,217.8,81.8
Ovulation,7.0,2,3,4,2,1.0,210.0,211.3,47.5
Menstrual,6.3,3,1,2,4,1.7,487.7,515.1,24.6
Late Luteal,4.4,2,2,2,2,3.6,193.4,138.0,19.7
Follicular,8.4,4,3,4,2,0.0,180.4,111.5,63.5
Late Luteal,6.1,2,2,2,1,1.9,145.8,134.0,33.8
Menstrual,6.4,2,3,3,4,1.6,497.1,486.9,17.8
Follicular,8.5,4,4,3,3,0.0,314.7,348.8,56.9
Late Luteal,7.5,4,3,2,2,0.5,102.7,47.2,59.0
Menstrual,7.1,5,4,4,2,0.9,398.1,404.4,56.8
Late Luteal,5.7,4,4,3,2,2.3,268.5,158.4,41.0
Late Luteal,7.4,3,2,2,2,0.6,332.0,290.9,43.7
Late Luteal,7.2,4,3,2,1,0.8,131.4,123.7,65.4
Menstrual,6.2,2,2,3,3,1.8,264.0,290.7,24.6
Follicular,6.8,3,3,3,2,1.2,134.7,111.0,50.2
Menstrual,5.8,3,2,3,2,2.2,143.6,243.6,35.2
Late Luteal,7.4,4,4,3,2,0.6,218.3,169.5,57.3
Late Luteal,6.7,3,2,2,1,1.3,93.4,0.0,54.8
Follicular,6.3,2,2,3,1,1.7,71.0,123.1,41.0
Late Luteal,7.9,4,4,3,1,0.1,157.1,232.3,72.5
Late Luteal,6.1,3,2,2,3,1.9,276.9,187.5,33.5
Follicular,6.7,3,3,4,4,1.3,547.4,583.6,30.3
Early Luteal,7.7,4,3,3,1,0.3,150.3,169.3,61.5
Ovulation,6.4,3,3,3,2,1.6,195.1,168.0,49.1
Late Luteal,6.4,3,2,2,5,1.6,800.0,831.2,12.0
Menstrual,6.6,4,3,3,2,1.4,102.5,202.5,47.0
Late Luteal,5.5,3,2,2,2,2.5,215.9,221.4,30.4
Follicular,7.5,4,3,2,2,0.5,293.9,319.9,53.6
Early Luteal,6.8,3,3,3,4,1.2,498.8,566.5,28.8
Early Luteal,6.8,2,3,3,2,1.2,209.8,208.0,38.7
Menstrual,8.0,4,3,2,2,0.0,100.9,145.6,62.2
Menstrual,6.2,3,2,3,1,1.8,52.7,0.0,42.3
Menstrual,8.9,3,4,3,1,0.0,134.4,95.5,66.7
Menstrual,7.7,5,3,3,2,0.3,248.9,201.0,59.9
Early Luteal,6.4,4,4,5,1,1.6,115.1,153.3,59.3
Follicular,8.1,5,4,4,4,0.0,664.3,602.4,49.8
Late Luteal,7.6,3,2,2,3,0.4,468.9,368.0,38.3
Early Luteal,6.5,4,4,5,3,1.5,417.2,479.3,41.6
Late Luteal,6.0,3,3,2,1,2.0,40.7,90.4,46.0
Early Luteal,5.9,3,2,4,1,2.1,57.2,91.0,51.5
Early Luteal,9.0,5,4,5,2,0.0,149.5,87.1,80.2
Follicular,6.9,3,4,4,1,1.1,83.4,125.4,51.7
Early Luteal,6.6,3,3,4,3,1.4,371.7,281.2,41.4
Follicular,7.6,4,4,3,3,0.4,338.1,267.2,54.7
Menstrual,6.9,2,2,3,3,1.1,336.1,324.9,33.9
Menstrual,8.0,3,3,2,3,0.0,385.4,406.4,39.8
Ovulation,7.5,4,3,3,3,0.5,265.0,154.8,53.8
Menstrual,6.0,2,3,3,2,2.0,132.4,90.8,35.2
Follicular,7.1,4,3,3,1,0.9,8.2,0.0,65.2
Follicular,6.7,3,4,4,3,1.3,279.5,379.5,42.6
Early Luteal,7.4,4,3,3,1,0.6,50.1,62.6,64.5
Early Luteal,6.3,2,3,3,2,1.7,166.3,266.3,35.4
Early Luteal,7.4,4,4,4,3,0.6,503.3,388.8,46.9
Early Luteal,5.8,3,2,2,3,2.2,443.0,512.5,30.6
Early Luteal,7.7,4,3,3,2,0.3,132.4,138.0,63.1
Follicular,8.1,4,4,3,2,0.0,107.5,55.8,74.9
Early Luteal,7.2,4,4,4,1,0.8,71.1,0.0,65.6
Ovulation,7.1,4,4,4,3,0.9,277.5,283.4,52.5
Follicular,7.2,4,4,4,2,0.8,352.1,262.0,55.5
Follicular,7.0,3,4,3,1,1.0,107.4,0.0,62.3
Menstrual,5.3,2,2,2,1,2.7,44.3,42.4,30.8
Early Luteal,7.5,3,3,2,2,0.5,395.3,495.3,50.3
Early Luteal,7.4,4,3,3,1,0.6,169.5,247.3,63.8
Follicular,7.8,4,4,4,1,0.2,0.9,0.0,74.7
Menstrual,6.1,3,3,3,2,1.9,170.4,169.1,36.3
Follicular,6.7,4,3,3,2,1.3,55.1,24.1,55.4
Late Luteal,5.5,3,2,2,2,2.5,263.6,328.3,28.3
Early Luteal,7.2,5,3,4,4,0.8,652.7,455.3,48.2
Early Luteal,7.6,3,3,3,2,0.4,181.4,281.4,59.1
Early Luteal,5.9,2,2,2,2,2.1,179.3,144.6,37.4
Late Luteal,7.1,4,3,3,3,0.9,369.1,289.9,46.3
Ovulation,7.6,4,3,4,2,0.4,140.3,214.6,63.6
Late Luteal,6.6,2,2,1,2,1.4,305.0,405.0,34.4
Follicular,6.6,3,3,4,2,1.4,326.1,345.6,42.8
Follicular,6.3,3,5,5,1,1.7,19.2,0.0,54.4
Early Luteal,7.6,3,3,3,2,0.4,109.3,209.3,56.8
Follicular,6.5,3,2,3,3,1.5,459.9,399.3,34.3
Late Luteal,7.9,3,2,2,5,0.1,800.0,863.7,23.7
Late Luteal,5.5,3,3,3,2,2.5,175.9,154.9,31.9
Menstrual,6.8,4,2,3,3,1.2,294.2,394.2,40.4
Early Luteal,6.7,3,3,3,2,1.3,162.9,216.4,43.3
Menstrual,5.0,3,2,4,3,3.0,531.7,520.8,17.7
Early Luteal,6.6,4,3,3,5,1.4,800.0,812.7,25.7
Follicular,6.5,2,3,2,2,1.5,159.9,176.4,39.3
Ovulation,7.6,4,4,4,3,0.4,315.7,300.3,56.0
Follicular,5.5,4,2,3,3,2.5,263.5,274.2,40.8
Late Luteal,6.3,3,3,3,1,1.7,180.8,248.8,43.2
Follicular,6.7,3,3,4,2,1.3,138.9,149.9,48.2
Early Luteal,6.9,2,3,3,2,1.1,251.3,169.2,42.4
Ovulation,7.2,3,4,4,2,0.8,147.0,247.0,57.1
Follicular,6.3,4,3,3,1,1.7,50.8,128.8,54.7
Follicular,6.8,4,3,4,4,1.2,541.6,641.6,39.2
Ovulation,6.1,4,4,4,1,1.9,51.3,0.0,61.7
Early Luteal,6.5,2,2,2,4,1.5,484.4,543.0,22.1
Follicular,6.6,3,3,3,2,1.4,108.5,152.2,48.0
Follicular,7.9,5,4,3,2,0.1,161.0,240.3,71.8
Menstrual,6.7,3,3,5,2,1.3,132.8,5.3,47.1
Late Luteal,5.2,3,2,4,4,2.8,475.2,431.8,9.6
Early Luteal,8.6,4,4,3,1,0.0,57.3,29.4,76.7
Follicular,7.4,4,4,4,1,0.6,41.2,22.7,68.2
Follicular,6.0,4,2,3,3,2.0,432.1,381.3,38.3
Late Luteal,7.0,2,1,1,4,1.0,638.2,587.6,13.1
Follicular,6.0,4,3,4,2,2.0,222.4,203.8,52.7
Follicular,5.7,5,5,5,1,2.3,87.0,112.9,61.9
Follicular,6.9,5,3,4,4,1.1,645.4,745.4,42.5
Menstrual,5.7,2,4,3,2,2.3,147.1,91.6,30.4
Early Luteal,9.0,4,3,3,4,0.0,656.8,617.1,47.4
Ovulation,7.1,4,4,4,3,0.9,324.6,244.1,49.1
Early Luteal,7.5,4,3,4,2,0.5,300.8,269.6,59.3
Follicular,8.0,4,3,4,5,0.0,724.2,781.2,39.4
Menstrual,6.2,3,3,2,1,1.8,2.3,48.4,46.2
Follicular,7.9,4,3,4,3,0.1,376.6,329.8,54.2
Follicular,8.0,4,3,3,2,0.0,125.8,225.8,62.3
Follicular,5.7,3,4,4,1,2.3,46.9,124.2,48.0
Follicular,7.9,3,3,4,2,0.1,234.3,248.2,58.3
Follicular,8.3,3,4,3,2,0.0,134.9,2.6,63.6
Ovulation,7.3,4,4,4,3,0.7,406.4,385.1,52.8
Early Luteal,8.0,4,4,4,2,0.0,146.3,78.3,67.5
Early Luteal,8.3,5,4,4,2,0.0,139.9,114.6,75.3
Early Luteal,7.9,4,3,3,2,0.1,73.9,97.6,62.7
Menstrual,6.4,3,2,2,2,1.6,134.2,38.2,39.5
Ovulation,6.4,3,3,4,4,1.6,554.5,427.9,31.6
Late Luteal,6.9,2,2,2,1,1.1,47.1,58.9,46.2
Menstrual,7.4,4,2,3,3,0.6,266.3,259.1,48.3
Early Luteal,6.3,4,2,2,3,1.7,472.8,383.7,42.5
Menstrual,7.2,4,2,2,3,0.8,183.9,277.8,42.9
Early Luteal,7.9,5,4,4,2,0.1,201.9,111.1,65.4
Follicular,7.4,5,4,5,2,0.6,357.2,398.4,58.9
Late Luteal,6.8,2,3,2,2,1.2,186.1,283.7,38.2
Early Luteal,8.4,3,2,3,3,0.0,362.2,350.5,48.4
Late Luteal,7.2,4,3,3,1,0.8,57.8,53.6,61.3
Early Luteal,7.4,4,4,4,3,0.6,237.2,240.9,56.7
Early Luteal,6.8,3,3,3,3,1.2,311.3,288.7,39.8
Menstrual,5.8,4,3,3,2,2.2,161.2,115.3,41.0
Early Luteal,8.5,4,4,4,3,0.0,433.1,477.8,56.2
Menstrual,6.2,3,3,2,1,1.8,137.4,0.0,39.7
Ovulation,7.6,4,4,5,1,0.4,44.1,144.1,81.9
Late Luteal,5.7,3,2,2,3,2.3,393.4,474.9,21.2
Menstrual,8.3,4,3,3,2,0.0,193.7,191.8,57.6
Menstrual,6.8,4,3,2,3,1.2,340.1,174.8,40.7
Late Luteal,5.2,3,2,2,3,2.8,351.4,339.2,26.5
Early Luteal,7.7,4,4,4,3,0.3,425.3,396.5,52.9
Follicular,7.1,5,4,3,2,0.9,201.2,255.6,66.0
Late Luteal,5.9,2,3,2,2,2.1,227.5,154.8,30.2
Ovulation,6.3,3,4,4,2,1.7,76.7,0.0,51.0
Early Luteal,6.2,2,3,2,1,1.8,34.0,59.9,44.5
Menstrual,6.9,3,2,3,2,1.1,195.1,243.1,42.0
Early Luteal,6.5,4,4,3,2,1.5,382.5,365.1,48.0
Ovulation,7.5,4,3,4,2,0.5,251.4,227.5,60.9
Late Luteal,6.7,4,1,2,3,1.3,364.7,397.6,34.7
Late Luteal,6.8,2,3,3,1,1.2,55.8,155.8,51.6
Menstrual,6.1,3,4,3,1,1.9,213.2,231.8,48.3
Follicular,8.0,4,4,3,2,0.0,157.9,147.2,61.8
Ovulation,7.6,2,3,4,2,0.4,256.8,356.8,47.9
Follicular,6.6,3,3,3,4,1.4,609.0,581.9,27.8
Menstrual,5.9,3,3,3,2,2.1,191.7,260.4,37.2
Late Luteal,6.2,2,2,2,3,1.8,362.0,402.3,24.3
Menstrual,7.2,4,4,2,1,0.8,18.7,0.0,61.2
Follicular,7.6,4,3,4,3,0.4,360.6,264.3,50.0
Early Luteal,7.2,4,3,3,1,0.8,62.1,25.5,62.7
Ovulation,6.6,3,4,4,2,1.4,280.6,325.6,47.0
Menstrual,8.0,3,2,2,3,0.0,201.6,176.7,46.2
Late Luteal,6.4,3,3,3,2,1.6,286.4,90.1,37.2
Follicular,7.3,4,3,2,3,0.7,399.1,427.3,47.5
Menstrual,6.1,2,2,1,2,1.9,125.6,69.6,27.2
Early Luteal,7.0,2,3,2,2,1.0,107.4,101.6,41.9
Ovulation,6.5,3,2,3,2,1.5,226.4,152.3,42.3
Late Luteal,5.4,3,1,1,5,2.6,761.1,792.8,0.0
Ovulation,6.8,3,3,4,3,1.2,310.3,329.8,45.4
Late Luteal,7.9,3,3,1,2,0.1,77.7,79.9,49.8
Follicular,8.3,3,3,3,2,0.0,224.0,233.4,58.6
Follicular,6.8,4,3,3,2,1.2,221.1,77.5,54.6
Ovulation,7.8,4,3,3,2,0.2,263.8,342.5,60.3
Follicular,6.6,3,4,4,2,1.4,194.1,247.9,51.4
Early Luteal,5.9,4,4,4,2,2.1,248.4,274.0,45.8
Menstrual,7.6,5,3,2,2,0.4,102.0,2.9,60.6
Early Luteal,6.8,3,3,4,2,1.2,121.3,16.3,53.7
Menstrual,6.9,3,1,1,2,1.1,143.8,55.8,35.6
Late Luteal,5.2,3,3,2,1,2.8,66.3,38.0,41.4
Follicular,6.3,3,4,4,1,1.7,138.6,150.8,60.1
Early Luteal,5.9,2,2,2,3,2.1,349.1,318.8,20.8
Early Luteal,6.8,3,3,3,1,1.2,134.3,228.5,55.0
Menstrual,7.5,5,4,4,2,0.5,186.0,174.5,63.4
Ovulation,8.1,4,5,5,2,0.0,262.6,2.7,74.2
Menstrual,7.4,3,3,2,2,0.6,140.3,240.3,51.5
Ovulation,6.8,4,4,4,1,1.2,40.6,38.4,68.5
Early Luteal,7.5,5,4,4,2,0.5,112.8,212.8,68.9
Early Luteal,6.2,3,3,2,1,1.8,45.9,112.3,51.7
Follicular,6.2,3,3,2,2,1.8,227.7,276.8,46.0
Early Luteal,7.6,3,4,3,2,0.4,234.2,283.5,50.8
Late Luteal,5.1,3,2,2,2,2.9,201.1,222.6,20.0
Early Luteal,5.9,3,1,2,3,2.1,342.3,409.7,26.6
Late Luteal,7.3,3,3,3,2,0.7,265.9,240.0,48.9
Follicular,9.2,5,4,4,2,0.0,300.0,376.0,74.1
Ovulation,6.6,4,4,4,3,1.4,374.7,422.8,54.7
Late Luteal,5.5,2,1,2,4,2.5,541.9,641.9,8.0
Menstrual,6.9,3,2,2,3,1.1,332.5,372.8,31.8
Early Luteal,7.4,3,3,3,1,0.6,31.6,122.1,62.2
Follicular,7.2,4,3,3,2,0.8,299.1,198.6,58.7
Early Luteal,7.8,2,2,2,1,0.2,62.3,0.0,58.0
Late Luteal,7.2,4,3,2,3,0.8,458.6,468.2,39.8
Ovulation,7.9,4,5,4,3,0.1,413.1,330.4,62.4
Follicular,6.5,3,3,3,3,1.5,378.0,403.5,43.2
Follicular,6.6,3,3,3,2,1.4,286.6,181.7,43.0
Ovulation,5.6,3,2,3,2,2.4,165.6,67.8,43.0
Menstrual,6.0,3,3,2,2,2.0,227.5,196.4,38.7
Follicular,8.4,4,3,3,3,0.0,390.9,297.8,53.5
Early Luteal,7.5,5,4,3,2,0.5,332.4,281.1,65.6
Follicular,4.7,2,2,2,2,3.3,243.2,227.5,21.6
Early Luteal,6.9,2,2,3,3,1.1,449.5,342.5,25.1
Follicular,5.5,3,3,2,4,2.5,596.0,552.8,23.2
Menstrual,7.5,4,4,4,1,0.5,170.8,153.2,64.0
Late Luteal,6.4,3,3,2,2,1.6,181.1,238.0,39.2
Follicular,6.7,2,2,3,5,1.3,800.0,742.1,11.3
Ovulation,6.7,3,4,3,2,1.3,280.5,276.8,49.1
Menstrual,4.4,2,1,2,2,3.6,209.7,185.0,15.4
Follicular,6.8,2,3,3,2,1.2,172.7,265.9,43.9
Follicular,7.0,2,4,4,1,1.0,61.6,85.5,52.7
Late Luteal,4.6,2,2,2,2,3.4,145.2,188.0,20.0
Follicular,7.4,4,3,3,2,0.6,143.2,164.3,58.8
Ovulation,7.8,4,4,3,2,0.2,214.1,213.4,59.8
Follicular,6.9,2,3,3,3,1.1,402.0,405.4,35.1
Late Luteal,6.5,3,3,3,2,1.5,174.2,183.0,43.9
Ovulation,9.2,4,4,3,3,0.0,309.1,335.9,68.7
Late Luteal,6.4,3,2,1,3,1.6,444.1,406.1,22.6
Menstrual,6.2,1,2,3,1,1.8,66.7,142.6,31.3
Menstrual,6.3,2,2,2,1,1.7,20.2,14.5,39.1
Late Luteal,7.0,3,2,2,1,1.0,46.8,132.7,53.5
Follicular,5.3,3,3,4,3,2.7,449.8,300.8,30.7
Follicular,7.3,4,3,4,1,0.7,129.8,92.9,64.0
Follicular,8.9,5,4,5,2,0.0,54.7,108.9,79.0
Follicular,7.5,4,3,3,1,0.5,91.4,3.8,66.1
Menstrual,7.4,3,2,2,2,0.6,210.4,203.8,48.7
Late Luteal,7.2,3,2,3,2,0.8,174.2,131.7,44.8
Follicular,8.0,4,3,3,3,0.0,442.8,385.1,49.9
Ovulation,6.5,4,4,4,2,1.5,158.1,256.2,60.7
Late Luteal,7.9,4,3,3,3,0.1,481.7,482.2,50.5
Early Luteal,9.2,5,4,4,4,0.0,595.9,695.9,56.4
Follicular,8.0,4,4,4,1,0.0,11.9,0.0,73.8
Ovulation,6.8,3,4,4,2,1.2,282.3,308.0,56.0
Late Luteal,6.2,2,3,2,1,1.8,125.8,44.7,44.4
Early Luteal,7.4,5,4,3,3,0.6,429.4,457.2,60.7
Menstrual,6.6,4,3,3,4,1.4,531.8,521.7,30.5
Follicular,7.9,5,4,5,2,0.1,134.9,213.1,72.1
Follicular,8.2,4,5,4,1,0.0,137.8,110.6,72.6
Ovulation,6.8,2,2,3,2,1.2,112.1,180.4,47.2
Late Luteal,6.5,3,1,1,5,1.5,596.3,566.6,11.3
Early Luteal,8.2,4,3,3,2,0.0,126.9,111.4,67.5
Follicular,7.4,4,4,5,1,0.6,129.0,229.0,66.2
Follicular,8.0,5,5,5,2,0.0,116.8,86.3,72.0
Late Luteal,6.3,3,3,2,2,1.7,85.1,0.0,46.7
Late Luteal,6.5,4,4,3,2,1.5,182.1,173.3,46.8
Early Luteal,7.0,3,3,3,2,1.0,199.1,299.1,49.8
Menstrual,7.3,3,3,2,3,0.7,310.0,204.0,39.2
Menstrual,7.6,3,2,3,5,0.4,800.0,657.0,22.5
Follicular,7.4,4,4,4,2,0.6,136.4,103.3,60.7
Early Luteal,6.6,3,4,3,2,1.4,263.4,259.6,44.2
Follicular,8.0,4,4,5,2,0.0,134.4,148.1,72.8
Follicular,5.7,3,2,3,1,2.3,22.0,102.4,47.6
Late Luteal,6.3,3,2,2,2,1.7,207.3,307.3,40.8
Follicular,6.8,2,4,3,2,1.2,82.8,123.8,46.0
Early Luteal,7.0,4,4,4,2,1.0,266.9,226.0,49.7
Menstrual,8.4,3,2,2,4,0.0,632.0,707.4,34.0
Early Luteal,7.1,4,3,3,2,0.9,189.5,289.5,59.4
Follicular,6.3,5,4,4,2,1.7,67.4,16.0,57.9
Early Luteal,8.1,5,4,3,1,0.0,36.1,2.2,80.9
Late Luteal,5.6,2,3,2,1,2.4,127.0,227.0,38.8
Early Luteal,7.4,3,3,3,2,0.6,120.8,84.2,55.2
Menstrual,6.8,3,3,3,2,1.2,327.0,421.7,39.9
Menstrual,6.5,2,2,3,4,1.5,571.2,467.0,15.2
Early Luteal,7.7,5,4,4,4,0.3,590.9,643.8,45.5
Follicular,6.9,2,2,3,2,1.1,168.6,100.6,43.6
Late Luteal,6.8,3,3,3,1,1.2,163.7,236.2,46.6
Menstrual,6.6,4,3,2,1,1.4,54.3,110.8,53.8
Menstrual,5.3,2,2,2,2,2.7,68.1,0.0,23.9
Follicular,6.4,3,3,3,2,1.6,295.0,183.8,44.2
Follicular,7.5,4,3,4,2,0.5,104.4,141.0,65.8
Follicular,8.4,4,5,4,2,0.0,213.1,297.7,66.1
Early Luteal,7.6,4,3,4,2,0.4,118.4,218.4,59.2
Early Luteal,5.7,3,3,3,1,2.3,128.9,139.8,46.1
Early Luteal,8.6,4,3,4,3,0.0,385.0,265.1,52.4
Late Luteal,7.2,4,3,3,4,0.8,562.2,627.6,35.9
Early Luteal,7.9,5,3,3,2,0.1,49.2,0.0,69.3
Early Luteal,6.3,4,4,4,1,1.7,98.8,40.1,57.8
Follicular,9.5,4,4,4,5,0.0,659.3,528.7,47.8
Follicular,6.6,4,4,4,1,1.4,70.6,104.0,65.8
Late Luteal,8.1,5,3,3,5,0.0,657.6,632.0,41.3
Late Luteal,5.5,2,1,1,4,2.5,414.2,430.7,12.4
Follicular,6.7,3,4,4,1,1.3,117.9,58.9,56.7
Early Luteal,8.8,4,3,2,2,0.0,207.0,101.8,67.3
Follicular,6.0,3,3,4,2,2.0,335.3,435.3,43.2
Follicular,5.7,3,3,3,2,2.3,141.8,38.0,38.8
Late Luteal,7.1,4,3,3,2,0.9,163.5,116.7,52.1
Menstrual,6.5,3,2,2,3,1.5,246.6,185.1,32.2
Late Luteal,5.1,1,3,3,2,2.9,78.2,0.0,20.6
Follicular,6.6,3,3,3,4,1.4,575.2,484.3,31.2
Menstrual,5.3,3,1,3,5,2.7,800.0,804.0,2.6
Menstrual,8.6,4,2,2,4,0.0,579.6,526.5,40.3
Late Luteal,7.7,3,3,2,1,0.3,91.5,42.5,60.6
Ovulation,6.1,3,3,2,2,1.9,276.9,137.6,39.3
Follicular,5.3,3,3,3,3,2.7,441.6,509.8,19.7
Ovulation,6.7,3,3,5,2,1.3,98.1,27.7,52.7
Ovulation,7.1,5,4,4,3,0.9,395.4,277.4,61.4
Late Luteal,7.7,3,2,1,2,0.3,32.4,0.0,50.6
Menstrual,7.0,3,3,3,1,1.0,77.5,70.7,50.3
Late Luteal,6.7,2,2,2,2,1.3,123.7,164.5,39.0
Menstrual,7.3,3,3,2,2,0.7,118.4,0.0,50.3
Late Luteal,5.1,3,2,3,5,2.9,800.0,765.5,0.0
Menstrual,7.2,3,3,3,1,0.8,75.9,49.9,48.9
Menstrual,7.0,3,2,2,3,1.0,191.2,283.8,40.7
Ovulation,5.8,3,4,3,3,2.2,322.2,348.9,33.3
Late Luteal,6.5,3,3,2,2,1.5,205.8,114.3,40.5
Menstrual,7.5,4,3,5,2,0.5,220.9,222.4,53.5
Early Luteal,7.3,4,3,2,2,0.7,143.0,198.3,56.4
Follicular,5.2,3,3,3,2,2.8,142.6,242.0,35.1
Menstrual,7.4,4,3,4,2,0.6,55.7,155.7,55.6
Follicular,9.0,5,4,4,1,0.0,83.7,32.2,87.7
Late Luteal,6.3,3,3,2,2,1.7,122.7,222.7,44.8
Follicular,8.4,5,4,4,2,0.0,247.0,203.6,69.3
Follicular,6.1,3,3,3,3,1.9,521.9,458.9,34.4
Early Luteal,7.4,3,4,4,2,0.6,164.5,77.2,55.4
Ovulation,8.5,4,5,3,2,0.0,227.4,250.9,69.7
Follicular,7.6,4,4,4,2,0.4,138.9,170.2,65.0
Late Luteal,6.7,3,3,2,1,1.3,34.4,16.3,50.5
Late Luteal,6.1,3,3,2,2,1.9,187.9,0.0,33.0
Early Luteal,6.5,2,2,2,4,1.5,545.4,633.3,20.1
Late Luteal,5.6,3,3,3,2,2.4,132.9,158.2,38.1
Ovulation,7.8,5,3,4,3,0.2,382.0,314.3,65.1
Menstrual,4.6,2,2,2,2,3.4,150.8,68.7,20.7
Follicular,7.0,4,4,3,2,1.0,179.2,279.2,59.8
Late Luteal,7.3,4,4,4,2,0.7,13.0,93.4,66.5
Follicular,9.2,5,4,3,2,0.0,247.0,280.7,79.3
Late Luteal,6.2,4,2,2,5,1.8,800.0,660.1,10.9
Menstrual,8.5,3,3,3,1,0.0,95.2,161.3,69.5
Late Luteal,6.4,3,2,2,3,1.6,258.2,334.2,26.0
Late Luteal,5.5,3,2,2,3,2.5,337.3,306.0,23.4
Menstrual,5.9,3,3,3,2,2.1,343.5,348.2,34.3
Menstrual,7.8,3,3,2,1,0.2,73.4,141.0,53.4
Follicular,6.2,3,4,3,2,1.8,278.5,184.6,41.5
Follicular,6.4,5,4,3,1,1.6,52.0,47.9,66.5
Follicular,7.6,5,3,2,2,0.4,356.7,346.7,57.8
Early Luteal,6.4,4,2,3,3,1.6,426.4,343.8,38.5
Ovulation,6.4,4,3,4,3,1.6,384.2,366.0,40.1
Early Luteal,7.1,5,3,4,4,0.9,600.5,621.3,41.4
Late Luteal,6.7,2,2,2,2,1.3,116.6,216.6,41.5
Late Luteal,7.5,4,3,3,4,0.5,456.2,427.7,40.6
Follicular,5.7,3,3,3,3,2.3,347.1,447.1,33.0
Follicular,9.5,5,5,5,2,0.0,180.0,148.6,80.3
Follicular,7.6,4,4,5,1,0.4,168.0,186.4,64.1
Ovulation,7.2,4,4,4,3,0.8,331.2,431.2,48.7
Follicular,6.5,2,3,2,2,1.5,81.5,0.0,48.5
Menstrual,7.8,5,3,4,1,0.2,9.7,42.5,72.1
Early Luteal,5.9,2,2,3,4,2.1,577.9,561.5,11.3
Early Luteal,7.5,4,2,3,2,0.5,164.4,174.7,61.0
Ovulation,7.5,4,5,4,1,0.5,131.1,143.6,68.3
Follicular,6.7,3,3,3,1,1.3,14.4,71.7,60.1
Early Luteal,7.7,3,4,3,1,0.3,116.0,37.9,59.9
Late Luteal,9.4,4,3,3,3,0.0,304.7,348.5,60.9
Early Luteal,5.6,3,3,3,3,2.4,326.9,304.1,26.4
Early Luteal,8.9,4,3,3,2,0.0,115.8,215.8,67.5
Ovulation,5.8,3,4,3,2,2.2,455.3,425.5,39.0
Menstrual,7.2,3,2,2,1,0.8,2.5,1.1,53.3
Follicular,6.8,4,4,4,1,1.2,170.5,141.7,66.6
Follicular,7.9,4,3,3,3,0.1,341.7,255.1,54.4
Menstrual,5.8,3,3,3,2,2.2,244.3,320.1,36.9
Menstrual,5.9,3,3,2,2,2.1,355.0,303.6,35.8
Follicular,7.3,4,4,4,2,0.7,253.8,174.1,60.8
Follicular,6.8,3,3,3,3,1.2,406.1,470.0,40.8
Ovulation,6.2,3,4,4,1,1.8,112.2,0.0,52.0
Early Luteal,9.0,4,3,3,4,0.0,565.6,665.6,51.7
Late Luteal,6.6,3,3,2,1,1.4,98.7,0.0,48.7
Early Luteal,6.7,3,3,4,2,1.3,200.4,152.0,48.9
Early Luteal,7.4,3,3,3,3,0.6,208.7,277.1,44.6
Early Luteal,7.4,5,3,3,4,0.6,624.2,635.9,47.5
Early Luteal,8.1,4,4,3,2,0.0,224.9,181.1,68.4
Ovulation,6.8,2,3,3,2,1.2,121.3,149.7,44.7
Early Luteal,7.2,5,4,3,2,0.8,117.3,33.3,68.8
Early Luteal,7.9,5,4,5,2,0.1,149.9,161.5,74.2
Early Luteal,5.4,3,3,3,2,2.6,255.6,223.8,33.6
Early Luteal,7.0,4,3,3,3,1.0,352.6,215.1,48.1
Early Luteal,6.4,3,3,3,1,1.6,63.3,122.6,55.0
Late Luteal,6.0,2,3,3,2,2.0,242.9,325.7,28.0
Menstrual,7.5,4,3,2,4,0.5,542.1,609.8,40.1
Menstrual,4.7,2,1,2,3,3.3,311.0,311.8,9.4
Follicular,9.0,5,4,4,3,0.0,416.3,388.2,66.4
Late Luteal,7.8,4,3,2,2,0.2,253.6,161.8,56.8
Follicular,6.8,3,3,4,1,1.2,89.6,88.7,60.1
Late Luteal,5.1,3,1,2,4,2.9,544.0,595.1,6.5
Menstrual,6.0,4,3,2,2,2.0,119.2,202.9,45.7
Late Luteal,6.5,4,3,3,2,1.5,272.0,291.8,48.0
Ovulation,6.1,3,4,3,1,1.9,107.6,61.4,57.9
Late Luteal,7.4,3,3,3,2,0.6,164.0,121.9,47.3
Late Luteal,7.6,4,2,3,5,0.4,679.6,779.6,29.3
Follicular,7.7,5,4,4,2,0.3,204.4,199.2,61.2
Ovulation,8.7,4,3,4,3,0.0,334.5,408.2,61.1
Follicular,7.4,4,4,4,1,0.6,107.4,94.4,66.4
Follicular,9.5,4,5,3,1,0.0,43.1,0.0,81.3
Follicular,6.0,3,3,3,1,2.0,57.9,21.0,51.0
Early Luteal,6.3,3,3,4,1,1.7,65.7,107.2,52.8
Early Luteal,8.5,5,3,4,1,0.0,48.7,148.7,81.0
Follicular,8.0,4,3,3,4,0.0,500.5,550.9,49.1
Late Luteal,3.9,2,2,2,2,4.1,222.2,252.5,11.3
Menstrual,8.5,3,4,2,1,0.0,104.1,190.0,62.0
Follicular,6.2,3,3,3,2,1.8,244.5,268.5,39.9
Late Luteal,7.5,3,2,2,2,0.5,365.7,282.1,49.6
Follicular,7.9,4,4,3,2,0.1,165.0,30.9,67.1
Late Luteal,6.6,3,3,2,2,1.4,182.6,234.4,40.7
Late Luteal,7.6,2,3,2,3,0.4,500.9,446.1,28.5
Late Luteal,7.7,4,3,4,3,0.3,389.8,438.0,46.5
Late Luteal,7.2,3,2,2,2,0.8,290.6,316.4,43.1
Menstrual,5.8,3,3,3,2,2.2,92.0,68.8,36.1
Late Luteal,8.3,4,3,1,3,0.0,254.5,45.8,53.2
Follicular,7.7,3,3,4,2,0.3,261.2,159.7,48.4
Menstrual,6.9,2,1,2,3,1.1,385.2,404.2,28.3
Follicular,6.5,3,1,2,5,1.5,782.5,828.2,14.2
Ovulation,7.4,4,4,4,2,0.6,47.7,62.6,63.4
Follicular,6.0,3,4,3,3,2.0,500.1,541.3,30.8
Follicular,6.6,3,3,3,2,1.4,193.4,160.1,46.4
Late Luteal,6.3,2,3,3,2,1.7,351.1,393.5,27.9
Early Luteal,6.5,3,2,3,3,1.5,505.3,590.8,33.5
Follicular,8.1,4,3,3,2,0.0,165.5,79.3,63.8
Early Luteal,5.5,4,4,4,2,2.5,206.7,188.9,44.1
Early Luteal,8.6,4,3,3,3,0.0,283.3,282.8,59.1
Follicular,6.3,4,3,3,1,1.7,101.0,125.7,57.3
Late Luteal,7.3,4,3,2,1,0.7,81.5,0.0,60.5
Late Luteal,7.6,4,2,1,2,0.4,117.4,202.9,55.1
Follicular,6.7,3,3,3,3,1.3,329.4,312.1,37.1
Late Luteal,6.6,3,3,3,2,1.4,100.0,142.8,45.4
Ovulation,6.6,4,3,3,4,1.4,594.7,564.5,35.4
Early Luteal,8.0,5,3,3,5,0.0,680.4,492.9,43.3
Late Luteal,8.2,4,3,3,2,0.0,95.6,103.6,61.4
Menstrual,6.8,1,2,2,2,1.2,263.9,246.6,32.4
Follicular,5.2,3,4,4,3,2.8,302.6,186.7,30.9
Late Luteal,7.3,4,4,3,2,0.7,271.9,329.6,52.6
Follicular,8.0,4,4,4,2,0.0,290.1,268.0,70.4
Early Luteal,8.3,5,5,4,1,0.0,95.7,195.7,82.2
Early Luteal,6.6,2,2,2,3,1.4,432.0,463.3,27.2
Late Luteal,6.7,3,3,3,2,1.3,34.6,62.7,46.2
Follicular,8.0,4,4,4,2,0.0,170.4,109.4,67.3
Early Luteal,7.7,5,3,3,3,0.3,337.4,426.1,57.1
Early Luteal,7.7,4,3,3,2,0.3,248.6,105.9,66.5
Ovulation,8.7,5,4,5,2,0.0,141.5,57.3,83.1
Follicular,7.1,4,3,3,2,0.9,75.3,18.2,62.2
Follicular,7.4,5,4,4,2,0.6,219.2,172.3,63.0
Follicular,7.8,4,4,4,2,0.2,239.3,255.6,58.6
Follicular,7.9,5,5,4,1,0.1,144.6,136.2,81.8
Early Luteal,6.6,3,3,4,1,1.4,35.7,135.7,55.9
Follicular,8.5,4,3,3,3,0.0,491.5,479.4,55.7
Follicular,5.3,3,3,3,1,2.7,91.2,104.2,41.1
Late Luteal,5.6,3,3,3,2,2.4,298.7,235.4,35.0
Early Luteal,6.3,3,4,3,2,1.7,402.1,325.7,42.2
Late Luteal,6.4,2,2,1,3,1.6,439.4,406.2,25.2
Follicular,6.5,4,4,3,1,1.5,137.0,107.2,64.5
Follicular,9.5,5,4,5,3,0.0,278.7,378.7,77.3
Early Luteal,7.6,4,4,3,1,0.4,39.6,47.5,67.9
Follicular,8.1,5,3,3,3,0.0,303.3,305.0,59.7
Menstrual,7.0,4,3,4,2,1.0,284.7,334.3,51.5
Late Luteal,5.2,1,1,1,5,2.8,800.0,886.0,0.0
Ovulation,5.8,3,3,3,2,2.2,281.9,335.5,42.0
Ovulation,8.5,3,4,3,1,0.0,76.1,80.4,72.1
Follicular,7.9,4,5,4,2,0.1,72.8,94.5,68.5
Late Luteal,4.6,1,2,2,3,3.4,226.7,171.1,7.3
Follicular,6.4,4,4,5,2,1.6,145.8,185.8,54.6
Late Luteal,6.1,4,3,2,2,1.9,230.2,154.3,41.9
Early Luteal,6.9,3,3,4,1,1.1,21.9,121.9,60.1
Ovulation,6.2,3,4,3,3,1.8,330.9,250.0,39.0
Early Luteal,7.9,4,4,3,3,0.1,343.4,267.4,52.8
Follicular,5.8,3,3,3,2,2.2,208.3,206.1,40.3
Follicular,7.9,4,4,4,3,0.1,243.2,218.3,57.0
Early Luteal,8.4,3,3,3,2,0.0,141.2,150.9,57.7
Early Luteal,7.9,4,3,3,2,0.1,386.5,486.5,59.7
Early Luteal,6.8,4,4,4,1,1.2,46.3,81.8,68.7
Menstrual,7.6,4,3,2,1,0.4,53.4,10.5,60.1
Follicular,5.8,4,3,5,2,2.2,121.7,206.4,51.5
Follicular,6.6,3,4,4,2,1.4,187.5,84.7,48.0
Follicular,9.3,4,4,3,2,0.0,105.1,135.2,72.1
Late Luteal,7.0,3,3,3,2,1.0,92.6,190.3,48.6
Late Luteal,6.4,4,3,3,3,1.6,353.7,324.9,39.9
Ovulation,7.7,5,4,5,5,0.3,755.1,778.0,42.0
Early Luteal,6.1,3,3,4,2,1.9,126.5,195.7,44.1
Ovulation,6.7,3,4,4,2,1.3,145.9,245.9,55.5
Ovulation,7.5,3,4,4,2,0.5,306.4,147.2,57.9
Follicular,8.3,5,4,4,2,0.0,99.5,68.0,71.8
Follicular,6.7,3,3,3,3,1.3,436.0,401.6,38.7
Follicular,7.3,4,4,2,1,0.7,32.4,112.7,65.7
Early Luteal,6.9,3,3,2,2,1.1,247.8,285.6,45.0
Follicular,6.2,1,3,3,2,1.8,107.9,105.8,34.2
Late Luteal,6.5,3,3,1,2,1.5,175.0,275.0,37.5
Menstrual,7.2,4,3,3,3,0.8,390.3,318.7,43.7
Ovulation,7.8,4,4,5,1,0.2,101.6,37.4,74.8
Menstrual,6.4,2,2,1,5,1.6,753.0,779.7,11.6
Early Luteal,3.6,3,2,2,2,4.4,75.2,124.0,20.0
Menstrual,6.9,4,3,2,2,1.1,134.0,159.3,52.0
Menstrual,8.5,4,3,3,2,0.0,267.1,324.8,65.8
Late Luteal,6.9,3,2,2,3,1.1,205.2,226.0,38.2
Late Luteal,7.8,4,3,2,2,0.2,197.3,175.4,60.2
Ovulation,7.1,3,3,4,2,0.9,261.5,361.5,47.8
Menstrual,5.9,2,2,2,2,2.1,311.7,316.2,21.1
Follicular,7.3,5,4,4,2,0.7,134.3,210.4,64.3
Late Luteal,6.2,4,2,2,2,1.8,187.5,204.9,46.1
Early Luteal,6.6,3,4,4,2,1.4,342.6,334.2,43.5
Follicular,5.6,3,4,5,2,2.4,50.1,31.0,49.6
Late Luteal,6.8,3,3,3,3,1.2,296.3,396.3,36.8
Follicular,6.5,3,3,2,3,1.5,380.7,467.7,35.0
Late Luteal,7.4,4,3,3,1,0.6,48.2,0.0,60.6
Ovulation,7.1,4,3,4,4,0.9,647.8,621.6,43.6
Early Luteal,6.7,4,3,3,3,1.3,410.5,383.1,46.9
Follicular,8.4,5,3,4,5,0.0,800.0,900.0,47.6
Follicular,6.8,3,4,4,1,1.2,55.5,71.9,56.4
Early Luteal,7.7,5,5,5,1,0.3,103.2,32.7,74.2
Early Luteal,6.8,3,4,3,1,1.2,18.4,13.1,57.7
Late Luteal,6.7,4,2,2,1,1.3,92.0,158.8,56.5
Follicular,8.0,3,3,2,4,0.0,700.6,713.5,36.1
Early Luteal,8.8,5,3,4,1,0.0,98.2,87.8,85.8
Follicular,7.8,4,3,3,2,0.2,254.0,188.7,57.7
Late Luteal,6.9,3,2,2,2,1.1,279.3,229.9,37.2
Early Luteal,7.6,4,4,3,2,0.4,226.6,266.0,52.8
Follicular,6.4,3,3,2,2,1.6,223.8,139.3,44.3
Late Luteal,5.7,2,1,2,4,2.3,609.0,545.7,7.9
Menstrual,4.3,2,2,2,2,3.7,291.6,322.1,12.9
Early Luteal,6.4,2,3,3,3,1.6,491.6,378.2,29.9
Early Luteal,6.9,3,2,2,5,1.1,800.0,761.1,14.6
Follicular,5.6,4,4,5,3,2.4,443.2,457.4,40.5
Follicular,6.9,3,2,3,1,1.1,98.5,130.8,55.9
Late Luteal,5.9,2,2,4,2,2.1,223.6,154.3,26.3
Follicular,7.2,4,4,4,2,0.8,213.2,274.8,60.3
Late Luteal,7.1,5,4,3,2,0.9,343.4,432.7,50.6
Early Luteal,5.3,3,2,2,1,2.7,96.0,166.6,38.8
Follicular,8.1,5,5,5,2,0.0,217.2,146.6,74.9
Follicular,7.6,3,2,3,4,0.4,714.5,749.1,34.5
Menstrual,5.8,3,2,2,2,2.2,175.5,136.8,34.4
Menstrual,6.0,3,2,2,2,2.0,280.0,355.4,39.0
Menstrual,5.5,3,3,3,2,2.5,115.2,3.6,34.6
Menstrual,7.1,3,2,2,1,0.9,9.2,0.0,53.8
Menstrual,6.6,2,1,1,5,1.4,800.0,897.3,8.7
Early Luteal,8.6,5,4,4,3,0.0,442.1,396.6,63.9
Late Luteal,7.0,3,3,4,2,1.0,194.2,83.9,49.0
Early Luteal,6.3,3,2,3,3,1.7,291.0,155.8,35.2
Ovulation,6.6,3,3,3,2,1.4,195.6,224.8,46.3
Menstrual,3.7,1,1,1,2,4.3,94.7,125.4,0.2
Late Luteal,6.9,2,2,1,1,1.1,69.7,37.2,39.3
Menstrual,6.0,3,2,2,3,2.0,458.2,345.4,23.3
Ovulation,5.6,4,3,4,2,2.4,58.1,76.9,46.5
Follicular,7.9,4,3,4,3,0.1,448.0,485.9,53.1
Early Luteal,7.2,4,3,2,3,0.8,470.7,436.8,47.6
Follicular,6.1,3,3,4,2,1.9,254.5,340.1,42.0
Early Luteal,8.2,4,3,2,2,0.0,223.4,323.4,63.8
Late Luteal,8.4,4,3,3,2,0.0,107.9,106.9,66.4
Ovulation,8.0,5,4,3,4,0.0,594.1,531.3,53.5
Menstrual,6.4,3,3,3,2,1.6,291.0,199.7,36.3
Ovulation,6.6,4,4,4,3,1.4,521.7,501.1,43.7
Menstrual,5.7,2,2,1,2,2.3,85.2,109.7,32.8
Early Luteal,7.0,4,3,3,2,1.0,147.8,142.3,52.1
Menstrual,6.3,2,2,3,2,1.7,321.4,292.8,29.7
Follicular,7.6,3,2,4,2,0.4,34.8,113.8,56.2
Menstrual,5.5,4,2,2,5,2.5,800.0,861.0,6.7
Late Luteal,6.5,3,3,1,1,1.5,62.1,80.8,44.4
Follicular,7.4,4,3,3,2,0.6,127.4,180.0,58.9
Ovulation,5.5,3,3,3,2,2.5,234.8,200.9,40.3
Follicular,6.0,3,4,4,1,2.0,158.4,123.9,50.8
Ovulation,6.2,3,4,4,1,1.8,112.2,212.2,56.8
Follicular,7.2,4,2,2,2,0.8,76.1,0.0,57.6
Early Luteal,6.4,4,4,4,2,1.6,254.4,149.6,52.8
Follicular,6.4,3,3,4,3,1.6,448.1,479.4,31.9
Late Luteal,7.5,4,2,2,3,0.5,372.5,304.8,44.8
Follicular,8.9,5,3,4,3,0.0,440.5,470.7,64.9
Follicular,6.1,3,4,3,2,1.9,134.2,155.4,47.1
Late Luteal,5.1,3,2,3,3,2.9,493.8,593.8,18.9
Early Luteal,8.0,4,3,3,2,0.0,140.7,193.8,63.4
Early Luteal,9.1,4,3,2,3,0.0,437.1,402.8,55.7
Menstrual,6.9,2,2,1,1,1.1,52.8,0.0,48.0
Ovulation,7.6,5,5,5,1,0.4,13.2,0.0,79.1
Early Luteal,7.0,4,3,2,3,1.0,311.9,377.7,46.1
Follicular,7.5,4,4,3,1,0.5,81.5,80.1,68.9
Late Luteal,8.3,2,3,2,3,0.0,337.7,356.8,40.2
Follicular,7.9,4,4,3,2,0.1,173.9,68.4,67.1
Follicular,7.2,4,4,4,2,0.8,310.8,393.1,61.9
Early Luteal,8.8,4,3,3,1,0.0,73.4,51.1,67.6
Early Luteal,5.7,3,3,3,2,2.3,232.8,233.6,35.6
Menstrual,8.7,3,3,2,3,0.0,239.5,220.0,56.7
Menstrual,8.4,5,3,2,3,0.0,378.9,434.6,60.6
Early Luteal,7.7,4,4,3,1,0.3,137.5,148.0,67.5
Follicular,8.8,4,3,3,5,0.0,800.0,752.7,34.8
Follicular,6.9,3,4,3,2,1.1,163.6,100.8,51.6
Early Luteal,8.2,4,3,3,3,0.0,435.3,425.0,53.6
Ovulation,7.9,5,4,4,2,0.1,213.3,131.8,77.9
Menstrual,7.5,3,4,4,2,0.5,146.9,67.8,51.4
Late Luteal,6.8,3,2,2,4,1.2,598.2,687.6,25.1
Follicular,4.6,2,3,3,2,3.4,114.5,10.8,25.2
Early Luteal,7.9,3,3,2,2,0.1,122.4,91.1,58.8
Menstrual,6.4,2,3,2,3,1.6,465.1,327.4,23.1
Menstrual,5.7,2,3,3,1,2.3,60.4,82.3,35.7
Late Luteal,7.5,3,2,2,3,0.5,314.6,261.7,41.1
Early Luteal,8.0,4,4,4,2,0.0,148.2,163.6,65.3
Early Luteal,6.3,3,3,4,2,1.7,168.2,229.6,50.2
Follicular,7.4,5,4,4,1,0.6,5.1,0.0,72.5
Menstrual,5.2,3,2,2,2,2.8,170.7,88.2,30.4
Menstrual,5.6,3,2,1,3,2.4,316.6,416.6,22.5
Early Luteal,7.5,4,4,3,3,0.5,334.6,256.5,55.1
Late Luteal,7.0,4,3,3,2,1.0,31.5,120.1,54.1
Late Luteal,6.8,3,3,4,2,1.2,225.7,253.9,45.7
Ovulation,5.9,3,3,4,2,2.1,351.3,156.3,39.7
Menstrual,8.3,3,3,4,2,0.0,260.8,160.2,54.0
Early Luteal,8.2,4,4,4,2,0.0,358.2,294.5,62.9
Menstrual,6.9,3,2,2,4,1.1,503.8,468.9,27.5
Follicular,7.2,5,4,4,2,0.8,266.0,245.3,67.4
Menstrual,5.7,3,3,3,3,2.3,439.2,334.2,27.0
Menstrual,6.0,2,2,3,2,2.0,314.3,242.6,26.5
Late Luteal,6.6,3,2,3,2,1.4,172.0,149.5,39.1
Ovulation,7.4,4,3,4,2,0.6,135.4,208.0,58.8
Early Luteal,6.9,3,3,4,1,1.1,111.9,88.9,52.9
Late Luteal,8.2,3,3,3,2,0.0,174.7,207.5,51.6
Late Luteal,6.8,2,2,2,1,1.2,101.5,102.2,46.2
Follicular,7.5,4,4,4,2,0.5,142.7,242.7,58.3
Follicular,5.3,4,4,4,2,2.7,72.8,61.9,46.8
Follicular,6.3,3,3,3,2,1.7,92.5,144.5,46.9
Follicular,8.8,4,4,4,2,0.0,135.8,163.9,69.9
Ovulation,7.5,4,3,4,5,0.5,800.0,861.1,32.8
Ovulation,8.0,3,4,4,2,0.0,288.4,375.3,60.8
Menstrual,7.1,4,3,3,2,0.9,137.2,206.8,56.3
Menstrual,7.3,4,2,3,4,0.7,505.0,524.2,34.8
Follicular,7.2,4,4,3,2,0.8,252.9,262.1,55.4
Late Luteal,5.5,3,2,2,2,2.5,320.8,333.1,32.8
Follicular,7.3,4,4,4,2,0.7,240.9,302.0,58.2
Early Luteal,8.4,4,4,4,1,0.0,126.5,226.5,75.2
Menstrual,7.0,5,4,3,1,1.0,118.1,60.5,64.5
Menstrual,5.6,3,3,3,2,2.4,95.3,86.1,37.2
Follicular,7.9,3,4,4,1,0.1,64.7,9.2,70.9
Menstrual,7.6,4,3,2,3,0.4,411.5,406.4,51.4
Early Luteal,5.8,3,2,3,5,2.2,800.0,878.3,8.6
Menstrual,6.6,3,2,2,2,1.4,171.6,271.6,33.2
Early Luteal,7.6,4,4,3,1,0.4,14.6,79.7,73.1
Early Luteal,5.6,3,3,3,3,2.4,336.0,258.2,30.8
Early Luteal,6.8,3,4,4,1,1.2,87.7,134.1,56.2
Late Luteal,6.2,3,3,3,2,1.8,144.8,149.6,37.1
Follicular,5.9,3,4,4,1,2.1,39.0,7.8,52.5
Late Luteal,5.3,2,2,3,2,2.7,214.3,225.7,27.3
Follicular,8.0,4,4,3,3,0.0,213.4,200.6,56.8
Menstrual,6.8,3,3,3,1,1.2,53.5,0.0,48.4
Early Luteal,5.8,3,3,3,4,2.2,484.0,342.9,24.4
Menstrual,8.5,4,3,3,1,0.0,132.2,203.1,65.0
Early Luteal,5.4,4,4,3,2,2.6,251.9,213.5,46.2
Late Luteal,4.7,1,2,1,1,3.3,2.2,102.2,23.0
Follicular,8.4,5,4,3,3,0.0,352.0,229.9,63.4
Early Luteal,7.5,4,3,3,1,0.5,147.4,236.6,65.3
Early Luteal,5.9,2,3,2,1,2.1,57.2,157.2,44.5
Late Luteal,7.4,4,3,3,2,0.6,230.1,269.3,55.4
Early Luteal,6.8,4,4,4,2,1.2,297.6,270.7,47.1
Menstrual,7.6,4,3,3,2,0.4,162.8,142.2,55.8
Early Luteal,7.0,2,2,2,2,1.0,295.0,160.5,39.3
Menstrual,6.2,3,2,2,3,1.8,471.3,469.0,24.4
Menstrual,7.6,4,4,3,1,0.4,72.7,171.0,65.8
Follicular,6.5,3,3,3,1,1.5,81.6,107.8,53.0
Late Luteal,5.0,1,1,2,4,3.0,520.1,620.1,0.0
Follicular,8.2,4,5,5,2,0.0,143.2,51.7,65.6
Menstrual,7.9,5,3,4,1,0.1,74.8,174.8,68.9
Follicular,7.9,5,3,4,1,0.1,102.5,138.1,75.1
Late Luteal,6.7,3,3,2,2,1.3,95.7,56.8,39.5
Follicular,6.3,3,3,3,2,1.7,168.6,268.6,47.5
Menstrual,4.8,1,1,2,2,3.2,320.1,370.2,8.1
Follicular,8.9,5,5,4,1,0.0,12.4,0.0,87.2
Menstrual,6.7,3,3,2,1,1.3,17.8,90.6,49.2
Ovulation,8.6,4,4,5,2,0.0,126.7,49.9,74.2
Early Luteal,5.3,2,2,2,2,2.7,91.7,113.5,31.2
Follicular,7.0,3,3,3,2,1.0,75.4,38.9,51.2
Early Luteal,7.2,3,4,2,1,0.8,147.7,157.2,57.2
Early Luteal,7.0,4,4,3,2,1.0,224.3,273.9,53.0
Follicular,6.3,3,2,2,2,1.7,230.3,83.0,48.1
Menstrual,6.4,3,3,3,2,1.6,146.2,246.2,45.2
Early Luteal,6.9,3,4,3,2,1.1,148.5,40.6,47.7
Menstrual,5.1,3,3,3,3,2.9,365.2,402.1,22.6
Early Luteal,7.5,5,4,4,2,0.5,175.3,43.0,63.0
Late Luteal,6.2,3,1,2,2,1.8,213.4,150.9,37.7
Follicular,8.5,4,4,3,1,0.0,14.5,0.0,79.2
Late Luteal,6.0,3,2,2,2,2.0,28.3,0.0,41.0
Early Luteal,6.5,2,3,4,2,1.5,181.7,215.9,37.2
Menstrual,6.4,3,2,2,2,1.6,95.6,188.5,37.1
Early Luteal,7.0,3,3,3,1,1.0,47.4,11.9,58.4
Follicular,7.5,4,5,4,1,0.5,71.9,95.4,71.6
Follicular,5.5,2,3,3,3,2.5,386.8,340.6,17.9
Follicular,6.6,3,4,5,2,1.4,173.8,273.8,48.7
Follicular,7.9,4,4,3,1,0.1,123.2,52.4,70.6
Ovulation,8.8,4,3,3,3,0.0,425.9,478.1,62.4
Menstrual,7.9,4,3,3,2,0.1,237.5,318.7,57.1
Early Luteal,8.0,4,3,3,3,0.0,270.3,364.0,57.8
Follicular,7.8,5,3,3,3,0.2,361.1,294.8,61.5
Follicular,8.9,4,4,4,2,0.0,202.7,112.9,76.6
Late Luteal,6.7,2,3,4,1,1.3,64.5,0.0,46.5
Early Luteal,6.7,3,3,2,2,1.3,272.5,372.5,42.8
Follicular,7.5,4,3,4,3,0.5,439.7,447.7,54.6
Follicular,7.6,5,4,4,2,0.4,157.6,219.1,71.0
Late Luteal,7.2,3,4,3,2,0.8,247.5,0.0,44.6
Early Luteal,5.1,3,3,2,2,2.9,240.5,228.4,30.0
Follicular,8.3,4,4,4,2,0.0,142.1,121.7,64.9
Follicular,6.5,3,3,3,3,1.5,331.5,344.8,36.7
Menstrual,7.2,4,3,3,2,0.8,334.2,346.2,45.1
Early Luteal,8.1,4,4,3,2,0.0,133.4,139.7,64.0
Late Luteal,6.9,3,3,2,2,1.1,283.1,300.4,43.3
Early Luteal,8.9,5,3,3,3,0.0,329.4,429.4,63.8
Menstrual,5.9,2,2,3,1,2.1,5.1,53.1,43.1
Ovulation,6.2,3,3,3,1,1.8,30.0,0.0,53.5
Follicular,7.7,4,4,4,2,0.3,190.9,243.1,66.8
Follicular,7.6,4,4,4,4,0.4,615.1,715.1,45.1
Late Luteal,5.3,2,2,2,1,2.7,30.7,124.5,34.7
Early Luteal,6.4,3,3,2,2,1.6,298.6,349.8,42.6
Early Luteal,5.5,3,3,4,2,2.5,271.1,294.6,37.3
Menstrual,7.0,3,2,1,3,1.0,368.5,414.6,34.7
Menstrual,5.8,2,3,3,1,2.2,2.7,52.7,43.3
Menstrual,6.4,2,2,2,2,1.6,328.2,428.2,33.3
Follicular,4.6,2,2,3,1,3.4,81.5,81.5,29.1
Late Luteal,5.6,2,2,2,3,2.4,411.8,369.4,17.1
Late Luteal,6.2,2,2,2,1,1.8,117.8,48.4,39.5
Follicular,7.8,4,3,3,3,0.2,215.6,149.8,51.6
Early Luteal,6.3,4,2,2,2,1.7,265.2,293.0,49.5
Follicular,5.5,3,3,2,2,2.5,262.5,215.6,36.6
Follicular,5.0,2,2,2,1,3.0,90.3,190.3,34.0
Late Luteal,6.9,2,2,2,5,1.1,662.8,660.1,11.1
Ovulation,7.7,4,4,4,3,0.3,347.9,296.1,54.5
Late Luteal,5.3,3,2,2,3,2.7,450.2,395.9,15.6
Follicular,6.2,3,3,2,2,1.8,200.3,174.7,41.3
Follicular,7.1,5,4,4,1,0.9,73.5,173.5,73.7
Late Luteal,8.5,5,2,3,5,0.0,756.2,693.9,38.8
Follicular,7.5,4,3,3,3,0.5,378.0,439.9,51.5
Follicular,7.8,5,4,4,1,0.2,55.2,155.2,82.8
Follicular,7.5,5,3,4,5,0.5,800.0,799.5,40.6
Late Luteal,5.6,2,2,1,2,2.4,182.0,46.0,21.9
Menstrual,8.4,4,3,3,2,0.0,247.9,190.6,58.1
Menstrual,5.7,3,2,3,1,2.3,67.3,124.9,41.2
Late Luteal,6.6,2,2,2,3,1.4,371.3,425.2,31.0
Menstrual,7.5,4,3,2,2,0.5,312.9,276.8,51.4
Late Luteal,6.0,3,3,2,1,2.0,53.8,153.8,44.2
Follicular,8.9,5,4,5,4,0.0,688.8,653.9,61.5
Late Luteal,7.1,3,2,1,2,0.9,84.8,37.8,46.8
Follicular,8.5,4,4,5,1,0.0,154.1,188.4,74.1
Follicular,7.2,5,4,4,2,0.8,93.8,114.8,67.4
Menstrual,7.7,3,4,3,2,0.3,142.0,54.9,53.7
Follicular,6.9,3,2,2,2,1.1,167.2,109.8,52.7
Follicular,7.2,5,5,5,1,0.8,79.9,179.9,80.0
Late Luteal,7.8,3,3,2,1,0.2,45.8,3.9,58.5
Follicular,5.4,3,4,3,1,2.6,37.8,32.9,43.1
Late Luteal,6.4,3,3,2,2,1.6,143.9,123.8,44.2
Late Luteal,5.9,3,2,2,2,2.1,91.3,131.1,36.8
Menstrual,7.2,3,3,2,1,0.8,96.9,81.4,51.2
Late Luteal,4.3,2,2,2,2,3.7,245.5,245.4,16.1
Follicular,6.9,3,3,3,2,1.1,205.4,274.0,49.9
Early Luteal,7.4,4,3,4,3,0.6,410.2,481.4,46.8
Menstrual,6.5,3,4,3,1,1.5,115.4,154.6,51.7
Late Luteal,6.2,2,2,3,2,1.8,223.7,278.9,35.1
Menstrual,6.7,4,3,4,1,1.3,69.2,102.1,54.0
Follicular,7.6,4,3,3,3,0.4,429.2,375.7,47.0
Late Luteal,6.6,3,2,2,1,1.4,128.0,106.9,44.9
Late Luteal,7.8,3,3,2,3,0.2,397.5,355.3,38.6
Ovulation,6.1,4,3,4,4,1.9,738.7,838.7,28.7
Early Luteal,8.5,4,3,2,3,0.0,249.9,271.6,61.5
Late Luteal,6.1,2,2,1,2,1.9,208.7,291.5,34.8
Early Luteal,8.0,4,3,4,2,0.0,216.0,250.1,64.1
Follicular,7.4,5,4,4,1,0.6,39.6,15.5,69.4
Follicular,7.1,4,3,4,2,0.9,264.1,267.8,59.6
Early Luteal,8.1,5,4,4,1,0.0,57.2,144.8,78.5
Late Luteal,6.3,2,3,2,1,1.7,6.5,106.5,44.9
Menstrual,5.2,3,2,2,5,2.8,710.9,563.5,4.6
Ovulation,5.9,3,4,4,2,2.1,275.1,270.4,46.0
Early Luteal,6.8,3,3,2,2,1.2,121.1,157.7,46.0
Early Luteal,6.6,2,3,3,2,1.4,102.2,0.0,39.5
Menstrual,5.2,4,3,2,2,2.8,276.9,308.8,38.3
Early Luteal,7.3,5,4,4,3,0.7,317.6,286.9,56.2
Late Luteal,7.1,4,3,2,4,0.9,512.8,535.4,37.4
Early Luteal,6.8,3,3,3,2,1.2,110.5,98.3,55.4
Menstrual,6.7,4,2,3,3,1.3,281.8,286.2,38.5
Menstrual,5.8,4,1,1,5,2.2,745.3,773.6,11.9
Follicular,7.1,5,4,4,2,0.9,329.5,320.4,61.8
Early Luteal,6.9,3,3,4,3,1.1,473.3,426.3,39.3
Follicular,6.4,2,4,4,2,1.6,249.6,143.2,40.9
Menstrual,5.3,3,2,2,2,2.7,202.5,125.7,29.3
Early Luteal,6.1,2,2,3,2,1.9,148.2,80.1,38.5
Late Luteal,6.3,3,2,3,5,1.7,800.0,776.9,13.9
Late Luteal,8.1,3,3,3,2,0.0,317.3,319.4,50.1
Early Luteal,7.3,4,2,3,4,0.7,569.2,664.5,36.9
Early Luteal,6.7,3,3,3,2,1.3,80.9,144.9,46.8
Early Luteal,7.1,5,3,3,2,0.9,134.5,173.1,61.4
Menstrual,8.4,4,4,4,1,0.0,22.4,56.7,77.4
Menstrual,5.1,2,2,2,4,2.9,617.4,717.4,0.0
Early Luteal,6.6,3,3,4,2,1.4,208.4,308.4,48.5
Follicular,7.4,5,5,4,1,0.6,5.3,89.6,77.4
Follicular,5.9,4,3,3,2,2.1,207.7,159.7,49.1
Late Luteal,6.4,3,2,2,1,1.6,27.7,70.1,48.0
Follicular,7.7,4,4,4,1,0.3,120.4,0.0,69.1
Late Luteal,6.1,4,4,3,1,1.9,58.0,0.0,55.2
Menstrual,6.1,3,3,3,3,1.9,311.3,411.3,30.4
Follicular,7.1,5,3,3,1,0.9,145.2,114.2,63.9
Late Luteal,7.4,4,2,3,3,0.6,450.5,500.0,42.3
Follicular,7.6,3,4,3,4,0.4,675.5,623.2,37.9
Ovulation,7.0,3,3,4,4,1.0,717.0,640.8,32.4
Ovulation,7.5,4,3,4,3,0.5,342.7,179.1,49.8
Late Luteal,6.8,3,3,2,2,1.2,121.2,113.8,44.8
Late Luteal,7.3,5,3,3,2,0.7,119.3,98.3,63.7
Ovulation,6.3,4,5,5,2,1.7,273.1,294.2,50.6
Follicular,6.8,3,3,1,1,1.2,43.1,25.6,60.5
Ovulation,6.5,3,3,3,1,1.5,41.4,31.3,58.6
Early Luteal,6.2,3,2,2,1,1.8,65.8,142.3,46.7
Follicular,7.9,4,4,3,3,0.1,382.1,259.7,60.0
Early Luteal,7.6,4,3,3,1,0.4,60.4,143.8,67.7
Ovulation,7.8,4,4,4,5,0.2,800.0,843.8,33.7
Follicular,7.8,4,4,4,2,0.2,149.6,59.6,65.6
Ovulation,6.1,3,3,2,2,1.9,80.9,132.3,43.6
Early Luteal,5.6,3,3,2,3,2.4,358.0,270.2,27.0
Early Luteal,6.7,4,3,3,3,1.3,314.4,246.1,42.2
Menstrual,8.6,5,3,3,3,0.0,430.7,491.2,53.9
Follicular,7.9,4,4,4,1,0.1,5.2,0.0,73.4
Early Luteal,7.5,5,5,4,2,0.5,31.2,107.3,70.2
Menstrual,6.9,2,2,1,2,1.1,127.6,32.4,36.8
Early Luteal,6.8,3,2,2,5,1.2,800.0,900.0,18.7
Follicular,5.9,3,3,4,2,2.1,206.3,227.9,44.7
Late Luteal,7.1,4,3,3,1,0.9,50.3,150.3,55.9
Late Luteal,6.0,2,2,2,2,2.0,103.9,189.3,31.9
Ovulation,6.8,3,3,4,2,1.2,111.2,15.5,48.1
Follicular,7.7,4,4,4,1,0.3,66.2,111.1,72.2
Menstrual,6.7,3,2,3,3,1.3,329.9,362.5,30.4
Follicular,8.1,3,3,3,2,0.0,129.8,223.2,63.5
Follicular,7.5,4,4,4,2,0.5,211.3,132.9,58.4
Early Luteal,5.8,2,2,2,2,2.2,378.3,478.3,23.9
Follicular,7.6,5,4,4,3,0.4,433.1,255.0,62.2
Ovulation,7.0,3,4,4,2,1.0,169.5,127.3,53.2
Ovulation,6.9,2,4,4,2,1.1,57.5,152.9,47.5
Late Luteal,7.4,4,2,2,4,0.6,588.2,646.6,35.3
Follicular,7.5,5,3,3,3,0.5,329.1,343.5,58.0
Late Luteal,5.9,3,2,1,4,2.1,559.7,556.3,17.5
Early Luteal,9.0,4,4,3,1,0.0,60.2,107.1,75.2
Menstrual,6.6,3,2,2,2,1.4,223.8,257.3,33.9
Follicular,6.7,2,3,3,4,1.3,534.4,538.8,26.8
Ovulation,7.4,4,5,5,1,0.6,18.5,0.0,74.3
Menstrual,8.6,4,4,2,2,0.0,246.1,283.3,61.9
Follicular,7.4,4,3,4,2,0.6,319.3,324.4,59.4
Follicular,6.0,3,4,3,2,2.0,250.2,249.0,40.6
Menstrual,5.9,3,2,2,3,2.1,315.0,362.8,29.5
Follicular,8.7,4,5,5,1,0.0,63.2,72.3,78.7
Late Luteal,7.3,4,3,3,1,0.7,50.0,116.1,61.4
Follicular,6.4,2,3,2,2,1.6,245.0,308.1,38.5
Early Luteal,7.7,3,3,3,4,0.3,568.3,522.1,41.2
Early Luteal,7.9,4,3,4,2,0.1,304.9,241.5,59.8
Menstrual,7.5,4,4,3,3,0.5,277.7,358.8,48.4
Early Luteal,7.5,3,3,3,4,0.5,482.1,537.7,35.7
Menstrual,5.0,1,1,3,2,3.0,246.4,288.7,14.8
Early Luteal,5.1,3,3,4,3,2.9,421.3,457.3,27.6
Menstrual,6.5,3,3,4,2,1.5,91.5,93.6,42.3
Early Luteal,7.8,5,4,5,2,0.2,178.0,87.5,67.5
Late Luteal,8.9,4,3,1,4,0.0,552.8,532.7,46.8
Follicular,7.6,5,3,4,3,0.4,359.1,459.1,57.6
Follicular,6.4,4,3,4,1,1.6,15.9,115.9,62.2
Ovulation,5.6,3,2,2,2,2.4,116.3,193.2,40.4
Late Luteal,7.2,4,3,3,2,0.8,140.9,229.6,51.6
Menstrual,4.7,1,1,1,3,3.3,395.2,492.4,0.0
Late Luteal,5.7,3,2,3,3,2.3,430.5,392.1,26.7
Menstrual,7.1,4,3,2,1,0.9,24.6,13.3,59.4
Follicular,8.7,5,3,4,2,0.0,193.7,250.4,74.8
Menstrual,6.7,1,2,1,2,1.3,187.0,234.8,26.0
Early Luteal,5.9,3,3,3,1,2.1,66.9,0.0,42.2
Ovulation,6.4,3,3,3,4,1.6,508.3,328.8,34.7
Late Luteal,5.5,2,2,2,4,2.5,687.4,562.6,12.3
Early Luteal,5.7,2,3,2,1,2.3,145.6,245.6,35.1
Follicular,7.0,3,3,3,1,1.0,58.9,133.6,60.9
Ovulation,6.0,3,4,4,2,2.0,246.2,258.5,52.4
Follicular,6.2,4,3,4,4,1.8,590.4,575.2,32.6
Late Luteal,7.8,4,3,2,1,0.2,5.9,105.9,65.3
Menstrual,6.8,4,2,3,5,1.2,800.0,835.5,19.2
Ovulation,7.1,5,3,4,1,0.9,4.8,0.0,72.6
Follicular,6.6,3,4,3,1,1.4,66.3,17.6,55.8
Late Luteal,6.6,4,2,2,3,1.4,346.5,407.3,41.3
Late Luteal,6.4,3,3,3,2,1.6,261.5,331.9,41.3
Late Luteal,6.5,3,2,2,1,1.5,95.4,53.2,51.7
Follicular,7.1,5,4,4,1,0.9,30.7,98.9,74.4
Follicular,7.1,4,4,5,3,0.9,483.5,435.8,51.0
Menstrual,6.6,2,2,3,2,1.4,137.3,181.6,33.0
Early Luteal,7.6,5,4,4,2,0.4,120.8,11.2,72.1
Menstrual,7.6,3,3,2,3,0.4,272.4,314.4,44.1
Follicular,6.5,3,3,3,2,1.5,160.3,163.9,54.3
Follicular,9.1,5,4,3,1,0.0,76.3,82.8,85.0
Follicular,7.0,2,2,3,4,1.0,629.7,600.3,22.6
Menstrual,7.1,4,4,4,1,0.9,82.3,129.9,63.6
Late Luteal,6.7,3,2,2,2,1.3,95.3,13.1,42.7
Follicular,6.9,4,3,3,2,1.1,180.1,226.8,58.5
Ovulation,7.0,3,4,4,1,1.0,151.4,251.4,60.3
Ovulation,7.5,4,3,3,3,0.5,404.1,365.8,50.6
Early Luteal,7.3,4,3,3,3,0.7,307.7,241.4,53.1
Menstrual,6.0,3,1,2,2,2.0,222.6,275.2,34.3
Menstrual,6.8,2,3,2,2,1.2,283.4,152.8,38.8
Menstrual,6.9,3,3,2,2,1.1,262.0,362.0,47.0
Menstrual,6.1,3,3,4,1,1.9,129.2,67.9,44.0
Follicular,6.9,3,2,2,4,1.1,531.1,505.0,30.7
Follicular,7.5,3,3,2,4,0.5,659.4,429.2,33.9
Menstrual,6.6,3,3,2,3,1.4,244.9,286.9,32.8
Early Luteal,7.8,5,4,4,3,0.2,500.0,408.5,53.9
Follicular,8.2,4,4,4,3,0.0,412.3,384.1,53.3
Follicular,5.5,3,3,3,2,2.5,219.0,303.4,41.0
Follicular,7.8,5,4,4,3,0.2,352.4,345.5,61.2
Follicular,7.1,5,5,5,1,0.9,51.3,68.3,69.3
Late Luteal,8.9,4,3,2,3,0.0,314.9,413.6,60.2
Menstrual,6.5,4,3,3,1,1.5,8.8,108.4,60.2
Early Luteal,6.2,4,3,3,2,1.8,121.0,164.8,44.6
Early Luteal,7.8,5,3,3,2,0.2,158.9,142.8,72.2
Menstrual,7.5,4,3,2,2,0.5,218.2,270.4,53.3
Early Luteal,5.4,3,3,3,1,2.6,19.0,66.3,43.8
Ovulation,6.0,3,3,4,3,2.0,430.7,530.7,32.1
Follicular,6.8,3,3,4,3,1.2,421.5,485.5,45.9
Late Luteal,7.5,3,2,2,2,0.5,190.7,290.7,45.9
Early Luteal,6.8,4,4,3,2,1.2,182.6,106.8,52.8
Follicular,5.7,3,3,2,4,2.3,602.6,619.9,15.9
Follicular,8.4,4,3,3,2,0.0,191.0,87.4,67.8
Menstrual,7.7,4,3,3,2,0.3,115.1,106.2,61.7
Follicular,6.8,4,3,2,3,1.2,379.5,396.7,40.1
Menstrual,7.9,4,3,2,2,0.1,285.3,278.2,52.0
Late Luteal,6.1,4,2,3,4,1.9,686.4,620.1,25.2
Follicular,6.0,4,4,4,2,2.0,98.1,85.5,50.5
Early Luteal,7.0,3,3,3,1,1.0,78.0,129.9,59.1
Menstrual,5.2,3,3,2,2,2.8,254.4,185.2,28.6
Late Luteal,6.4,4,3,2,3,1.6,458.9,357.2,36.0
Ovulation,6.0,3,3,4,4,2.0,575.3,494.0,26.3
Late Luteal,5.4,2,2,2,2,2.6,147.6,180.0,24.2
Early Luteal,6.6,3,2,3,3,1.4,411.8,258.2,34.9
Follicular,6.0,4,3,3,1,2.0,61.6,0.0,58.0
Early Luteal,6.9,3,3,2,1,1.1,89.8,0.0,56.1
Early Luteal,6.6,3,2,3,4,1.4,530.4,477.9,31.9
Menstrual,6.6,3,4,3,1,1.4,29.0,0.0,53.5
Early Luteal,8.2,3,3,3,1,0.0,168.4,157.8,64.7
Menstrual,6.9,3,2,2,3,1.1,419.8,475.5,33.8
Late Luteal,6.6,2,2,1,2,1.4,236.4,202.4,29.7
Late Luteal,6.1,3,2,1,4,1.9,638.3,507.9,19.6
Follicular,5.8,2,2,3,3,2.2,541.6,509.0,21.8
Early Luteal,6.1,3,3,3,1,1.9,97.1,197.1,49.6
Late Luteal,7.2,3,2,2,3,0.8,387.7,373.9,35.5
Menstrual,8.6,5,3,3,4,0.0,660.8,612.2,53.3
Early Luteal,7.1,5,3,4,1,0.9,37.3,0.0,68.0
Ovulation,8.2,5,4,4,2,0.0,230.0,172.3,70.1
Follicular,9.1,5,5,3,1,0.0,81.7,157.9,83.8
Late Luteal,6.4,3,3,3,2,1.6,206.9,278.0,40.4
Follicular,6.6,3,2,3,3,1.4,468.5,448.7,34.8
Menstrual,6.6,3,3,3,3,1.4,371.9,390.2,28.5
Menstrual,5.5,2,2,3,2,2.5,98.1,184.1,27.5
Late Luteal,7.1,5,3,2,3,0.9,339.0,399.8,48.8
Follicular,7.6,4,5,4,1,0.4,117.1,104.9,70.3
Menstrual,6.6,2,2,1,2,1.4,45.7,145.7,33.5
Ovulation,6.5,4,4,1,2,1.5,74.4,174.4,54.0
Late Luteal,6.7,2,3,2,2,1.3,134.5,129.5,44.1
Early Luteal,5.7,3,3,3,2,2.3,126.5,61.7,42.6
Late Luteal,8.7,4,3,2,2,0.0,174.0,134.5,66.7
Late Luteal,6.6,3,2,2,3,1.4,442.6,542.6,31.8
Follicular,6.3,3,4,4,2,1.7,295.5,307.8,41.9
Follicular,7.1,5,5,5,2,0.9,106.6,0.0,66.9
Early Luteal,7.7,4,4,3,2,0.3,202.2,115.9,59.4
Late Luteal,5.9,3,3,3,2,2.1,133.8,0.0,42.7
Early Luteal,5.3,3,2,3,4,2.7,446.9,455.5,22.5
Late Luteal,6.8,4,2,3,4,1.2,567.1,432.4,33.1
Ovulation,5.7,3,3,4,2,2.3,144.2,151.1,46.6
Follicular,6.4,3,4,5,1,1.6,141.8,135.8,53.2
Late Luteal,7.3,3,2,2,3,0.7,385.3,392.6,37.0
Late Luteal,8.2,3,2,2,2,0.0,185.5,285.5,53.3
Menstrual,7.6,4,3,2,2,0.4,248.9,180.0,54.9
Late Luteal,6.8,3,2,3,3,1.2,444.5,465.8,35.0
Ovulation,4.7,1,2,2,3,3.3,338.4,368.0,14.8
Early Luteal,6.3,3,3,3,2,1.7,81.7,94.2,45.7
Menstrual,8.7,4,3,2,3,0.0,218.5,272.7,58.8
Follicular,7.1,4,3,3,2,0.9,115.6,182.6,61.7
Early Luteal,7.5,3,3,2,2,0.5,233.0,333.0,50.1
Follicular,5.9,3,3,4,3,2.1,288.1,221.0,35.0
Follicular,6.1,5,3,3,2,1.9,140.2,81.9,61.4
Late Luteal,6.5,2,2,2,3,1.5,332.3,295.3,29.1
Early Luteal,7.1,4,3,3,2,0.9,176.8,248.0,59.4
Early Luteal,8.5,5,4,4,2,0.0,215.1,255.3,75.6
Ovulation,7.0,3,4,5,3,1.0,363.9,388.5,47.6
Menstrual,7.0,4,3,4,1,1.0,54.7,41.0,53.8
Menstrual,6.4,3,4,3,2,1.6,254.8,261.2,39.9
Early Luteal,7.0,4,3,3,2,1.0,319.2,250.1,51.6
Follicular,4.7,2,4,3,2,3.3,132.7,0.0,26.5
Ovulation,7.1,3,4,3,2,0.9,369.7,469.7,49.3
Menstrual,7.5,3,3,4,1,0.5,12.5,16.7,64.4
Ovulation,6.3,2,3,4,2,1.7,142.1,52.6,42.6
Late Luteal,6.2,2,2,2,4,1.8,591.6,485.9,16.8
Early Luteal,8.2,5,4,4,2,0.0,173.1,214.8,71.0
Ovulation,6.7,3,3,3,3,1.3,209.3,225.7,44.9
Menstrual,7.9,4,3,3,3,0.1,286.4,241.8,50.9
Early Luteal,7.3,3,4,3,1,0.7,72.4,77.2,63.4
Menstrual,6.2,2,3,3,1,1.8,208.2,227.9,36.8
Early Luteal,8.0,4,4,3,2,0.0,149.8,92.5,64.1
Follicular,5.9,3,3,3,2,2.1,326.5,306.0,38.8
Early Luteal,7.0,4,3,3,1,1.0,33.7,36.0,64.0
Early Luteal,6.8,2,2,3,3,1.2,516.7,486.6,28.5
Early Luteal,7.6,4,4,4,1,0.4,1.3,0.0,70.3
Follicular,6.2,3,3,3,3,1.8,396.1,486.3,36.9
Late Luteal,6.9,3,2,2,2,1.1,314.1,252.2,42.5
Menstrual,6.7,4,4,4,2,1.3,136.6,154.4,49.7
Early Luteal,8.4,5,3,3,2,0.0,214.5,297.0,73.5
Late Luteal,5.8,4,3,3,1,2.2,17.5,103.5,54.4
Menstrual,5.9,3,2,3,3,2.1,313.3,337.7,27.1
Early Luteal,5.5,4,3,3,2,2.5,238.4,169.4,43.4
Menstrual,7.4,4,3,3,2,0.6,136.1,236.1,54.8
Follicular,6.2,2,2,2,2,1.8,204.8,284.1,33.7
Menstrual,7.2,4,4,4,2,0.8,79.7,0.0,61.6
Menstrual,6.5,3,2,1,2,1.5,274.1,250.8,36.8
Early Luteal,5.2,4,4,4,1,2.8,98.5,0.0,51.0
Ovulation,6.4,3,4,4,2,1.6,114.2,0.1,45.5
Menstrual,6.3,4,3,3,2,1.7,245.9,163.8,42.4
Ovulation,7.0,4,4,4,2,1.0,142.1,239.1,58.7
Menstrual,7.3,4,2,2,3,0.7,282.7,227.2,41.9
Early Luteal,7.4,4,3,3,1,0.6,65.8,3.2,70.2
Follicular,6.8,3,4,2,1,1.2,37.3,30.3,55.9
Menstrual,8.1,2,2,3,3,0.0,484.2,464.8,33.0
Menstrual,6.3,3,3,3,2,1.7,209.6,309.6,41.4
Early Luteal,7.1,5,4,3,2,0.9,291.1,391.1,60.8
Follicular,7.7,4,4,2,2,0.3,128.8,204.5,69.0
Follicular,5.8,3,3,3,3,2.2,485.2,438.2,31.7
Menstrual,6.2,2,3,2,2,1.8,220.6,249.7,39.1
Follicular,6.9,3,5,4,3,1.1,449.3,549.3,40.2
Early Luteal,8.1,4,3,3,1,0.0,153.6,147.7,68.6
Ovulation,7.7,4,3,4,2,0.3,144.5,179.0,68.6
Ovulation,7.3,4,4,4,2,0.7,253.0,240.6,61.2
Follicular,8.9,5,4,4,1,0.0,19.7,119.7,85.2
Follicular,8.3,3,3,4,2,0.0,105.8,0.0,62.0
Ovulation,7.7,4,3,4,4,0.3,498.8,566.7,47.8
Late Luteal,7.3,4,4,3,1,0.7,23.8,12.3,65.0
Menstrual,5.8,3,2,2,2,2.2,189.6,260.9,31.0
Late Luteal,7.1,4,3,3,1,0.9,21.4,64.7,60.1
Late Luteal,6.5,2,2,1,2,1.5,137.3,129.8,33.3
Menstrual,7.0,4,3,4,3,1.0,465.0,464.8,42.8
Late Luteal,7.8,3,2,2,1,0.2,23.2,0.0,59.0
Early Luteal,8.9,4,4,4,3,0.0,350.7,428.9,70.5
Follicular,4.4,3,3,3,1,3.6,37.5,0.0,32.9
Follicular,6.8,4,4,4,2,1.2,176.1,142.1,59.4
Early Luteal,8.7,5,3,4,3,0.0,407.9,398.9,65.7
Early Luteal,7.1,3,3,2,1,0.9,176.1,162.3,51.8
Late Luteal,7.4,2,1,2,5,0.6,800.0,787.3,11.0
Late Luteal,7.0,3,3,2,3,1.0,331.8,287.7,38.9
Follicular,5.8,3,4,3,2,2.2,221.3,184.1,39.6
Late Luteal,7.5,4,2,3,2,0.5,108.1,208.1,53.8
Menstrual,6.7,3,3,2,3,1.3,354.4,291.9,37.1
Early Luteal,7.4,4,4,3,2,0.6,95.8,111.5,58.7
Early Luteal,8.4,3,3,4,2,0.0,342.5,419.9,56.1
Follicular,9.5,5,4,3,2,0.0,122.9,162.1,77.4
Follicular,8.8,5,4,4,2,0.0,195.5,182.5,77.4
Follicular,6.9,3,3,5,1,1.1,80.4,139.8,57.8
Early Luteal,7.2,4,4,3,1,0.8,158.6,18.5,64.2
Ovulation,6.3,5,5,4,1,1.7,13.1,86.8,78.4
Early Luteal,7.0,3,3,3,1,1.0,114.1,214.1,58.6
Menstrual,6.2,2,3,2,1,1.8,87.7,68.9,36.6
Follicular,6.1,4,4,5,2,1.9,161.7,201.5,55.9
Follicular,8.1,4,4,5,2,0.0,266.5,313.1,70.5
Ovulation,7.4,3,3,3,2,0.6,154.9,207.1,54.5
Menstrual,7.7,4,3,3,1,0.3,99.2,102.5,64.9
Late Luteal,7.2,5,4,3,1,0.8,37.5,0.0,62.9
Early Luteal,6.2,3,3,3,3,1.8,451.1,440.3,33.5
Early Luteal,7.8,4,3,3,3,0.2,404.4,442.0,52.1
Ovulation,7.6,3,3,3,3,0.4,305.2,344.7,54.9
Late Luteal,5.6,3,3,2,2,2.4,290.8,254.4,30.6
Menstrual,6.8,2,2,2,3,1.2,468.0,443.6,20.4
Follicular,6.4,3,3,3,2,1.6,214.2,200.2,49.2
Menstrual,5.7,3,3,4,3,2.3,579.9,480.7,18.4
Early Luteal,6.0,3,3,2,4,2.0,462.7,534.4,21.4
Follicular,7.2,5,4,5,3,0.8,213.9,312.5,63.7
Follicular,6.3,3,3,4,2,1.7,154.0,254.0,45.8
Late Luteal,6.0,3,2,1,2,2.0,285.5,200.7,32.7
Menstrual,6.9,5,3,3,1,1.1,118.0,75.0,69.7
Menstrual,7.3,4,3,3,4,0.7,563.7,653.2,36.3
Menstrual,7.5,3,3,4,2,0.5,123.1,58.7,55.7
Follicular,8.0,4,3,3,2,0.0,303.2,396.1,60.9
Late Luteal,6.9,3,2,2,2,1.1,106.5,193.2,43.0
Early Luteal,7.6,4,4,4,2,0.4,113.9,126.7,66.9
Late Luteal,9.0,4,4,2,2,0.0,206.9,222.8,71.8
Ovulation,6.5,3,4,5,1,1.5,165.1,265.1,55.5
Late Luteal,6.3,2,2,1,3,1.7,441.3,330.6,29.3
Follicular,7.4,3,4,4,2,0.6,126.6,175.9,53.7
Ovulation,6.6,3,4,4,3,1.4,409.5,392.2,38.1
Early Luteal,7.1,5,2,3,5,0.9,751.6,814.9,36.6
Early Luteal,8.3,4,3,4,5,0.0,771.1,732.4,44.3
Ovulation,7.3,4,4,3,2,0.7,212.5,67.7,59.5
Follicular,8.4,4,3,3,3,0.0,392.6,492.6,56.4
Late Luteal,4.3,1,2,3,2,3.7,214.0,201.6,14.8
Follicular,6.3,4,3,4,1,1.7,66.2,52.7,59.7
Follicular,6.0,3,3,3,3,2.0,343.2,412.0,30.6
Follicular,7.3,5,4,4,4,0.7,494.4,590.2,53.8
Late Luteal,7.5,3,4,3,2,0.5,248.8,348.8,52.5
Follicular,7.3,4,4,4,2,0.7,142.6,186.1,55.2
Early Luteal,6.0,2,2,2,2,2.0,87.1,123.9,41.7
Follicular,7.1,5,3,4,2,0.9,171.3,135.9,62.0
Late Luteal,8.4,3,3,2,2,0.0,133.6,55.3,60.3
Follicular,7.8,5,4,4,3,0.2,355.6,374.3,59.9
Ovulation,7.1,4,4,5,2,0.9,242.4,281.5,60.6
Menstrual,6.4,3,4,3,1,1.6,56.1,156.1,51.9
Follicular,7.4,5,3,4,4,0.6,578.1,602.0,50.1
Ovulation,8.2,4,4,5,1,0.0,155.3,193.1,75.4
Follicular,6.9,3,3,2,1,1.1,162.4,157.0,50.9
Late Luteal,5.7,2,3,2,2,2.3,163.3,126.0,33.9
Follicular,9.1,5,5,5,1,0.0,64.8,128.8,83.8
Menstrual,6.9,2,3,2,3,1.1,343.0,419.5,31.2
Follicular,6.0,3,3,4,2,2.0,215.4,98.0,42.6
Late Luteal,7.6,4,2,2,3,0.4,295.4,63.8,45.6
Late Luteal,5.2,3,3,3,1,2.8,54.8,85.9,39.0
Early Luteal,7.7,4,3,4,1,0.3,30.3,55.2,71.8
Follicular,4.7,3,3,4,2,3.3,329.6,369.0,25.0
Early Luteal,5.7,3,3,4,2,2.3,197.6,186.1,38.4
Early Luteal,6.9,4,3,2,2,1.1,166.9,198.0,55.3
Follicular,6.6,4,4,4,2,1.4,143.0,191.8,60.7
Ovulation,6.9,3,4,3,1,1.1,53.8,52.0,64.3
Menstrual,7.2,4,3,4,2,0.8,239.7,295.7,52.9
Menstrual,6.6,3,1,2,2,1.4,145.6,231.3,34.0
Early Luteal,6.7,2,3,4,2,1.3,197.6,258.6,42.7
Follicular,7.3,3,3,3,2,0.7,166.5,48.0,57.8
Late Luteal,5.9,2,3,3,2,2.1,183.1,283.1,30.6
Ovulation,7.4,4,3,3,2,0.6,109.4,208.5,59.8
Menstrual,7.5,4,4,2,1,0.5,49.1,21.4,64.4
Early Luteal,7.1,4,3,3,1,0.9,85.2,0.0,61.4
Early Luteal,6.7,2,2,3,2,1.3,44.8,0.0,39.9
Late Luteal,6.9,1,1,3,3,1.1,320.8,255.4,28.5
Early Luteal,6.2,3,3,3,2,1.8,93.9,102.3,43.2
Late Luteal,8.2,4,4,2,1,0.0,51.9,85.2,66.4
Late Luteal,7.5,5,3,3,1,0.5,51.8,108.8,70.5
Early Luteal,6.5,2,2,3,2,1.5,216.0,306.3,37.1
Early Luteal,7.4,3,3,2,3,0.6,293.4,261.6,42.3
Follicular,7.7,4,3,3,2,0.3,156.1,149.6,60.5
Follicular,7.9,4,3,3,3,0.1,447.4,514.1,56.5
Menstrual,5.9,2,2,2,5,2.1,800.0,811.0,3.5
Follicular,7.4,4,4,4,2,0.6,211.4,292.2,64.1
Follicular,7.2,4,3,3,3,0.8,423.4,507.9,47.1
Early Luteal,7.1,4,3,4,2,0.9,135.4,235.4,57.2
Menstrual,7.1,4,3,4,1,0.9,94.1,39.1,60.9
Ovulation,6.0,2,3,3,3,2.0,397.0,427.0,34.0
Menstrual,8.7,4,3,3,5,0.0,599.6,592.9,43.8
Menstrual,6.6,3,3,2,4,1.4,721.5,723.9,23.7
Early Luteal,7.4,4,4,4,1,0.6,99.5,21.0,69.3
Follicular,6.3,3,3,3,1,1.7,129.6,125.1,54.1
Late Luteal,7.8,4,3,2,1,0.2,37.0,137.0,65.1
Follicular,6.2,3,3,4,5,1.8,659.5,716.2,18.2
Ovulation,6.0,3,3,3,2,2.0,261.7,315.0,46.4
Late Luteal,5.6,3,3,3,1,2.4,136.5,0.0,39.1
Follicular,6.8,4,4,4,1,1.2,100.5,44.1,59.4
Menstrual,7.3,3,2,3,3,0.7,378.1,478.1,40.2
Late Luteal,5.6,3,2,2,2,2.4,132.7,97.5,31.7
Late Luteal,6.3,3,2,3,5,1.7,710.2,732.0,13.6
Early Luteal,7.1,3,3,4,1,0.9,65.2,157.6,53.4
Follicular,7.7,4,4,3,1,0.3,108.9,208.9,71.3
Menstrual,7.1,3,3,3,2,0.9,145.0,245.0,52.2
Early Luteal,7.4,4,4,4,2,0.6,339.4,232.0,57.9
Late Luteal,4.3,2,1,1,4,3.7,541.2,579.1,0.0
Early Luteal,6.7,3,3,3,1,1.3,8.2,0.0,61.1
Follicular,7.8,4,3,3,2,0.2,104.8,116.8,60.5
Follicular,6.8,3,3,2,3,1.2,312.2,330.0,40.4
Early Luteal,7.0,3,2,3,1,1.0,44.3,0.0,56.8
Late Luteal,5.2,4,3,3,1,2.8,65.3,17.5,38.8
Early Luteal,8.2,4,3,3,1,0.0,30.0,0.0,72.9
Early Luteal,6.0,3,3,3,4,2.0,631.7,606.1,23.1
Late Luteal,6.1,3,2,3,2,1.9,302.7,303.0,35.7
Menstrual,6.0,1,2,1,2,2.0,255.4,220.0,23.6
Early Luteal,6.2,3,3,3,4,1.8,640.4,635.0,24.8
Late Luteal,8.2,3,2,3,3,0.0,466.0,372.5,46.6
Late Luteal,7.6,4,3,3,3,0.4,396.3,386.1,45.9
Follicular,8.0,4,3,3,2,0.0,219.7,241.5,65.7
Follicular,6.2,2,3,4,4,1.8,692.9,710.8,20.6
Early Luteal,8.1,2,3,3,2,0.0,228.8,328.8,46.1
Early Luteal,5.1,4,2,3,4,2.9,575.0,470.6,19.4
Follicular,7.9,5,5,3,2,0.1,53.8,52.1,72.0
Follicular,6.6,4,3,4,1,1.4,87.5,171.2,62.0
Follicular,8.3,5,5,4,1,0.0,32.4,9.0,88.2
Early Luteal,7.2,5,3,4,3,0.8,299.0,330.9,54.8
Late Luteal,6.4,2,2,3,1,1.6,60.0,0.0,41.1
Follicular,7.3,3,2,3,3,0.7,420.8,403.1,39.2
Early Luteal,6.4,2,2,2,3,1.6,417.1,279.9,27.4
Menstrual,6.2,2,2,1,5,1.8,647.8,496.1,9.7
Menstrual,7.0,3,4,3,1,1.0,125.5,225.5,51.0
Follicular,7.4,2,3,3,2,0.6,169.2,197.4,50.0
Early Luteal,6.9,3,3,3,3,1.1,371.8,409.9,41.2
Follicular,6.6,3,3,3,2,1.4,97.4,43.7,49.6
Early Luteal,7.9,4,5,4,1,0.1,13.8,0.0,73.4
Early Luteal,6.3,3,2,2,3,1.7,488.0,504.7,30.3
Late Luteal,7.1,4,4,3,1,0.9,6.8,106.8,64.3
Follicular,9.1,4,5,4,2,0.0,151.8,0.0,75.3
Ovulation,9.1,5,3,4,4,0.0,502.0,550.2,62.5
Late Luteal,6.6,3,3,2,2,1.4,269.6,250.7,44.7
Menstrual,7.1,3,1,1,3,0.9,559.0,583.1,26.9
Early Luteal,7.0,4,4,4,4,1.0,448.8,488.0,43.3
Late Luteal,6.8,2,3,2,2,1.2,155.9,255.9,41.5
Late Luteal,5.9,3,2,2,3,2.1,355.8,333.9,29.6
Early Luteal,5.3,3,3,4,1,2.7,54.8,123.3,39.4
Ovulation,6.4,4,3,5,5,1.6,624.7,610.6,26.0
Ovulation,7.3,5,4,4,2,0.7,122.2,222.2,69.6
Early Luteal,6.1,4,3,4,1,1.9,53.4,0.0,60.3
Menstrual,5.4,2,2,2,3,2.6,457.3,468.9,17.4
Menstrual,7.0,4,3,3,3,1.0,330.6,430.6,40.2
Early Luteal,6.8,2,2,3,1,1.2,84.2,0.0,46.6
Ovulation,7.8,5,4,4,3,0.2,349.3,385.8,63.8
Ovulation,5.2,3,2,2,5,2.8,729.2,728.3,10.4
Late Luteal,5.3,3,2,1,2,2.7,183.7,160.1,23.8
Follicular,7.1,4,3,4,2,0.9,139.2,239.2,58.7
Ovulation,7.6,4,4,4,2,0.4,191.0,181.5,63.7
Follicular,7.8,5,3,4,3,0.2,321.3,287.6,54.5
Late Luteal,5.0,1,1,1,2,3.0,272.3,372.3,12.9
Follicular,8.2,4,5,4,2,0.0,260.1,227.7,71.9
Follicular,7.5,5,4,3,2,0.5,72.9,146.2,70.1
Ovulation,7.5,5,4,4,1,0.5,105.2,205.2,78.2
Menstrual,7.7,4,3,3,2,0.3,224.8,287.6,58.3
Early Luteal,7.0,4,3,3,1,1.0,102.4,6.7,66.8
Early Luteal,7.9,5,5,4,2,0.1,95.3,0.0,67.6
Follicular,8.3,4,4,3,3,0.0,390.6,439.7,60.1
Late Luteal,8.2,5,4,4,4,0.0,437.7,452.8,57.3
Follicular,6.4,3,3,4,2,1.6,155.9,122.9,47.9
Menstrual,6.3,4,2,2,2,1.7,163.3,40.7,43.0
Follicular,6.7,3,3,3,5,1.3,774.5,769.1,19.6
Late Luteal,6.4,2,2,2,2,1.6,158.0,164.0,35.3
Follicular,7.1,5,4,4,4,0.9,512.0,612.0,53.1
Ovulation,8.6,5,5,4,1,0.0,90.9,27.6,89.3
Ovulation,7.8,4,4,4,3,0.2,295.0,322.2,58.1
Late Luteal,7.4,4,3,4,2,0.6,278.5,368.9,53.7
Follicular,6.7,4,2,3,5,1.3,768.8,714.9,26.3
Follicular,8.0,4,3,4,5,0.0,800.0,750.1,36.7
Follicular,7.0,4,4,4,2,1.0,261.0,229.0,59.7
Late Luteal,6.6,2,3,2,3,1.4,522.9,491.5,27.5
Early Luteal,6.5,3,2,3,3,1.5,344.2,444.2,37.0
Late Luteal,5.0,2,1,2,5,3.0,779.2,814.9,0.0
Ovulation,5.9,3,3,3,2,2.1,169.0,170.1,46.5
Early Luteal,6.9,3,3,3,2,1.1,125.7,140.5,42.8
Follicular,7.3,4,3,4,2,0.7,100.4,148.8,57.0
Follicular,7.9,4,3,4,2,0.1,226.9,286.5,71.9
Late Luteal,6.7,3,3,3,2,1.3,147.3,165.2,42.6
Menstrual,6.2,3,2,3,2,1.8,238.9,251.9,36.9
Menstrual,6.0,2,3,2,2,2.0,188.1,141.2,32.4
Early Luteal,5.7,3,2,2,2,2.3,163.5,44.5,41.2
Late Luteal,5.7,2,2,2,1,2.3,170.3,205.6,32.7
Follicular,8.4,5,4,5,2,0.0,58.0,139.3,76.5
Ovulation,6.5,3,4,4,2,1.5,123.3,82.4,50.2
Menstrual,7.3,4,2,3,3,0.7,393.4,295.8,46.2
Early Luteal,6.7,3,3,3,3,1.3,451.0,538.0,32.2
Follicular,7.7,5,3,4,2,0.3,108.7,21.0,70.9
Follicular,8.2,4,3,3,3,0.0,375.1,294.2,59.0
Late Luteal,8.6,5,3,2,4,0.0,394.3,401.2,54.3
Early Luteal,7.4,3,3,4,2,0.6,146.7,150.7,53.3
Menstrual,6.3,2,3,2,1,1.7,121.6,118.0,37.7
Follicular,8.4,4,3,3,2,0.0,142.4,83.1,64.8
Early Luteal,5.5,4,4,4,1,2.5,8.2,0.0,54.7
Follicular,6.8,4,3,3,2,1.2,253.8,200.6,51.6
Early Luteal,9.5,5,4,4,3,0.0,415.4,406.4,66.8
Early Luteal,6.1,4,3,3,1,1.9,38.8,0.0,59.3
Late Luteal,5.2,3,1,2,3,2.8,262.7,309.8,21.6
Menstrual,7.2,5,4,4,2,0.8,91.7,46.8,62.0
Late Luteal,7.8,4,3,4,2,0.2,242.4,315.6,55.7
Early Luteal,5.3,4,2,2,2,2.7,187.3,45.6,45.9
Menstrual,8.3,4,3,2,1,0.0,42.3,142.3,68.4
Early Luteal,7.9,4,4,3,1,0.1,66.4,97.5,71.0
Menstrual,7.6,4,3,4,2,0.4,118.9,152.9,55.9
Late Luteal,7.2,4,3,2,2,0.8,265.9,153.2,49.2
Follicular,8.2,3,3,3,2,0.0,258.0,289.6,60.3
Menstrual,6.4,3,3,3,1,1.6,67.3,145.4,50.7
Late Luteal,5.5,3,3,3,2,2.5,100.7,61.2,36.1
Ovulation,7.6,4,4,3,3,0.4,382.0,365.0,56.9
Late Luteal,6.9,2,2,1,2,1.1,79.1,177.9,37.0
Late Luteal,6.7,3,2,3,4,1.3,644.3,727.5,24.3
Early Luteal,8.5,4,3,3,4,0.0,495.6,473.3,48.9
Follicular,7.9,4,4,3,2,0.1,163.1,80.1,68.5
Menstrual,6.7,2,2,2,3,1.3,447.1,375.0,27.4
Early Luteal,7.2,3,2,3,2,0.8,104.1,136.2,54.1
Early Luteal,5.6,3,2,3,3,2.4,398.5,277.9,27.6
Menstrual,7.2,3,3,2,1,0.8,26.0,38.4,56.0
Ovulation,8.5,3,3,3,4,0.0,477.2,410.8,51.4
Early Luteal,6.6,3,3,4,3,1.4,506.9,601.4,33.5
Early Luteal,7.1,3,3,4,3,0.9,405.7,505.7,42.5
Early Luteal,7.0,2,3,2,3,1.0,304.6,404.6,35.4
Follicular,6.9,2,3,3,2,1.1,305.8,263.5,40.7
Early Luteal,6.4,2,3,3,2,1.6,263.2,333.3,36.1
Late Luteal,5.1,3,2,1,2,2.9,249.1,278.3,21.6
Early Luteal,7.3,4,3,3,3,0.7,266.0,366.0,54.7
Follicular,8.6,4,5,5,2,0.0,124.7,188.6,77.4
Follicular,5.9,3,2,3,5,2.1,765.3,865.3,15.9
Late Luteal,6.7,3,2,2,3,1.3,453.8,453.2,32.0
Late Luteal,7.5,3,3,3,2,0.5,178.5,262.3,46.9
Early Luteal,6.3,2,3,3,3,1.7,269.5,174.5,27.0
Early Luteal,7.2,3,3,2,2,0.8,182.0,118.8,53.1
Late Luteal,5.7,3,3,3,1,2.3,86.4,0.0,33.8
Late Luteal,6.9,3,3,2,2,1.1,229.5,262.4,40.5
Follicular,6.7,3,3,3,2,1.3,93.1,53.0,53.3
Ovulation,7.1,4,4,5,3,0.9,351.6,292.1,52.6
Ovulation,7.3,3,2,3,4,0.7,613.0,593.0,33.9
Follicular,6.7,3,3,2,1,1.3,37.4,0.0,54.5
Menstrual,6.2,2,3,2,1,1.8,19.5,36.9,41.6
Menstrual,6.4,2,3,2,2,1.6,294.3,325.9,36.8
Menstrual,5.8,3,3,3,2,2.2,207.2,76.5,33.0
Late Luteal,6.7,2,2,3,2,1.3,172.3,0.0,41.3
Ovulation,7.6,4,3,4,3,0.4,324.2,373.0,58.8
Early Luteal,6.5,3,3,3,2,1.5,130.8,76.9,47.5
Ovulation,8.4,3,5,4,1,0.0,9.0,109.0,72.2
Late Luteal,6.4,3,3,2,2,1.6,188.7,245.5,37.6
Late Luteal,6.9,3,2,3,2,1.1,260.0,254.0,44.3
Menstrual,9.1,4,3,2,1,0.0,136.3,186.3,76.3
Follicular,7.0,4,4,4,2,1.0,82.9,168.2,55.4
Late Luteal,6.9,3,3,2,4,1.1,663.7,599.3,20.2
Early Luteal,7.0,3,3,2,1,1.0,51.0,40.9,54.0
Ovulation,8.7,4,4,4,2,0.0,150.0,126.7,75.0
Menstrual,8.2,5,4,3,1,0.0,127.0,185.0,71.7
Ovulation,5.6,2,2,4,4,2.4,558.0,641.2,17.9
Late Luteal,6.2,2,3,3,1,1.8,153.2,136.2,40.0
Follicular,6.8,4,2,3,3,1.2,244.7,225.4,50.8
Late Luteal,5.7,2,1,2,3,2.3,387.0,287.0,18.4
Ovulation,7.8,4,5,4,3,0.2,343.5,407.3,59.8
Follicular,7.3,4,3,4,2,0.7,218.9,318.9,58.8
Follicular,5.6,4,5,5,2,2.4,261.7,309.7,49.2
Early Luteal,6.0,3,3,3,1,2.0,12.4,0.0,51.7
Menstrual,6.8,2,3,3,4,1.2,460.4,372.4,22.5
Follicular,8.2,3,4,5,2,0.0,79.0,134.0,60.9
Late Luteal,6.4,2,2,2,1,1.6,61.6,13.0,43.7
Menstrual,7.9,4,3,3,4,0.1,517.0,608.7,36.3
Ovulation,5.3,3,4,4,1,2.7,4.4,18.0,49.0
Early Luteal,7.7,3,4,3,3,0.3,354.5,454.5,47.7
Early Luteal,7.3,4,2,3,3,0.7,322.9,295.4,50.4
Menstrual,7.4,4,2,3,4,0.6,483.1,358.3,36.2
Follicular,7.7,5,4,4,1,0.3,18.1,27.1,77.9
Follicular,7.3,4,4,4,2,0.7,124.8,141.3,61.9
Menstrual,6.7,2,2,3,2,1.3,209.4,309.4,35.2
Menstrual,6.8,4,2,1,2,1.2,99.2,157.2,48.9
Menstrual,6.0,3,3,3,3,2.0,283.6,330.0,31.5
Ovulation,6.4,4,3,4,2,1.6,140.4,119.4,51.1
Menstrual,6.6,3,3,3,3,1.4,384.5,409.1,32.6
Follicular,6.0,3,3,3,3,2.0,506.4,470.7,28.9
Late Luteal,5.8,2,2,3,2,2.2,176.6,174.1,29.6
Late Luteal,8.6,5,3,3,3,0.0,412.2,480.8,60.7
Follicular,7.7,5,5,5,2,0.3,58.8,0.0,79.2
Menstrual,5.3,3,2,1,2,2.7,35.7,121.2,31.6
Menstrual,7.2,5,2,2,2,0.8,73.4,16.0,60.5
Late Luteal,7.7,3,2,3,2,0.3,80.5,145.3,50.9
Ovulation,6.8,3,4,3,2,1.2,248.9,240.1,43.2
Follicular,7.0,3,3,3,1,1.0,107.0,79.1,59.1
Late Luteal,6.0,2,2,2,3,2.0,331.8,368.4,24.0
Early Luteal,8.7,5,3,3,2,0.0,261.4,301.3,70.9
Follicular,7.7,4,4,4,1,0.3,50.8,0.0,70.5
Menstrual,5.3,4,3,4,1,2.7,4.8,0.0,43.9
Early Luteal,6.9,4,3,3,3,1.1,348.4,446.2,40.4
Follicular,5.8,3,3,3,2,2.2,172.6,123.1,43.0
Early Luteal,7.1,5,3,3,3,0.9,332.9,255.5,51.8
Early Luteal,7.0,4,5,5,1,1.0,65.1,48.9,65.5
Menstrual,7.2,3,4,3,1,0.8,44.4,48.4,64.9
Follicular,6.4,2,3,3,3,1.6,417.8,517.8,29.8
Menstrual,6.2,5,3,3,2,1.8,303.2,277.7,44.6
Follicular,7.2,5,3,2,3,0.8,354.5,269.7,55.2
Ovulation,7.7,5,4,4,2,0.3,39.7,3.1,75.9
Menstrual,6.4,3,3,3,2,1.6,184.0,244.6,38.3
Late Luteal,6.9,3,3,3,2,1.1,97.6,0.0,47.7
Late Luteal,3.8,1,2,2,2,4.2,220.5,149.3,3.4
Early Luteal,6.3,2,2,2,4,1.7,474.1,376.2,16.7
Follicular,6.7,4,4,4,2,1.3,156.4,199.3,57.7
Ovulation,6.9,2,3,4,2,1.1,175.7,275.7,45.1
Follicular,7.9,3,3,3,3,0.1,441.0,439.5,48.9
Late Luteal,6.8,4,3,2,1,1.2,14.6,0.0,61.6
Follicular,7.3,4,5,4,1,0.7,68.8,98.7,69.0
Menstrual,7.0,3,3,3,1,1.0,107.1,0.0,48.2
Follicular,7.6,4,3,3,4,0.4,633.7,631.7,46.4
Follicular,7.5,5,3,2,3,0.5,337.0,237.2,62.9
Follicular,7.6,5,4,4,3,0.4,253.4,188.8,63.4
Menstrual,6.1,3,3,2,3,1.9,510.0,400.5,25.1
Follicular,8.8,5,4,4,2,0.0,158.2,192.5,77.6
Follicular,7.2,4,3,5,2,0.8,322.4,280.2,54.5
Late Luteal,4.7,1,1,2,1,3.3,146.9,57.3,18.0
Menstrual,6.0,2,2,1,2,2.0,212.6,206.6,29.3
Follicular,7.2,4,3,3,2,0.8,231.1,209.3,60.6
Menstrual,7.2,3,3,2,1,0.8,29.5,0.0,53.6
Menstrual,7.8,4,3,4,1,0.2,4.0,0.0,66.6
Early Luteal,6.8,3,3,3,3,1.2,516.9,571.4,40.9
Follicular,7.6,4,3,4,2,0.4,193.4,234.7,64.8
Late Luteal,7.0,3,3,2,2,1.0,309.2,408.0,45.7
Early Luteal,6.5,4,4,3,2,1.5,309.7,326.5,50.9
Early Luteal,6.0,4,2,2,4,2.0,568.7,655.7,25.5
Early Luteal,7.8,4,3,3,4,0.2,595.9,574.8,40.5
Menstrual,7.3,4,3,2,2,0.7,222.9,230.3,48.0
Menstrual,8.9,5,4,3,3,0.0,436.2,439.4,56.8
Menstrual,7.6,4,4,4,1,0.4,150.1,139.9,63.5
Early Luteal,7.7,4,3,3,2,0.3,218.5,208.0,57.5
Follicular,5.7,4,3,4,1,2.3,5.8,9.5,55.1
Early Luteal,6.7,3,3,4,3,1.3,345.0,284.4,38.7
Follicular,7.1,4,3,3,2,0.9,227.2,180.0,59.5
Early Luteal,6.0,3,3,2,2,2.0,188.0,288.0,40.4
Menstrual,4.8,2,1,2,4,3.2,530.5,352.1,1.5
Follicular,5.8,3,2,2,3,2.2,328.1,326.1,28.8
Menstrual,8.2,3,4,4,2,0.0,193.3,293.3,54.1
Ovulation,8.0,3,3,4,4,0.0,534.7,621.4,49.2
Ovulation,7.2,3,3,4,1,0.8,7.3,0.0,60.3
Follicular,7.3,3,3,3,1,0.7,12.2,16.7,64.1
Early Luteal,5.9,3,3,4,1,2.1,170.0,141.6,44.1
Early Luteal,6.0,3,2,1,2,2.0,326.4,298.5,31.3
Follicular,7.4,4,5,4,1,0.6,64.0,0.0,70.9
Late Luteal,5.7,2,2,2,2,2.3,126.5,98.2,33.4
Early Luteal,5.6,4,4,4,1,2.4,50.2,84.6,55.1
Late Luteal,6.4,3,1,1,4,1.6,616.5,625.5,25.5
Follicular,7.1,5,4,5,1,0.9,100.7,58.6,75.2
Late Luteal,6.3,2,3,3,1,1.7,116.7,50.8,42.3
Menstrual,5.2,3,3,3,2,2.8,116.6,21.0,30.0
Menstrual,8.0,4,4,3,1,0.0,55.1,155.1,68.2
Menstrual,6.5,2,1,1,3,1.5,393.5,493.5,25.1
Ovulation,6.8,2,2,2,4,1.2,589.8,479.5,27.4
Ovulation,5.7,3,4,3,4,2.3,493.5,593.5,27.5
Ovulation,7.1,4,3,3,1,0.9,24.0,0.0,65.3
Follicular,7.9,5,4,4,3,0.1,242.4,267.3,66.6
Ovulation,6.3,3,3,4,4,1.7,540.4,442.6,33.8
Menstrual,8.6,4,3,3,3,0.0,270.3,370.3,59.2
Early Luteal,6.7,3,3,4,2,1.3,77.2,0.0,49.5
Follicular,5.7,4,3,3,3,2.3,348.5,448.5,34.3
Early Luteal,7.8,5,4,3,1,0.2,91.2,91.2,78.1
Follicular,5.7,3,3,3,2,2.3,143.2,206.8,38.8
Follicular,6.0,4,4,3,2,2.0,145.7,216.5,58.2
Menstrual,6.8,3,3,3,2,1.2,239.9,187.4,40.4
Follicular,7.0,4,4,4,3,1.0,270.3,261.6,54.6
Follicular,5.6,4,3,4,4,2.4,582.7,682.7,28.7
Follicular,7.2,5,5,5,3,0.8,325.7,245.8,56.7
Late Luteal,5.5,3,1,1,5,2.5,770.7,797.9,3.2
Late Luteal,6.4,2,3,2,2,1.6,164.3,112.2,34.7
Early Luteal,7.3,4,3,3,1,0.7,157.1,121.8,62.8
Menstrual,6.5,3,3,4,1,1.5,12.2,0.0,50.6
Early Luteal,5.4,2,2,2,2,2.6,77.0,177.0,33.7
Follicular,6.2,3,2,2,3,1.8,437.7,387.7,36.8
Follicular,5.2,2,3,2,3,2.8,492.2,592.2,18.1
Follicular,5.4,3,3,4,3,2.6,358.4,370.4,31.5
Early Luteal,7.7,4,4,4,1,0.3,13.3,0.0,74.3
Early Luteal,7.4,4,4,4,3,0.6,392.2,346.9,53.6
Follicular,8.2,5,4,5,2,0.0,136.4,167.6,75.1
Follicular,6.3,3,3,4,3,1.7,365.6,447.7,36.1
Follicular,6.9,4,3,3,4,1.1,692.5,642.8,32.9
Follicular,7.4,4,3,3,5,0.6,723.0,780.1,28.9
Menstrual,7.1,3,2,3,3,0.9,353.9,330.2,33.7
Late Luteal,6.9,3,4,5,2,1.1,193.8,293.8,48.2
Follicular,7.5,5,3,3,4,0.5,426.3,526.3,55.2
Early Luteal,7.7,4,5,4,2,0.3,240.7,195.3,64.2
Menstrual,5.5,3,3,2,1,2.5,73.1,55.8,41.3
Early Luteal,6.7,3,3,3,2,1.3,224.4,197.9,46.0
Follicular,9.2,5,4,3,1,0.0,6.0,106.0,88.4
Late Luteal,7.1,3,3,2,1,0.9,32.4,0.0,51.6
Late Luteal,6.0,3,3,3,1,2.0,72.2,0.0,45.4
Follicular,6.9,3,4,3,2,1.1,255.5,205.6,56.5
Follicular,6.7,3,4,4,3,1.3,369.0,469.0,46.2
Early Luteal,6.1,2,2,2,3,1.9,345.8,331.6,31.1
Menstrual,7.7,4,4,4,2,0.3,113.9,213.9,61.5
Follicular,5.7,4,2,3,3,2.3,347.8,272.8,31.4
Menstrual,7.7,4,3,3,2,0.3,134.4,197.6,58.9
Early Luteal,7.4,3,4,4,2,0.6,281.1,305.5,52.9
Late Luteal,6.4,3,2,2,2,1.6,141.2,130.4,40.2
Follicular,8.2,5,4,4,2,0.0,129.1,136.8,71.2
Menstrual,6.7,2,3,4,2,1.3,62.5,0.0,34.8
Early Luteal,7.7,4,4,4,2,0.3,167.5,113.5,64.8
Early Luteal,7.1,5,2,3,3,0.9,463.8,271.7,48.3
Early Luteal,7.0,2,2,3,3,1.0,443.0,338.7,33.8
Follicular,7.9,4,3,3,2,0.1,352.9,414.9,57.5
Menstrual,8.5,5,4,5,1,0.0,64.0,164.0,79.6
Follicular,7.4,5,4,5,3,0.6,384.0,475.6,58.3
Follicular,5.3,3,3,3,2,2.7,310.8,410.8,31.0
Ovulation,6.0,3,2,3,4,2.0,613.7,533.4,25.7
Late Luteal,7.8,4,2,1,1,0.2,127.2,79.4,65.2
Late Luteal,7.0,2,2,1,4,1.0,582.4,611.2,18.3
Early Luteal,7.2,5,5,5,2,0.8,148.9,165.5,71.1
Follicular,6.9,2,3,3,3,1.1,249.8,198.7,31.1
Ovulation,7.6,4,4,5,3,0.4,553.3,544.9,55.3
Early Luteal,6.7,3,3,2,2,1.3,214.8,314.8,48.9
Late Luteal,6.1,3,3,2,1,1.9,16.0,42.9,54.6
Early Luteal,7.3,5,4,4,1,0.7,160.8,61.0,72.6
Ovulation,7.5,4,5,4,2,0.5,285.7,188.9,62.8
Ovulation,7.3,5,4,4,1,0.7,76.3,84.8,78.9
Follicular,7.5,5,5,4,3,0.5,449.7,489.6,59.6
Follicular,8.6,5,4,4,2,0.0,186.3,164.2,71.2
Ovulation,8.1,4,4,4,1,0.0,114.1,167.8,75.8
Ovulation,7.8,4,4,3,2,0.2,257.5,357.5,68.0
Menstrual,5.9,3,3,2,2,2.1,190.2,205.7,38.6
Early Luteal,7.8,3,4,3,2,0.2,212.9,277.5,59.0
Early Luteal,7.2,4,2,3,3,0.8,477.6,340.9,43.4
Ovulation,7.6,4,4,4,2,0.4,89.7,187.2,67.2
Late Luteal,7.4,4,2,2,1,0.6,172.7,194.6,59.7
Ovulation,7.7,3,5,4,1,0.3,0.8,0.0,71.5
Late Luteal,7.3,3,3,2,1,0.7,40.8,123.7,57.9
Ovulation,7.0,2,2,3,2,1.0,239.0,315.8,42.4
Menstrual,7.4,4,2,2,2,0.6,57.9,93.3,51.7
Late Luteal,7.8,4,3,2,4,0.2,604.2,663.1,42.0
Early Luteal,8.3,5,3,4,2,0.0,136.1,138.2,72.2
Early Luteal,7.8,4,3,3,2,0.2,282.4,170.3,55.2
Follicular,7.2,4,3,2,3,0.8,379.2,372.7,50.0
Follicular,5.5,3,3,4,2,2.5,128.9,228.9,39.3
Follicular,8.2,3,4,4,3,0.0,501.2,601.2,52.9
Late Luteal,6.8,3,2,2,2,1.2,134.2,215.1,44.5
Menstrual,7.5,3,2,1,2,0.5,123.0,189.6,49.3
Follicular,7.5,5,5,5,2,0.5,186.3,277.0,73.0
Early Luteal,5.9,3,3,3,2,2.1,175.6,118.1,41.7
Follicular,7.7,4,3,3,3,0.3,260.5,319.6,60.5
Early Luteal,6.0,5,4,5,2,2.0,43.2,30.7,59.5
Ovulation,6.0,3,3,3,2,2.0,215.1,237.3,42.0
Early Luteal,6.6,4,3,4,2,1.4,303.8,266.7,48.8
Early Luteal,6.5,3,2,3,3,1.5,389.3,342.3,32.9
Follicular,9.4,4,5,5,2,0.0,193.6,157.2,70.5
Menstrual,5.5,4,2,3,3,2.5,417.3,307.6,25.0
Late Luteal,6.0,2,1,1,3,2.0,480.4,393.9,13.9
Late Luteal,4.3,2,2,2,2,3.7,194.6,69.4,14.1
Early Luteal,6.7,4,3,4,5,1.3,800.0,714.5,27.4
Late Luteal,7.0,3,3,1,2,1.0,168.5,268.5,45.5
Follicular,7.4,5,5,5,3,0.6,208.4,281.4,63.5
Early Luteal,6.8,3,3,3,2,1.2,159.8,117.9,44.7
Menstrual,5.9,3,2,2,4,2.1,453.7,476.1,17.5
Early Luteal,8.2,4,4,4,2,0.0,264.3,364.1,70.0
Early Luteal,8.3,4,4,3,3,0.0,318.6,236.5,59.1
Ovulation,6.7,3,3,4,3,1.3,250.8,350.8,44.4
Early Luteal,6.6,3,4,3,1,1.4,31.9,0.0,56.8
Menstrual,5.2,3,3,2,2,2.8,177.6,155.4,32.9
Follicular,7.0,4,4,4,1,1.0,176.6,222.8,63.4
Early Luteal,7.7,4,3,3,3,0.3,391.6,414.3,48.3
Late Luteal,7.8,4,4,2,1,0.2,37.3,0.0,63.2
Follicular,9.5,5,4,4,2,0.0,267.4,367.4,73.9
Late Luteal,5.8,3,1,2,2,2.2,106.1,206.1,37.7
Follicular,7.5,4,4,5,2,0.5,154.9,227.2,58.2
Menstrual,8.0,4,2,1,2,0.0,169.6,82.2,59.7
Follicular,7.4,4,4,3,3,0.6,298.4,269.0,52.5
Early Luteal,8.8,4,4,3,4,0.0,431.9,510.1,57.6
Early Luteal,5.5,3,2,3,3,2.5,342.3,391.4,22.4
Early Luteal,6.2,3,2,3,3,1.8,398.8,294.2,30.4
Follicular,7.3,4,3,4,2,0.7,127.1,206.5,61.8
Follicular,7.3,4,5,4,1,0.7,14.0,114.0,74.0
Late Luteal,6.7,2,2,1,2,1.3,155.0,148.1,40.0
Follicular,7.6,3,4,4,2,0.4,92.4,128.6,57.7
Late Luteal,7.5,4,3,3,2,0.5,146.5,192.9,58.9
Follicular,8.0,5,4,3,3,0.0,456.9,544.8,56.4
Late Luteal,6.5,2,2,3,3,1.5,474.6,434.0,23.7
Early Luteal,7.8,4,4,5,3,0.2,317.0,417.0,56.0
Early Luteal,7.1,4,3,2,1,0.9,38.1,95.1,65.5
Ovulation,9.0,5,4,4,2,0.0,162.5,262.5,80.0
Early Luteal,6.4,3,3,2,1,1.6,96.5,73.9,48.2
Early Luteal,5.8,2,3,3,4,2.2,471.8,538.7,20.5
Early Luteal,5.4,3,2,2,2,2.6,178.0,149.8,32.2
Early Luteal,4.7,1,2,2,2,3.3,235.0,210.8,17.4
Ovulation,6.0,3,3,3,3,2.0,521.6,490.7,34.8
Follicular,6.3,3,4,2,3,1.7,346.6,232.7,36.4
Late Luteal,5.0,2,2,2,1,3.0,112.1,84.3,25.7
Early Luteal,6.3,3,3,2,1,1.7,72.7,55.9,46.8
Menstrual,6.5,2,2,2,3,1.5,459.8,422.8,29.0
Menstrual,6.5,3,3,2,1,1.5,24.2,124.2,50.5
Late Luteal,7.9,4,4,4,1,0.1,89.6,81.0,73.5
Late Luteal,7.2,4,3,3,2,0.8,101.2,70.2,57.8
Early Luteal,7.4,5,3,4,2,0.6,207.0,132.9,66.3
Follicular,7.1,4,4,3,2,0.9,245.0,295.2,56.6
Late Luteal,6.7,3,2,2,3,1.3,536.8,466.7,33.5
Late Luteal,5.9,2,2,2,1,2.1,82.8,0.0,33.2
Late Luteal,5.9,3,3,2,2,2.1,266.8,126.7,36.3
Menstrual,7.6,3,1,1,3,0.4,358.8,458.8,36.0
Follicular,7.4,5,4,4,2,0.6,104.4,104.1,57.9
Late Luteal,4.9,2,1,2,5,3.1,800.0,777.6,0.0
Menstrual,5.8,2,2,2,2,2.2,272.3,120.0,26.2
Early Luteal,5.5,4,3,4,2,2.5,363.2,392.9,41.3
Late Luteal,6.0,3,2,1,3,2.0,338.1,343.7,26.2
Late Luteal,6.8,3,3,4,2,1.2,136.6,0.0,48.9
Menstrual,8.1,5,4,4,2,0.0,201.3,201.9,62.4
Ovulation,6.8,2,3,4,4,1.2,643.7,529.7,20.1
Late Luteal,6.7,3,3,2,2,1.3,91.0,191.0,51.4
Menstrual,6.1,3,4,2,1,1.9,74.9,54.1,50.7
Early Luteal,7.1,4,4,3,2,0.9,227.6,174.4,56.4
Follicular,6.3,3,2,2,2,1.7,137.8,120.5,46.8
Menstrual,4.1,1,2,2,2,3.9,241.8,322.4,3.0
Late Luteal,7.1,4,2,1,3,0.9,473.6,573.6,44.8
Menstrual,7.4,4,4,4,1,0.6,108.5,115.6,57.1
Early Luteal,8.8,5,5,5,1,0.0,87.4,137.4,76.8
Follicular,7.3,4,3,4,4,0.7,643.6,743.6,40.9
Early Luteal,8.3,4,3,3,1,0.0,62.5,0.0,71.6
Late Luteal,4.5,2,2,2,2,3.5,141.6,171.9,19.3
Early Luteal,5.9,2,1,3,4,2.1,615.4,663.1,14.2
Ovulation,6.6,4,4,4,1,1.4,15.1,0.0,67.5
Late Luteal,6.9,2,3,2,3,1.1,440.7,352.4,32.0
Late Luteal,8.0,4,3,3,2,0.0,198.8,97.1,58.9
Follicular,7.9,4,3,3,3,0.1,282.8,217.7,59.0
Ovulation,6.4,4,3,5,3,1.6,527.9,627.9,45.9
Follicular,8.1,4,3,3,5,0.0,800.0,900.0,38.5
Follicular,6.4,3,2,3,2,1.6,211.6,244.7,44.7
Menstrual,6.1,2,2,2,2,1.9,112.3,0.0,28.9
Early Luteal,6.7,3,3,3,1,1.3,110.6,157.5,57.6
Early Luteal,7.7,4,4,5,2,0.3,175.3,275.3,66.8
Early Luteal,7.8,3,3,4,2,0.2,213.9,240.2,62.5
Follicular,8.1,3,3,3,2,0.0,155.3,219.7,57.7
Early Luteal,7.8,3,3,3,2,0.2,66.4,59.7,54.0
Follicular,8.2,4,4,4,2,0.0,86.8,90.8,69.4
Late Luteal,7.3,4,2,1,4,0.7,646.6,613.3,29.1
Menstrual,6.0,3,3,3,2,2.0,155.5,110.7,40.3
Early Luteal,5.7,4,4,4,1,2.3,57.6,115.2,54.9
Menstrual,6.6,2,2,3,2,1.4,133.1,189.9,34.1
Late Luteal,7.0,2,3,3,2,1.0,203.7,303.7,36.2
Early Luteal,7.1,4,3,3,2,0.9,299.1,308.5,60.8
Late Luteal,6.2,2,2,3,3,1.8,354.7,212.6,23.0
Early Luteal,7.0,3,3,3,1,1.0,91.9,119.7,58.5
Menstrual,6.5,3,3,3,1,1.5,84.0,184.0,45.9
Late Luteal,8.6,4,3,2,1,0.0,64.1,106.4,75.8
Early Luteal,5.8,2,3,3,2,2.2,117.8,148.8,31.2
Late Luteal,8.1,4,3,2,1,0.0,38.0,71.4,68.1
Follicular,7.6,4,3,4,2,0.4,120.4,220.4,58.2
Follicular,7.5,4,4,4,2,0.5,217.4,203.6,61.7
Follicular,6.5,3,4,3,3,1.5,346.7,375.0,44.1
Follicular,7.3,4,3,5,1,0.7,164.9,114.3,64.1
Follicular,6.9,3,4,4,1,1.1,93.6,0.0,55.8
Early Luteal,6.4,4,3,3,2,1.6,118.0,40.3,50.7
Late Luteal,4.8,1,2,1,1,3.2,149.3,177.4,23.1
Follicular,7.1,4,3,4,1,0.9,78.9,137.9,69.1
Late Luteal,6.0,3,2,3,3,2.0,386.2,365.0,23.8
Menstrual,6.4,2,2,2,4,1.6,557.0,504.6,14.5
Late Luteal,6.5,3,2,2,1,1.5,65.7,115.6,46.4
Late Luteal,6.0,3,3,3,1,2.0,30.6,74.8,47.5
Menstrual,6.5,3,4,4,1,1.5,78.9,96.1,56.1
Early Luteal,6.0,2,2,2,2,2.0,231.8,106.8,31.9
Late Luteal,7.5,4,3,2,3,0.5,269.6,343.8,53.8
Early Luteal,8.7,5,2,3,4,0.0,511.7,401.8,54.0
Menstrual,7.4,3,3,2,2,0.6,183.2,165.4,46.7
Late Luteal,7.1,4,3,4,2,0.9,134.9,150.0,52.7
Early Luteal,5.7,4,2,3,2,2.3,107.0,0.0,42.3
Menstrual,5.1,3,2,3,4,2.9,622.7,570.7,9.6
Ovulation,7.5,3,3,3,4,0.5,598.2,697.0,33.8
Late Luteal,3.7,1,1,2,1,4.3,42.8,54.7,11.1
Early Luteal,5.7,3,3,3,2,2.3,89.3,118.7,38.5
Early Luteal,7.2,4,3,3,5,0.8,784.7,779.8,32.5
Menstrual,7.0,3,2,1,4,1.0,682.7,641.8,24.6
Late Luteal,6.0,2,3,2,2,2.0,78.7,165.6,31.7
Early Luteal,7.1,4,4,5,2,0.9,262.1,322.6,62.5
Menstrual,7.5,4,3,3,3,0.5,411.3,331.9,50.1
Menstrual,6.5,2,1,3,5,1.5,800.0,758.8,7.9
Ovulation,5.8,3,3,3,1,2.2,13.5,0.0,54.0
Early Luteal,7.1,4,3,3,2,0.9,286.5,256.3,53.1
Follicular,5.6,3,3,4,2,2.4,139.3,174.9,39.6
Menstrual,5.7,2,1,1,3,2.3,353.3,432.3,16.6
Early Luteal,7.6,4,3,4,2,0.4,312.1,412.1,57.9
Follicular,7.6,5,4,4,2,0.4,110.2,54.1,70.9
Early Luteal,8.2,5,4,3,1,0.0,86.1,127.0,79.6
Late Luteal,6.6,3,2,2,3,1.4,408.0,362.8,30.7
Early Luteal,6.7,3,4,4,1,1.3,2.2,62.0,53.1
Menstrual,6.2,2,3,2,2,1.8,15.0,36.7,34.7
Menstrual,5.9,3,3,3,3,2.1,313.3,259.2,26.8
Ovulation,5.8,2,3,5,2,2.2,158.4,0.0,43.4
Follicular,8.4,5,5,3,2,0.0,232.7,128.1,68.1
Follicular,7.5,4,4,4,2,0.5,309.0,252.7,61.4
Ovulation,6.9,2,3,3,3,1.1,374.3,403.1,28.6
Menstrual,6.5,3,1,1,4,1.5,589.2,507.7,20.2
Late Luteal,5.3,4,2,3,1,2.7,132.5,66.3,42.7
Follicular,6.2,3,4,3,2,1.8,211.1,189.1,45.2
Late Luteal,5.3,3,2,2,2,2.7,245.3,261.6,31.0
Follicular,9.2,5,4,5,2,0.0,328.0,356.9,75.9
Early Luteal,7.2,4,4,4,2,0.8,274.1,347.4,57.7
Follicular,6.7,4,4,3,3,1.3,411.0,366.7,39.5
Late Luteal,8.0,4,3,3,5,0.0,662.7,667.7,33.3
Menstrual,7.4,5,4,3,2,0.6,330.0,367.5,60.3
Late Luteal,5.5,2,2,1,2,2.5,147.0,107.1,26.3
Late Luteal,6.9,3,3,3,3,1.1,339.0,145.9,41.5
Follicular,7.2,5,4,5,2,0.8,189.4,214.8,61.5
Early Luteal,5.4,3,3,3,2,2.6,137.2,217.9,46.8
Late Luteal,6.5,3,3,3,1,1.5,21.7,0.0,56.9
Early Luteal,8.7,4,3,4,2,0.0,225.7,152.8,65.9
Menstrual,7.4,3,4,4,2,0.6,149.6,153.9,53.6
Late Luteal,6.6,3,2,2,1,1.4,46.1,29.0,50.0
Follicular,6.6,4,4,4,1,1.4,158.6,258.6,59.3
Follicular,7.7,4,3,4,3,0.3,358.7,143.5,56.1
Early Luteal,6.6,4,3,3,1,1.4,111.8,64.0,56.1
Ovulation,8.3,5,4,5,1,0.0,35.8,108.1,89.9
Follicular,7.2,4,3,4,3,0.8,310.8,294.8,47.5
Early Luteal,6.6,2,4,4,2,1.4,215.8,140.0,39.7
Late Luteal,5.0,1,2,1,1,3.0,84.3,116.7,21.5
Early Luteal,7.3,4,4,4,2,0.7,118.8,98.7,59.6
Early Luteal,7.7,4,3,3,2,0.3,343.3,395.0,59.2
Early Luteal,3.5,3,1,2,4,4.5,514.6,572.7,0.0
Follicular,7.0,3,3,3,3,1.0,399.9,499.9,41.2
Late Luteal,7.6,4,3,4,1,0.4,97.8,176.1,61.1
Early Luteal,7.7,4,4,5,1,0.3,34.0,123.5,71.3
Late Luteal,4.7,1,1,2,2,3.3,210.4,230.9,11.5
Ovulation,9.4,3,4,4,1,0.0,91.3,85.7,73.6
Follicular,7.3,3,3,3,2,0.7,131.1,40.9,52.5
Late Luteal,5.8,3,2,2,3,2.2,499.8,599.8,19.0
Late Luteal,4.0,1,1,1,3,4.0,447.9,424.6,0.0
Follicular,8.8,4,4,4,2,0.0,75.7,85.1,70.8
Late Luteal,5.7,3,3,2,2,2.3,183.9,103.4,33.2
Menstrual,6.5,4,4,3,2,1.5,77.9,166.3,54.7
Early Luteal,5.7,3,3,3,2,2.3,300.6,264.3,36.2
Menstrual,6.6,3,3,3,3,1.4,441.0,391.1,33.0
Ovulation,7.0,4,4,4,1,1.0,121.3,133.3,67.2
Follicular,7.2,4,3,3,3,0.8,527.4,608.0,43.3
Early Luteal,7.9,5,4,5,2,0.1,141.0,42.8,71.0
Follicular,8.0,4,3,3,2,0.0,45.6,0.0,64.7
Menstrual,4.5,1,2,2,3,3.5,272.2,241.8,4.3
Follicular,7.3,4,4,4,1,0.7,9.8,0.0,69.7
Early Luteal,6.8,3,3,2,3,1.2,297.6,363.3,40.5
Follicular,9.4,5,5,4,2,0.0,79.4,138.5,81.7
Follicular,7.4,4,2,4,4,0.6,618.4,667.2,41.5
Menstrual,7.8,5,3,3,2,0.2,255.1,274.8,66.0
Early Luteal,6.3,3,4,3,1,1.7,67.4,56.7,50.3
Early Luteal,7.3,3,3,2,2,0.7,279.8,253.3,44.0
Ovulation,5.7,2,3,3,1,2.3,19.6,0.0,41.2
Early Luteal,6.3,2,3,3,2,1.7,170.6,103.2,34.5
Follicular,7.0,2,3,3,1,1.0,62.9,0.0,49.0
Early Luteal,7.9,3,3,3,3,0.1,351.1,252.0,46.9
Follicular,6.9,3,3,4,3,1.1,418.5,510.2,38.9
Follicular,7.8,4,4,4,1,0.2,163.2,104.1,68.5
Follicular,6.5,4,3,3,2,1.5,245.9,248.2,50.1
Early Luteal,7.7,4,3,3,4,0.3,411.2,369.6,44.9
Follicular,7.2,4,4,3,2,0.8,227.7,299.8,59.0
Menstrual,6.2,3,3,2,1,1.8,225.0,70.5,41.2
Menstrual,6.3,2,2,2,1,1.7,27.5,0.0,42.9
Early Luteal,5.9,2,3,3,2,2.1,112.6,212.6,39.4
Menstrual,8.1,5,4,3,1,0.0,31.9,131.9,73.9
Menstrual,8.0,3,3,1,3,0.0,377.7,400.3,44.8
Early Luteal,8.4,4,3,4,2,0.0,93.5,76.5,65.5
Late Luteal,6.0,3,2,1,1,2.0,14.2,114.2,48.1
Menstrual,6.5,3,2,2,1,1.5,71.8,3.7,43.6
Menstrual,7.0,3,2,3,5,1.0,800.0,731.1,18.7
Early Luteal,8.3,3,3,3,1,0.0,44.3,98.2,71.2
Early Luteal,6.2,2,2,3,2,1.8,219.3,319.3,39.1
Early Luteal,6.8,4,4,3,3,1.2,396.4,429.6,48.4
Late Luteal,5.5,3,3,2,1,2.5,39.4,117.0,42.9
Menstrual,7.2,4,3,3,4,0.8,680.2,670.0,34.5
Ovulation,6.9,3,3,3,1,1.1,38.9,138.9,57.0
Early Luteal,8.0,3,3,3,3,0.0,545.4,479.0,38.7
Ovulation,6.7,3,4,4,1,1.3,34.3,10.9,60.7
Follicular,5.7,4,4,4,2,2.3,224.8,87.6,43.8
Late Luteal,6.0,2,3,2,1,2.0,161.4,139.1,38.5
Follicular,7.3,4,3,3,3,0.7,369.0,407.7,50.0
Menstrual,8.1,5,3,2,3,0.0,337.9,246.9,59.9
Late Luteal,7.4,3,2,3,3,0.6,333.3,370.8,40.7
Menstrual,8.6,4,3,3,1,0.0,131.1,129.9,68.1
Early Luteal,7.7,4,3,3,2,0.3,152.7,95.7,61.7
Follicular,8.2,4,4,5,2,0.0,133.1,97.5,70.2
Late Luteal,6.3,4,4,3,2,1.7,159.2,141.1,54.2
Menstrual,6.1,3,2,3,1,1.9,64.6,82.6,43.7
Menstrual,5.8,3,1,2,4,2.2,645.3,721.6,18.6
Early Luteal,7.2,4,3,3,3,0.8,279.8,326.0,50.4
Menstrual,6.6,2,2,2,2,1.4,132.6,124.4,36.6
Follicular,7.8,4,4,4,1,0.2,114.1,90.4,68.9
Late Luteal,6.1,2,1,2,1,1.9,97.8,197.8,33.4
Follicular,7.7,4,3,5,2,0.3,213.8,246.5,65.1
Ovulation,9.1,4,4,4,1,0.0,47.9,10.6,83.8
Menstrual,7.6,4,3,3,4,0.4,470.6,397.9,42.6
Late Luteal,7.8,5,3,2,3,0.2,317.2,328.8,56.8
Late Luteal,8.0,4,3,3,3,0.0,349.4,390.2,47.8
Follicular,5.6,4,2,3,4,2.4,483.3,502.5,28.0
Late Luteal,8.1,3,3,2,2,0.0,112.2,100.4,58.5
Late Luteal,6.7,3,2,2,4,1.3,612.1,612.0,23.9
Menstrual,8.1,4,3,4,4,0.0,541.7,436.0,45.3
Early Luteal,8.2,4,4,4,1,0.0,42.4,0.0,76.8
Late Luteal,7.6,4,3,3,2,0.4,244.8,297.8,48.2
Follicular,6.1,2,3,2,4,1.9,540.6,640.6,19.8
Menstrual,7.8,4,3,3,2,0.2,158.5,211.6,58.5
Follicular,7.6,4,4,3,2,0.4,100.2,73.6,58.4
Follicular,7.4,4,4,3,2,0.6,256.4,155.1,51.9
Late Luteal,7.7,3,3,4,2,0.3,152.3,172.3,55.2
Follicular,7.5,4,3,3,4,0.5,661.6,577.3,45.5
Menstrual,6.7,2,2,2,2,1.3,245.8,119.3,31.0
Menstrual,7.5,5,2,2,4,0.5,643.6,672.8,44.1
Late Luteal,7.0,2,2,2,2,1.0,321.5,389.3,40.3
Menstrual,7.6,4,2,3,3,0.4,460.4,488.5,46.8
Late Luteal,8.0,4,3,3,2,0.0,111.2,98.9,61.4
Late Luteal,7.1,4,2,2,5,0.9,800.0,697.2,24.4
Late Luteal,7.5,2,2,2,3,0.5,382.0,303.6,31.1
Follicular,6.2,3,4,4,1,1.8,92.8,62.2,55.8
Follicular,7.0,3,3,4,2,1.0,127.2,76.6,51.8
Follicular,7.5,5,4,5,2,0.5,110.4,68.3,71.5
Menstrual,5.9,2,1,2,5,2.1,800.0,700.9,0.0
Menstrual,6.3,3,2,3,5,1.7,708.3,799.4,10.6
Early Luteal,6.6,3,3,2,1,1.4,18.7,0.0,55.9
Early Luteal,9.5,4,5,5,2,0.0,241.7,286.4,71.9
Ovulation,6.1,3,3,4,3,1.9,280.2,369.2,34.7
Follicular,7.1,3,3,3,2,0.9,133.9,60.4,55.8
Follicular,7.4,5,3,3,2,0.6,280.3,185.5,57.3
Early Luteal,7.0,4,4,3,1,1.0,55.4,0.0,66.4
Ovulation,7.3,4,4,4,2,0.7,334.3,401.4,58.0
Menstrual,8.4,4,4,2,2,0.0,273.0,244.6,61.8
Follicular,7.7,5,5,5,1,0.3,192.2,209.3,73.4
Menstrual,6.1,3,2,2,2,1.9,194.6,294.6,33.1
Early Luteal,6.2,2,3,3,1,1.8,68.8,0.0,43.2
Menstrual,5.5,3,3,3,2,2.5,283.4,323.5,34.3
Follicular,7.3,4,4,4,2,0.7,340.9,352.4,62.3
Follicular,6.0,3,3,3,2,2.0,208.1,164.8,44.6
Ovulation,6.2,3,4,3,1,1.8,120.7,0.0,57.2
Early Luteal,7.0,3,3,3,3,1.0,501.1,601.1,38.6
Late Luteal,8.5,3,3,2,4,0.0,530.6,508.0,38.5
Early Luteal,8.3,4,3,3,3,0.0,267.4,281.4,60.9
Menstrual,5.7,4,3,3,1,2.3,67.7,167.7,53.2
Follicular,8.0,4,4,5,2,0.0,116.9,185.1,66.3
Late Luteal,6.7,3,2,3,4,1.3,490.6,457.2,22.1
Late Luteal,6.0,2,2,2,1,2.0,109.7,74.0,34.3
Late Luteal,5.2,1,2,2,3,2.8,424.0,524.0,7.3
Early Luteal,8.5,3,3,2,2,0.0,192.5,200.3,56.1
Menstrual,7.7,3,3,3,1,0.3,53.9,0.0,58.8
Late Luteal,5.2,2,2,2,1,2.8,112.7,195.7,35.3
Follicular,6.2,3,4,3,2,1.8,328.6,356.7,42.4
Late Luteal,6.4,3,2,3,2,1.6,86.8,153.7,36.6
Early Luteal,7.3,5,4,4,2,0.7,330.6,381.6,63.6
Late Luteal,6.9,2,2,3,2,1.1,25.6,62.9,45.6
Menstrual,7.6,4,3,3,2,0.4,215.0,169.9,54.4
Late Luteal,5.5,3,2,2,1,2.5,14.2,114.2,40.5
Follicular,5.9,3,4,4,2,2.1,125.1,133.1,45.6
Late Luteal,6.7,2,2,2,3,1.3,371.5,100.2,24.6
Early Luteal,7.4,4,4,4,2,0.6,119.9,206.4,61.2
Follicular,6.7,3,4,4,1,1.3,79.8,75.0,60.2
Follicular,7.1,4,3,3,3,0.9,270.4,307.8,52.6
Menstrual,6.9,2,1,2,5,1.1,713.2,735.8,12.9
Menstrual,7.1,3,2,2,3,0.9,385.1,334.5,35.4
Late Luteal,8.0,4,3,3,2,0.0,250.2,306.2,57.5
Follicular,8.2,5,4,4,2,0.0,231.1,233.2,73.8
Ovulation,6.4,2,3,4,2,1.6,77.1,105.8,44.9
Menstrual,7.6,4,3,3,1,0.4,0.4,40.9,64.8
Menstrual,8.3,3,3,3,2,0.0,233.5,333.5,54.2
Late Luteal,6.7,3,3,4,1,1.3,72.4,0.0,52.0
Early Luteal,6.5,3,4,4,2,1.5,109.2,75.9,54.8
Early Luteal,6.6,3,2,1,5,1.4,800.0,817.1,20.4
Early Luteal,6.1,3,4,4,2,1.9,294.2,236.8,42.1
Follicular,6.9,4,4,4,1,1.1,128.0,98.4,64.4
Follicular,6.0,3,3,3,2,2.0,238.6,241.9,42.9
Late Luteal,7.9,4,2,2,2,0.1,281.8,246.5,54.5
Late Luteal,7.0,2,2,2,1,1.0,184.9,225.0,50.8
Late Luteal,7.1,4,4,4,1,0.9,7.6,0.0,66.6
Follicular,5.9,3,3,3,2,2.1,144.6,140.8,43.9
Early Luteal,7.5,4,4,5,2,0.5,276.3,334.4,62.6
Menstrual,6.2,2,2,2,2,1.8,98.1,0.0,35.4
Early Luteal,7.9,4,4,5,2,0.1,192.6,172.1,70.3
Late Luteal,6.8,3,2,2,2,1.2,318.7,360.9,42.4
Early Luteal,7.0,3,3,3,2,1.0,143.2,239.0,47.7
Early Luteal,6.6,3,3,3,2,1.4,77.9,73.6,49.0
Late Luteal,6.6,3,1,1,3,1.4,347.0,373.3,28.7
Early Luteal,7.9,4,4,4,2,0.1,202.7,274.3,62.0
Follicular,7.9,3,3,3,3,0.1,426.0,409.7,49.9
Follicular,7.1,4,4,3,1,0.9,90.3,175.3,70.9
Early Luteal,5.8,3,3,4,1,2.2,118.2,163.1,46.8
Follicular,9.5,4,4,4,1,0.0,72.5,172.5,81.8
Menstrual,6.7,2,3,3,1,1.3,72.7,161.0,44.8
Menstrual,6.1,3,3,2,2,1.9,225.7,245.2,33.9
Follicular,5.4,4,3,4,2,2.6,99.6,33.0,43.2
Late Luteal,7.2,4,3,3,2,0.8,98.5,96.3,56.4
Follicular,7.1,4,4,3,1,0.9,41.8,0.0,66.2
Early Luteal,5.6,4,3,3,3,2.4,310.9,226.1,37.4
Follicular,6.3,3,3,3,3,1.7,406.7,352.0,35.3
Menstrual,7.3,4,3,3,3,0.7,369.6,343.6,44.8
Follicular,7.3,5,3,4,4,0.7,620.1,576.4,49.6
Menstrual,6.6,2,3,2,2,1.4,292.6,195.5,31.8
Early Luteal,6.8,2,2,4,2,1.2,220.9,284.8,36.2
Follicular,6.9,3,3,3,3,1.1,498.8,407.4,37.1
Early Luteal,8.4,5,4,4,3,0.0,256.7,302.9,64.2
Early Luteal,5.7,2,3,3,1,2.3,21.4,64.9,40.0
Follicular,8.2,5,3,5,1,0.0,117.8,101.7,80.7
Late Luteal,6.5,3,3,3,2,1.5,193.0,213.6,43.9
Early Luteal,7.7,3,2,3,2,0.3,39.6,0.0,57.2
Ovulation,6.5,4,3,4,4,1.5,645.0,681.0,40.3
Late Luteal,7.3,4,3,3,2,0.7,136.6,95.0,56.2
Follicular,8.8,5,4,4,3,0.0,306.3,292.9,64.6
Follicular,6.2,2,2,2,3,1.8,350.6,346.7,28.1
Late Luteal,8.0,4,3,2,2,0.0,157.7,60.2,62.7
Menstrual,7.7,5,3,3,3,0.3,264.9,299.5,47.8
Follicular,5.6,4,3,4,2,2.4,202.1,107.2,42.0
Menstrual,7.9,4,3,3,3,0.1,470.5,530.6,49.2
Follicular,9.2,5,4,4,4,0.0,465.8,398.3,62.5
Menstrual,9.0,4,3,4,1,0.0,76.5,7.0,73.7
Early Luteal,6.8,4,3,4,2,1.2,247.8,132.7,54.0
Early Luteal,8.7,4,4,2,5,0.0,602.7,547.4,44.4
Early Luteal,7.5,4,3,3,4,0.5,519.9,619.9,41.3
Early Luteal,8.4,4,3,3,5,0.0,800.0,805.5,41.2
Follicular,6.9,2,2,3,2,1.1,292.4,279.1,41.0
Early Luteal,7.2,4,3,3,2,0.8,96.0,69.8,61.8
Menstrual,5.7,3,2,2,2,2.3,148.4,153.2,35.6
Follicular,8.0,4,4,4,1,0.0,65.9,0.0,73.4
Ovulation,8.9,4,5,4,1,0.0,53.1,134.8,86.7
Early Luteal,6.8,3,3,3,2,1.2,174.4,96.7,49.3
Follicular,8.0,4,3,3,3,0.0,346.6,256.9,54.2
Follicular,8.2,5,4,3,3,0.0,454.9,468.1,65.9
Early Luteal,7.6,4,4,4,3,0.4,476.9,454.6,48.5
Early Luteal,6.3,2,3,3,1,1.7,106.0,88.8,40.9
Late Luteal,6.1,3,3,2,1,1.9,37.2,68.6,45.1
Early Luteal,6.2,2,2,2,3,1.8,449.6,248.0,19.0
Follicular,8.4,4,4,5,1,0.0,146.4,214.5,72.6
Follicular,5.6,3,3,3,2,2.4,166.2,12.8,41.0
Menstrual,5.6,3,2,2,3,2.4,363.0,399.4,19.2
Menstrual,7.3,4,3,3,2,0.7,168.9,92.9,55.2
Early Luteal,6.5,3,3,3,2,1.5,270.8,325.3,45.2
Menstrual,7.7,3,2,2,1,0.3,42.2,142.2,56.4
Late Luteal,7.6,5,4,4,2,0.4,102.3,37.6,66.7
Follicular,7.3,5,4,4,4,0.7,583.0,578.8,49.3
Menstrual,6.2,3,2,3,3,1.8,361.8,345.8,28.6
Follicular,7.6,4,4,4,2,0.4,266.8,214.9,64.9
Menstrual,5.8,4,3,3,1,2.2,115.3,70.2,49.2
Follicular,6.8,3,3,4,3,1.2,441.7,347.5,39.5
Late Luteal,7.4,4,3,3,2,0.6,114.9,147.2,55.2
Follicular,7.2,4,3,4,3,0.8,280.9,226.6,50.0
Follicular,7.0,5,4,4,2,1.0,231.5,237.1,66.9
Ovulation,6.3,4,5,4,2,1.7,236.7,233.7,51.2
Early Luteal,5.4,3,2,3,3,2.6,490.2,484.9,19.6
Ovulation,6.7,3,4,3,3,1.3,317.3,276.8,47.2
Ovulation,6.6,3,3,3,2,1.4,238.8,338.8,43.9
Menstrual,6.7,3,3,3,4,1.3,570.9,479.3,24.4
Menstrual,6.5,3,3,3,2,1.5,75.2,120.8,43.7
Early Luteal,7.7,4,3,3,2,0.3,207.3,284.8,59.3
Follicular,5.6,3,4,3,3,2.4,469.2,548.6,29.2
Menstrual,5.3,3,3,2,1,2.7,1.1,0.0,34.4
Ovulation,7.7,4,4,5,1,0.3,41.4,85.9,74.7
Early Luteal,5.8,4,3,3,2,2.2,225.6,280.9,43.2
Menstrual,5.9,3,3,3,2,2.1,223.4,323.4,40.4
Menstrual,7.4,4,3,3,1,0.6,10.8,108.1,62.0
Follicular,8.8,4,4,4,1,0.0,34.9,87.9,74.6
Follicular,7.9,4,5,5,1,0.1,73.9,173.9,74.9
Early Luteal,8.3,3,3,2,2,0.0,64.5,0.0,60.4
Menstrual,5.9,2,2,3,1,2.1,122.7,33.3,34.1
Follicular,8.5,3,3,2,2,0.0,193.1,209.8,58.4
Ovulation,7.3,5,5,4,2,0.7,246.9,287.9,69.8
Follicular,5.8,4,4,4,1,2.2,63.8,46.8,53.1
Late Luteal,5.7,2,2,2,2,2.3,373.0,473.0,21.2
Late Luteal,5.9,3,2,1,2,2.1,214.1,198.5,33.6
Early Luteal,5.6,3,2,2,1,2.4,82.8,123.4,45.0
Late Luteal,7.6,4,3,2,3,0.4,290.8,259.3,50.6
Menstrual,8.0,5,3,3,3,0.0,332.1,395.7,64.0
Menstrual,5.5,3,3,2,1,2.5,52.4,141.6,40.5
Late Luteal,7.4,4,3,1,1,0.6,86.9,151.1,56.9
Follicular,5.7,4,3,4,2,2.3,166.0,183.3,49.8
Menstrual,7.1,4,3,2,1,0.9,46.6,41.8,59.1
Menstrual,4.4,2,2,2,1,3.6,158.2,222.0,24.9
Follicular,7.7,4,4,3,2,0.3,115.9,20.2,61.7
Follicular,6.7,4,4,4,1,1.3,3.0,54.9,66.5
Follicular,6.8,2,2,2,4,1.2,600.2,616.1,22.8
Follicular,6.7,3,3,4,3,1.3,414.0,426.1,40.1
Early Luteal,8.5,4,3,4,4,0.0,605.2,580.6,45.2
Follicular,7.4,4,3,4,2,0.6,249.3,314.0,52.8
Early Luteal,6.9,4,3,4,3,1.1,421.0,404.7,45.9
Menstrual,7.6,4,4,3,2,0.4,397.8,355.9,49.0
Menstrual,6.6,2,2,2,1,1.4,66.8,161.8,35.8
Late Luteal,6.2,2,2,1,2,1.8,203.4,168.8,27.0
Follicular,6.3,3,3,3,2,1.7,405.6,505.6,41.8
Follicular,7.1,4,4,5,1,0.9,50.0,142.5,65.6
Follicular,6.2,3,2,3,1,1.8,8.1,0.0,46.1
Late Luteal,4.7,1,2,2,2,3.3,314.0,366.4,13.2
Follicular,8.6,5,4,3,2,0.0,212.2,259.6,76.4
Follicular,7.3,4,2,3,2,0.7,294.4,257.7,56.2
Follicular,6.7,5,5,4,2,1.3,313.2,413.2,59.6
Menstrual,7.3,4,4,3,1,0.7,0.1,0.0,61.9
Ovulation,5.5,4,4,3,1,2.5,48.8,71.1,55.6
Early Luteal,7.1,4,3,4,2,0.9,374.0,411.9,48.6
Menstrual,7.7,4,3,3,1,0.3,85.3,185.3,58.7
Ovulation,6.6,2,3,4,4,1.4,619.8,436.8,24.7
Late Luteal,6.5,2,2,2,2,1.5,194.3,115.3,36.1
Early Luteal,8.0,3,4,3,2,0.0,288.7,388.7,57.5
Late Luteal,5.4,2,2,1,3,2.6,330.5,340.8,16.9
Follicular,6.7,1,3,3,2,1.3,269.8,328.5,38.6
Early Luteal,6.9,3,3,3,3,1.1,389.4,416.3,34.1
Early Luteal,5.8,4,3,3,2,2.2,219.8,182.4,41.5
Follicular,7.1,4,3,3,2,0.9,312.8,309.6,58.8
Follicular,6.6,4,3,4,1,1.4,35.9,56.3,61.7
Late Luteal,7.4,4,3,2,2,0.6,342.3,419.5,47.4
Early Luteal,6.8,2,3,3,3,1.2,412.7,435.6,29.6
Ovulation,9.4,5,4,4,4,0.0,512.7,612.7,66.4
Menstrual,7.1,3,2,2,3,0.9,255.3,260.7,33.1
Early Luteal,7.3,5,5,4,2,0.7,156.0,218.3,65.0
Follicular,7.9,4,3,3,4,0.1,434.2,399.1,46.9
Follicular,7.5,5,4,3,2,0.5,132.9,146.1,65.0
Late Luteal,8.2,5,4,4,1,0.0,30.8,29.8,76.3
Menstrual,7.3,4,3,2,3,0.7,491.1,572.5,41.5
Ovulation,5.8,4,4,4,2,2.2,235.1,335.1,51.9
Early Luteal,7.9,5,5,4,1,0.1,59.7,51.9,82.8
Early Luteal,6.8,2,3,2,2,1.2,120.3,126.2,41.4
Late Luteal,6.9,2,2,2,2,1.1,136.8,236.8,33.5
Follicular,8.4,5,3,3,2,0.0,263.9,275.2,69.5
Ovulation,8.0,4,3,3,2,0.0,229.1,195.3,70.9
Early Luteal,7.3,4,3,3,3,0.7,432.6,394.4,49.7
Menstrual,6.0,3,3,3,3,2.0,458.4,298.8,22.9
Early Luteal,8.1,3,2,2,2,0.0,229.2,181.7,54.3
Menstrual,6.9,2,3,2,4,1.1,514.6,524.6,21.5
Follicular,8.3,4,3,3,2,0.0,175.6,275.6,60.3
Follicular,7.1,4,4,4,2,0.9,261.9,320.7,54.0
Early Luteal,7.2,4,3,3,1,0.8,23.9,26.6,65.8
Menstrual,7.0,3,3,2,2,1.0,119.0,23.3,49.0
Late Luteal,4.8,1,1,1,2,3.2,183.0,252.7,9.0
Follicular,8.1,3,3,3,2,0.0,155.3,86.1,63.6
Follicular,5.8,3,3,3,1,2.2,65.2,156.2,47.2
Early Luteal,8.7,4,3,5,1,0.0,28.1,84.1,76.1
Late Luteal,6.5,2,2,1,2,1.5,220.3,292.9,36.6
Follicular,7.8,4,3,3,2,0.2,120.2,105.9,66.0
Late Luteal,7.8,3,3,3,3,0.2,297.9,272.0,44.2
Late Luteal,6.5,3,3,2,3,1.5,208.3,293.6,39.7
Early Luteal,5.6,2,2,3,1,2.4,102.3,30.7,39.0
Early Luteal,6.7,3,2,2,3,1.3,404.1,474.4,32.3
Follicular,7.9,3,4,4,1,0.1,78.6,43.6,64.4
Follicular,5.6,2,3,4,5,2.4,800.0,734.0,1.2
Late Luteal,6.8,2,3,2,1,1.2,98.7,22.1,47.6
Menstrual,8.7,5,4,3,2,0.0,320.7,145.9,66.2
Follicular,7.7,4,4,4,2,0.3,136.7,171.8,61.7
Menstrual,7.1,3,3,4,2,0.9,297.9,395.2,49.0
Early Luteal,5.5,3,2,3,1,2.5,21.9,82.0,42.4
Follicular,9.5,4,4,4,1,0.0,52.7,73.7,79.6
Follicular,7.3,4,4,3,1,0.7,213.3,313.3,64.8
Late Luteal,7.1,3,2,2,3,0.9,347.6,201.7,33.8
Early Luteal,5.2,3,3,3,2,2.8,180.9,131.4,34.8
Early Luteal,6.4,3,2,2,3,1.6,374.7,474.7,32.0
Follicular,6.6,3,3,3,3,1.4,273.3,317.6,46.4
Follicular,7.3,4,4,4,2,0.7,226.0,234.8,62.4
Follicular,7.5,5,4,4,2,0.5,203.2,60.9,68.5
Follicular,6.8,4,4,4,1,1.2,87.4,127.8,65.9
Follicular,7.7,4,4,4,1,0.3,47.3,98.3,70.2
Follicular,6.8,2,3,3,1,1.2,78.1,0.0,50.3
Follicular,7.2,4,3,4,2,0.8,178.5,274.7,62.5
Menstrual,6.6,4,3,3,2,1.4,213.6,239.7,43.3
Follicular,7.0,2,2,2,1,1.0,219.0,181.5,50.0
Late Luteal,8.2,4,4,4,2,0.0,166.8,171.7,62.0
Late Luteal,6.9,2,3,2,2,1.1,317.7,358.2,34.6
Late Luteal,6.4,3,2,2,3,1.6,425.1,438.9,27.2
Ovulation,6.6,2,3,4,2,1.4,224.9,324.9,42.4
Late Luteal,4.9,1,1,1,2,3.1,247.3,189.3,13.3
Early Luteal,7.6,4,4,3,2,0.4,165.1,201.2,58.0
Follicular,7.9,4,4,5,2,0.1,406.9,506.9,59.9
Ovulation,6.9,1,2,3,2,1.1,264.5,302.7,40.7
Early Luteal,7.8,3,3,3,3,0.2,360.8,373.7,49.0
Ovulation,8.4,4,3,4,4,0.0,607.2,524.5,49.2
Follicular,7.1,4,4,5,2,0.9,283.4,199.6,58.8
Follicular,6.9,4,4,4,2,1.1,190.9,290.9,52.2
Early Luteal,6.5,3,2,3,4,1.5,571.5,576.1,24.8
Menstrual,7.1,3,2,2,1,0.9,153.9,134.4,51.3
Ovulation,5.4,2,3,3,3,2.6,570.4,564.9,22.8
Menstrual,6.6,3,3,3,2,1.4,224.0,188.1,39.0
Follicular,5.7,4,4,4,2,2.3,122.9,121.4,51.2
Menstrual,8.1,4,3,3,2,0.0,61.3,90.6,58.1
Follicular,6.3,4,4,3,2,1.7,73.0,157.5,52.1
Late Luteal,6.8,3,1,1,2,1.2,161.5,45.4,40.3
Follicular,4.9,1,3,3,1,3.1,170.0,139.4,25.9
Follicular,7.9,5,4,4,2,0.1,174.0,135.0,68.5
Menstrual,7.6,4,2,2,3,0.4,324.0,347.5,40.0
Follicular,7.0,3,4,4,2,1.0,162.3,189.7,53.7
Follicular,6.0,3,2,2,4,2.0,607.5,645.8,19.1
Late Luteal,5.9,2,4,3,2,2.1,248.5,235.3,31.6
Early Luteal,6.6,3,2,3,2,1.4,131.4,19.8,49.8
Follicular,7.9,5,4,3,3,0.1,357.5,455.9,65.4
Early Luteal,5.5,3,3,3,1,2.5,28.0,0.0,47.2
Late Luteal,7.3,4,3,3,2,0.7,140.7,153.2,54.2
Early Luteal,8.0,4,3,2,2,0.0,107.3,11.2,67.6
Follicular,6.5,3,3,3,2,1.5,226.0,111.5,42.8
Early Luteal,7.0,3,2,3,3,1.0,461.2,526.6,37.5
Menstrual,5.7,3,2,1,3,2.3,464.9,480.4,24.5
Late Luteal,7.7,4,4,3,3,0.3,428.4,341.0,49.3
Late Luteal,8.8,3,3,2,2,0.0,220.2,166.2,56.2
Menstrual,8.2,3,2,2,1,0.0,132.0,214.8,57.0
Ovulation,8.8,5,4,5,3,0.0,437.3,537.3,63.3
Late Luteal,7.6,4,3,3,4,0.4,474.4,397.3,40.6
Ovulation,7.0,4,4,4,1,1.0,84.5,184.5,68.4
Follicular,7.2,5,4,5,1,0.8,45.7,62.8,72.5
Late Luteal,6.3,1,3,2,2,1.7,180.1,217.9,30.1
Menstrual,5.4,2,3,4,1,2.6,13.8,0.0,37.0
Late Luteal,9.1,4,3,3,2,0.0,243.3,261.1,67.8
Ovulation,6.8,4,4,5,3,1.2,431.8,400.5,51.9
Follicular,6.2,3,4,3,3,1.8,373.7,411.9,40.7
Late Luteal,7.5,3,3,2,5,0.5,759.0,859.0,22.6
Follicular,7.3,5,4,5,1,0.7,103.1,203.1,71.4
Menstrual,6.5,4,3,3,3,1.5,314.1,286.0,41.4
Early Luteal,7.3,4,2,3,2,0.7,362.4,384.8,49.7
Early Luteal,6.8,3,3,3,2,1.2,260.8,345.4,45.7
Late Luteal,7.3,3,3,3,3,0.7,397.4,452.5,37.8
Ovulation,7.2,4,3,4,1,0.8,99.6,48.0,67.1
Ovulation,8.2,3,3,3,3,0.0,347.6,252.6,56.4
Menstrual,6.3,3,2,2,2,1.7,229.5,329.5,37.7
Follicular,7.9,4,3,3,2,0.1,46.9,42.9,57.7
Menstrual,5.6,3,3,3,1,2.4,124.7,105.7,39.9
Follicular,5.6,4,3,3,2,2.4,22.5,122.5,52.4
Late Luteal,6.1,2,3,2,1,1.9,80.4,127.4,43.0
Follicular,6.8,1,3,2,2,1.2,42.2,140.7,40.4
Menstrual,6.3,4,3,2,3,1.7,367.9,297.7,40.2
Menstrual,6.2,2,3,3,2,1.8,238.9,215.7,32.3
Menstrual,7.7,3,2,2,2,0.3,149.9,203.5,46.4
Follicular,6.7,2,3,4,1,1.3,76.3,69.8,47.7
Follicular,7.7,4,4,5,1,0.3,87.1,184.8,74.6
Late Luteal,5.6,3,3,2,1,2.4,65.9,144.1,45.3
Follicular,7.2,5,3,4,3,0.8,401.0,354.3,55.7
Late Luteal,4.2,1,3,2,3,3.8,324.7,185.5,4.5
Follicular,7.5,4,4,4,3,0.5,352.7,355.0,57.1
Follicular,7.7,5,4,3,2,0.3,272.6,202.7,73.5
Early Luteal,8.0,4,4,5,2,0.0,287.9,259.0,64.0
Ovulation,6.5,3,4,5,2,1.5,295.5,254.9,45.6
Early Luteal,7.6,2,2,2,2,0.4,146.7,107.1,49.3
Menstrual,5.1,5,4,5,3,2.9,305.4,287.1,34.1
Late Luteal,7.4,5,3,3,3,0.6,302.5,122.3,53.8
Follicular,7.4,3,3,4,2,0.6,166.3,100.7,57.3
Follicular,6.2,3,3,4,2,1.8,226.3,173.4,45.2
Early Luteal,7.6,4,4,4,2,0.4,94.1,77.7,63.5
Follicular,7.7,4,4,2,4,0.3,735.2,835.2,40.5
Early Luteal,8.6,5,4,4,1,0.0,62.9,0.0,87.5
Ovulation,6.5,3,3,3,3,1.5,392.5,324.5,33.5
Ovulation,8.0,4,4,3,2,0.0,119.0,205.4,64.4
Early Luteal,5.7,3,3,3,1,2.3,116.6,33.5,41.6
Ovulation,6.2,3,3,3,3,1.8,478.0,510.9,31.2
Late Luteal,6.7,2,2,2,5,1.3,720.3,820.3,14.5
Follicular,7.3,5,4,4,2,0.7,257.6,333.2,64.9
Ovulation,6.1,3,3,4,2,1.9,131.2,80.7,48.8
Follicular,6.2,3,3,2,2,1.8,155.4,255.4,42.0
Menstrual,4.4,2,1,2,2,3.6,134.4,110.1,16.9
Menstrual,7.6,4,2,3,3,0.4,454.2,371.4,46.2
Menstrual,7.0,2,2,2,3,1.0,535.4,447.4,25.1
Ovulation,6.1,4,4,4,3,1.9,431.8,338.3,45.8
Late Luteal,6.6,3,2,2,3,1.4,376.5,229.8,26.1
Late Luteal,6.1,3,2,2,3,1.9,450.4,480.4,26.9
Follicular,7.3,5,4,5,2,0.7,93.4,193.4,70.2
Follicular,7.0,3,3,3,3,1.0,337.2,413.4,37.3
Ovulation,5.3,4,3,3,5,2.7,800.0,739.6,14.6
Early Luteal,9.1,4,5,5,3,0.0,501.3,499.8,62.7
Late Luteal,6.8,3,2,2,3,1.2,265.6,295.8,31.9
Early Luteal,7.5,5,4,4,2,0.5,116.6,216.6,69.1
Ovulation,6.9,3,3,2,1,1.1,18.6,0.0,57.2
Follicular,6.6,4,3,3,3,1.4,359.4,313.6,42.1
Late Luteal,6.4,3,3,1,1,1.6,81.4,94.1,43.8
Late Luteal,5.8,3,2,2,2,2.2,149.6,159.5,33.4
Follicular,6.9,4,3,4,3,1.1,410.4,380.1,46.6
Follicular,6.5,3,4,3,2,1.5,190.1,35.8,48.2
Menstrual,5.7,3,3,1,2,2.3,219.4,237.4,29.6
Early Luteal,8.2,3,3,3,4,0.0,584.4,667.8,34.6
Ovulation,8.2,4,4,4,1,0.0,17.6,0.0,75.5
Menstrual,5.9,2,2,2,2,2.1,226.1,326.1,26.7
Early Luteal,6.2,2,2,3,1,1.8,101.1,2.8,41.2
Ovulation,5.4,2,2,2,4,2.6,390.6,490.6,15.1
Early Luteal,6.2,4,3,4,4,1.8,412.5,358.3,29.5
Early Luteal,6.0,4,2,2,3,2.0,366.2,373.7,36.2
Late Luteal,5.9,3,2,3,2,2.1,266.1,170.6,31.8
Ovulation,7.5,4,4,5,2,0.5,251.8,315.2,67.3
Late Luteal,6.0,3,3,3,2,2.0,321.8,421.8,30.6
Follicular,7.2,4,4,4,1,0.8,47.0,139.0,70.8
Menstrual,5.9,3,3,3,1,2.1,1.8,20.5,46.6
Early Luteal,6.0,3,2,3,4,2.0,328.9,253.8,25.4
Ovulation,7.5,4,4,4,3,0.5,497.2,597.2,51.7
Follicular,6.0,4,3,3,5,2.0,791.9,838.6,22.7
Late Luteal,6.1,3,3,3,2,1.9,176.0,64.4,40.4
Follicular,6.6,4,4,4,2,1.4,157.3,177.1,56.1
Late Luteal,6.0,2,3,2,3,2.0,326.7,366.4,22.6
Ovulation,6.4,3,3,3,2,1.6,147.8,18.3,50.4
Follicular,7.4,4,3,4,2,0.6,165.1,231.6,62.0
Follicular,6.6,3,2,4,4,1.4,661.8,711.7,20.9
Ovulation,6.0,3,4,4,2,2.0,216.0,100.1,45.3
Early Luteal,7.3,4,3,4,1,0.7,100.5,51.2,55.2
Menstrual,7.2,3,3,2,4,0.8,528.8,449.8,32.7
Menstrual,7.1,3,2,2,3,0.9,216.6,177.9,35.4
Early Luteal,8.3,4,3,3,2,0.0,212.5,90.5,63.2
Menstrual,6.0,4,4,4,1,2.0,0.1,0.0,52.8
Follicular,7.9,3,4,4,2,0.1,200.9,266.1,56.1
Menstrual,5.7,4,3,3,3,2.3,492.7,407.8,29.0
Ovulation,5.7,4,3,3,3,2.3,326.9,240.2,36.6
Follicular,8.6,5,4,3,2,0.0,283.6,303.5,70.5
Early Luteal,7.3,5,4,4,1,0.7,64.1,100.4,67.5
Follicular,7.1,4,3,3,4,0.9,500.7,547.9,49.1
Follicular,6.3,4,4,4,2,1.7,100.2,0.0,55.6
Late Luteal,6.0,2,1,1,2,2.0,209.5,209.1,25.6
Ovulation,6.2,3,3,3,4,1.8,648.1,568.6,27.5
Early Luteal,9.5,5,4,5,3,0.0,339.2,358.0,70.4
Follicular,7.3,5,3,3,4,0.7,440.7,412.2,46.8
Follicular,7.9,4,5,4,1,0.1,131.0,177.3,71.8
Follicular,7.2,4,3,3,3,0.8,441.6,463.7,50.6
Late Luteal,7.2,4,2,3,3,0.8,453.6,519.1,38.3
Early Luteal,7.3,4,3,3,3,0.7,400.5,413.4,49.2
Follicular,8.0,4,2,4,5,0.0,800.0,747.6,38.4
Early Luteal,6.8,3,2,3,3,1.2,353.7,262.9,37.0
Follicular,7.6,4,4,3,1,0.4,66.3,38.1,68.8
Early Luteal,6.9,3,3,3,1,1.1,109.1,90.3,52.8
Late Luteal,5.8,2,2,2,2,2.2,190.2,185.1,27.1
Late Luteal,6.1,1,2,1,2,1.9,106.1,192.9,26.0
Early Luteal,5.0,2,2,2,2,3.0,131.3,231.3,30.6
Early Luteal,7.7,4,3,3,1,0.3,31.2,99.7,72.7
Late Luteal,7.2,4,4,3,2,0.8,256.5,126.6,56.5
Follicular,6.5,3,4,4,2,1.5,203.2,108.1,48.9
Menstrual,6.8,1,3,3,2,1.2,177.5,199.3,35.6
Late Luteal,6.5,3,2,2,2,1.5,42.5,98.6,41.6
Early Luteal,7.1,4,4,3,1,0.9,79.5,151.3,63.2
Ovulation,6.9,2,2,3,2,1.1,215.3,162.4,43.6
Early Luteal,8.0,4,3,4,3,0.0,293.7,98.5,59.6
Follicular,8.6,4,4,4,3,0.0,303.0,403.0,58.6
Follicular,6.3,4,3,4,3,1.7,469.2,569.2,39.3
Early Luteal,7.2,4,3,3,3,0.8,332.4,390.0,51.0
Late Luteal,6.3,2,3,1,2,1.7,44.7,0.0,35.1
Late Luteal,5.6,3,3,2,1,2.4,5.0,45.9,40.1
Follicular,7.0,2,2,2,3,1.0,441.5,466.3,34.2
Follicular,6.6,3,2,2,3,1.4,417.4,487.3,35.7
Late Luteal,8.0,3,1,2,5,0.0,703.4,686.2,22.9
Late Luteal,5.8,3,2,3,3,2.2,318.1,405.8,24.3
Early Luteal,6.9,2,4,4,2,1.1,188.4,44.8,43.1
Follicular,8.1,4,4,4,1,0.0,110.3,62.5,72.8
Menstrual,6.7,2,2,2,5,1.3,769.9,772.6,10.6
Ovulation,7.1,3,4,4,2,0.9,333.3,421.1,53.7
Late Luteal,7.1,3,2,3,2,0.9,339.0,439.0,43.6
Follicular,6.4,3,3,3,3,1.6,359.4,226.1,41.7
Follicular,6.8,3,3,2,3,1.2,401.5,286.8,39.7
Follicular,9.0,5,5,4,2,0.0,323.5,376.0,69.8
Late Luteal,6.6,3,2,2,4,1.4,550.2,583.1,27.0
Late Luteal,4.8,2,2,2,1,3.2,108.6,203.0,28.9
Menstrual,7.0,4,3,3,2,1.0,83.8,59.7,52.1
Early Luteal,6.6,3,3,4,2,1.4,284.4,178.0,47.8
Menstrual,4.9,1,2,2,1,3.1,8.6,7.4,22.3
Ovulation,6.9,3,4,4,2,1.1,210.1,310.1,51.1
Ovulation,8.0,5,4,5,2,0.0,60.5,160.5,79.0
Follicular,5.3,3,3,4,2,2.7,141.8,195.1,42.4
Follicular,6.1,4,4,4,4,1.9,533.1,599.1,29.1
Follicular,6.2,2,2,3,5,1.8,768.1,693.8,8.4
Follicular,5.9,2,3,2,1,2.1,71.5,91.8,40.1
Follicular,8.3,5,4,4,2,0.0,176.3,157.1,75.8
Menstrual,6.7,3,3,2,3,1.3,270.6,88.6,35.2
Menstrual,7.2,3,2,2,3,0.8,360.7,365.0,39.8
Follicular,7.5,4,4,4,1,0.5,130.3,0.0,65.6
Follicular,7.6,5,4,4,2,0.4,125.9,62.0,72.3
Ovulation,6.5,2,2,2,4,1.5,638.9,693.1,17.4
Late Luteal,6.1,1,1,1,2,1.9,252.6,352.6,19.9
Ovulation,8.0,3,2,3,2,0.0,261.5,262.9,54.4
Follicular,7.5,4,3,3,2,0.5,126.0,186.4,55.9
Early Luteal,7.2,5,4,3,3,0.8,376.9,341.3,55.4
Menstrual,5.5,4,3,2,2,2.5,290.0,326.4,39.8
Menstrual,7.9,4,4,3,1,0.1,47.7,66.1,71.1
Menstrual,6.4,2,1,2,4,1.6,503.2,419.3,12.8
Follicular,5.6,3,3,4,3,2.4,266.3,271.8,29.2
Late Luteal,9.1,3,3,2,1,0.0,82.0,9.8,64.0
Early Luteal,6.0,2,3,2,1,2.0,155.5,255.5,45.6
Menstrual,7.2,3,2,3,3,0.8,393.9,466.3,37.6
Follicular,9.4,5,4,3,3,0.0,352.4,227.2,72.7
Follicular,6.7,3,3,3,2,1.3,290.4,245.9,50.4
Follicular,7.4,3,3,3,2,0.6,171.4,86.4,55.0
Follicular,8.7,5,4,3,1,0.0,7.0,0.0,84.1
Late Luteal,6.0,3,2,2,1,2.0,98.0,198.0,47.0
Menstrual,8.0,4,4,3,1,0.0,45.7,0.0,74.8
Early Luteal,6.6,4,4,2,2,1.4,175.7,209.7,58.2
Late Luteal,6.0,4,3,3,1,2.0,106.3,180.7,47.0
Late Luteal,6.3,2,2,1,2,1.7,192.9,292.9,31.7
Late Luteal,7.2,3,2,2,2,0.8,155.6,202.3,43.3
Early Luteal,6.0,4,2,3,2,2.0,137.1,191.3,42.2
Late Luteal,6.7,3,4,2,2,1.3,268.1,180.4,47.3
Menstrual,6.4,3,3,3,2,1.6,182.5,282.5,40.4
Late Luteal,6.3,2,2,3,2,1.7,103.3,102.0,37.1
Follicular,6.0,4,3,5,2,2.0,278.8,245.4,45.1
Menstrual,7.3,3,3,3,2,0.7,113.2,24.3,47.5
Follicular,7.0,3,2,2,4,1.0,585.9,481.1,34.7
Menstrual,7.6,3,3,2,4,0.4,400.0,460.6,33.6
Menstrual,5.8,3,3,3,4,2.2,590.2,587.1,15.6
Late Luteal,7.2,3,3,2,2,0.8,194.3,173.8,48.3
Ovulation,9.4,5,5,4,2,0.0,102.8,116.1,84.3
Early Luteal,8.1,4,4,4,3,0.0,295.2,330.4,60.5
Follicular,8.0,4,4,4,1,0.0,36.5,136.5,74.5
Late Luteal,4.5,2,1,3,4,3.5,576.4,509.8,0.0
Menstrual,6.5,2,1,2,2,1.5,149.0,131.2,26.3
Early Luteal,6.3,2,3,3,1,1.7,47.1,103.6,48.1
Follicular,5.9,3,3,3,2,2.1,308.9,372.8,36.7
Early Luteal,8.1,5,3,4,3,0.0,489.2,515.1,64.5
Ovulation,5.7,3,4,3,2,2.3,218.4,200.7,41.1
Follicular,9.5,5,5,4,2,0.0,129.5,59.6,77.0
Late Luteal,4.5,2,2,3,2,3.5,73.0,152.6,21.5
Follicular,6.7,4,3,3,1,1.3,98.5,130.8,64.9
Menstrual,5.4,3,3,3,1,2.6,40.0,0.0,39.0
Follicular,6.2,4,2,3,5,1.8,800.0,735.6,26.5
Menstrual,7.0,2,2,1,1,1.0,31.7,0.0,39.7
Late Luteal,7.8,4,2,1,1,0.2,15.1,87.6,64.5
Ovulation,7.0,4,3,4,1,1.0,190.5,163.4,66.4
Menstrual,6.1,3,3,3,1,1.9,87.7,0.0,43.6
Late Luteal,5.7,3,2,2,3,2.3,416.6,516.6,18.8
Late Luteal,6.3,1,2,2,2,1.7,247.7,274.3,28.5
Follicular,7.4,5,3,3,2,0.6,103.2,203.2,66.5
Early Luteal,7.1,5,4,4,1,0.9,125.0,204.1,73.2
Menstrual,8.2,3,3,3,1,0.0,9.9,8.2,65.9
Late Luteal,7.0,3,3,2,3,1.0,274.2,271.0,41.0
Follicular,5.9,3,3,3,2,2.1,136.3,113.1,39.7
Ovulation,6.0,3,4,4,2,2.0,249.1,278.5,45.6
Menstrual,7.6,5,3,2,2,0.4,205.2,243.7,66.1
Early Luteal,6.2,4,4,3,3,1.8,554.6,548.4,35.0
Late Luteal,8.5,3,2,1,4,0.0,568.9,633.8,36.5
Menstrual,7.2,4,3,3,1,0.8,7.8,0.0,63.6
Early Luteal,6.3,3,3,3,2,1.7,171.5,151.6,39.6
Follicular,8.3,4,5,4,2,0.0,336.9,431.9,65.2
Early Luteal,7.1,5,4,4,1,0.9,52.4,50.9,73.8
Ovulation,6.2,3,3,3,2,1.8,68.7,14.4,52.2
Follicular,8.7,4,4,3,4,0.0,441.5,347.2,53.8
Follicular,6.9,3,2,3,2,1.1,249.8,71.2,48.8
Follicular,8.9,4,4,4,4,0.0,644.2,644.4,53.0
Menstrual,8.2,4,4,4,2,0.0,74.4,0.0,62.4
Follicular,5.9,2,2,3,2,2.1,123.8,81.8,36.9
Late Luteal,6.7,2,2,1,3,1.3,404.1,418.6,28.5
Follicular,8.2,5,5,4,1,0.0,118.3,77.9,80.5
Ovulation,7.0,2,4,3,2,1.0,150.2,117.6,49.5
Follicular,7.9,3,3,3,3,0.1,474.5,425.0,54.4
Late Luteal,7.1,3,3,2,3,0.9,423.8,412.6,34.5
Late Luteal,5.8,3,2,3,2,2.2,226.7,285.9,33.8
Early Luteal,7.7,4,3,2,3,0.3,434.7,382.6,54.7
Early Luteal,6.2,3,2,4,4,1.8,601.9,650.4,25.1
Ovulation,6.6,3,3,4,3,1.4,340.3,326.6,42.5
Follicular,7.5,4,3,4,3,0.5,233.7,193.5,53.1
Menstrual,6.5,3,3,3,1,1.5,69.4,15.6,50.7
Follicular,7.4,3,4,4,3,0.6,397.3,419.3,48.4
Follicular,7.0,3,3,3,4,1.0,494.6,381.7,30.0
Late Luteal,6.1,3,2,2,3,1.9,385.0,400.8,30.8
Follicular,5.6,3,3,3,3,2.4,327.9,319.9,33.2
Early Luteal,7.6,4,4,4,2,0.4,85.9,146.6,66.2
Early Luteal,5.0,1,2,3,4,3.0,623.7,683.0,0.0
Early Luteal,6.1,2,2,1,3,1.9,328.5,258.9,24.6
Follicular,5.9,3,3,3,2,2.1,189.7,289.7,34.8
Follicular,7.5,4,3,4,3,0.5,255.1,150.6,53.3
Late Luteal,8.1,3,3,2,1,0.0,77.2,74.4,61.2
Follicular,8.9,4,4,4,3,0.0,606.6,706.6,61.9
Late Luteal,6.1,2,2,2,3,1.9,401.0,501.0,24.6
Early Luteal,7.3,4,3,4,2,0.7,259.8,194.3,55.3
Late Luteal,7.1,3,3,2,2,0.9,68.7,148.7,55.3
Early Luteal,7.2,4,3,3,2,0.8,249.2,164.6,54.4
Early Luteal,8.1,4,3,3,3,0.0,327.1,426.7,54.6
Late Luteal,6.3,3,1,1,4,1.7,489.8,531.7,24.1
Late Luteal,7.8,4,2,2,4,0.2,610.9,434.4,40.5
Early Luteal,8.4,3,2,3,4,0.0,668.5,643.4,36.2
Late Luteal,5.3,2,1,1,2,2.7,124.3,200.8,25.0
Early Luteal,8.2,3,3,3,3,0.0,446.5,505.4,47.5
Early Luteal,6.9,4,3,3,3,1.1,212.0,233.5,51.8
Follicular,5.9,2,4,4,2,2.1,337.2,279.1,37.1
Follicular,6.0,3,3,3,2,2.0,116.8,216.8,38.4
Ovulation,6.7,3,3,4,3,1.3,377.5,437.2,34.2
Late Luteal,7.9,4,3,3,2,0.1,187.3,94.7,58.8
Menstrual,6.8,2,3,4,3,1.2,441.8,378.5,25.9
Follicular,8.7,5,5,4,1,0.0,169.9,194.5,80.1
Late Luteal,5.8,3,2,2,2,2.2,256.2,297.8,32.5
Ovulation,5.8,4,4,4,1,2.2,7.4,45.2,58.7
Late Luteal,7.2,4,2,2,3,0.8,295.7,279.6,41.5
Menstrual,8.2,4,4,3,2,0.0,364.1,355.6,58.9
Follicular,7.1,4,4,4,2,0.9,232.5,260.3,60.7
Follicular,7.1,4,5,4,1,0.9,41.7,0.0,69.6
Ovulation,9.1,4,3,4,1,0.0,132.4,99.9,75.8
Early Luteal,8.3,5,3,3,3,0.0,339.8,323.6,58.3
Follicular,8.1,5,4,4,3,0.0,414.7,205.2,66.9
Late Luteal,7.4,3,2,1,3,0.6,421.5,401.6,35.9
Follicular,7.1,4,4,5,2,0.9,140.1,240.1,60.5
Follicular,8.1,4,4,4,1,0.0,29.1,47.7,78.1
Early Luteal,6.9,3,3,3,2,1.1,185.0,81.0,48.0
Late Luteal,6.9,2,2,2,2,1.1,235.1,176.0,40.2
Follicular,7.1,4,3,4,4,0.9,496.7,453.2,36.7
Follicular,7.9,4,4,4,1,0.1,9.2,46.0,76.9
Menstrual,7.2,4,3,3,2,0.8,123.8,0.0,56.1
Early Luteal,5.8,3,3,3,2,2.2,49.1,0.0,33.0
Early Luteal,5.8,3,2,3,4,2.2,692.0,689.9,16.7
Follicular,8.0,4,3,4,3,0.0,345.6,345.1,56.0
Follicular,5.9,3,2,3,4,2.1,659.2,607.1,24.1
Early Luteal,7.7,5,3,3,3,0.3,361.9,224.8,55.6
Early Luteal,6.7,4,3,3,1,1.3,85.6,29.5,56.6
Early Luteal,7.0,3,4,1,2,1.0,246.6,206.6,48.2
Late Luteal,8.0,4,4,3,2,0.0,172.2,44.4,66.3
Late Luteal,6.5,3,2,2,2,1.5,223.3,323.3,39.7
Follicular,8.2,3,3,3,3,0.0,356.6,382.3,52.8
Late Luteal,7.9,3,3,2,5,0.1,800.0,900.0,27.1
Early Luteal,6.9,3,3,3,1,1.1,34.0,118.7,56.1
Follicular,6.6,4,4,3,2,1.4,130.6,153.9,54.9
Ovulation,8.0,4,5,4,1,0.0,51.0,151.0,78.2
Late Luteal,5.8,2,1,1,4,2.2,545.6,501.6,6.5
Early Luteal,7.9,4,4,3,2,0.1,235.9,132.7,57.3
Late Luteal,5.4,2,2,3,3,2.6,385.7,299.9,17.3
Early Luteal,7.0,4,3,3,2,1.0,95.2,0.0,54.7
Ovulation,8.1,4,4,5,2,0.0,167.1,132.7,68.9
Ovulation,5.3,4,3,4,3,2.7,417.9,368.9,33.4
Early Luteal,6.9,3,2,3,2,1.1,204.5,137.8,48.4
Late Luteal,6.5,3,2,3,2,1.5,266.8,264.0,42.2
Follicular,5.2,3,4,4,3,2.8,352.4,452.4,32.4
Late Luteal,6.7,3,3,2,2,1.3,131.0,217.0,46.2
Menstrual,7.5,5,3,2,3,0.5,286.9,301.4,50.2
Late Luteal,6.1,2,1,2,2,1.9,233.8,287.3,30.4
Early Luteal,4.8,1,2,2,3,3.2,402.2,237.6,2.4
Early Luteal,5.9,4,3,3,1,2.1,60.1,43.7,53.8
Follicular,7.5,3,4,4,3,0.5,244.0,187.2,49.0
Ovulation,6.2,2,3,3,2,1.8,259.8,210.9,37.7
Late Luteal,6.6,2,2,1,2,1.4,316.8,307.2,28.7
Ovulation,7.9,5,4,5,5,0.1,800.0,732.3,46.9
Early Luteal,7.0,3,3,3,3,1.0,324.7,281.8,41.3
Menstrual,4.3,1,2,2,2,3.7,227.2,327.2,9.1
Late Luteal,5.9,2,2,2,4,2.1,630.4,730.4,10.5
Follicular,7.6,3,4,5,2,0.4,229.3,314.5,59.0
Early Luteal,7.7,4,3,4,4,0.3,608.7,540.8,36.6
Follicular,5.3,3,4,4,1,2.7,18.4,0.0,45.3
Early Luteal,5.2,2,2,4,3,2.8,207.5,112.2,16.2
Early Luteal,9.5,5,4,5,2,0.0,164.7,43.5,77.3
Early Luteal,6.9,3,3,1,2,1.1,366.8,425.6,45.2
Late Luteal,6.6,1,1,2,2,1.4,272.1,336.1,27.7
Ovulation,5.9,2,3,2,4,2.1,573.9,370.9,22.1
Follicular,8.4,5,4,3,2,0.0,168.7,4.9,69.7
Follicular,6.4,3,3,4,3,1.6,493.1,545.4,34.4
Early Luteal,7.5,4,3,3,1,0.5,38.0,51.1,68.8
Ovulation,6.1,3,3,3,2,1.9,156.9,129.2,40.1
Early Luteal,6.8,2,4,4,1,1.2,86.9,119.9,52.3
Early Luteal,8.1,3,2,3,3,0.0,420.5,497.9,41.0
Follicular,6.3,3,2,3,3,1.7,250.2,263.4,33.3
Follicular,8.3,4,4,4,1,0.0,204.4,98.1,68.2
Menstrual,7.3,4,3,2,2,0.7,154.1,75.4,52.7
Menstrual,8.2,4,4,3,1,0.0,153.8,253.8,69.6
Follicular,8.2,4,3,3,2,0.0,164.3,224.9,69.4
Late Luteal,6.0,4,3,3,2,2.0,137.2,119.8,46.0
Follicular,6.1,3,3,3,5,1.9,742.1,746.2,14.7
Early Luteal,6.8,3,4,4,2,1.2,203.2,197.3,51.7
Follicular,7.7,4,5,5,1,0.3,16.0,0.0,74.8
Late Luteal,8.7,3,3,2,2,0.0,143.4,132.9,51.1
Early Luteal,8.0,5,3,3,1,0.0,60.7,0.0,78.1
Menstrual,7.5,3,2,2,3,0.5,289.7,238.6,37.3
Follicular,7.7,4,4,3,1,0.3,32.7,32.1,70.5
Early Luteal,6.8,4,3,3,3,1.2,440.9,441.7,42.0
Menstrual,6.6,3,2,1,4,1.4,624.2,530.1,21.9
Early Luteal,8.3,3,3,3,4,0.0,544.5,572.8,38.1
Follicular,9.5,4,4,4,1,0.0,32.7,0.0,79.1
Menstrual,6.6,2,2,2,1,1.4,68.6,148.1,38.7
Early Luteal,6.8,3,3,4,2,1.2,57.0,81.5,51.6
Follicular,8.3,4,3,3,2,0.0,107.8,162.4,66.3
Early Luteal,5.7,3,3,3,1,2.3,158.4,126.6,50.0
Menstrual,6.6,2,2,2,2,1.4,332.6,283.5,31.2
Early Luteal,6.9,2,3,3,1,1.1,10.6,91.0,53.6
Late Luteal,7.4,3,3,2,2,0.6,176.9,50.8,49.2
Ovulation,5.6,3,3,4,2,2.4,150.9,63.7,42.3
Follicular,7.3,3,4,4,1,0.7,21.7,0.0,63.9
Late Luteal,6.8,2,3,2,2,1.2,121.3,10.0,40.8
Ovulation,6.4,2,3,3,2,1.6,234.9,211.4,40.8
Follicular,6.6,4,3,4,3,1.4,268.6,335.3,46.4
Ovulation,7.1,3,2,1,4,0.9,439.2,539.2,34.4
Ovulation,7.8,4,4,5,2,0.2,257.2,325.2,65.9
Early Luteal,7.5,4,3,3,3,0.5,326.5,345.7,52.5
Ovulation,7.1,5,4,5,3,0.9,358.5,408.6,61.5
Follicular,8.1,4,3,4,2,0.0,93.3,115.6,60.9
Follicular,7.8,4,4,4,2,0.2,238.7,106.9,61.5
Early Luteal,6.0,2,2,3,1,2.0,61.9,81.5,36.7
Early Luteal,8.4,4,4,3,2,0.0,119.2,7.9,66.6
Early Luteal,7.8,5,4,5,2,0.2,112.8,165.8,67.8
Early Luteal,8.0,3,2,2,2,0.0,133.0,154.0,56.0
Follicular,7.1,5,5,4,2,0.9,252.1,260.4,66.3
Late Luteal,6.5,2,3,3,2,1.5,162.3,247.7,35.3
Ovulation,7.3,4,3,4,4,0.7,570.2,526.4,45.0
Late Luteal,5.2,4,2,2,1,2.8,73.3,38.5,47.2
Follicular,8.3,5,5,5,3,0.0,451.2,510.6,65.1
Follicular,7.7,4,4,4,2,0.3,265.8,365.8,62.7
Ovulation,7.0,3,4,3,1,1.0,36.3,136.3,60.5
Menstrual,7.2,3,3,4,1,0.8,7.0,68.8,51.4
Follicular,6.4,3,3,4,2,1.6,292.6,158.0,39.8
Late Luteal,7.1,3,3,2,4,0.9,499.2,440.9,29.9
Early Luteal,8.5,4,3,2,5,0.0,800.0,728.6,37.9
Late Luteal,6.9,3,3,3,3,1.1,273.5,175.3,32.9
Follicular,7.1,5,4,4,3,0.9,399.2,448.8,56.5
Ovulation,7.8,5,4,5,2,0.2,232.7,332.7,72.0
Follicular,6.1,4,3,4,3,1.9,281.0,133.6,39.5
Follicular,7.7,4,3,3,2,0.3,155.0,32.4,60.3
Follicular,8.6,4,3,3,4,0.0,591.0,629.4,52.1
Late Luteal,8.0,4,3,3,2,0.0,47.9,71.7,62.4
Follicular,6.9,4,4,4,4,1.1,459.0,494.4,36.9
Late Luteal,7.5,3,3,3,1,0.5,57.4,94.9,53.2
Follicular,5.8,3,2,3,4,2.2,449.8,507.9,18.2
Ovulation,6.1,3,3,3,2,1.9,163.4,202.9,45.9
Early Luteal,6.9,3,2,2,1,1.1,148.8,52.2,53.6
Early Luteal,6.4,3,4,3,1,1.6,26.6,126.6,61.4
Follicular,7.6,4,4,3,2,0.4,216.8,174.7,62.3
Late Luteal,5.6,3,1,1,4,2.4,664.6,582.0,16.2
Follicular,6.5,3,3,2,3,1.5,429.7,475.0,37.0
Ovulation,7.0,4,3,3,3,1.0,533.6,459.7,46.5
Follicular,6.1,4,3,4,3,1.9,271.2,287.6,40.5
Early Luteal,7.3,4,2,3,4,0.7,530.4,509.1,40.0
Early Luteal,6.3,3,2,1,2,1.7,196.7,144.8,40.8
Follicular,6.3,3,3,4,2,1.7,121.5,96.7,45.0
Late Luteal,7.4,4,3,2,3,0.6,377.0,452.6,41.0
Early Luteal,6.9,3,2,2,3,1.1,472.3,554.8,41.1
Follicular,6.7,3,2,3,3,1.3,435.0,460.3,34.9
Late Luteal,4.7,2,3,3,3,3.3,311.0,411.0,12.6
Late Luteal,5.7,3,2,1,3,2.3,492.7,558.7,20.1
Menstrual,6.4,2,1,2,2,1.6,277.2,204.7,32.3
Follicular,5.3,5,4,5,1,2.7,109.2,209.2,59.4
Early Luteal,8.2,4,2,1,2,0.0,33.4,133.4,70.3
Follicular,6.5,3,3,2,3,1.5,220.8,305.2,35.9
Ovulation,6.0,3,2,3,4,2.0,495.7,595.7,27.4
Late Luteal,5.8,3,2,2,2,2.2,8.1,0.0,38.0
Late Luteal,5.6,2,3,3,1,2.4,192.0,184.0,31.4
Menstrual,8.3,3,2,2,5,0.0,738.8,797.0,26.2
Follicular,5.8,3,3,3,2,2.2,137.7,138.0,44.0
Early Luteal,7.0,4,3,3,3,1.0,298.6,256.2,50.1
Follicular,7.6,3,3,3,3,0.4,373.6,463.7,46.3
Early Luteal,8.4,3,3,4,5,0.0,800.0,900.0,26.0
Follicular,9.5,4,3,2,4,0.0,748.3,586.7,47.4
Follicular,6.7,3,2,3,5,1.3,783.4,853.5,16.7
Menstrual,7.6,4,3,3,4,0.4,728.6,734.0,35.2
Follicular,7.3,3,4,4,2,0.7,251.7,321.7,56.8
Menstrual,7.0,2,3,4,2,1.0,106.3,117.2,39.9
Menstrual,6.0,3,2,3,1,2.0,96.4,52.0,44.5
Late Luteal,6.6,3,3,3,3,1.4,303.0,168.1,33.2
Early Luteal,6.9,3,2,2,2,1.1,181.8,281.8,48.2
Late Luteal,7.1,4,2,3,2,0.9,229.7,262.2,49.6
Late Luteal,5.9,3,3,2,1,2.1,63.5,163.5,38.5
Menstrual,4.1,1,1,1,1,3.9,61.6,51.0,18.4
Late Luteal,6.3,4,3,3,2,1.7,188.9,139.0,43.0
Ovulation,8.0,5,5,5,1,0.0,1.6,0.0,90.4
Menstrual,7.7,4,3,3,3,0.3,380.1,351.2,52.5
Late Luteal,7.4,3,3,3,3,0.6,385.3,397.8,41.2
Follicular,7.7,5,4,4,3,0.3,400.3,376.4,56.2
Follicular,6.3,3,3,3,1,1.7,10.8,110.8,52.7
Follicular,8.3,5,4,3,4,0.0,642.0,519.4,52.7
Follicular,6.5,2,3,3,2,1.5,157.2,175.2,47.8
Menstrual,6.7,2,3,3,2,1.3,263.0,73.4,36.1
Late Luteal,7.7,3,2,2,2,0.3,134.6,187.0,49.2
Early Luteal,6.4,4,3,3,5,1.6,800.0,896.2,22.0
Early Luteal,7.3,4,3,2,1,0.7,71.0,45.7,59.0
Ovulation,7.1,4,3,3,2,0.9,189.0,259.8,56.5
Ovulation,8.0,3,4,5,2,0.0,151.7,162.8,63.7
Ovulation,7.1,4,3,5,4,0.9,529.5,629.5,47.1
Menstrual,6.2,3,1,3,4,1.8,490.0,590.0,24.4
Ovulation,6.4,3,3,3,2,1.6,212.2,239.5,51.2
Follicular,7.4,4,3,3,3,0.6,385.2,386.0,55.4
Early Luteal,6.6,3,3,3,2,1.4,252.5,309.3,44.9
Menstrual,7.2,4,3,3,1,0.8,79.8,140.7,59.5
Early Luteal,5.7,3,4,3,2,2.3,110.7,0.0,40.7
Follicular,8.9,5,4,3,2,0.0,154.2,183.9,77.0
Menstrual,7.9,3,3,3,2,0.1,215.4,180.5,49.9
Ovulation,6.8,3,4,5,2,1.2,236.9,171.2,52.5
Late Luteal,7.7,3,2,3,2,0.3,247.4,292.5,49.9
Early Luteal,8.1,4,4,4,1,0.0,32.9,85.4,75.9
Follicular,7.0,4,3,3,2,1.0,118.7,155.1,55.8
Ovulation,7.6,4,4,4,4,0.4,688.9,753.0,44.7
Follicular,7.6,4,4,3,1,0.4,76.2,107.7,70.1
Ovulation,6.1,3,4,4,2,1.9,332.2,259.9,45.6
Late Luteal,6.8,2,1,1,4,1.2,495.1,427.3,16.5
Early Luteal,8.5,4,3,2,3,0.0,373.5,447.6,57.8
Ovulation,5.8,4,5,4,1,2.2,107.4,103.6,55.1
Late Luteal,7.5,4,3,4,3,0.5,393.4,472.0,43.1
Follicular,8.5,4,4,4,2,0.0,218.8,249.9,70.1
Early Luteal,7.7,3,2,2,2,0.3,253.9,333.2,54.7
Menstrual,7.7,4,3,3,2,0.3,289.0,353.2,60.1
Ovulation,5.7,3,3,3,2,2.3,158.7,128.3,40.7
Follicular,5.9,3,3,4,2,2.1,70.8,49.4,42.2
Ovulation,8.6,5,5,5,1,0.0,61.2,161.2,84.7
Follicular,7.7,4,4,2,2,0.3,267.4,288.7,63.5
Follicular,6.1,2,2,3,3,1.9,373.1,359.4,25.6
Late Luteal,5.6,4,3,4,3,2.4,370.3,359.9,31.6
Ovulation,5.9,3,3,3,1,2.1,64.3,77.9,51.0
Menstrual,6.3,2,2,3,1,1.7,47.1,122.0,41.5
Early Luteal,7.7,4,4,4,3,0.3,367.3,314.3,58.9
Late Luteal,6.6,3,2,3,2,1.4,261.2,361.2,41.6
Early Luteal,6.1,3,3,3,2,1.9,323.6,215.1,42.8
Follicular,8.0,4,4,4,3,0.0,375.1,356.4,53.8
Follicular,7.1,3,4,3,1,0.9,31.4,0.0,58.0
Late Luteal,8.1,4,4,3,2,0.0,214.5,103.9,55.4
Follicular,5.9,4,4,3,2,2.1,187.5,225.8,42.6
Menstrual,9.2,4,4,3,3,0.0,511.2,569.8,60.3
Follicular,7.2,4,4,3,2,0.8,294.8,213.5,59.2
Late Luteal,6.1,2,2,3,2,1.9,282.8,350.3,31.2
Late Luteal,7.7,4,4,3,1,0.3,131.3,231.3,61.0
Follicular,6.6,3,3,3,2,1.4,145.8,233.3,48.8
Early Luteal,6.5,2,2,2,4,1.5,562.9,653.6,17.7
Early Luteal,4.9,2,3,4,3,3.1,215.7,302.9,24.1
Ovulation,6.8,4,4,4,2,1.2,124.7,90.1,63.5
Early Luteal,8.4,4,2,3,4,0.0,485.4,539.1,44.9
Ovulation,6.5,3,4,2,1,1.5,126.5,200.7,54.9
Ovulation,6.4,3,3,3,2,1.6,329.1,299.0,44.7
Follicular,7.5,3,4,3,1,0.5,98.9,0.0,60.6
Follicular,8.6,4,5,4,1,0.0,52.5,121.2,80.2
Late Luteal,5.3,2,1,2,5,2.7,800.0,900.0,0.0
Early Luteal,5.5,4,2,2,4,2.5,610.6,633.4,22.3
Late Luteal,6.4,3,3,3,2,1.6,137.6,95.0,36.6
Follicular,7.1,3,3,2,5,0.9,750.4,850.4,23.9
Early Luteal,8.8,4,4,3,1,0.0,94.7,0.0,75.7
Early Luteal,5.0,3,3,3,2,3.0,205.6,82.8,34.1
Follicular,9.1,4,4,4,2,0.0,228.1,139.5,74.2
Follicular,9.0,5,4,4,1,0.0,117.2,78.8,83.8
Menstrual,8.2,4,2,3,3,0.0,356.9,275.8,52.2
Menstrual,7.8,4,3,2,2,0.2,264.0,249.5,59.3
Menstrual,8.7,4,3,2,2,0.0,94.3,194.3,69.5
Late Luteal,6.9,3,2,3,2,1.1,369.0,399.3,42.1
Early Luteal,8.4,4,4,5,3,0.0,477.1,365.6,56.7
Ovulation,7.6,2,3,4,2,0.4,118.9,11.0,53.4
Early Luteal,7.0,3,3,4,2,1.0,212.8,117.9,50.9
Late Luteal,4.8,1,2,3,2,3.2,264.2,294.0,12.6
Menstrual,6.8,3,4,4,1,1.2,6.5,75.0,53.8
Early Luteal,6.4,4,4,3,2,1.6,336.5,261.1,55.9
Early Luteal,7.3,4,3,3,3,0.7,345.2,337.2,52.8
Late Luteal,4.4,2,2,3,3,3.6,236.3,148.4,10.9
Menstrual,7.2,4,3,3,2,0.8,290.7,299.1,52.3
Menstrual,6.1,3,3,3,1,1.9,87.2,108.6,44.6
Late Luteal,8.1,4,3,4,1,0.0,72.5,6.0,66.7
Menstrual,6.9,2,2,2,4,1.1,600.0,584.8,21.8
Menstrual,5.7,3,3,2,1,2.3,100.0,103.8,35.8
Late Luteal,6.1,3,3,3,1,1.9,203.2,303.2,38.8
Early Luteal,6.5,3,3,3,2,1.5,128.6,228.6,46.5
Late Luteal,5.9,3,3,3,2,2.1,407.1,457.2,34.6
Follicular,5.5,3,3,2,3,2.5,474.3,462.0,27.9
Late Luteal,5.4,3,2,2,3,2.6,407.5,418.3,22.9
Follicular,7.4,5,4,5,2,0.6,197.0,157.6,71.3
Menstrual,6.5,2,3,3,1,1.5,153.2,253.2,37.4
Early Luteal,7.1,4,4,3,1,0.9,22.9,72.9,65.8
Late Luteal,6.2,3,2,3,5,1.8,684.7,784.7,10.3
Early Luteal,5.1,3,2,2,4,2.9,407.0,305.2,19.7
Follicular,7.1,4,3,3,2,0.9,293.4,218.0,49.8
Late Luteal,6.9,3,1,1,5,1.1,620.9,579.2,16.6
Late Luteal,6.1,3,3,2,1,1.9,71.0,171.0,43.9
Ovulation,7.9,4,5,5,1,0.1,85.6,116.8,74.0
Follicular,9.2,4,4,4,3,0.0,168.2,213.0,68.3
Menstrual,5.6,3,3,2,2,2.4,101.9,184.0,32.6
Menstrual,8.1,3,2,2,4,0.0,666.1,627.8,29.5
Menstrual,7.4,4,3,3,3,0.6,375.2,455.0,45.9
Early Luteal,6.3,3,3,3,2,1.7,260.3,258.4,37.5
Ovulation,6.6,3,4,4,1,1.4,83.8,4.5,58.6
Early Luteal,7.0,2,3,3,1,1.0,69.7,136.0,57.0
Menstrual,7.7,5,4,4,2,0.3,314.7,243.7,63.3
Late Luteal,7.1,5,4,4,1,0.9,107.1,207.1,61.4
Menstrual,6.7,2,3,3,1,1.3,10.7,55.1,41.6
Ovulation,6.6,3,4,4,1,1.4,67.8,167.8,57.3
Menstrual,6.6,2,3,3,1,1.4,6.2,65.3,42.9
Early Luteal,6.6,2,3,3,2,1.4,206.0,196.6,40.8
Early Luteal,7.4,4,3,3,2,0.6,133.0,82.3,60.0
Late Luteal,8.1,3,2,3,2,0.0,252.3,227.1,49.9
Late Luteal,7.9,3,3,3,1,0.1,113.3,0.0,61.3
Late Luteal,6.3,3,2,2,3,1.7,406.0,471.1,31.8
Early Luteal,6.6,3,3,3,2,1.4,124.8,159.9,45.6
Follicular,5.2,4,4,5,3,2.8,436.8,360.5,31.8
Late Luteal,6.5,3,3,3,3,1.5,396.2,496.2,34.5
Early Luteal,6.9,4,3,2,3,1.1,401.3,324.3,46.7
Follicular,7.3,4,3,3,2,0.7,321.6,222.8,59.6
Late Luteal,8.6,5,3,3,4,0.0,709.5,795.2,48.7
Late Luteal,7.6,5,4,3,3,0.4,417.0,439.5,48.3
Late Luteal,7.8,5,3,3,2,0.2,192.1,192.0,61.9
Follicular,6.3,4,3,5,3,1.7,541.0,618.6,35.0
Ovulation,7.1,4,4,3,1,0.9,64.1,64.4,65.5
Follicular,6.1,3,4,3,1,1.9,32.9,24.2,54.9
Ovulation,7.8,4,3,3,4,0.2,476.3,544.2,49.7
Late Luteal,7.4,3,3,3,3,0.6,393.8,384.7,40.7
Early Luteal,8.8,5,4,4,1,0.0,23.5,23.5,86.0
Follicular,5.0,2,3,3,3,3.0,422.4,442.4,27.0
Early Luteal,4.9,1,3,3,2,3.1,274.5,326.8,15.6
Menstrual,6.9,3,2,3,5,1.1,800.0,768.7,12.9
Early Luteal,6.0,2,2,2,3,2.0,292.4,241.9,22.8
Early Luteal,7.5,5,4,3,1,0.5,121.4,48.9,70.2
Ovulation,6.2,4,4,4,4,1.8,470.0,466.9,34.3
Ovulation,6.4,2,2,3,3,1.6,524.9,477.6,26.8
Late Luteal,7.6,4,3,4,3,0.4,255.7,278.2,50.3
Late Luteal,6.6,2,3,2,3,1.4,320.1,274.1,30.6
Menstrual,6.9,3,3,3,2,1.1,104.8,116.7,50.1
Late Luteal,6.1,3,3,2,1,1.9,110.6,170.2,42.5
Early Luteal,6.6,1,3,2,1,1.4,29.5,0.0,40.5
Ovulation,7.4,4,4,4,2,0.6,150.8,214.5,63.4
Early Luteal,7.3,3,3,2,2,0.7,197.0,209.6,47.7
Late Luteal,6.1,2,2,2,3,1.9,337.7,273.4,15.7
Ovulation,7.0,3,3,4,1,1.0,3.8,31.6,64.1
Follicular,6.3,3,3,3,2,1.7,259.3,198.1,47.4
Menstrual,6.4,4,2,3,4,1.6,679.2,730.8,23.4
Early Luteal,5.6,3,3,3,2,2.4,224.1,253.2,40.9
Early Luteal,7.4,5,3,4,3,0.6,313.5,270.0,60.1
Late Luteal,5.7,2,2,3,2,2.3,258.7,291.7,27.7
Menstrual,6.3,4,2,2,2,1.7,285.3,175.1,41.1
Follicular,8.0,4,5,5,1,0.0,60.6,34.8,71.1
Menstrual,8.1,3,3,2,1,0.0,128.8,80.7,63.4
Late Luteal,7.0,3,3,3,2,1.0,284.3,254.7,44.2
Menstrual,7.5,3,2,3,2,0.5,273.7,220.3,44.0
Menstrual,7.0,2,3,3,1,1.0,15.3,115.3,46.2
Early Luteal,9.3,4,4,4,2,0.0,309.4,409.4,68.5
Menstrual,4.6,1,1,2,3,3.4,399.6,470.2,4.8
Follicular,9.5,5,4,4,2,0.0,79.4,148.6,81.7
Follicular,6.6,3,3,3,1,1.4,28.4,100.8,54.2
Early Luteal,8.4,4,4,4,3,0.0,512.6,612.6,56.3
Menstrual,7.2,4,3,3,1,0.8,27.7,61.6,62.8
Early Luteal,6.3,3,2,3,5,1.7,776.3,775.8,15.6
Late Luteal,6.7,2,2,2,1,1.3,77.0,153.6,38.8
Late Luteal,6.0,3,2,3,3,2.0,375.4,228.0,25.9
Follicular,7.6,5,4,3,1,0.4,33.9,0.0,78.4
Early Luteal,9.5,4,4,3,2,0.0,310.1,410.1,70.8
Follicular,7.8,5,5,4,1,0.2,83.9,167.6,81.2
Follicular,7.5,4,3,4,3,0.5,365.7,330.5,51.3
Follicular,7.3,5,4,4,2,0.7,274.6,374.6,69.4
Follicular,6.3,3,4,4,1,1.7,97.0,108.8,53.5
Follicular,8.1,5,4,4,3,0.0,434.0,374.7,62.4
Late Luteal,7.6,3,2,1,4,0.4,567.7,546.6,33.6
Early Luteal,6.7,4,4,4,2,1.3,94.6,0.0,60.2
Menstrual,6.2,3,3,3,3,1.8,275.1,292.0,33.1
Late Luteal,5.8,3,3,2,2,2.2,203.7,227.0,39.1
Early Luteal,7.2,4,3,3,2,0.8,109.6,209.6,61.9
Early Luteal,8.8,5,4,5,2,0.0,279.2,363.4,74.6
Menstrual,8.1,3,2,1,3,0.0,515.7,454.0,44.3
Early Luteal,8.8,5,4,4,3,0.0,421.8,512.7,65.6
Ovulation,6.7,3,4,4,1,1.3,58.1,158.1,60.9
Early Luteal,5.9,2,3,3,2,2.1,142.1,74.5,35.3
Follicular,6.5,2,3,3,2,1.5,96.7,2.3,44.7
Early Luteal,6.3,3,3,4,3,1.7,402.0,308.5,37.9
Late Luteal,8.0,4,3,2,2,0.0,197.6,191.2,66.0
Follicular,6.5,3,2,2,1,1.5,109.4,171.4,55.5
Early Luteal,9.5,4,4,4,2,0.0,268.0,247.1,73.6
Late Luteal,5.9,3,2,1,2,2.1,191.2,228.6,34.9
Follicular,7.3,4,4,3,3,0.7,140.8,83.7,60.5
Late Luteal,7.2,4,3,3,3,0.8,535.1,437.9,47.1
Ovulation,7.1,4,4,4,3,0.9,215.9,204.6,54.0
Follicular,6.3,3,3,3,3,1.7,417.0,337.3,29.4
Early Luteal,8.7,4,2,3,4,0.0,548.8,627.3,49.0
Early Luteal,7.3,5,4,4,2,0.7,143.8,117.6,61.6
Follicular,6.9,4,3,3,2,1.1,221.6,192.5,53.2
Follicular,6.4,4,3,4,2,1.6,286.0,263.6,49.5
Follicular,6.9,4,4,4,2,1.1,21.2,0.0,62.9
Menstrual,5.6,2,3,3,1,2.4,239.7,240.0,28.6
Menstrual,5.1,2,2,3,1,2.9,76.4,43.9,28.8
Early Luteal,8.9,5,3,2,3,0.0,447.8,518.9,65.3
Follicular,8.0,4,3,2,3,0.0,385.8,382.1,57.5
Follicular,8.4,5,5,4,1,0.0,156.8,45.9,76.2
Early Luteal,8.5,4,3,3,4,0.0,733.0,698.9,46.0
Early Luteal,5.9,3,3,3,2,2.1,145.8,233.8,38.2
Follicular,7.1,5,3,4,2,0.9,325.3,327.3,59.1
Early Luteal,6.9,3,3,3,2,1.1,138.4,21.7,48.2
Ovulation,5.3,3,3,3,1,2.7,95.0,94.3,44.3
Menstrual,4.1,1,1,1,1,3.9,174.5,154.2,12.2
Follicular,7.1,5,3,4,1,0.9,58.8,0.0,73.6
Follicular,6.1,4,4,3,1,1.9,74.3,87.5,57.5
Follicular,5.7,3,3,3,5,2.3,800.0,900.0,12.9
Menstrual,7.1,4,3,4,1,0.9,98.4,198.4,56.6
Early Luteal,5.8,3,3,3,2,2.2,224.1,143.8,38.9
Early Luteal,8.8,5,4,5,2,0.0,133.7,155.1,76.4
Early Luteal,6.9,3,3,3,2,1.1,182.1,111.2,50.5
Follicular,7.1,5,4,4,3,0.9,316.8,242.0,57.3
Late Luteal,7.5,3,3,2,1,0.5,122.1,21.6,54.6
Follicular,8.0,5,3,4,3,0.0,252.0,144.6,65.0
Follicular,6.8,3,3,3,2,1.2,144.9,153.4,51.2
Follicular,7.0,3,4,4,2,1.0,137.5,54.6,53.3
Follicular,6.4,4,4,5,3,1.6,358.8,250.3,46.0
Early Luteal,5.5,3,4,3,2,2.5,211.5,79.3,38.0
Late Luteal,5.2,3,2,3,2,2.8,179.8,139.6,29.5
Follicular,7.5,3,4,5,2,0.5,121.0,72.2,59.5
Menstrual,6.3,4,3,3,4,1.7,475.4,575.4,27.8
Late Luteal,4.4,1,2,2,3,3.6,288.5,252.0,7.3
Follicular,7.1,4,3,3,4,0.9,611.0,593.0,36.9
Late Luteal,6.2,2,2,3,1,1.8,19.8,113.7,41.5
Ovulation,7.6,5,5,5,1,0.4,19.0,0.0,84.6
Late Luteal,7.6,4,3,2,2,0.4,152.3,129.9,55.7
Follicular,6.3,4,4,3,2,1.7,131.7,35.6,54.8
Late Luteal,4.8,1,1,1,4,3.2,519.0,594.5,0.0
Follicular,6.7,4,3,4,3,1.3,451.7,297.5,43.1
Menstrual,7.0,3,3,3,2,1.0,425.7,461.3,38.7
Menstrual,6.0,3,2,3,3,2.0,285.8,297.3,30.8
Late Luteal,7.5,4,2,3,3,0.5,330.9,280.4,50.0
Menstrual,6.7,3,2,2,3,1.3,364.3,423.0,32.1
Follicular,9.5,4,4,4,3,0.0,305.2,181.1,64.7
Ovulation,6.1,3,4,3,2,1.9,247.0,192.7,41.1
Follicular,7.9,3,4,3,2,0.1,95.2,0.0,59.7
Early Luteal,6.6,2,2,2,2,1.4,132.0,67.9,43.6
Ovulation,7.3,5,4,5,2,0.7,200.5,183.1,63.5
Early Luteal,7.0,3,3,3,2,1.0,351.7,269.9,43.4
Follicular,7.8,4,3,5,4,0.2,451.3,511.9,51.5
Early Luteal,7.2,4,4,4,2,0.8,257.7,265.3,57.2
Menstrual,9.3,5,3,3,5,0.0,800.0,825.6,40.5
Follicular,7.5,4,4,3,2,0.5,302.7,402.7,61.7
Late Luteal,7.0,2,1,2,4,1.0,639.9,737.2,16.5
Menstrual,6.4,3,3,2,1,1.6,12.5,112.5,46.5
Late Luteal,7.0,3,3,2,2,1.0,79.7,53.0,55.0
Early Luteal,7.9,5,5,4,1,0.1,97.9,133.0,69.1
Follicular,7.5,3,3,4,2,0.5,61.0,16.4,52.6
Follicular,6.8,3,3,4,2,1.2,201.7,139.6,50.5
Late Luteal,6.4,4,3,3,1,1.6,92.5,49.6,56.8
Follicular,7.3,5,3,3,5,0.7,800.0,814.0,38.7
Late Luteal,7.5,3,2,1,2,0.5,218.5,200.7,44.5
Early Luteal,5.9,3,3,4,2,2.1,164.0,124.8,36.8
Follicular,6.5,3,3,3,2,1.5,187.0,136.5,45.7
Ovulation,6.0,4,4,4,2,2.0,165.8,79.8,48.0
Menstrual,5.6,3,1,2,5,2.4,800.0,900.0,4.8
Follicular,7.6,4,3,4,3,0.4,360.7,297.1,55.0
Follicular,7.6,4,3,3,5,0.4,699.8,603.9,26.3
Menstrual,7.0,2,2,2,1,1.0,132.8,176.2,42.3
Early Luteal,7.4,4,2,3,3,0.6,373.8,318.9,50.7
Menstrual,6.0,3,2,2,4,2.0,393.4,327.3,23.1
Early Luteal,7.3,4,3,3,3,0.7,321.3,283.0,50.3
Early Luteal,9.2,5,4,3,4,0.0,613.1,580.1,54.3
Late Luteal,5.7,2,3,2,1,2.3,8.0,99.2,37.2
Menstrual,7.6,4,3,2,2,0.4,244.9,274.3,55.7
Ovulation,7.5,4,3,4,3,0.5,322.8,182.3,55.3
Follicular,6.5,4,3,3,2,1.5,198.7,260.4,60.3
Follicular,6.1,3,3,4,2,1.9,189.8,151.2,43.4
Early Luteal,5.4,2,3,3,1,2.6,5.4,24.7,38.7
Ovulation,8.6,5,4,4,3,0.0,360.7,405.4,65.0
Late Luteal,8.2,3,3,2,3,0.0,434.7,295.2,46.0
Early Luteal,6.0,1,2,3,2,2.0,146.8,189.5,30.6
Follicular,7.5,4,5,4,1,0.5,41.5,0.0,75.6
Menstrual,6.7,3,2,2,2,1.3,247.5,210.9,42.7
Late Luteal,6.9,2,2,2,4,1.1,411.9,336.4,18.2
Follicular,5.9,4,4,3,2,2.1,280.0,235.4,45.8
Late Luteal,7.5,4,3,2,3,0.5,315.5,236.9,44.7
Late Luteal,6.9,1,2,1,3,1.1,303.9,391.7,19.9
Early Luteal,7.1,4,3,3,2,0.9,139.8,146.6,58.1
Menstrual,6.4,2,2,3,2,1.6,262.4,280.8,30.5
Early Luteal,6.3,2,3,3,2,1.7,234.5,160.3,34.6
Late Luteal,6.1,2,3,3,2,1.9,196.9,110.2,31.6
Follicular,5.7,3,4,3,2,2.3,139.3,118.1,36.3
Late Luteal,6.7,3,2,1,2,1.3,272.8,296.3,41.5
Early Luteal,6.4,4,3,4,3,1.6,303.6,156.9,46.2
Ovulation,7.0,3,3,3,4,1.0,452.1,477.2,41.1
Menstrual,7.6,3,3,4,2,0.4,202.5,134.4,48.6
Early Luteal,7.3,4,4,3,4,0.7,554.7,528.0,42.8
Follicular,7.7,5,4,4,2,0.3,249.6,219.7,67.2
Menstrual,5.7,3,1,1,3,2.3,418.3,355.4,21.2
Ovulation,8.4,3,3,4,3,0.0,320.5,386.9,56.5
Late Luteal,6.5,3,2,2,2,1.5,271.7,235.8,39.5
Early Luteal,6.6,3,3,3,1,1.4,116.9,11.3,52.2
Late Luteal,8.0,3,3,3,2,0.0,296.2,242.9,51.2
Ovulation,6.5,3,4,4,2,1.5,265.0,286.9,55.6
Late Luteal,6.3,3,3,3,2,1.7,164.8,152.4,42.4
Ovulation,6.2,3,3,2,2,1.8,85.5,68.3,50.0
Follicular,7.0,3,4,3,1,1.0,71.8,43.8,62.6
Ovulation,8.1,4,4,5,2,0.0,252.0,259.4,67.0
Menstrual,6.0,2,2,2,3,2.0,287.5,383.4,25.4
Follicular,8.5,4,3,3,2,0.0,322.7,422.7,64.3
Follicular,6.2,3,3,4,3,1.8,427.9,422.4,31.9
Early Luteal,6.6,2,3,3,3,1.4,451.3,442.1,25.6
Menstrual,7.6,3,2,4,1,0.4,60.4,160.4,55.4
Menstrual,5.7,3,2,4,2,2.3,269.9,147.7,33.4
Follicular,5.9,3,3,3,2,2.1,231.3,199.3,40.7
Follicular,7.5,5,5,5,2,0.5,221.8,123.8,71.0
Early Luteal,6.4,3,3,3,2,1.6,116.4,181.4,48.4
Ovulation,7.6,3,3,3,2,0.4,166.9,215.4,56.5
Follicular,8.7,5,4,3,1,0.0,36.3,67.6,81.2
Ovulation,6.9,4,4,4,2,1.1,127.1,116.9,57.8
Late Luteal,4.9,1,2,2,1,3.1,137.1,142.7,19.3
Ovulation,6.4,3,3,4,2,1.6,264.6,186.9,45.4
Follicular,8.6,5,3,3,5,0.0,693.4,755.8,52.2
Late Luteal,6.7,2,2,2,3,1.3,408.0,440.9,22.0
Ovulation,7.0,3,4,4,2,1.0,78.2,0.0,52.1
Early Luteal,6.0,3,3,2,2,2.0,242.6,333.3,37.1
Follicular,7.8,4,3,3,2,0.2,286.7,314.9,56.2
Early Luteal,6.9,3,3,3,4,1.1,585.7,483.6,32.7
Late Luteal,5.5,3,2,2,4,2.5,488.3,507.0,16.0
Follicular,8.5,4,3,4,3,0.0,158.7,153.0,63.0
Menstrual,4.9,2,2,3,1,3.1,77.0,0.0,29.2
Early Luteal,7.2,4,3,4,1,0.8,10.3,61.0,62.1
Follicular,5.9,3,3,3,2,2.1,113.7,178.0,45.9
Menstrual,6.6,3,2,2,3,1.4,264.6,239.5,31.9
Early Luteal,7.1,4,4,3,2,0.9,252.0,352.0,58.1
Follicular,7.5,5,5,3,2,0.5,339.8,397.8,62.3
Ovulation,7.2,4,4,4,1,0.8,94.6,73.2,72.5
Ovulation,6.8,3,4,4,2,1.2,64.5,86.2,58.1
Early Luteal,8.8,4,3,3,2,0.0,226.2,156.7,71.8
Menstrual,7.1,3,2,2,3,0.9,408.1,359.2,38.5
Ovulation,7.1,5,3,3,2,0.9,122.6,159.0,72.3
Menstrual,7.5,4,2,3,2,0.5,134.6,234.6,59.9
Early Luteal,6.8,3,3,3,5,1.2,800.0,811.3,19.7
Menstrual,7.1,4,3,2,3,0.9,348.9,448.9,47.0
Follicular,7.0,4,4,5,2,1.0,273.8,171.2,55.7
Follicular,7.4,5,4,4,2,0.6,228.6,134.9,66.9
Menstrual,8.1,4,3,2,3,0.0,341.2,241.6,51.5
Late Luteal,5.4,4,3,2,2,2.6,106.4,183.1,42.9
Late Luteal,6.4,2,2,1,3,1.6,366.3,322.0,18.9
Menstrual,7.4,4,4,3,2,0.6,182.3,124.7,56.0
Late Luteal,7.7,3,2,2,2,0.3,173.9,120.9,46.2
Early Luteal,7.2,3,2,2,2,0.8,104.4,128.2,46.0
Late Luteal,6.8,3,3,3,1,1.2,198.4,243.9,50.6
Follicular,6.3,4,3,2,3,1.7,312.6,352.9,40.9
Early Luteal,5.6,3,2,3,2,2.4,114.0,99.0,35.7
Late Luteal,7.1,2,1,2,4,0.9,522.9,518.2,18.4
Late Luteal,6.3,3,3,2,1,1.7,23.7,10.7,42.4
Follicular,6.8,4,5,4,1,1.2,21.4,56.0,65.7
Early Luteal,5.4,3,3,4,2,2.6,262.8,258.9,36.3
Menstrual,7.5,5,3,4,4,0.5,493.2,535.0,45.2
Late Luteal,6.9,2,2,2,2,1.1,263.7,208.2,30.6
Early Luteal,5.9,4,2,2,4,2.1,718.4,701.1,24.0
Menstrual,5.9,3,3,2,1,2.1,57.1,0.0,48.6
Menstrual,6.2,3,3,3,1,1.8,4.7,21.2,50.4
Early Luteal,7.7,4,4,4,4,0.3,527.5,482.7,41.7
Follicular,6.9,3,3,3,3,1.1,447.2,430.3,44.0
Ovulation,6.2,2,4,4,2,1.8,229.5,162.3,44.1
Follicular,7.3,5,4,3,1,0.7,59.2,18.6,77.5
Early Luteal,6.4,3,4,4,2,1.6,202.3,302.3,47.2
Ovulation,6.2,3,3,3,1,1.8,109.8,159.9,51.1
Early Luteal,7.2,4,4,3,3,0.8,506.1,606.1,46.0
Follicular,6.3,3,3,3,2,1.7,140.2,52.4,42.8
Early Luteal,6.2,2,3,3,2,1.8,69.5,122.2,36.3
Early Luteal,6.2,2,3,2,1,1.8,76.3,55.8,45.6
Late Luteal,6.5,1,1,2,3,1.5,319.3,419.3,17.2
Follicular,8.6,4,3,3,4,0.0,662.4,748.6,49.8
Follicular,6.9,4,3,2,3,1.1,405.7,269.7,46.2
Follicular,6.4,3,4,3,2,1.6,149.6,158.2,48.1
Ovulation,5.0,2,2,3,4,3.0,447.4,401.5,15.8
Menstrual,9.1,5,3,3,5,0.0,800.0,795.5,43.6
Early Luteal,6.6,4,4,4,1,1.4,88.6,116.4,60.3
Ovulation,7.7,5,4,4,4,0.3,580.0,639.8,51.0
Late Luteal,6.8,3,3,2,1,1.2,74.4,119.0,55.8
Menstrual,7.2,4,3,3,2,0.8,164.8,173.4,57.5
Follicular,8.1,3,4,3,1,0.0,77.8,128.8,64.9
Ovulation,6.0,3,2,2,4,2.0,510.3,475.4,25.0
Early Luteal,8.9,4,3,4,2,0.0,40.9,78.6,66.2
Menstrual,6.3,3,2,2,3,1.7,268.3,328.4,31.2
Ovulation,7.1,5,4,4,2,0.9,248.7,150.4,65.0
Late Luteal,6.0,3,3,2,2,2.0,246.9,300.0,36.0
Late Luteal,6.8,3,3,2,2,1.2,181.1,259.8,44.4
Late Luteal,5.8,3,2,1,2,2.2,203.8,199.8,34.2
Follicular,6.3,3,4,4,1,1.7,75.7,69.6,52.9
Follicular,6.4,4,2,4,5,1.6,754.5,723.4,26.6
Menstrual,8.2,4,3,3,2,0.0,105.9,0.0,60.2
Early Luteal,7.7,4,3,3,2,0.3,261.9,264.0,60.7
Early Luteal,7.6,4,3,3,3,0.4,375.9,318.9,49.9
Late Luteal,6.3,2,1,1,2,1.7,228.2,190.9,27.1
Follicular,8.0,5,4,3,2,0.0,99.6,172.5,73.1
Ovulation,8.2,3,4,5,1,0.0,62.1,154.1,70.2
Follicular,6.8,4,4,4,3,1.2,312.8,378.4,49.8
Late Luteal,5.8,2,3,2,1,2.2,56.1,44.5,38.2
Late Luteal,7.6,4,2,2,3,0.4,420.5,520.5,43.1
Follicular,7.5,4,4,4,3,0.5,321.7,186.3,53.0
Follicular,7.4,5,4,4,3,0.6,319.0,320.1,60.7
Early Luteal,8.0,4,4,3,2,0.0,58.8,0.0,68.8
Ovulation,7.2,3,3,4,5,0.8,800.0,873.7,28.8
Late Luteal,5.0,2,2,3,1,3.0,62.4,162.4,34.9
Ovulation,7.5,5,4,5,2,0.5,303.4,394.6,66.1
Menstrual,8.0,4,4,3,3,0.0,443.1,503.5,49.2
Late Luteal,6.0,2,2,2,2,2.0,100.5,96.7,28.8
Follicular,5.9,3,3,3,2,2.1,182.3,282.3,36.9
Early Luteal,6.7,3,3,5,3,1.3,472.3,530.3,33.3
Late Luteal,6.6,3,2,2,2,1.4,38.1,20.1,44.3
Late Luteal,4.8,1,2,2,1,3.2,64.0,130.0,17.8
Late Luteal,8.2,4,3,3,4,0.0,443.5,425.0,47.1
Late Luteal,6.6,2,2,3,2,1.4,245.2,345.2,32.3
Late Luteal,6.8,2,1,1,2,1.2,305.4,346.8,34.1
Follicular,7.0,3,4,4,1,1.0,84.5,70.3,68.0
Follicular,8.9,5,4,5,2,0.0,300.3,242.3,73.5
Late Luteal,7.1,4,3,2,1,0.9,81.4,0.0,63.8
Menstrual,6.7,3,2,1,1,1.3,77.6,0.0,44.2
Late Luteal,6.5,2,3,3,2,1.5,278.2,246.4,34.2
Ovulation,5.3,3,3,3,1,2.7,48.2,143.2,48.1
Follicular,7.4,5,4,4,3,0.6,331.8,338.4,61.4
Late Luteal,7.5,2,2,2,2,0.5,115.7,34.4,46.9
Follicular,6.9,2,3,4,2,1.1,198.5,163.9,36.6
Follicular,8.1,5,3,3,2,0.0,186.7,221.0,77.1
Menstrual,7.3,4,3,3,3,0.7,203.9,266.8,49.1
Follicular,7.3,3,3,2,1,0.7,74.3,0.0,60.9
Menstrual,6.8,3,3,2,2,1.2,221.3,251.6,42.6
Follicular,7.7,3,4,4,1,0.3,7.1,42.1,71.3
Follicular,8.1,4,5,4,2,0.0,175.3,275.3,64.3
Early Luteal,7.7,4,3,3,2,0.3,106.7,162.3,64.5
Follicular,6.8,2,3,3,3,1.2,358.4,194.1,36.8
Late Luteal,6.7,2,3,2,1,1.3,54.7,72.2,48.2
Menstrual,8.3,4,3,2,1,0.0,38.7,2.1,66.1
Follicular,6.5,3,3,2,1,1.5,77.2,62.6,54.4
Menstrual,5.6,2,1,1,5,2.4,800.0,666.1,0.0
Follicular,7.3,4,4,3,3,0.7,323.8,226.3,56.2
Early Luteal,5.5,4,4,4,1,2.5,56.0,127.9,55.1
Follicular,8.8,5,4,5,1,0.0,105.9,101.2,87.8
Early Luteal,8.4,4,4,3,2,0.0,170.4,49.0,63.7
Follicular,6.5,3,3,4,3,1.5,349.7,373.1,36.0
Follicular,8.4,4,3,3,3,0.0,432.6,348.5,54.4
Follicular,5.3,4,4,3,2,2.7,141.7,221.2,48.9
Menstrual,6.5,3,3,3,3,1.5,392.5,251.6,36.3
Follicular,6.7,2,2,3,1,1.3,77.4,25.7,47.9
Follicular,7.9,4,3,4,5,0.1,784.2,744.9,32.8
Follicular,6.6,3,3,3,1,1.4,94.4,35.8,53.2
Ovulation,6.4,4,5,4,2,1.6,63.9,163.9,60.4
Early Luteal,7.2,5,3,4,2,0.8,249.2,177.2,60.2
Menstrual,5.7,4,3,4,3,2.3,376.9,364.2,29.7
Menstrual,7.1,3,3,2,3,0.9,297.4,334.1,38.0
Follicular,5.7,2,3,3,1,2.3,49.0,149.0,44.7
Follicular,7.5,5,4,4,3,0.5,412.5,379.8,62.1
Early Luteal,6.6,4,3,2,3,1.4,442.7,410.9,39.5
Late Luteal,5.6,4,2,3,2,2.4,335.5,337.0,38.9
Ovulation,6.9,2,4,4,2,1.1,283.5,205.9,45.8
Early Luteal,9.5,4,5,5,2,0.0,381.0,481.0,67.9
Late Luteal,5.8,2,1,2,2,2.2,80.7,65.3,28.9
Follicular,5.7,3,2,3,2,2.3,246.4,267.7,38.2
Early Luteal,9.5,5,5,4,2,0.0,254.2,302.7,80.1
Ovulation,6.6,3,3,4,3,1.4,379.3,387.4,39.0
Follicular,5.6,3,2,3,2,2.4,156.7,145.9,40.2
Follicular,6.9,4,3,4,2,1.1,147.7,207.6,59.7
Late Luteal,5.3,3,4,3,1,2.7,58.9,26.7,45.6
Late Luteal,4.5,2,2,1,2,3.5,186.3,265.6,22.5
Early Luteal,7.2,3,3,3,2,0.8,154.3,184.1,52.1
Menstrual,3.8,2,2,2,2,4.2,114.8,30.2,18.1
Follicular,9.0,5,5,5,1,0.0,39.6,0.0,87.2
Follicular,8.9,5,4,3,2,0.0,252.5,291.0,78.2
Early Luteal,6.7,4,4,4,1,1.3,13.6,113.6,61.8
Early Luteal,7.3,4,3,2,2,0.7,91.7,136.9,50.7
Early Luteal,8.3,4,4,3,2,0.0,329.0,265.5,63.7
Follicular,5.7,4,3,4,2,2.3,298.4,286.8,45.7
Follicular,7.1,4,4,5,2,0.9,159.9,144.9,59.8
Ovulation,7.1,5,4,2,2,0.9,258.1,358.1,58.4
Menstrual,8.2,3,3,4,1,0.0,173.5,186.9,51.7
Follicular,7.0,4,4,5,2,1.0,207.6,189.5,61.5
Follicular,6.3,2,4,3,1,1.7,61.3,97.7,47.8
Follicular,8.3,4,3,3,2,0.0,128.3,183.0,59.2
Early Luteal,6.4,4,3,4,2,1.6,127.8,8.2,50.6
Follicular,7.5,5,5,5,2,0.5,59.2,77.9,75.0
Follicular,7.5,4,4,3,2,0.5,126.2,175.1,58.1
Ovulation,7.8,4,4,3,1,0.2,49.2,0.0,73.8
Menstrual,7.0,2,3,3,1,1.0,56.5,0.5,46.3
Late Luteal,6.7,2,2,1,1,1.3,35.1,0.0,43.4
Follicular,6.1,4,4,3,2,1.9,265.4,205.4,44.7
Menstrual,5.6,2,1,2,1,2.4,67.8,0.0,34.3
Late Luteal,9.1,5,4,4,2,0.0,248.9,247.2,70.0
Ovulation,7.2,4,3,4,3,0.8,296.1,258.4,56.5
Menstrual,4.4,2,2,3,3,3.6,297.1,233.5,10.0
Late Luteal,7.6,4,4,3,2,0.4,154.6,110.8,55.2
Follicular,7.5,4,3,3,3,0.5,422.0,408.0,43.6
Follicular,6.6,4,3,4,1,1.4,45.5,136.7,59.3
Menstrual,6.9,4,3,2,2,1.1,89.6,101.4,46.7
Follicular,9.0,5,5,4,1,0.0,57.5,22.7,84.0
Early Luteal,8.2,4,2,3,5,0.0,800.0,900.0,32.5
Late Luteal,8.0,2,3,2,1,0.0,16.2,116.2,52.0
Early Luteal,8.6,5,3,3,2,0.0,133.8,80.0,77.8
Follicular,8.3,5,4,4,2,0.0,110.1,58.6,75.0
Menstrual,6.0,2,2,3,2,2.0,247.2,191.2,28.0
Late Luteal,6.6,2,2,1,2,1.4,309.5,273.4,31.1
Follicular,5.9,4,3,3,1,2.1,89.8,169.3,51.3
Follicular,8.4,4,4,4,1,0.0,49.4,0.0,78.0
Follicular,5.7,3,3,4,4,2.3,436.6,474.9,23.8
Menstrual,5.5,3,2,3,4,2.5,604.4,519.0,13.3
Ovulation,7.0,3,3,4,1,1.0,89.0,0.0,59.2
Early Luteal,8.0,4,4,5,3,0.0,326.9,243.5,57.0
Early Luteal,5.5,4,4,4,2,2.5,141.4,165.1,39.2
Early Luteal,4.6,2,2,2,1,3.4,117.4,136.3,27.7
Follicular,6.4,3,4,4,2,1.6,184.7,284.7,50.9
Follicular,6.8,2,3,3,1,1.2,120.1,167.8,49.1
Follicular,6.7,3,4,4,3,1.3,410.9,474.9,41.3
Late Luteal,5.5,3,2,3,4,2.5,529.0,407.5,14.4
Early Luteal,7.5,5,3,3,1,0.5,35.5,16.7,75.1
Menstrual,6.3,2,3,3,2,1.7,243.6,248.3,33.0
Early Luteal,7.4,5,4,3,2,0.6,207.0,252.6,65.9
Menstrual,7.9,4,3,3,2,0.1,141.3,241.3,62.5
Early Luteal,8.7,5,5,3,1,0.0,0.6,0.0,87.6
Ovulation,6.0,3,3,4,3,2.0,311.2,277.7,46.2
Ovulation,6.4,3,3,4,3,1.6,213.3,134.5,47.4
Early Luteal,6.3,2,2,3,3,1.7,391.3,491.3,31.5
Ovulation,6.6,2,3,3,1,1.4,75.3,18.5,57.1
Early Luteal,8.2,4,4,3,2,0.0,231.8,256.7,69.5
Follicular,5.7,2,1,3,2,2.3,193.8,254.6,31.3
Late Luteal,5.9,3,2,3,1,2.1,120.7,97.6,43.1
Ovulation,8.1,4,4,4,1,0.0,54.8,0.0,74.3
Late Luteal,6.1,2,3,3,2,1.9,67.3,0.0,41.3
Early Luteal,6.8,3,3,3,2,1.2,265.4,246.5,39.0
Follicular,7.0,3,3,4,2,1.0,147.5,210.2,52.2
Ovulation,6.5,2,4,4,1,1.5,65.1,0.0,49.1
Menstrual,5.6,2,2,2,4,2.4,675.5,579.5,4.4
Late Luteal,5.2,3,2,2,3,2.8,565.1,561.0,15.4
Follicular,7.5,4,4,3,2,0.5,305.0,327.0,60.3
Follicular,6.5,3,3,4,3,1.5,464.7,433.7,32.1
Ovulation,5.9,3,4,4,2,2.1,186.0,236.1,43.3
Follicular,8.7,4,4,4,2,0.0,157.0,249.3,75.8
Early Luteal,6.5,3,3,4,2,1.5,331.5,370.1,40.1
Ovulation,7.0,2,2,3,5,1.0,667.1,573.0,18.6
Early Luteal,5.8,2,3,3,4,2.2,688.7,683.3,15.8
Late Luteal,6.3,3,2,2,1,1.7,50.1,43.3,42.9
Early Luteal,6.1,3,3,2,2,1.9,158.7,0.0,42.8
Early Luteal,6.0,3,2,4,4,2.0,497.5,597.5,32.5
Early Luteal,6.8,2,3,4,2,1.2,215.7,310.4,38.7
Late Luteal,6.1,2,2,2,2,1.9,266.7,347.1,32.7
Menstrual,5.9,3,2,1,2,2.1,194.0,69.8,33.2
Ovulation,7.3,4,4,5,1,0.7,106.9,0.0,76.5
Follicular,7.6,4,3,3,3,0.4,323.2,314.7,59.1
Menstrual,7.3,4,3,3,3,0.7,386.2,417.0,45.5
Early Luteal,6.5,4,3,4,2,1.5,109.3,189.4,52.3
Menstrual,6.7,2,2,2,3,1.3,369.4,233.8,28.4
Late Luteal,5.9,2,2,2,2,2.1,13.4,0.0,33.2
Early Luteal,7.7,3,3,3,2,0.3,315.2,415.2,52.9
Follicular,6.6,3,3,3,2,1.4,206.9,306.9,49.0
Menstrual,5.9,4,3,2,2,2.1,9.6,23.5,43.8
Ovulation,7.2,4,3,4,3,0.8,401.2,501.2,49.8
Ovulation,8.3,4,4,4,1,0.0,120.8,168.9,74.9
Late Luteal,6.7,3,3,2,1,1.3,53.9,0.0,50.3
Early Luteal,8.6,5,4,4,1,0.0,113.8,213.8,75.5
Late Luteal,5.8,2,3,2,2,2.2,107.0,78.9,32.4
Late Luteal,5.0,3,1,1,2,3.0,104.4,56.7,31.4
Menstrual,5.9,3,3,3,2,2.1,282.5,121.7,29.9
Early Luteal,6.8,3,3,3,1,1.2,84.2,176.1,62.2
Follicular,8.1,3,4,3,2,0.0,227.2,234.0,61.1
Late Luteal,7.9,3,2,1,5,0.1,800.0,842.1,29.7
Menstrual,6.3,3,2,3,5,1.7,724.6,753.6,11.3
Early Luteal,5.2,2,2,1,3,2.8,305.3,312.8,17.4
Follicular,8.0,4,3,4,4,0.0,474.1,386.3,57.4
Menstrual,6.0,3,3,3,1,2.0,42.7,5.2,37.3
Follicular,7.6,5,4,4,2,0.4,140.0,133.7,74.6
Late Luteal,9.1,4,3,3,3,0.0,348.9,345.5,57.1
Follicular,6.3,3,3,4,2,1.7,225.6,242.8,44.3
Early Luteal,7.0,2,3,3,1,1.0,6.6,55.1,54.6
Menstrual,6.2,3,3,4,2,1.8,170.7,161.7,39.2
Follicular,8.7,5,4,4,4,0.0,621.9,610.3,59.4
Late Luteal,6.6,3,3,3,3,1.4,270.8,309.0,37.9
Follicular,6.8,4,4,4,2,1.2,86.9,119.6,60.2
Late Luteal,6.6,2,3,2,1,1.4,28.3,0.0,41.1
Follicular,5.4,3,3,3,2,2.6,291.3,260.9,35.2
Menstrual,6.9,4,2,3,3,1.1,398.1,401.5,42.4
Ovulation,8.7,5,5,5,2,0.0,158.7,159.6,85.4
Late Luteal,7.1,4,3,3,2,0.9,166.1,266.1,52.4
Ovulation,6.4,4,3,4,2,1.6,285.1,151.5,52.1
Follicular,8.4,3,3,3,5,0.0,723.0,651.0,32.6
Early Luteal,7.8,5,5,5,3,0.2,272.4,241.3,65.6
Early Luteal,5.7,3,2,2,4,2.3,662.9,533.9,20.2
Early Luteal,7.8,4,4,3,1,0.2,20.3,9.3,71.0
Menstrual,5.7,3,3,4,1,2.3,35.8,93.2,41.7
Early Luteal,6.8,3,3,3,1,1.2,65.1,114.2,58.4
Late Luteal,6.8,2,2,2,2,1.2,115.1,68.0,29.4
Late Luteal,5.5,2,2,1,2,2.5,163.5,204.2,21.5
Menstrual,6.8,2,2,1,1,1.2,15.2,0.0,44.9
Follicular,7.4,5,3,3,2,0.6,146.0,179.3,70.3
Follicular,6.6,2,4,3,3,1.4,313.4,297.0,37.4
Follicular,5.5,3,3,5,2,2.5,146.9,246.9,38.8
Follicular,8.1,5,4,4,1,0.0,68.7,0.0,77.2
Follicular,7.2,5,3,3,2,0.8,243.0,183.3,65.3
Ovulation,7.9,4,3,4,3,0.1,628.4,707.8,49.1
Menstrual,6.0,2,2,2,2,2.0,167.3,114.3,31.5
Menstrual,7.9,4,3,4,2,0.1,104.5,99.7,59.4
Late Luteal,7.1,5,4,4,2,0.9,293.7,379.5,60.2
Early Luteal,7.4,4,4,4,1,0.6,135.1,198.1,68.9
Menstrual,5.2,2,2,3,2,2.8,245.0,345.0,21.5
Menstrual,7.8,3,2,3,2,0.2,142.5,85.4,48.4
Early Luteal,7.9,3,4,4,1,0.1,74.7,71.7,61.3
Follicular,7.7,5,4,4,1,0.3,55.0,130.0,79.4
Follicular,7.3,4,4,5,2,0.7,163.5,74.5,68.6
Early Luteal,6.7,3,1,3,4,1.3,581.4,618.1,27.1
Follicular,4.6,1,3,4,2,3.4,127.8,131.2,26.1
Follicular,5.9,3,3,2,2,2.1,338.6,264.1,37.8
Follicular,6.6,3,2,4,4,1.4,495.1,579.2,34.2
Early Luteal,7.5,4,3,4,4,0.5,586.3,570.5,37.5
Late Luteal,5.3,2,3,4,1,2.7,113.5,75.7,37.4
Ovulation,4.9,3,3,4,3,3.1,544.2,644.2,23.3
Early Luteal,8.0,5,3,3,2,0.0,256.2,78.8,64.2
Follicular,6.7,4,4,4,1,1.3,116.5,8.8,60.3
Early Luteal,6.0,3,4,3,2,2.0,257.4,309.7,44.3
Early Luteal,6.8,4,3,3,3,1.2,281.3,340.5,47.5
Menstrual,7.9,5,3,3,2,0.1,85.0,134.9,65.5
Early Luteal,6.7,4,2,2,5,1.3,800.0,881.9,20.3
Menstrual,6.2,3,3,2,3,1.8,461.4,408.7,25.9
Ovulation,6.3,3,3,3,5,1.7,617.7,544.0,21.1
Ovulation,7.2,4,3,4,3,0.8,364.4,356.1,51.3
Menstrual,6.3,3,3,3,3,1.7,444.2,536.1,29.8
Follicular,6.2,2,3,3,4,1.8,610.6,710.6,19.6
Follicular,8.6,5,3,3,1,0.0,48.8,29.1,76.3
Late Luteal,5.3,2,3,3,2,2.7,88.5,173.6,30.3
Menstrual,6.6,4,2,3,2,1.4,195.6,32.6,49.2
Late Luteal,7.2,4,4,2,2,0.8,363.0,316.9,51.1
Late Luteal,8.0,4,3,3,2,0.0,189.3,222.7,64.2
Follicular,6.5,3,4,4,3,1.5,404.0,483.7,45.2
Late Luteal,6.9,3,3,2,1,1.1,111.0,167.4,50.6
Menstrual,5.2,2,1,2,2,2.8,116.0,0.0,23.8
Late Luteal,7.7,3,3,3,1,0.3,90.6,60.3,62.6
Ovulation,7.5,4,3,3,4,0.5,648.7,663.5,43.7
Early Luteal,7.4,3,3,3,1,0.6,177.9,263.1,54.8
Menstrual,6.8,2,1,1,5,1.2,800.0,788.7,5.2
Follicular,7.0,2,2,2,3,1.0,335.8,277.0,36.4
Follicular,9.0,5,4,4,2,0.0,270.3,261.8,74.8
Early Luteal,6.9,3,4,4,2,1.1,116.3,133.1,48.1
Menstrual,6.3,2,2,3,4,1.7,588.5,664.5,17.4
Early Luteal,6.3,4,4,3,2,1.7,8.2,0.0,55.8
Late Luteal,7.1,3,2,2,3,0.9,546.5,646.5,33.8
Late Luteal,7.2,5,4,4,2,0.8,182.2,202.3,69.3
Menstrual,7.9,4,4,4,1,0.1,143.9,183.0,65.0
Follicular,7.1,4,3,3,4,0.9,460.1,472.6,50.1
Late Luteal,6.1,2,2,1,4,1.9,618.7,559.6,12.2
Menstrual,7.2,5,3,2,3,0.8,452.2,450.3,45.2
Menstrual,5.1,3,2,2,5,2.9,800.0,720.3,7.2
Early Luteal,5.7,3,3,3,3,2.3,390.4,397.3,27.0
Ovulation,7.4,5,3,4,2,0.6,152.4,221.7,70.0
Menstrual,6.9,3,2,3,2,1.1,286.7,152.7,40.6
Follicular,7.5,4,3,3,4,0.5,499.0,574.8,48.5
Late Luteal,6.9,2,2,1,2,1.1,206.5,110.0,36.6
Early Luteal,6.4,3,3,3,1,1.6,51.5,64.2,50.1
Menstrual,8.0,4,4,4,1,0.0,170.7,231.0,64.2
Ovulation,5.5,3,3,4,2,2.5,55.3,77.9,47.9
Follicular,6.3,3,2,4,4,1.7,596.5,468.5,25.3
Late Luteal,6.9,2,2,3,1,1.1,116.6,36.1,46.2
Follicular,7.0,3,3,4,2,1.0,198.5,298.5,50.3
Menstrual,6.5,4,4,3,1,1.5,97.0,105.4,55.0
Menstrual,5.8,3,2,3,2,2.2,109.0,179.2,39.1
Late Luteal,6.7,2,3,3,1,1.3,21.1,0.0,43.4
Follicular,6.3,4,3,5,2,1.7,190.7,230.9,51.0
Follicular,5.7,4,2,2,4,2.3,643.6,656.9,27.4
Late Luteal,8.3,3,2,3,1,0.0,8.9,108.9,63.0
Menstrual,6.3,4,4,4,2,1.7,422.5,355.8,49.6
Follicular,8.7,3,3,3,4,0.0,424.2,449.4,46.2
Late Luteal,5.6,3,2,3,2,2.4,82.8,42.0,39.6
Follicular,5.8,3,3,3,2,2.2,140.0,186.8,47.3
Follicular,6.8,5,3,4,3,1.2,461.8,521.2,53.3
Follicular,7.0,4,3,3,4,1.0,520.0,620.0,43.0
Follicular,7.6,3,3,3,1,0.4,28.7,0.0,64.6
Follicular,7.1,4,3,3,2,0.9,220.2,144.1,58.7
Menstrual,6.6,2,1,2,4,1.4,455.4,488.3,18.8
Early Luteal,7.1,4,2,3,3,0.9,471.7,535.1,47.5
Late Luteal,6.4,3,3,3,3,1.6,369.6,343.9,30.9
Early Luteal,6.2,3,3,5,3,1.8,290.4,390.4,28.4
Menstrual,7.7,5,4,3,4,0.3,529.4,585.6,41.5
Early Luteal,6.8,3,3,3,1,1.2,57.0,57.0,57.0
Menstrual,5.7,3,2,3,1,2.3,172.4,241.1,39.4
Follicular,7.5,4,4,3,1,0.5,26.8,0.0,67.7
Ovulation,5.9,3,3,4,3,2.1,279.0,276.2,36.1
Menstrual,7.1,4,3,4,2,0.9,118.5,126.7,56.0
Late Luteal,8.7,4,3,3,1,0.0,81.7,167.5,69.0
Menstrual,7.0,3,4,3,1,1.0,70.3,18.5,55.4
Ovulation,7.4,5,5,5,2,0.6,262.7,257.5,68.5
Follicular,8.3,4,3,3,4,0.0,575.0,675.0,46.1
Menstrual,8.3,3,3,2,2,0.0,232.0,332.0,52.1
Follicular,7.3,4,4,4,2,0.7,102.3,0.0,62.5
Follicular,6.9,3,4,2,2,1.1,169.1,211.9,50.6
Menstrual,6.6,3,2,3,4,1.4,460.7,486.2,25.4
Menstrual,7.4,4,3,3,2,0.6,149.0,168.2,56.5
Follicular,7.6,4,3,3,1,0.4,79.2,179.2,67.2
Early Luteal,7.3,4,3,4,1,0.7,13.5,113.5,64.2
Menstrual,5.2,4,2,2,3,2.8,290.9,335.5,29.4
Menstrual,8.4,4,4,3,1,0.0,23.0,123.0,68.9
Follicular,6.7,4,3,3,3,1.3,357.2,331.8,45.7
Early Luteal,6.3,3,3,3,4,1.7,724.2,768.0,17.4
Early Luteal,8.2,5,3,4,2,0.0,167.9,233.9,71.7
Follicular,5.9,4,3,4,3,2.1,321.5,406.4,38.2
Early Luteal,6.7,2,3,3,4,1.3,501.1,445.8,21.1
Late Luteal,4.6,1,2,2,1,3.4,32.1,27.9,23.4
Late Luteal,6.2,3,3,2,1,1.8,107.0,107.6,46.6
Follicular,7.4,4,3,3,2,0.6,180.4,242.0,59.3
Late Luteal,5.5,3,1,1,3,2.5,451.1,329.5,21.1
Follicular,8.6,5,4,3,2,0.0,335.6,432.3,71.8
Late Luteal,6.6,2,2,2,2,1.4,209.4,80.7,32.7
Early Luteal,6.0,3,2,4,4,2.0,593.5,657.0,22.7
Menstrual,7.2,4,2,2,4,0.8,377.2,386.3,35.8
Follicular,7.0,3,3,3,2,1.0,145.9,232.7,49.9
Follicular,6.2,3,3,4,2,1.8,197.3,237.6,49.7
Early Luteal,8.0,4,3,3,3,0.0,437.2,399.4,53.5
Menstrual,7.4,3,3,3,1,0.6,67.1,0.7,55.1
Late Luteal,6.2,3,3,3,2,1.8,131.4,231.4,39.3
Early Luteal,7.0,4,4,4,2,1.0,343.0,364.6,50.2
Follicular,7.8,4,4,4,2,0.2,137.7,103.5,63.4
Early Luteal,7.5,4,3,3,3,0.5,459.5,480.4,41.0
Menstrual,7.2,3,3,2,1,0.8,92.6,18.1,54.6
Early Luteal,6.3,3,2,3,3,1.7,479.7,331.2,36.4
Late Luteal,9.0,5,4,3,2,0.0,214.7,304.6,61.2
Late Luteal,6.9,1,2,2,2,1.1,214.3,314.3,33.5
Early Luteal,6.5,4,4,4,1,1.5,37.8,0.0,65.3
Follicular,5.9,3,3,3,2,2.1,244.7,344.2,39.7
Late Luteal,5.0,2,2,3,1,3.0,115.5,202.1,26.0
Ovulation,7.2,4,4,4,2,0.8,245.3,67.5,69.5
Follicular,7.0,3,3,4,2,1.0,108.7,27.3,54.1
Follicular,7.4,5,4,3,1,0.6,62.7,0.0,79.3
Menstrual,5.4,3,1,2,4,2.6,673.7,638.9,10.3
Follicular,8.2,4,4,5,3,0.0,509.6,520.0,53.2
Late Luteal,5.7,2,2,2,1,2.3,51.5,151.5,38.5
Follicular,5.7,4,4,5,2,2.3,225.7,160.8,46.5
Menstrual,6.8,2,3,2,3,1.2,491.0,419.1,25.9
Follicular,8.1,3,3,3,2,0.0,217.4,266.7,55.3
Early Luteal,8.3,5,3,3,2,0.0,216.6,155.6,68.7
Late Luteal,7.8,4,3,3,1,0.2,140.1,25.2,66.3
Early Luteal,6.4,3,2,1,1,1.6,73.4,151.5,45.2
Late Luteal,5.9,2,1,1,4,2.1,675.1,704.1,5.0
Late Luteal,7.7,4,3,3,2,0.3,243.4,218.5,60.2
Ovulation,6.4,4,4,4,2,1.6,350.9,363.6,47.0
Late Luteal,7.2,4,3,3,2,0.8,263.8,363.8,55.0
Menstrual,6.5,2,2,2,3,1.5,322.3,422.3,22.4
Late Luteal,5.3,2,2,3,2,2.7,148.0,116.6,25.5
Early Luteal,7.4,4,2,3,2,0.6,236.8,272.0,57.7
Follicular,8.6,5,4,4,3,0.0,438.4,439.0,63.7
Late Luteal,5.0,2,2,2,2,3.0,155.5,127.5,23.7
Menstrual,7.3,4,4,3,1,0.7,57.4,32.8,61.4
Follicular,7.4,5,4,4,4,0.6,598.1,517.1,54.4
Ovulation,8.3,4,4,4,2,0.0,220.0,137.9,67.1
Early Luteal,7.8,5,4,4,2,0.2,117.7,111.2,71.3
Late Luteal,7.1,4,4,3,2,0.9,77.8,126.0,57.1
Ovulation,8.1,5,5,5,2,0.0,82.4,30.5,80.9
Late Luteal,7.1,4,4,3,2,0.9,112.2,66.8,51.1
Early Luteal,5.6,3,3,2,1,2.4,86.1,177.8,49.5
Ovulation,6.3,3,4,4,1,1.7,70.1,24.9,54.8
Ovulation,5.7,3,3,3,2,2.3,293.9,318.4,39.0
Early Luteal,7.7,4,2,3,5,0.3,800.0,842.4,35.5
Follicular,5.7,3,3,4,1,2.3,117.3,133.8,43.6
Menstrual,4.5,2,2,2,3,3.5,302.6,172.0,12.5
Late Luteal,6.3,3,3,3,2,1.7,319.6,419.6,40.4
Early Luteal,7.1,4,4,4,2,0.9,148.9,189.2,65.9
Menstrual,5.9,2,2,3,3,2.1,314.0,414.0,20.6
Menstrual,8.1,4,3,3,2,0.0,199.1,240.0,53.7
Early Luteal,6.3,4,3,4,3,1.7,423.1,250.5,37.2
Early Luteal,7.5,4,2,4,2,0.5,137.3,153.1,58.1
Late Luteal,7.6,3,2,1,3,0.4,287.9,343.1,41.7
Early Luteal,7.2,4,3,4,2,0.8,169.2,109.0,55.6
Follicular,7.3,4,3,5,3,0.7,335.7,337.6,50.9
Early Luteal,7.4,4,3,3,4,0.6,634.8,626.2,42.0
Early Luteal,8.2,5,3,3,2,0.0,194.8,280.3,70.6
Ovulation,6.9,4,5,5,2,1.1,156.3,232.0,66.7
Follicular,6.4,4,3,3,2,1.6,314.9,337.9,51.7
Menstrual,7.0,2,2,3,4,1.0,632.6,699.3,20.6
Menstrual,6.1,3,3,2,2,1.9,120.9,128.6,37.3
Follicular,6.4,3,3,4,4,1.6,510.2,580.0,29.8
Ovulation,8.8,5,4,4,3,0.0,307.4,343.5,66.8
Early Luteal,8.0,4,4,5,1,0.0,93.7,72.0,73.3
Late Luteal,7.0,3,2,1,2,1.0,100.9,158.3,47.2
Early Luteal,5.6,2,2,2,2,2.4,176.5,230.4,27.3
Ovulation,7.0,2,3,3,2,1.0,156.9,256.9,46.4
Follicular,6.9,2,4,4,3,1.1,227.1,327.1,39.5
Follicular,8.4,5,5,5,2,0.0,233.4,307.8,73.9
Menstrual,7.6,3,3,3,1,0.4,103.5,111.9,55.6
Late Luteal,8.3,4,3,2,3,0.0,463.0,404.6,50.6
Follicular,6.4,2,4,3,2,1.6,167.6,259.1,39.8
Follicular,7.1,4,4,3,2,0.9,279.8,231.9,57.4
Ovulation,6.2,3,2,2,4,1.8,528.7,481.1,25.6
Menstrual,5.7,4,4,3,2,2.3,155.0,182.0,42.6
Early Luteal,7.0,3,3,2,2,1.0,117.0,105.5,47.9
Ovulation,6.7,3,3,5,2,1.3,141.5,212.4,49.7
Follicular,7.0,3,3,4,2,1.0,187.3,0.0,52.1
Menstrual,8.2,4,3,4,1,0.0,164.2,174.8,62.7
Follicular,7.3,4,4,4,2,0.7,265.1,332.7,64.7
Early Luteal,7.3,3,2,3,5,0.7,667.3,629.7,25.3
Ovulation,9.5,5,5,5,1,0.0,28.9,0.0,91.0
Ovulation,7.8,4,3,4,2,0.2,146.2,75.8,70.3
Menstrual,4.8,1,2,3,1,3.2,13.9,11.5,25.6
Follicular,6.1,3,3,3,2,1.9,88.1,112.7,42.6
Early Luteal,7.3,3,3,2,2,0.7,285.3,201.2,50.0
Follicular,8.2,5,4,4,2,0.0,59.4,0.0,76.4
Early Luteal,8.3,3,3,2,4,0.0,643.9,540.0,35.7
Early Luteal,7.5,4,3,3,2,0.5,246.1,346.1,60.7
Late Luteal,6.6,2,2,3,3,1.4,444.5,413.0,26.1
Late Luteal,8.7,3,3,2,2,0.0,186.6,220.6,62.7
Ovulation,6.4,2,4,5,1,1.6,83.4,105.7,50.1
Late Luteal,3.5,1,2,3,1,4.5,26.0,117.8,12.3
Late Luteal,6.4,3,3,2,2,1.6,238.6,146.1,33.9
Early Luteal,6.9,2,1,2,3,1.1,458.7,370.5,30.8
Follicular,5.9,3,2,2,4,2.1,490.3,492.9,29.2
Follicular,9.0,5,4,3,2,0.0,129.3,155.1,77.2
Late Luteal,6.6,2,2,2,4,1.4,435.4,454.7,21.5
Early Luteal,7.2,4,3,3,1,0.8,119.1,77.7,66.8
Follicular,8.0,4,3,3,4,0.0,519.9,588.4,46.9
Early Luteal,5.7,3,2,2,3,2.3,340.0,400.8,24.7
Late Luteal,7.1,3,2,2,5,0.9,800.0,733.7,17.8
Early Luteal,7.4,4,3,4,2,0.6,145.1,46.0,60.2
Late Luteal,5.4,3,1,2,5,2.6,800.0,879.9,2.8
Menstrual,8.2,4,4,3,1,0.0,94.9,22.8,72.3
Menstrual,5.5,2,2,1,2,2.5,267.8,262.4,20.5
Late Luteal,6.1,2,2,2,1,1.9,60.0,98.0,38.2
Ovulation,7.7,4,3,4,5,0.3,746.6,759.1,36.9
Late Luteal,4.4,1,2,1,1,3.6,9.0,0.0,17.2
Menstrual,5.5,4,2,1,4,2.5,560.1,609.6,22.8
Early Luteal,5.5,4,3,4,2,2.5,116.5,148.8,43.4
Follicular,6.4,3,3,4,2,1.6,159.8,111.4,48.1
Early Luteal,9.4,5,4,4,1,0.0,51.2,0.0,87.1
Follicular,7.3,4,2,4,3,0.7,550.4,521.3,46.3
Follicular,8.4,4,4,4,3,0.0,278.2,223.6,63.6
Early Luteal,7.3,4,3,4,3,0.7,443.9,285.4,48.9
Follicular,8.7,4,3,3,3,0.0,369.3,354.6,61.2
Early Luteal,7.0,3,3,3,2,1.0,344.7,317.8,47.1
Follicular,6.9,4,3,4,4,1.1,714.5,718.2,34.8
Late Luteal,6.6,2,2,2,2,1.4,219.3,315.7,38.6
Early Luteal,7.6,3,2,2,2,0.4,319.0,327.1,54.1
Menstrual,5.3,2,2,2,3,2.7,334.5,304.3,11.6
Early Luteal,7.1,5,4,3,2,0.9,263.1,173.9,62.8
Ovulation,7.6,4,4,3,2,0.4,348.4,391.9,63.9
Late Luteal,6.9,3,2,2,2,1.1,313.1,313.2,36.9
Late Luteal,5.1,2,1,1,3,2.9,513.4,521.3,9.7
Follicular,8.3,5,4,5,2,0.0,244.4,344.4,70.0
Late Luteal,6.7,3,3,3,4,1.3,556.7,631.5,27.9
Early Luteal,8.4,4,3,2,2,0.0,194.2,282.7,67.2
Ovulation,6.2,4,4,4,3,1.8,320.5,316.7,44.7
Menstrual,7.4,4,3,2,3,0.6,424.3,346.3,45.2
Menstrual,9.3,5,5,3,2,0.0,140.6,240.6,80.3
Follicular,6.0,3,4,3,2,2.0,179.4,279.4,45.5
Follicular,7.7,4,3,4,2,0.3,262.7,227.6,56.1
Early Luteal,6.8,3,3,3,1,1.2,135.5,142.9,55.6
Late Luteal,5.4,2,3,2,3,2.6,316.6,310.0,20.9
Follicular,6.4,3,3,4,2,1.6,307.1,281.8,44.6
Ovulation,9.3,4,3,3,2,0.0,184.6,282.0,71.0
Late Luteal,6.5,2,2,2,3,1.5,519.8,451.0,23.6
Follicular,7.5,3,3,3,1,0.5,69.3,42.0,63.4
Follicular,5.1,3,2,2,3,2.9,313.7,316.1,21.3
Ovulation,6.4,3,3,3,2,1.6,312.1,360.6,48.4
Follicular,7.5,4,4,4,2,0.5,134.3,164.1,63.3
Late Luteal,8.3,2,3,2,1,0.0,131.2,231.2,58.3
Follicular,7.4,3,4,4,2,0.6,221.1,321.1,54.9
Follicular,8.5,4,4,4,4,0.0,388.0,431.1,49.7
Early Luteal,6.3,3,3,3,1,1.7,9.5,80.2,52.6
Early Luteal,8.0,4,3,3,3,0.0,363.0,297.6,57.8
Follicular,6.8,4,3,4,1,1.2,50.3,121.0,61.1
Follicular,7.7,4,4,4,1,0.3,74.6,101.5,72.0
Follicular,7.8,5,4,4,2,0.2,245.9,105.4,66.8
Early Luteal,8.4,4,5,4,2,0.0,151.2,13.9,72.4
Early Luteal,6.7,3,3,2,5,1.3,679.9,547.1,22.3
Early Luteal,7.7,4,4,3,1,0.3,108.5,116.6,71.3
Follicular,6.6,3,3,4,2,1.4,242.7,342.7,43.4
Follicular,7.2,5,3,4,3,0.8,329.5,326.2,50.7
Follicular,9.5,4,4,5,3,0.0,422.5,468.7,64.1
Late Luteal,7.1,4,1,1,5,0.9,800.0,784.0,22.8
Late Luteal,6.2,3,3,3,3,1.8,404.7,504.7,30.6
Follicular,5.2,3,4,3,1,2.8,89.7,0.0,44.4
Late Luteal,6.7,3,2,2,3,1.3,437.0,406.0,28.9
Ovulation,5.6,2,2,3,4,2.4,554.1,506.8,18.8
Menstrual,7.8,4,4,3,1,0.2,130.6,230.6,65.3
Menstrual,5.2,2,2,1,5,2.8,657.6,632.9,0.0
Late Luteal,8.3,4,3,4,2,0.0,117.9,179.7,57.7
Late Luteal,5.8,2,2,2,2,2.2,256.3,219.1,28.1
Late Luteal,6.7,3,3,2,2,1.3,209.2,218.8,40.2
Menstrual,8.2,3,3,2,3,0.0,365.5,407.3,49.1
Menstrual,7.9,3,3,2,2,0.1,158.0,192.6,52.1
Early Luteal,6.6,4,4,4,1,1.4,114.7,67.3,66.8
Late Luteal,6.7,3,2,2,3,1.3,464.2,321.4,27.9
Menstrual,6.8,3,3,2,2,1.2,210.2,106.8,42.3
Early Luteal,7.6,4,4,3,1,0.4,161.9,76.0,63.7
Late Luteal,6.5,2,2,2,2,1.5,83.4,147.9,38.5
Follicular,8.5,4,5,5,1,0.0,24.3,83.6,80.7
Menstrual,7.7,5,3,3,2,0.3,216.2,293.5,59.7
Follicular,6.8,3,3,4,2,1.2,93.4,131.9,49.4
Follicular,7.7,4,2,2,5,0.3,765.5,670.9,32.1
Follicular,7.5,5,4,4,1,0.5,62.9,162.9,70.8
Ovulation,6.3,3,3,3,1,1.7,120.4,140.8,51.9
Follicular,6.4,3,3,4,2,1.6,132.9,151.3,53.5
Follicular,6.5,3,3,3,3,1.5,306.2,278.9,46.3
Menstrual,6.9,2,3,3,1,1.1,121.9,122.8,46.0
Early Luteal,8.9,5,3,3,5,0.0,799.2,885.1,39.5
Follicular,6.8,3,3,3,3,1.2,350.7,229.1,41.2
Follicular,7.0,3,2,3,2,1.0,182.9,147.5,52.0
Follicular,6.1,2,3,3,1,1.9,58.3,69.2,44.9
Menstrual,5.4,3,2,3,1,2.6,39.2,0.0,40.3
Early Luteal,7.8,4,4,4,2,0.2,203.6,194.1,64.4
Follicular,6.9,4,4,5,2,1.1,50.8,26.2,59.2
Early Luteal,7.0,3,3,3,2,1.0,200.1,184.0,53.5
Early Luteal,7.8,4,3,4,3,0.2,444.8,448.4,48.4
Follicular,8.0,4,4,3,3,0.0,439.2,442.4,51.8
Ovulation,7.0,3,3,3,2,1.0,221.7,272.5,49.6
Menstrual,7.0,3,3,3,1,1.0,29.1,129.1,56.1
Follicular,8.5,5,5,4,1,0.0,162.3,222.1,79.0
Late Luteal,6.9,3,2,2,2,1.1,145.4,230.4,45.0
Late Luteal,6.7,4,4,4,1,1.3,36.1,39.7,56.3
Follicular,8.0,5,4,5,5,0.0,702.3,760.7,43.0
Menstrual,6.4,2,4,4,1,1.6,20.2,67.6,41.9
Late Luteal,6.6,3,3,3,2,1.4,143.4,141.4,39.6
Early Luteal,6.8,3,4,2,2,1.2,178.8,94.2,47.4
Menstrual,6.7,3,3,3,1,1.3,99.0,192.4,48.2
Late Luteal,5.3,3,3,2,2,2.7,215.6,209.0,29.6
Ovulation,5.5,3,3,5,3,2.5,401.1,417.0,33.5
Menstrual,6.8,3,2,4,3,1.2,303.0,403.0,32.7
Early Luteal,6.4,3,3,3,2,1.6,151.8,217.9,39.4
Late Luteal,5.6,3,2,2,2,2.4,231.9,161.3,33.7
Menstrual,6.0,3,3,2,2,2.0,72.2,0.0,41.6
Follicular,7.0,4,4,4,1,1.0,54.3,154.3,68.0
Early Luteal,8.0,5,5,4,3,0.0,462.0,484.5,65.0
Late Luteal,4.5,1,1,2,2,3.5,193.0,229.0,8.2
Early Luteal,7.4,3,3,3,2,0.6,216.8,52.6,42.9
Early Luteal,6.4,4,3,3,2,1.6,167.0,132.9,49.8
Menstrual,8.3,5,4,3,2,0.0,148.5,148.2,70.4
Late Luteal,6.3,3,3,2,2,1.7,119.2,53.5,40.7
Early Luteal,6.5,4,3,3,3,1.5,322.5,183.1,43.1
Menstrual,6.6,4,3,2,4,1.4,378.8,356.3,29.9
Follicular,7.0,4,4,4,2,1.0,244.9,87.8,56.0
Follicular,8.7,5,4,4,3,0.0,336.0,163.7,70.8
Menstrual,7.2,4,3,3,2,0.8,142.4,113.6,54.6
Follicular,7.5,4,4,3,2,0.5,122.7,176.5,61.9
Follicular,6.9,3,3,3,1,1.1,135.0,27.4,52.2
Late Luteal,7.9,4,2,1,3,0.1,426.4,469.9,45.1
Early Luteal,7.8,4,3,3,1,0.2,62.4,162.4,65.8
Late Luteal,5.6,3,2,1,3,2.4,265.6,216.4,29.1
Late Luteal,7.2,5,3,2,2,0.8,57.1,0.0,61.5
Follicular,6.7,3,3,4,4,1.3,465.8,363.3,32.1
Menstrual,9.4,4,3,2,5,0.0,771.9,794.1,38.7
Menstrual,6.9,4,3,3,3,1.1,300.5,324.8,44.3
Menstrual,6.3,2,2,2,4,1.7,599.1,601.5,12.3
Early Luteal,6.4,3,2,3,1,1.6,61.4,113.4,52.1
Menstrual,5.3,3,2,2,2,2.7,236.2,298.2,32.6
Follicular,8.1,4,4,3,2,0.0,117.4,117.4,64.3
Menstrual,8.2,4,4,4,3,0.0,523.4,568.6,47.9
Late Luteal,8.4,4,3,3,4,0.0,654.1,546.0,40.1
Late Luteal,5.9,2,1,1,2,2.1,63.8,57.9,32.4
Late Luteal,7.9,3,2,3,4,0.1,602.7,567.1,38.1
Late Luteal,7.6,4,4,3,2,0.4,261.9,236.7,57.9
Early Luteal,8.5,4,4,4,2,0.0,206.0,56.2,71.5
Menstrual,5.9,3,2,2,2,2.1,246.8,131.2,35.5
Follicular,8.0,4,3,4,3,0.0,469.8,546.3,54.9
Menstrual,6.3,3,3,3,3,1.7,358.5,408.2,33.3
Late Luteal,6.4,2,1,2,4,1.6,575.1,675.1,11.4
Menstrual,8.2,4,4,3,2,0.0,45.6,145.6,63.1
Early Luteal,7.8,4,4,5,3,0.2,375.5,463.5,56.0
Late Luteal,5.2,2,2,2,1,2.8,51.9,146.3,29.2
Menstrual,8.2,4,2,2,2,0.0,142.0,24.8,64.4
Follicular,7.1,4,4,4,4,0.9,666.7,697.6,34.8
Follicular,7.0,3,4,4,2,1.0,294.8,301.3,52.3
Late Luteal,5.1,3,2,2,1,2.9,97.6,140.7,40.8
Ovulation,7.0,3,4,4,2,1.0,121.4,35.5,54.8
Early Luteal,5.8,3,3,3,2,2.2,78.7,79.8,38.8
Menstrual,6.2,2,2,2,2,1.8,178.2,202.3,30.0
Early Luteal,7.4,5,3,3,3,0.6,399.2,365.9,52.8
Follicular,7.9,4,3,4,2,0.1,229.0,193.7,66.0
Follicular,8.0,4,5,4,2,0.0,172.7,224.3,65.9
Follicular,7.8,3,4,4,2,0.2,192.4,134.5,56.1
Menstrual,6.7,2,2,3,2,1.3,310.2,315.4,27.6
Menstrual,6.1,3,3,3,2,1.9,164.5,245.6,43.6
Ovulation,8.2,4,4,5,3,0.0,420.9,413.3,59.8
Follicular,5.0,1,2,3,2,3.0,163.7,230.5,23.0
Late Luteal,7.7,3,3,3,3,0.3,303.0,359.6,43.2
Menstrual,7.6,4,3,3,2,0.4,193.4,207.5,49.5
Menstrual,8.8,4,4,3,2,0.0,157.9,158.7,67.8
Follicular,7.5,5,4,4,1,0.5,101.2,62.3,72.3
Early Luteal,7.2,4,3,3,2,0.8,262.1,348.3,53.3
Follicular,5.3,3,3,3,2,2.7,181.8,154.9,34.8
Early Luteal,7.6,4,3,3,2,0.4,19.0,13.1,70.5
Early Luteal,7.5,4,3,3,3,0.5,429.8,529.8,47.9
Follicular,6.5,4,4,4,2,1.5,283.6,236.0,55.7
Follicular,8.2,5,4,4,5,0.0,800.0,900.0,42.9
Follicular,8.5,3,3,3,3,0.0,411.5,255.7,55.8
Late Luteal,6.6,2,2,2,2,1.4,34.9,0.0,39.3
Late Luteal,5.9,2,3,2,1,2.1,42.7,0.0,39.0
Late Luteal,6.3,3,3,3,2,1.7,106.1,138.2,37.6
Follicular,6.5,1,3,4,2,1.5,131.9,169.6,36.7
Follicular,7.3,5,4,4,2,0.7,225.8,208.8,67.5
Menstrual,6.5,3,2,1,3,1.5,480.4,415.9,27.9
Menstrual,6.6,2,2,2,2,1.4,133.0,111.3,32.7
Late Luteal,6.8,4,4,3,2,1.2,186.3,275.0,53.6
Early Luteal,8.7,5,3,3,3,0.0,393.9,493.9,62.3
Menstrual,5.6,3,3,3,1,2.4,36.3,0.0,44.8
Late Luteal,8.1,3,3,3,3,0.0,231.5,315.1,49.3
Early Luteal,6.0,4,3,3,2,2.0,262.8,280.2,41.5
Follicular,9.3,4,4,4,1,0.0,50.5,22.8,77.8
Early Luteal,6.6,2,3,3,1,1.4,2.4,0.0,46.3
Late Luteal,7.5,4,4,4,1,0.5,92.2,192.2,63.7
Ovulation,7.6,4,5,5,2,0.4,124.7,36.2,63.1
Menstrual,7.4,3,3,2,2,0.6,125.5,68.0,43.5
Menstrual,4.5,1,2,2,2,3.5,157.8,120.1,12.0
Ovulation,6.9,3,4,4,3,1.1,446.9,415.6,41.2
Late Luteal,6.5,3,3,3,1,1.5,13.1,0.0,52.0
Follicular,5.2,3,3,4,3,2.8,394.1,373.9,19.7
Early Luteal,5.8,3,4,4,1,2.2,76.7,41.1,47.6
Ovulation,6.6,4,3,3,3,1.4,464.6,402.2,49.2
Follicular,6.0,3,4,4,1,2.0,7.2,69.8,53.1
Ovulation,7.3,4,4,4,2,0.7,312.9,269.0,53.5
Early Luteal,7.5,5,4,3,3,0.5,366.7,394.1,59.8
Follicular,6.1,3,3,1,1,1.9,19.9,119.9,50.4
Ovulation,6.0,3,3,3,1,2.0,82.0,45.4,51.5
Follicular,5.2,2,3,4,3,2.8,332.1,361.9,21.2
Follicular,8.1,4,3,4,2,0.0,173.4,199.2,63.2
Menstrual,6.9,3,3,2,3,1.1,311.7,330.8,31.9
Menstrual,5.6,4,3,2,1,2.4,69.6,0.0,49.4
Follicular,7.2,3,4,4,1,0.8,111.0,167.6,58.5
Menstrual,6.5,3,3,4,2,1.5,178.2,134.9,41.3
Menstrual,6.5,4,4,3,2,1.5,152.3,137.4,49.1
Late Luteal,5.9,3,2,1,3,2.1,363.2,378.1,23.1
Ovulation,7.7,4,4,5,1,0.3,78.8,99.8,73.5
Follicular,7.3,5,4,3,2,0.7,130.1,154.0,67.2
Late Luteal,4.5,2,1,2,3,3.5,369.8,268.2,12.9
Late Luteal,7.3,4,3,2,2,0.7,187.8,62.2,51.8
Menstrual,5.8,3,3,3,2,2.2,140.5,157.6,39.0
Menstrual,5.3,3,2,3,4,2.7,548.0,586.3,11.3
Ovulation,6.8,4,4,4,4,1.2,583.3,655.0,40.2
Menstrual,6.6,3,3,2,3,1.4,356.0,369.4,35.1
Follicular,9.5,4,5,4,2,0.0,80.3,95.9,77.4
Early Luteal,7.1,5,4,4,2,0.9,248.6,92.0,60.0
Menstrual,7.7,4,3,3,4,0.3,708.7,649.5,40.0
Menstrual,6.5,2,3,1,3,1.5,309.8,368.8,25.9
Early Luteal,6.3,3,3,3,2,1.7,81.1,0.0,40.6
Early Luteal,6.4,3,3,4,3,1.6,483.9,450.7,36.7
Ovulation,7.0,3,5,4,1,1.0,136.5,42.3,61.3
Follicular,7.7,4,2,4,3,0.3,284.2,366.4,53.0
Follicular,8.0,5,4,5,2,0.0,156.7,105.1,73.9
Follicular,8.8,5,4,5,4,0.0,631.0,676.3,58.9
Late Luteal,6.9,4,3,3,2,1.1,100.5,146.1,53.9
Follicular,7.6,4,3,3,1,0.4,121.9,182.5,65.1
Early Luteal,9.4,4,3,4,3,0.0,375.5,295.8,62.8
Follicular,9.4,5,4,5,2,0.0,108.4,0.0,80.3
Late Luteal,5.8,3,2,1,3,2.2,454.0,521.1,24.6
Follicular,6.3,4,3,3,4,1.7,486.1,529.7,42.6
Ovulation,4.7,1,4,4,1,3.3,50.9,0.0,29.5
Follicular,8.0,5,3,4,3,0.0,395.0,495.0,60.4
Follicular,6.2,3,3,3,3,1.8,371.4,232.5,32.0
Late Luteal,5.9,3,3,3,1,2.1,47.9,71.2,44.9
Follicular,8.0,3,4,3,1,0.0,39.9,0.0,71.7
Follicular,6.6,4,4,4,2,1.4,124.8,171.7,55.3
Ovulation,6.9,4,4,4,2,1.1,189.2,167.2,56.9
Menstrual,6.6,3,1,1,3,1.4,409.0,402.1,26.0
Follicular,6.7,3,3,3,2,1.3,99.6,130.5,50.8
Menstrual,4.8,1,2,1,2,3.2,146.2,246.2,12.2
Late Luteal,6.0,2,1,2,2,2.0,126.2,124.0,28.9
Early Luteal,7.6,3,3,3,1,0.4,67.0,0.0,61.6
Early Luteal,7.3,4,3,3,2,0.7,166.2,101.7,59.4
Late Luteal,7.4,2,3,3,2,0.6,130.3,181.3,38.5
Follicular,6.7,4,4,4,1,1.3,17.6,0.0,63.6
Late Luteal,5.7,2,2,2,3,2.3,398.7,447.5,17.4
Menstrual,8.2,4,3,4,1,0.0,148.0,182.9,63.7
Follicular,7.4,4,4,4,3,0.6,529.3,572.2,51.2
Menstrual,7.2,3,3,2,2,0.8,178.7,92.1,43.2
Early Luteal,7.7,4,3,5,2,0.3,211.8,210.7,59.6
Early Luteal,6.5,3,3,3,2,1.5,225.2,186.0,43.8
Early Luteal,5.1,3,2,2,2,2.9,111.0,156.3,31.3
Ovulation,7.2,4,4,5,3,0.8,382.0,457.2,54.9
Late Luteal,6.0,2,2,2,2,2.0,103.8,203.8,35.0
Early Luteal,5.8,3,2,2,4,2.2,517.0,491.5,26.4
Early Luteal,6.6,3,4,2,2,1.4,197.7,290.7,46.1
Late Luteal,7.0,3,2,3,1,1.0,121.8,151.2,49.5
Late Luteal,7.0,2,2,1,2,1.0,89.3,122.5,40.2
Follicular,7.5,5,4,4,2,0.5,140.4,78.1,66.9
Early Luteal,7.3,4,3,3,2,0.7,158.8,160.5,57.4
Early Luteal,6.2,3,3,2,2,1.8,149.4,146.8,44.9
Early Luteal,6.6,3,3,4,2,1.4,80.2,89.2,52.1
Early Luteal,6.3,3,3,3,5,1.7,800.0,748.7,22.2
Follicular,6.3,3,4,5,2,1.7,146.4,178.7,49.0
Early Luteal,6.8,4,3,4,4,1.2,632.0,732.0,33.2
Early Luteal,7.1,4,3,3,2,0.9,229.1,267.6,54.1
Early Luteal,6.3,3,4,4,1,1.7,9.7,109.7,56.0
Menstrual,6.6,4,3,3,3,1.4,257.2,314.3,40.7
Late Luteal,6.3,2,3,2,1,1.7,4.4,104.4,44.0
Follicular,6.7,2,3,3,2,1.3,173.5,273.5,39.5
Follicular,5.4,2,2,2,3,2.6,275.5,348.7,21.8
Early Luteal,8.6,4,3,3,2,0.0,170.6,224.0,65.2
Follicular,8.0,4,4,4,2,0.0,316.1,316.0,60.1
Late Luteal,4.8,1,2,2,1,3.2,81.0,163.5,20.6
Follicular,6.5,3,3,3,2,1.5,319.5,366.5,45.3
Late Luteal,5.6,2,3,2,3,2.4,400.4,472.1,14.9
Follicular,6.6,3,2,4,4,1.4,592.7,566.8,31.9
Follicular,6.6,3,3,3,2,1.4,184.6,284.6,39.9
Late Luteal,6.4,2,2,3,1,1.6,90.4,0.0,39.2
Follicular,5.9,4,3,4,4,2.1,623.3,590.4,31.0
Follicular,7.2,3,3,3,2,0.8,360.1,460.1,48.2
Late Luteal,7.3,3,3,3,1,0.7,229.8,329.8,52.7
Menstrual,7.6,4,3,3,1,0.4,143.5,27.1,60.9
Early Luteal,7.6,4,4,4,2,0.4,132.4,49.6,67.4
Follicular,8.1,5,4,5,4,0.0,468.4,568.4,53.3
Ovulation,8.0,4,4,3,3,0.0,350.8,351.0,58.7
Late Luteal,6.4,3,2,1,1,1.6,6.3,0.0,47.3
Early Luteal,7.5,4,3,3,1,0.5,17.8,117.8,67.1
Ovulation,6.1,3,3,3,2,1.9,181.8,165.0,46.5
Late Luteal,6.9,2,3,2,1,1.1,20.9,0.0,49.2
Follicular,7.3,5,4,3,3,0.7,284.1,250.2,57.6
Late Luteal,6.5,3,2,2,3,1.5,427.6,347.2,30.2
Ovulation,7.4,4,3,4,2,0.6,128.3,228.3,61.1
Follicular,7.3,5,5,4,2,0.7,68.5,0.0,69.2
Follicular,7.6,4,3,4,2,0.4,204.0,222.9,67.2
Menstrual,5.9,2,2,2,3,2.1,301.2,228.5,25.8
Late Luteal,6.4,3,2,2,2,1.6,283.6,383.6,40.2
Early Luteal,6.6,3,4,3,2,1.4,138.3,188.7,49.2
Late Luteal,6.6,3,2,3,3,1.4,286.0,250.4,34.0
Follicular,7.7,4,4,3,2,0.3,288.4,174.3,57.9
Follicular,5.1,2,3,2,1,2.9,53.8,91.1,40.7
Early Luteal,6.0,2,2,2,3,2.0,168.7,105.8,25.5
Ovulation,5.6,3,4,4,2,2.4,221.3,283.2,46.9
Late Luteal,6.0,3,2,2,1,2.0,5.2,37.0,46.7
Late Luteal,7.2,3,2,3,2,0.8,81.0,0.0,49.8
Menstrual,5.7,3,2,2,3,2.3,462.1,414.4,23.1
Early Luteal,6.6,3,3,4,2,1.4,112.8,32.0,53.3
Ovulation,6.0,3,4,3,3,2.0,409.5,508.8,39.9
Follicular,7.3,3,3,4,1,0.7,21.2,56.8,59.7
Follicular,7.6,4,4,4,3,0.4,160.1,260.1,60.2
Early Luteal,7.3,4,4,4,1,0.7,87.2,109.6,73.3
Ovulation,5.0,1,2,2,1,3.0,26.1,126.1,29.3
Follicular,6.2,3,3,3,3,1.8,329.2,193.5,35.0
Ovulation,7.6,5,4,3,2,0.4,111.1,72.6,74.5
Follicular,7.3,5,2,4,5,0.7,756.9,732.0,37.1
Menstrual,6.2,3,2,1,2,1.8,287.8,166.9,27.7
Follicular,6.4,3,3,3,2,1.6,106.5,89.3,42.2
Ovulation,9.0,4,4,4,3,0.0,228.6,233.2,63.8
Late Luteal,5.5,3,3,3,1,2.5,89.8,189.8,41.9
Late Luteal,4.7,1,2,2,1,3.3,57.0,4.6,29.7
Late Luteal,6.4,2,3,3,1,1.6,97.8,143.9,38.2
Late Luteal,6.8,3,3,3,2,1.2,106.5,123.5,44.2
Follicular,8.2,4,4,4,1,0.0,100.9,35.8,73.6
Follicular,5.9,3,4,4,1,2.1,53.3,45.0,49.3
Follicular,7.5,4,4,4,3,0.5,385.4,342.5,52.4
Late Luteal,7.3,4,3,3,2,0.7,323.6,254.7,52.6
Follicular,7.2,4,3,3,3,0.8,237.1,165.9,50.7
Ovulation,5.6,3,4,4,2,2.4,218.1,38.5,42.8
Follicular,9.5,5,5,4,1,0.0,114.5,0.0,90.7
Follicular,7.5,3,4,4,2,0.5,75.1,175.1,58.3
Follicular,6.5,2,3,3,2,1.5,279.3,326.6,39.5
Menstrual,6.4,3,3,4,3,1.6,215.6,190.7,36.7
Late Luteal,6.9,2,2,2,2,1.1,123.5,139.7,34.3
Late Luteal,6.6,3,2,2,3,1.4,277.5,276.8,31.1
Late Luteal,7.4,4,2,3,3,0.6,353.7,453.7,46.8
Follicular,6.3,5,3,4,4,1.7,626.4,719.9,40.0
Late Luteal,7.4,3,3,4,2,0.6,202.1,157.2,53.5
Early Luteal,7.4,4,2,3,5,0.6,614.3,573.7,32.2
Late Luteal,7.6,4,3,2,2,0.4,242.9,301.8,57.0
Follicular,7.3,4,4,3,2,0.7,234.6,264.9,51.4
Early Luteal,6.5,3,3,3,3,1.5,297.4,321.4,37.5
Early Luteal,5.7,3,3,2,3,2.3,391.7,272.0,28.6
Follicular,7.3,5,4,4,1,0.7,64.4,107.4,76.1
Follicular,5.2,4,3,3,1,2.8,72.8,0.0,49.2
Early Luteal,6.1,3,3,4,2,1.9,126.1,144.6,45.5
Follicular,6.4,4,4,4,3,1.6,343.4,326.9,47.2
Menstrual,7.4,3,2,3,3,0.6,258.6,358.6,39.8
Ovulation,7.1,4,3,2,3,0.9,384.3,442.2,56.0
Late Luteal,7.9,3,3,3,2,0.1,136.1,48.9,54.6
Follicular,6.1,3,3,4,4,1.9,615.6,560.8,26.5
Ovulation,6.6,3,4,4,1,1.4,36.9,0.0,59.9
Early Luteal,8.2,4,4,4,1,0.0,225.2,325.2,76.0
Menstrual,6.5,3,3,3,1,1.5,49.2,0.0,49.1
Ovulation,7.2,4,5,5,2,0.8,320.1,420.1,59.8
Menstrual,6.0,3,3,3,2,2.0,119.1,12.9,40.2
Menstrual,7.8,3,3,3,4,0.2,652.8,563.3,34.9
Early Luteal,7.0,3,4,3,3,1.0,459.2,388.3,38.9
Follicular,7.6,4,4,4,1,0.4,26.5,0.0,76.9
Late Luteal,6.2,3,3,2,1,1.8,95.6,83.5,48.6
Ovulation,8.5,4,4,5,2,0.0,199.7,129.0,73.7
Early Luteal,7.1,3,3,3,2,0.9,247.9,295.8,45.4
Late Luteal,4.6,2,2,1,2,3.4,230.1,330.1,21.0
Early Luteal,5.1,3,2,3,4,2.9,516.3,600.7,18.6
Late Luteal,6.7,2,2,2,2,1.3,243.4,233.7,35.1
Early Luteal,7.1,4,3,3,2,0.9,191.3,151.7,55.0
Late Luteal,7.8,3,3,4,1,0.2,64.1,100.8,59.4
Early Luteal,7.2,4,4,3,4,0.8,549.5,512.9,40.3
Early Luteal,7.5,4,3,3,1,0.5,68.0,0.0,62.6
Follicular,7.8,5,5,5,1,0.2,102.8,39.1,79.9
Late Luteal,6.4,2,2,2,4,1.6,637.3,511.6,15.8
Early Luteal,6.6,2,3,3,1,1.4,156.9,191.8,49.0
Early Luteal,7.2,4,4,5,3,0.8,298.8,212.9,47.8
Ovulation,6.4,2,3,3,2,1.6,44.8,0.0,45.5
Late Luteal,4.9,2,1,2,1,3.1,102.5,190.9,25.3
Early Luteal,7.0,3,2,3,3,1.0,352.9,364.2,36.7
Early Luteal,7.3,4,3,3,3,0.7,323.3,174.5,46.9
Late Luteal,6.8,3,2,4,2,1.2,49.9,0.0,43.4
Late Luteal,7.2,4,3,4,1,0.8,97.2,20.2,57.2
Early Luteal,7.6,4,4,4,1,0.4,43.6,41.1,70.6
Follicular,7.4,3,4,4,1,0.6,62.6,46.5,64.5
Menstrual,9.2,4,4,4,3,0.0,330.1,389.2,61.5
Follicular,6.1,2,3,3,1,1.9,65.3,26.0,45.1
Menstrual,6.4,3,3,2,2,1.6,159.2,76.0,42.7
Late Luteal,8.3,3,2,3,1,0.0,114.7,214.7,63.9
Ovulation,8.8,4,4,4,2,0.0,93.6,189.9,74.0
Follicular,8.4,4,4,4,1,0.0,15.4,0.0,76.5
Menstrual,4.9,2,1,1,2,3.1,249.8,326.6,15.5
Menstrual,5.7,2,3,2,2,2.3,143.7,243.7,28.9
Follicular,8.5,4,4,4,3,0.0,369.7,328.6,60.7
Late Luteal,5.7,3,3,1,2,2.3,206.2,97.8,35.6
Early Luteal,6.7,4,3,3,4,1.3,557.6,554.3,36.1
Ovulation,5.3,4,4,4,4,2.7,626.5,726.5,27.5
Early Luteal,7.5,4,4,5,2,0.5,95.9,115.5,62.4
Menstrual,6.6,3,3,2,1,1.4,24.4,0.0,43.0
Follicular,7.2,3,4,3,2,0.8,125.2,164.8,55.3
Late Luteal,6.6,3,3,1,1,1.4,62.2,0.0,47.0
Late Luteal,6.3,3,2,3,1,1.7,91.4,25.6,49.3
Ovulation,6.6,2,3,4,3,1.4,246.0,234.2,36.4
Late Luteal,8.8,3,3,3,1,0.0,30.1,61.5,67.9
Menstrual,6.7,3,3,2,1,1.3,79.6,146.6,49.4
Menstrual,7.5,4,3,3,2,0.5,319.2,302.1,58.0
Early Luteal,5.3,3,3,3,3,2.7,293.2,295.7,28.4
Early Luteal,8.6,5,4,4,3,0.0,466.5,443.2,58.2
Early Luteal,5.5,3,2,3,1,2.5,65.6,157.4,42.8
Follicular,9.0,4,3,3,4,0.0,432.5,318.3,55.7
Menstrual,7.8,4,2,2,3,0.2,350.2,397.1,47.2
Follicular,6.8,3,3,3,2,1.2,218.4,92.6,45.8
Early Luteal,7.3,4,3,2,3,0.7,348.1,448.1,48.4
Late Luteal,6.4,3,2,2,2,1.6,183.2,162.0,40.3
Menstrual,5.6,3,2,3,2,2.4,165.6,233.0,32.7
Early Luteal,9.3,5,3,4,4,0.0,611.5,711.5,54.1
Early Luteal,7.5,5,5,3,2,0.5,273.4,274.2,68.0
Early Luteal,8.7,4,3,3,3,0.0,428.1,524.1,55.8
Menstrual,8.1,4,3,3,2,0.0,163.8,188.5,61.0
Follicular,7.6,5,3,3,2,0.4,284.6,142.3,68.9
Follicular,7.8,4,3,4,3,0.2,464.5,542.5,55.3
Menstrual,7.6,4,2,2,4,0.4,475.6,441.7,41.0
Early Luteal,7.8,5,5,4,1,0.2,15.6,115.6,76.6
Menstrual,7.3,5,4,3,2,0.7,290.4,275.5,60.0
Follicular,7.2,3,3,3,3,0.8,445.8,490.2,36.8
Follicular,6.0,4,2,4,5,2.0,686.4,683.2,22.1
Early Luteal,7.3,4,4,4,3,0.7,329.0,309.6,56.6
Follicular,7.4,3,4,4,5,0.6,800.0,782.9,33.4
Late Luteal,7.7,3,4,2,2,0.3,175.0,231.3,54.9
Late Luteal,8.2,3,3,4,2,0.0,132.7,107.5,53.9
Late Luteal,7.1,3,2,1,3,0.9,331.8,304.4,33.4
Late Luteal,7.0,4,3,2,1,1.0,92.1,105.9,61.3
Late Luteal,5.7,2,3,3,2,2.3,74.1,137.4,36.7
Early Luteal,7.3,5,3,2,1,0.7,62.8,70.7,73.6
Menstrual,7.4,4,3,2,1,0.6,8.6,59.1,61.5
Late Luteal,7.7,4,2,2,4,0.3,459.1,363.8,40.1
Menstrual,8.2,4,4,4,1,0.0,30.2,59.9,68.5
Ovulation,7.3,3,5,3,1,0.7,68.9,101.4,65.9
Early Luteal,5.3,2,3,3,2,2.7,221.9,242.6,31.5
Early Luteal,4.3,1,2,3,2,3.7,245.6,345.6,9.7
Early Luteal,5.6,2,2,2,2,2.4,139.1,70.8,28.2
Menstrual,7.0,3,3,3,1,1.0,96.6,20.3,50.9
Follicular,8.5,3,3,2,3,0.0,248.6,244.5,55.5
Early Luteal,7.0,3,3,3,2,1.0,305.2,192.9,52.0
Late Luteal,6.9,3,2,4,3,1.1,327.1,384.6,39.2
Follicular,6.4,4,3,4,2,1.6,229.7,260.9,51.4
Follicular,7.1,4,4,5,2,0.9,144.2,95.6,58.6
Early Luteal,6.7,3,3,4,4,1.3,496.3,476.7,30.2
Ovulation,5.3,4,4,4,2,2.7,161.6,177.0,45.9
Late Luteal,6.8,3,2,2,2,1.2,134.2,224.1,39.1
Late Luteal,6.2,3,3,2,3,1.8,418.8,515.8,39.3
Follicular,6.4,3,4,4,2,1.6,290.5,273.0,46.0
Early Luteal,8.1,4,4,4,1,0.0,90.6,25.5,77.4
Menstrual,7.0,3,2,2,5,1.0,800.0,765.9,10.8
Follicular,7.0,3,4,4,3,1.0,444.1,321.6,39.0
Follicular,7.8,3,4,2,2,0.2,94.6,14.9,60.8
Follicular,8.7,4,4,4,3,0.0,337.1,340.5,62.3
Late Luteal,6.1,3,2,2,3,1.9,443.1,444.4,29.5
Menstrual,4.3,1,2,3,4,3.7,510.1,493.6,0.0
Early Luteal,6.5,3,2,3,3,1.5,232.0,94.1,35.5
Late Luteal,7.6,4,4,3,2,0.4,138.3,138.0,61.0
Early Luteal,5.7,3,3,4,3,2.3,348.8,344.0,25.7
Early Luteal,6.7,3,3,3,2,1.3,70.1,77.8,51.0
Early Luteal,5.5,3,3,3,1,2.5,29.4,0.0,49.1
Menstrual,6.5,4,2,4,3,1.5,438.7,387.6,35.3
Follicular,5.5,5,3,3,1,2.5,73.2,0.0,56.7
Ovulation,6.6,3,2,3,4,1.4,536.1,636.1,34.5
Early Luteal,7.3,3,3,4,2,0.7,150.1,111.6,52.6
Early Luteal,6.8,3,4,3,2,1.2,198.9,298.9,45.7
Follicular,7.6,5,4,4,3,0.4,351.9,381.6,60.5
Early Luteal,7.1,4,3,2,2,0.9,165.1,265.1,55.4
Ovulation,9.0,4,4,4,2,0.0,254.3,276.8,68.2
Late Luteal,7.7,3,2,2,2,0.3,48.2,65.7,51.6
Early Luteal,8.0,3,2,2,2,0.0,110.6,210.6,57.9
Follicular,8.6,4,4,5,2,0.0,368.6,349.5,65.6
Late Luteal,7.4,3,3,3,3,0.6,321.4,421.4,36.3
Early Luteal,8.5,4,3,4,2,0.0,201.4,301.4,65.1
Follicular,7.0,3,3,3,3,1.0,393.8,361.2,39.2
Follicular,6.9,3,3,4,2,1.1,91.6,113.6,52.6
Follicular,4.8,2,2,2,2,3.2,133.8,119.8,30.4
Follicular,8.0,5,5,5,1,0.0,58.7,158.7,78.6
Follicular,6.3,2,4,3,2,1.7,143.9,4.1,41.9
Follicular,7.5,3,3,3,3,0.5,248.1,287.4,44.8
Follicular,6.7,3,3,3,2,1.3,163.9,34.1,44.5
Follicular,9.0,5,5,5,3,0.0,404.2,475.6,69.7
Late Luteal,7.2,3,2,2,5,0.8,628.1,686.4,23.9
Follicular,6.8,2,4,3,1,1.2,96.5,47.3,46.3
Early Luteal,8.8,5,4,4,1,0.0,9.1,0.0,89.9
Early Luteal,6.3,2,3,3,2,1.7,316.9,380.3,32.1
Follicular,7.6,4,4,3,1,0.4,79.3,120.1,69.8
Ovulation,7.4,4,4,3,1,0.6,78.7,0.0,75.7
Follicular,6.6,2,3,3,2,1.4,109.3,0.0,41.7
Ovulation,7.0,2,3,3,4,1.0,600.2,671.2,29.4
Late Luteal,6.4,3,2,2,3,1.6,324.9,229.0,35.6
Late Luteal,7.1,3,3,2,3,0.9,458.8,409.2,34.8
Late Luteal,6.4,4,3,3,2,1.6,283.2,383.2,47.0
Follicular,7.9,5,4,4,3,0.1,310.9,284.8,59.5
Early Luteal,7.4,4,4,4,4,0.6,660.7,586.4,37.6
Early Luteal,6.9,3,3,3,1,1.1,57.9,87.5,54.6
Follicular,9.5,5,4,5,3,0.0,403.2,334.3,71.5
Menstrual,6.3,3,3,4,3,1.7,406.4,421.8,33.0
Late Luteal,4.9,2,1,1,3,3.1,310.8,401.6,11.6
Early Luteal,4.5,1,2,2,1,3.5,122.6,145.7,18.7
Follicular,7.5,5,4,4,2,0.5,73.3,30.5,68.4
Follicular,7.4,4,4,4,2,0.6,271.3,256.9,66.7
Late Luteal,6.8,3,2,1,4,1.2,429.1,528.7,27.4
Late Luteal,8.1,3,3,3,3,0.0,284.6,335.8,46.1
Follicular,6.1,4,3,4,3,1.9,239.0,324.1,45.4
Ovulation,8.1,5,5,5,2,0.0,354.3,361.7,76.8
Menstrual,7.4,4,2,2,1,0.6,80.5,56.3,56.7
Ovulation,7.6,5,4,5,2,0.4,228.2,191.5,72.0
Follicular,7.3,4,5,4,1,0.7,45.5,48.8,67.1
Early Luteal,6.1,3,4,3,2,1.9,156.5,256.5,43.7
Follicular,5.3,3,4,2,2,2.7,135.0,79.6,32.5
Follicular,6.2,3,3,3,3,1.8,347.8,447.8,38.2
Follicular,7.5,5,5,5,1,0.5,32.6,132.6,78.5
Ovulation,6.0,4,4,4,3,2.0,376.3,424.1,38.7
Menstrual,6.9,2,2,1,3,1.1,447.2,452.7,23.8
Follicular,7.1,5,3,3,4,0.9,603.2,586.9,45.8
Follicular,6.6,3,3,2,2,1.4,313.5,242.0,45.8
Follicular,7.3,5,4,4,1,0.7,121.1,162.0,76.1
Ovulation,5.4,3,4,4,2,2.6,164.6,264.6,44.8
Early Luteal,7.0,3,3,3,2,1.0,227.1,199.5,47.2
Early Luteal,8.6,4,4,4,2,0.0,196.2,188.5,65.6
Late Luteal,5.6,3,3,2,1,2.4,3.3,0.0,41.8
Late Luteal,6.8,3,4,3,1,1.2,78.5,85.8,47.0
Follicular,6.7,3,3,3,2,1.3,298.2,321.8,42.9
Late Luteal,5.2,4,3,3,2,2.8,218.0,185.6,37.4
Late Luteal,6.5,3,3,1,2,1.5,87.6,0.0,41.3
Follicular,8.6,5,3,3,4,0.0,610.5,710.5,56.0
Early Luteal,5.2,1,3,3,2,2.8,177.6,86.7,23.0
Early Luteal,7.1,4,3,4,3,0.9,362.0,458.4,49.5
Early Luteal,6.5,3,3,2,2,1.5,173.8,222.9,42.0
Follicular,8.7,5,4,4,2,0.0,228.0,294.0,76.0
Late Luteal,6.0,3,2,2,3,2.0,292.4,231.2,25.3
Late Luteal,6.8,2,2,1,2,1.2,187.9,229.0,33.4
Menstrual,5.6,3,2,3,2,2.4,124.1,0.0,28.4
Ovulation,6.7,3,3,4,1,1.3,60.5,102.5,53.9
Early Luteal,6.8,2,3,4,2,1.2,213.3,245.8,39.1
Follicular,8.2,4,4,4,3,0.0,358.6,318.7,58.6
Follicular,9.2,5,5,4,2,0.0,191.8,264.4,77.0
Late Luteal,8.2,3,3,4,2,0.0,295.5,199.4,49.9
Early Luteal,6.0,4,3,3,2,2.0,141.2,26.8,52.0
Early Luteal,7.9,5,4,3,1,0.1,8.0,9.4,77.8
Menstrual,6.0,2,2,2,1,2.0,89.9,156.2,34.3
Menstrual,6.2,2,3,2,2,1.8,213.1,73.1,29.4
Late Luteal,7.8,4,3,3,2,0.2,191.0,236.2,57.8
Late Luteal,7.9,3,3,4,2,0.1,275.8,320.6,50.8
Ovulation,6.9,2,4,2,1,1.1,87.3,0.0,57.8
Ovulation,5.1,3,3,4,2,2.9,24.6,0.0,44.2
Late Luteal,5.3,4,2,3,3,2.7,319.0,386.4,32.7
Late Luteal,6.0,3,2,2,1,2.0,42.5,75.2,40.7
Follicular,6.4,4,3,3,1,1.6,46.4,0.0,53.6
Early Luteal,6.8,3,3,2,4,1.2,624.1,492.3,31.7
Menstrual,7.0,2,3,2,1,1.0,109.1,57.2,44.5
Early Luteal,6.9,3,3,3,2,1.1,169.0,149.3,50.6
Menstrual,6.1,3,2,2,3,1.9,461.7,402.1,22.0
Early Luteal,6.3,3,3,4,3,1.7,298.7,384.7,33.3
Follicular,6.1,3,4,3,1,1.9,28.3,0.0,51.1
Late Luteal,6.8,3,2,2,1,1.2,82.0,0.0,46.8
Follicular,7.6,5,4,5,2,0.4,144.4,135.5,72.5
Follicular,7.6,4,4,2,3,0.4,371.4,412.5,54.5
Late Luteal,7.0,4,3,2,2,1.0,148.1,143.1,52.8
Late Luteal,6.5,3,3,3,1,1.5,164.5,74.8,47.9
Late Luteal,7.0,3,3,2,2,1.0,142.1,147.6,48.3
Follicular,5.7,4,4,3,1,2.3,137.7,237.7,53.5
Ovulation,7.4,5,4,4,3,0.6,344.4,423.9,66.8
Late Luteal,6.4,3,3,3,4,1.6,573.8,615.0,22.2
Menstrual,7.8,4,3,2,2,0.2,236.1,288.9,57.8
Late Luteal,6.6,3,2,1,2,1.4,129.7,77.1,41.1
Late Luteal,9.4,3,3,1,2,0.0,395.6,297.1,54.7
Late Luteal,5.5,3,3,3,3,2.5,436.1,536.1,20.7
Menstrual,7.1,3,3,2,2,0.9,274.6,309.1,44.7
Follicular,6.5,3,3,2,2,1.5,114.4,68.3,47.9
Late Luteal,5.4,1,2,2,3,2.6,345.2,380.1,9.7
Early Luteal,6.8,3,3,3,4,1.2,523.5,623.5,30.6
Follicular,6.5,3,3,3,2,1.5,361.8,349.3,47.0
Follicular,7.1,5,5,5,2,0.9,306.6,326.5,62.6
Late Luteal,6.2,3,3,2,2,1.8,289.9,243.0,39.4
Late Luteal,6.5,3,4,3,3,1.5,463.2,476.7,28.0
Early Luteal,6.4,2,2,1,3,1.6,347.2,438.5,21.1
Menstrual,6.1,3,3,1,1,1.9,32.1,44.3,48.3
Follicular,5.1,4,4,3,2,2.9,98.7,0.0,45.9
Early Luteal,8.0,5,3,3,2,0.0,176.8,276.8,67.6
Early Luteal,6.7,4,3,3,1,1.3,7.2,0.0,62.3
Follicular,7.3,5,4,3,2,0.7,205.3,246.5,63.9
Late Luteal,6.1,4,3,2,3,1.9,356.8,413.7,33.6
Menstrual,6.0,3,2,1,2,2.0,339.4,414.1,33.4
Ovulation,7.4,4,4,5,2,0.6,13.5,113.5,65.8
Menstrual,7.0,3,3,3,3,1.0,289.6,389.6,36.5
Follicular,7.4,3,4,4,2,0.6,99.0,193.2,53.5
Follicular,6.1,2,4,4,2,1.9,152.6,156.2,40.6
Menstrual,8.4,5,4,4,1,0.0,59.1,0.0,81.8
Late Luteal,7.3,4,3,2,2,0.7,245.4,114.6,49.7
Follicular,6.1,3,3,3,3,1.9,313.9,304.0,39.1
Late Luteal,6.8,3,3,2,1,1.2,141.5,241.5,49.2
Follicular,8.6,5,4,5,2,0.0,208.9,308.9,80.5
Follicular,6.6,3,3,4,2,1.4,114.6,169.2,51.9
Early Luteal,6.3,3,2,3,3,1.7,339.7,380.1,32.6
Menstrual,5.6,3,3,2,1,2.4,125.8,188.8,43.1
Early Luteal,7.2,3,2,3,4,0.8,496.4,354.1,37.6
Menstrual,9.5,4,3,3,2,0.0,295.3,300.3,59.6
Follicular,5.8,3,4,4,1,2.2,153.4,244.8,40.8
Ovulation,6.9,4,4,4,1,1.1,102.4,85.7,61.5
Late Luteal,6.5,3,3,3,1,1.5,154.9,75.1,45.5
Menstrual,7.0,2,2,2,2,1.0,238.9,322.6,36.0
Late Luteal,6.3,3,2,3,2,1.7,132.6,191.9,36.7
Menstrual,7.5,4,4,3,3,0.5,417.0,391.9,48.8
Follicular,7.0,4,3,2,1,1.0,74.5,0.0,67.7
Follicular,6.8,4,3,3,1,1.2,134.5,176.4,59.9
Menstrual,7.0,2,3,3,1,1.0,76.0,2.0,42.4
Follicular,6.6,3,3,4,3,1.4,457.8,450.0,37.8
Follicular,6.2,4,5,4,2,1.8,226.3,115.4,57.3
Menstrual,6.6,2,3,3,2,1.4,125.4,163.2,39.2
Ovulation,6.9,4,3,3,3,1.1,360.1,324.1,47.7
Late Luteal,7.6,4,2,3,3,0.4,487.1,587.1,50.2
Late Luteal,9.5,4,3,2,2,0.0,136.2,129.4,65.9
Early Luteal,6.2,3,3,4,2,1.8,97.4,92.1,43.9
Late Luteal,7.4,4,3,2,2,0.6,355.6,343.1,50.2
Menstrual,6.8,2,3,2,3,1.2,245.8,153.1,33.5
Menstrual,6.5,3,3,3,2,1.5,220.6,156.2,42.0
Menstrual,7.9,3,3,3,2,0.1,184.6,121.7,54.6
Ovulation,7.4,4,3,4,4,0.6,497.6,443.1,43.6
Early Luteal,6.3,3,3,3,1,1.7,78.6,88.0,48.3
Follicular,8.1,5,4,4,3,0.0,212.6,199.7,63.6
Ovulation,5.9,3,4,3,1,2.1,47.1,41.9,56.5
Follicular,6.9,3,2,3,3,1.1,434.4,369.8,45.8
Early Luteal,6.6,3,3,4,1,1.4,106.5,128.2,45.6
Follicular,6.5,4,2,3,5,1.5,800.0,877.8,21.0
Menstrual,8.1,3,2,1,3,0.0,382.8,364.2,37.3
Menstrual,5.3,3,2,3,3,2.7,224.4,173.2,24.0
Follicular,7.1,5,4,4,2,0.9,111.9,0.0,66.1
Follicular,8.6,4,5,5,1,0.0,99.6,135.0,78.6
Ovulation,7.1,4,3,3,4,0.9,504.1,370.8,43.8
Menstrual,7.0,3,3,1,1,1.0,36.7,136.7,51.3
Follicular,6.1,4,4,5,3,1.9,338.1,271.5,45.0
Follicular,7.4,3,3,3,1,0.6,128.8,131.8,62.1
Late Luteal,8.0,4,5,4,2,0.0,187.8,175.8,63.2
Follicular,8.1,4,3,4,2,0.0,240.8,146.1,65.5
Ovulation,8.2,4,4,4,1,0.0,123.4,60.5,75.2
Follicular,5.7,4,4,4,2,2.3,180.5,86.7,47.6
Follicular,8.3,4,2,2,4,0.0,434.5,534.5,52.6
Ovulation,6.8,3,3,4,2,1.2,256.6,259.7,50.9
Early Luteal,7.4,4,4,4,2,0.6,245.3,176.6,57.2
Follicular,7.8,4,2,3,3,0.2,496.7,596.7,46.1
Follicular,6.4,4,3,4,3,1.6,423.0,291.7,43.6
Late Luteal,5.4,3,2,2,3,2.6,292.5,333.9,27.7
Follicular,7.5,3,3,4,2,0.5,304.4,248.6,51.9
Late Luteal,5.4,2,3,2,1,2.6,126.7,0.0,38.5
Follicular,5.9,4,3,4,3,2.1,268.5,169.3,43.8
Ovulation,6.3,3,4,4,2,1.7,135.5,98.6,52.3
Early Luteal,6.9,4,3,4,1,1.1,56.6,79.4,63.1
Late Luteal,7.2,5,4,4,1,0.8,95.5,128.2,65.1
Early Luteal,6.8,3,4,4,2,1.2,113.0,52.1,51.8
Late Luteal,6.5,2,2,2,2,1.5,78.6,0.0,43.1
Late Luteal,5.7,3,3,2,2,2.3,237.8,335.9,31.4
Follicular,6.9,4,4,4,2,1.1,84.2,163.1,59.2
Menstrual,7.6,4,2,3,4,0.4,627.0,727.0,36.6
Late Luteal,5.1,3,2,2,2,2.9,231.2,252.1,31.4
Early Luteal,6.8,3,3,3,3,1.2,508.2,416.5,34.8
Menstrual,6.1,2,2,2,2,1.9,218.4,220.0,31.7
Ovulation,6.9,3,3,3,2,1.1,297.0,256.1,52.3
Early Luteal,6.2,3,3,3,2,1.8,107.0,49.9,47.0
Follicular,7.0,3,3,3,1,1.0,61.8,146.2,57.9
Follicular,8.2,5,4,4,3,0.0,334.9,287.3,64.1
Early Luteal,6.3,3,3,3,3,1.7,377.0,273.1,33.6
Early Luteal,7.9,3,4,3,2,0.1,277.4,287.6,57.1
Follicular,8.5,4,3,4,4,0.0,552.4,570.2,55.7
Early Luteal,7.4,4,4,4,1,0.6,0.6,0.0,69.6
Late Luteal,8.5,5,4,3,3,0.0,285.9,385.9,61.2
Menstrual,8.8,5,4,4,2,0.0,364.7,372.5,64.8
Late Luteal,7.5,4,3,3,1,0.5,47.7,147.7,64.1
Follicular,7.6,4,5,5,1,0.4,111.1,211.1,72.3
Follicular,6.4,3,3,3,3,1.6,345.3,291.1,40.9
Late Luteal,4.3,1,2,1,2,3.7,285.1,251.3,9.5
Menstrual,6.3,2,3,3,1,1.7,8.2,0.0,40.2
Late Luteal,6.8,3,2,2,2,1.2,225.2,247.2,41.8
Menstrual,5.7,2,2,2,4,2.3,522.8,469.7,10.8
Late Luteal,6.6,2,3,3,1,1.4,97.1,29.0,45.3
Early Luteal,8.5,4,3,3,1,0.0,87.1,101.0,72.7
Follicular,6.2,4,3,4,3,1.8,447.0,547.0,42.2
Late Luteal,7.2,4,3,3,2,0.8,170.8,139.1,51.7
Follicular,6.8,2,3,3,1,1.2,25.5,84.5,49.2
Follicular,6.7,4,3,4,1,1.3,104.2,32.8,56.6
Ovulation,6.0,3,3,3,2,2.0,362.3,293.2,39.8
Menstrual,7.8,3,3,4,2,0.2,334.0,203.5,49.6
Late Luteal,7.6,3,3,2,1,0.4,143.2,99.1,57.3
Ovulation,8.3,4,3,5,3,0.0,446.9,344.9,57.5
Late Luteal,5.4,3,2,3,2,2.6,225.4,322.2,33.3
Ovulation,6.7,4,4,4,3,1.3,245.9,184.3,50.2
Late Luteal,8.3,4,3,2,2,0.0,287.1,275.4,57.9
Early Luteal,5.8,2,2,1,4,2.2,683.1,508.1,9.8
Ovulation,7.0,4,4,4,1,1.0,173.1,273.1,68.1
Late Luteal,5.8,2,2,3,1,2.2,84.3,50.7,37.8
Late Luteal,8.3,4,3,2,4,0.0,611.8,524.6,43.0
Follicular,7.3,4,3,2,2,0.7,172.7,226.9,57.8
Late Luteal,8.2,4,3,2,2,0.0,230.0,245.7,61.5
Early Luteal,5.6,4,3,4,2,2.4,93.3,0.0,43.1
Menstrual,7.0,4,2,2,2,1.0,113.3,96.4,50.3
Follicular,6.5,3,4,3,2,1.5,150.2,250.2,46.6
Follicular,6.0,3,5,4,1,2.0,77.9,131.4,51.9
Early Luteal,8.8,4,3,3,2,0.0,98.2,56.4,70.4
Early Luteal,7.3,3,3,4,3,0.7,275.0,355.4,48.4
Ovulation,5.4,3,4,4,2,2.6,241.8,341.8,40.6
Ovulation,7.5,4,4,4,2,0.5,154.8,254.8,68.1
Menstrual,5.8,3,2,2,3,2.2,354.8,254.7,28.5
Early Luteal,7.3,5,3,3,2,0.7,199.4,221.4,68.2
Early Luteal,5.6,3,2,2,3,2.4,363.2,387.7,24.2
Late Luteal,6.2,3,3,4,4,1.8,577.7,504.6,24.4
Late Luteal,6.7,3,2,1,4,1.3,680.0,687.8,22.4
Follicular,7.8,5,4,4,2,0.2,234.4,276.9,69.8
Follicular,6.7,4,4,5,2,1.3,227.5,170.3,58.5
Late Luteal,9.2,4,3,2,2,0.0,306.6,387.5,61.3
Early Luteal,7.1,3,3,3,1,0.9,90.5,0.0,58.8
Early Luteal,7.4,4,4,4,2,0.6,111.6,0.0,60.5
Late Luteal,8.9,4,4,3,1,0.0,38.7,18.0,72.7
Early Luteal,6.9,4,3,3,2,1.1,336.3,436.3,51.7
Follicular,8.2,4,4,5,2,0.0,278.6,318.3,61.6
Early Luteal,5.4,2,2,3,2,2.6,131.6,231.6,28.5
Ovulation,8.3,4,4,5,2,0.0,384.4,448.5,65.6
Menstrual,7.5,4,3,3,2,0.5,287.2,195.2,52.3
Ovulation,7.3,4,5,3,1,0.7,91.4,12.5,72.4
Follicular,7.4,3,2,3,4,0.6,526.7,626.7,38.6
Ovulation,6.6,3,3,4,2,1.4,205.8,149.0,51.7
Menstrual,5.5,3,2,2,2,2.5,26.7,31.4,27.8
Follicular,7.4,4,3,3,2,0.6,290.5,305.3,54.9
Early Luteal,7.9,4,3,3,4,0.1,558.4,535.9,46.6
Follicular,8.7,4,3,3,5,0.0,800.0,737.8,38.7
Early Luteal,6.3,3,3,3,1,1.7,29.4,86.4,51.7
Early Luteal,6.5,3,3,4,4,1.5,575.9,626.1,29.4
Follicular,6.5,4,3,4,2,1.5,281.4,199.7,47.1
Early Luteal,7.9,5,3,4,2,0.1,105.3,190.2,71.5
Menstrual,6.5,3,3,3,1,1.5,111.5,11.3,51.6
Ovulation,8.2,4,4,4,1,0.0,50.1,124.8,75.5
Follicular,8.3,4,4,4,3,0.0,402.4,352.1,56.9
Menstrual,6.1,4,3,3,1,1.9,9.6,109.6,52.0
Late Luteal,4.9,1,2,2,1,3.1,58.9,116.9,22.1
Ovulation,7.9,3,4,5,3,0.1,421.1,271.4,47.9
Ovulation,9.5,5,4,4,2,0.0,214.3,292.9,85.1
Menstrual,6.6,2,2,1,1,1.4,80.3,180.3,44.3
Ovulation,6.8,4,4,4,2,1.2,284.7,302.0,58.5
Menstrual,6.8,3,3,2,2,1.2,148.5,248.5,39.6
Late Luteal,5.5,3,3,2,2,2.5,248.1,187.6,33.7
Menstrual,6.7,3,2,3,2,1.3,191.5,242.8,43.1
Early Luteal,5.9,2,2,3,3,2.1,379.5,421.3,19.8
Late Luteal,7.2,4,2,2,5,0.8,800.0,714.8,19.0
Late Luteal,7.6,4,3,2,1,0.4,110.6,0.0,63.1
Late Luteal,5.8,2,1,2,2,2.2,32.1,0.0,32.2
Ovulation,6.7,3,4,3,1,1.3,108.0,65.2,51.6
Menstrual,5.3,4,3,2,5,2.7,754.3,766.1,14.5
Late Luteal,8.2,4,3,2,2,0.0,266.6,162.3,63.5
Late Luteal,7.4,4,2,2,2,0.6,228.0,297.6,46.6
Follicular,5.5,4,4,4,1,2.5,56.7,112.9,55.3
Early Luteal,8.1,4,3,2,3,0.0,266.2,240.7,56.2
Ovulation,7.8,3,3,4,3,0.2,361.4,281.3,47.1
Menstrual,6.9,3,3,4,3,1.1,411.7,329.6,35.8
Early Luteal,7.2,4,3,3,1,0.8,106.7,88.8,66.9
Follicular,5.7,3,3,4,2,2.3,84.4,159.9,42.4
Late Luteal,6.5,2,2,2,1,1.5,62.9,0.0,48.1
Follicular,7.2,4,4,4,2,0.8,315.7,290.3,58.5
Follicular,5.8,3,4,4,2,2.2,172.2,272.2,44.0
Follicular,7.4,4,4,5,3,0.6,347.5,230.5,53.5
Follicular,7.6,4,4,4,2,0.4,110.6,131.2,67.0
Follicular,5.8,3,3,3,3,2.2,445.6,420.5,27.7
Follicular,6.9,3,3,2,3,1.1,452.6,471.0,39.3
Early Luteal,6.8,3,3,3,1,1.2,36.3,131.1,51.8
Ovulation,6.9,2,3,2,3,1.1,427.9,347.6,37.5
Menstrual,6.5,4,3,3,3,1.5,404.0,343.0,38.1
Early Luteal,5.7,3,2,2,1,2.3,127.8,145.6,44.8
Follicular,7.0,4,2,2,2,1.0,161.9,256.4,56.0
Early Luteal,6.0,2,2,2,2,2.0,56.0,123.0,41.2
Early Luteal,4.3,2,3,2,2,3.7,417.4,354.6,13.5
Ovulation,7.2,2,2,3,3,0.8,499.3,568.2,34.6
Ovulation,6.0,4,4,3,3,2.0,274.5,264.4,44.6
Late Luteal,7.3,4,3,3,3,0.7,325.7,244.5,48.5
Follicular,5.2,4,4,4,1,2.8,11.8,32.0,54.8
Follicular,5.9,3,3,3,2,2.1,283.5,292.2,39.6
Late Luteal,8.1,4,2,3,3,0.0,414.4,437.4,54.2
Ovulation,8.4,4,4,3,2,0.0,240.4,68.7,69.0
Menstrual,7.8,5,4,3,2,0.2,146.6,131.7,62.6
Early Luteal,5.4,2,2,2,3,2.6,486.7,443.1,12.1
Follicular,6.9,4,3,4,2,1.1,196.3,296.3,57.1
Follicular,7.2,5,5,5,1,0.8,37.0,0.0,77.0
Late Luteal,6.4,3,3,2,2,1.6,253.2,261.4,42.7
Menstrual,7.5,4,3,3,1,0.5,20.1,59.2,63.2
Ovulation,6.8,3,2,3,3,1.2,283.9,383.0,39.3
Follicular,9.2,3,4,3,1,0.0,75.8,122.2,75.2
Follicular,6.1,4,3,4,2,1.9,206.2,258.5,46.2
Follicular,7.3,4,3,4,2,0.7,201.7,143.0,63.4
Menstrual,6.1,2,2,3,2,1.9,280.8,268.1,30.9
Early Luteal,7.5,4,3,3,1,0.5,91.2,164.9,67.0
Menstrual,6.9,3,2,2,4,1.1,499.7,377.8,30.8
Early Luteal,7.8,3,4,4,2,0.2,253.0,353.0,54.5
Late Luteal,6.7,2,1,2,3,1.3,380.6,276.2,25.9
Early Luteal,7.2,4,3,3,1,0.8,26.3,58.2,62.9
Follicular,8.7,4,3,4,3,0.0,564.9,664.9,55.5
Follicular,6.8,3,4,4,1,1.2,62.2,0.0,58.6
Late Luteal,7.2,4,3,3,5,0.8,800.0,900.0,29.9
Late Luteal,6.5,3,3,3,2,1.5,131.6,163.3,47.1
Menstrual,5.3,4,3,3,3,2.7,284.8,384.8,28.5
Early Luteal,7.8,4,3,3,5,0.2,711.2,767.7,37.1
Follicular,7.9,4,3,3,3,0.1,345.6,341.6,49.3
Menstrual,6.9,3,4,2,3,1.1,255.5,222.3,37.2
Follicular,8.7,5,4,4,4,0.0,578.4,567.8,65.1
Menstrual,7.5,5,3,4,2,0.5,285.0,358.6,62.3
Follicular,6.5,4,4,3,1,1.5,124.4,136.5,61.7
Follicular,7.6,4,3,3,1,0.4,54.5,0.0,65.8
Follicular,6.2,5,4,4,2,1.8,263.7,237.8,51.6
Follicular,8.0,4,4,4,2,0.0,218.5,225.7,62.3
Early Luteal,7.8,3,4,4,4,0.2,523.9,521.1,39.0
Follicular,6.5,4,3,3,3,1.5,521.0,621.0,38.8
Follicular,7.4,5,4,3,2,0.6,275.5,205.0,64.7
Late Luteal,7.7,4,3,3,1,0.3,22.7,0.0,65.9
Follicular,7.6,5,4,4,3,0.4,320.6,229.9,64.2
Ovulation,7.2,4,4,4,1,0.8,178.3,140.8,62.7
Late Luteal,6.2,3,2,3,3,1.8,415.4,369.8,26.7
Early Luteal,6.1,3,2,3,4,1.9,660.0,637.9,18.5
Early Luteal,6.7,2,2,2,1,1.3,114.4,122.0,46.3
Follicular,7.6,5,4,4,3,0.4,482.7,405.6,61.9
Menstrual,7.1,4,3,3,4,0.9,491.9,397.5,38.4
Early Luteal,7.1,4,3,2,3,0.9,352.5,452.5,47.8
Follicular,8.4,4,4,4,3,0.0,372.8,403.6,61.7
Late Luteal,5.0,2,2,2,1,3.0,20.1,91.7,26.4
Follicular,6.2,3,2,3,4,1.8,611.7,617.0,24.5
Menstrual,7.1,4,3,4,3,0.9,332.4,344.7,46.0
Early Luteal,5.5,3,3,3,3,2.5,366.1,306.5,30.9
Late Luteal,5.8,3,2,1,2,2.2,250.5,350.5,32.5
Early Luteal,6.5,2,2,2,5,1.5,800.0,842.0,10.5
Early Luteal,8.6,4,4,4,2,0.0,334.4,284.0,63.0
Late Luteal,8.7,5,3,3,2,0.0,85.8,98.9,74.2
Late Luteal,6.6,2,2,1,1,1.4,85.8,174.9,44.0
Follicular,7.0,3,3,4,2,1.0,161.3,26.0,45.3
Menstrual,7.7,4,3,2,1,0.3,35.8,99.1,60.4
Menstrual,6.5,2,3,3,1,1.5,30.1,130.1,41.6
Early Luteal,6.7,3,2,2,3,1.3,481.5,356.4,31.6
Follicular,7.7,4,3,4,2,0.3,257.8,244.1,62.6
Late Luteal,5.8,3,3,4,2,2.2,117.3,138.3,39.6
Menstrual,6.2,4,3,3,3,1.8,307.5,356.5,32.9
Menstrual,5.9,3,2,4,3,2.1,355.3,329.9,24.5
Menstrual,8.1,4,3,4,1,0.0,54.6,0.0,70.2
Late Luteal,6.0,2,3,2,1,2.0,121.9,0.0,37.9
Late Luteal,5.6,2,2,3,3,2.4,446.0,482.7,18.2
Follicular,7.3,4,3,3,3,0.7,339.6,343.6,54.4
Menstrual,6.6,2,3,1,2,1.4,287.2,258.6,34.7
Menstrual,5.4,3,2,2,3,2.6,474.3,574.3,17.3
Follicular,6.9,2,3,4,1,1.1,27.1,19.7,50.3
Follicular,7.0,3,4,3,2,1.0,223.8,130.2,43.8
Follicular,6.4,3,3,3,2,1.6,292.6,359.3,43.8
Follicular,8.7,4,4,3,1,0.0,40.6,140.6,77.1
Follicular,5.9,2,3,3,2,2.1,248.9,348.9,33.3
Follicular,5.2,3,3,4,2,2.8,170.9,82.7,38.8
Early Luteal,6.7,3,2,3,4,1.3,742.0,763.8,27.7
Follicular,8.5,5,4,5,1,0.0,131.1,131.5,80.4
Follicular,6.7,3,3,3,2,1.3,244.2,228.0,51.4
Follicular,5.4,3,3,4,2,2.6,85.9,105.2,37.7
Follicular,8.3,4,4,4,2,0.0,191.7,140.2,70.3
Late Luteal,8.1,4,2,3,3,0.0,355.7,227.6,49.4
Follicular,7.7,5,4,4,2,0.3,300.1,365.1,62.7
Early Luteal,4.7,2,2,2,1,3.3,11.6,0.0,29.4
Follicular,8.1,4,4,4,1,0.0,120.0,88.8,68.8
Early Luteal,8.4,4,3,3,3,0.0,398.9,422.1,58.9
Late Luteal,5.5,3,2,2,3,2.5,336.9,433.7,21.7
Follicular,7.5,4,4,4,1,0.5,28.1,0.0,68.2
Menstrual,9.3,4,3,3,2,0.0,169.8,76.5,65.7
Menstrual,6.8,2,2,2,1,1.2,226.0,165.5,41.3
Late Luteal,7.7,4,2,2,2,0.3,130.3,0.0,57.4
Late Luteal,5.4,3,2,1,1,2.6,87.2,126.2,34.6
Menstrual,7.1,3,2,2,2,0.9,320.5,337.2,45.3
Ovulation,6.3,2,4,4,1,1.7,76.0,84.8,48.6
Late Luteal,6.4,3,4,3,1,1.6,121.6,144.3,50.1
Follicular,6.9,4,4,4,1,1.1,140.6,117.2,58.9
Menstrual,5.9,3,2,2,1,2.1,152.2,120.8,40.4
Early Luteal,5.8,4,3,4,2,2.2,111.1,93.6,45.5
Ovulation,6.4,2,3,4,2,1.6,217.8,157.6,41.1
Follicular,6.8,4,5,5,2,1.2,280.8,180.9,59.8
Early Luteal,8.6,4,4,3,2,0.0,97.1,0.0,68.7
Late Luteal,5.6,3,2,3,3,2.4,514.9,596.0,19.2
Menstrual,3.7,1,1,1,3,4.3,209.1,180.9,0.0
Follicular,8.7,4,3,4,2,0.0,209.3,309.3,66.4
Early Luteal,8.7,4,4,3,2,0.0,296.3,193.3,71.5
Ovulation,6.4,4,3,3,2,1.6,158.4,144.9,58.0
Early Luteal,8.1,5,5,4,2,0.0,228.6,296.7,73.5
Follicular,6.6,4,4,4,2,1.4,343.4,397.0,52.9
Follicular,6.8,3,5,3,1,1.2,91.4,51.2,55.7
Menstrual,6.4,2,3,3,1,1.6,141.7,110.4,40.7
Early Luteal,7.1,3,2,3,3,0.9,227.6,207.9,39.3
Late Luteal,7.4,3,3,1,2,0.6,256.7,321.7,42.5
Menstrual,7.0,2,2,2,1,1.0,37.7,0.0,38.3
Follicular,7.7,4,3,3,3,0.3,314.9,252.9,53.0
Late Luteal,7.1,4,3,3,2,0.9,238.0,182.7,44.1
Late Luteal,8.0,3,4,2,2,0.0,225.7,193.0,57.9
Follicular,7.3,5,3,3,3,0.7,281.5,295.5,56.8
Menstrual,7.9,4,2,3,2,0.1,94.5,177.6,59.0
Follicular,8.2,5,5,4,2,0.0,234.4,191.2,70.7
Ovulation,8.3,5,5,5,3,0.0,393.6,281.1,68.6
Early Luteal,5.9,3,3,2,1,2.1,178.6,155.5,47.5
Late Luteal,7.1,4,3,2,2,0.9,236.1,298.8,51.6
Ovulation,5.5,3,2,2,4,2.5,410.1,379.6,27.5
Follicular,5.8,3,2,2,5,2.2,800.0,897.8,13.0
Follicular,8.4,5,4,4,2,0.0,114.8,214.8,69.9
Menstrual,6.3,2,1,2,4,1.7,479.9,413.2,15.0
Menstrual,8.6,5,4,3,3,0.0,465.9,554.1,59.9
Late Luteal,6.3,2,3,1,2,1.7,233.1,302.1,31.3
Follicular,7.6,4,3,2,3,0.4,333.3,304.2,53.0
Menstrual,7.7,4,4,3,2,0.3,80.4,27.8,62.1
Follicular,7.6,4,3,2,3,0.4,398.4,498.4,48.6
Follicular,7.1,4,4,4,2,0.9,204.2,247.0,59.1
Early Luteal,7.3,4,3,4,2,0.7,248.3,348.3,59.8
Late Luteal,6.8,4,2,2,3,1.2,386.2,316.9,39.0
Menstrual,6.1,3,2,3,2,1.9,267.7,205.1,36.5
Follicular,8.6,5,3,4,2,0.0,248.5,119.1,76.0
Follicular,7.2,5,4,4,2,0.8,259.9,132.3,66.4
Late Luteal,8.9,4,3,3,3,0.0,343.5,346.0,54.7
Menstrual,7.8,4,3,3,2,0.2,185.8,219.9,55.6
Late Luteal,5.8,3,2,2,2,2.2,186.5,21.5,36.0
Menstrual,4.7,2,1,1,3,3.3,412.3,390.7,10.3
Early Luteal,6.5,1,2,1,2,1.5,267.1,237.0,24.6
Ovulation,5.9,3,3,3,1,2.1,32.3,48.1,51.2
Late Luteal,7.2,5,3,3,4,0.8,421.1,402.7,44.3
Early Luteal,7.6,4,4,5,2,0.4,213.1,188.3,62.8
Ovulation,6.5,3,4,3,1,1.5,23.9,41.0,57.2
Early Luteal,7.1,4,3,3,2,0.9,165.6,195.8,55.7
Early Luteal,7.3,4,3,2,3,0.7,448.9,381.0,49.3
Follicular,7.5,4,3,4,2,0.5,379.4,293.3,57.1
Menstrual,5.6,3,2,3,4,2.4,503.8,583.6,14.4
Ovulation,5.8,3,3,2,1,2.2,142.4,17.4,43.6
Early Luteal,7.6,4,3,4,2,0.4,341.4,441.4,53.4
Early Luteal,6.4,4,3,2,3,1.6,424.9,408.6,40.4
Early Luteal,7.5,4,4,4,2,0.5,334.1,351.6,55.8
Early Luteal,8.0,4,4,4,1,0.0,63.5,118.4,73.2
Menstrual,6.4,1,1,2,3,1.6,343.1,351.5,15.1
Late Luteal,7.6,4,3,2,2,0.4,58.0,0.0,61.0
Early Luteal,9.4,5,5,4,1,0.0,47.8,147.8,89.6
Follicular,7.3,4,3,4,1,0.7,75.6,153.7,64.8
Follicular,7.2,4,3,4,1,0.8,78.7,158.7,62.1
Menstrual,6.9,2,2,2,3,1.1,259.3,214.9,27.1
Follicular,7.5,4,4,3,2,0.5,248.2,175.0,61.7
Ovulation,6.2,3,3,3,3,1.8,535.6,465.0,40.0
Follicular,7.1,4,3,4,2,0.9,273.7,246.3,53.7
Menstrual,5.9,3,4,3,2,2.1,92.6,15.4,38.3
Follicular,7.4,3,4,4,1,0.6,94.9,0.0,66.2
Menstrual,6.6,2,1,1,5,1.4,800.0,846.6,4.8
Late Luteal,7.8,4,3,3,2,0.2,201.2,207.4,61.2
Late Luteal,6.5,2,2,2,1,1.5,17.5,117.5,44.6
Follicular,9.5,5,4,4,2,0.0,122.4,78.7,78.7
Ovulation,7.8,5,3,3,5,0.2,800.0,777.1,42.8
Late Luteal,6.4,3,2,2,1,1.6,141.4,156.5,52.3
Early Luteal,6.5,3,4,3,1,1.5,64.9,164.9,53.6
Menstrual,7.5,4,3,3,2,0.5,217.2,249.0,46.0
Follicular,8.5,5,4,4,2,0.0,231.7,257.1,72.3
Late Luteal,6.1,2,3,2,2,1.9,212.0,147.9,32.3
Menstrual,8.5,4,3,4,1,0.0,107.2,64.9,66.3
Late Luteal,7.6,4,3,3,2,0.4,194.1,294.1,56.7
Late Luteal,7.5,3,2,2,4,0.5,568.6,655.6,30.1
Follicular,7.3,3,3,4,1,0.7,86.5,70.8,62.3
Early Luteal,8.0,3,3,3,2,0.0,308.1,408.1,51.8
Early Luteal,8.8,3,3,3,3,0.0,393.5,404.8,57.6
Follicular,7.0,4,3,2,4,1.0,488.9,372.1,47.8
Menstrual,6.4,3,2,3,2,1.6,221.4,321.4,38.5
Early Luteal,5.6,2,2,3,2,2.4,253.2,239.1,22.4
Menstrual,5.0,1,2,2,2,3.0,116.7,173.0,14.2
Early Luteal,7.8,4,2,3,5,0.2,800.0,867.8,33.5
Follicular,6.4,4,3,3,1,1.6,140.4,0.0,58.4
Ovulation,6.7,3,4,4,1,1.3,57.3,76.5,63.0
Menstrual,7.2,3,2,2,4,0.8,555.0,515.7,25.5
Early Luteal,6.3,4,3,4,2,1.7,72.7,138.0,51.7
Late Luteal,6.8,3,2,3,3,1.2,461.0,561.0,31.5
Late Luteal,7.3,4,3,2,3,0.7,381.5,478.2,46.1
Late Luteal,8.3,4,3,3,2,0.0,137.8,170.1,65.3
Follicular,8.6,4,3,3,3,0.0,444.9,399.4,59.9
Early Luteal,7.5,4,3,3,2,0.5,316.2,363.0,46.4
Menstrual,8.6,3,3,4,2,0.0,221.6,218.8,58.8
Early Luteal,6.7,3,3,3,1,1.3,148.1,177.2,49.8
Follicular,6.0,4,3,3,3,2.0,369.9,309.7,31.0
Late Luteal,6.6,3,1,2,3,1.4,224.7,108.7,36.2
Menstrual,7.3,3,2,3,2,0.7,143.1,126.7,43.8
Early Luteal,8.1,4,4,3,2,0.0,157.7,257.7,66.3
Late Luteal,5.8,1,1,1,2,2.2,275.7,142.0,20.9
Follicular,6.8,4,3,3,1,1.2,85.8,98.3,62.0
Ovulation,5.8,3,3,4,2,2.2,209.0,265.2,41.1
Late Luteal,7.1,3,2,1,2,0.9,200.7,225.6,46.0
Late Luteal,7.1,3,3,2,1,0.9,45.8,54.8,53.3
Late Luteal,5.3,2,1,1,2,2.7,90.4,0.0,25.7
Early Luteal,5.6,3,3,2,2,2.4,101.1,123.4,32.8
Early Luteal,8.6,5,4,4,4,0.0,614.9,572.4,57.4
Late Luteal,5.9,3,2,2,3,2.1,305.5,339.6,32.8
Follicular,7.1,4,3,3,2,0.9,32.6,0.0,58.8
Menstrual,8.9,4,4,3,1,0.0,44.7,68.9,77.5
Late Luteal,7.0,3,3,3,2,1.0,172.8,93.6,50.9
Early Luteal,8.3,4,4,4,3,0.0,319.3,311.6,57.2
Ovulation,5.7,3,3,5,1,2.3,39.0,139.0,52.8
Late Luteal,7.2,4,2,2,4,0.8,719.8,742.2,28.1
Ovulation,8.1,4,4,5,2,0.0,95.2,119.5,67.9
Follicular,6.8,3,4,4,2,1.2,153.2,135.2,50.9
Early Luteal,7.0,3,3,3,1,1.0,81.1,112.9,53.7
Menstrual,6.7,3,3,2,2,1.3,324.2,196.0,45.0
Early Luteal,7.0,3,2,2,3,1.0,254.3,181.1,40.4
Early Luteal,7.4,4,3,4,4,0.6,580.3,460.2,41.9
Ovulation,8.0,3,4,3,1,0.0,59.2,60.6,68.4
Menstrual,9.1,5,4,3,3,0.0,281.5,381.5,66.3
Early Luteal,4.6,1,3,2,2,3.4,124.6,97.2,15.1
Early Luteal,7.2,3,3,3,1,0.8,85.8,88.5,60.2
Follicular,7.5,5,4,4,2,0.5,212.5,84.0,72.5
Late Luteal,5.1,3,3,3,2,2.9,100.1,133.8,35.1
Follicular,8.1,4,3,4,2,0.0,211.8,178.9,63.1
Early Luteal,7.4,2,2,2,4,0.6,502.8,535.8,31.4
Late Luteal,6.3,3,3,2,1,1.7,154.5,254.5,43.0
Follicular,8.0,4,5,4,1,0.0,141.4,14.1,69.5
Ovulation,7.1,4,4,4,3,0.9,345.6,265.7,50.1
Late Luteal,6.4,2,3,3,1,1.6,19.5,36.4,40.9
Follicular,7.8,4,3,4,3,0.2,386.4,335.3,48.5
Late Luteal,6.3,3,2,2,2,1.7,331.2,373.4,31.2
Ovulation,8.6,5,4,4,4,0.0,449.3,327.8,58.1
Follicular,7.1,5,4,5,2,0.9,185.8,124.7,69.8
Early Luteal,6.0,3,3,3,3,2.0,334.8,338.0,30.6
Ovulation,6.0,2,3,3,2,2.0,243.1,119.7,34.2
Follicular,8.5,3,4,3,2,0.0,91.0,163.3,64.7
Early Luteal,7.3,4,3,4,1,0.7,0.8,5.7,70.9
Late Luteal,6.7,3,3,3,3,1.3,448.0,501.8,37.5
Follicular,7.1,5,4,4,1,0.9,22.6,11.4,73.4
Late Luteal,8.3,3,2,3,1,0.0,62.2,65.9,61.0
Follicular,6.8,2,1,2,3,1.2,313.5,275.3,27.8
Early Luteal,7.4,4,3,3,3,0.6,394.4,369.9,48.9
Follicular,6.4,3,3,4,3,1.6,279.7,157.0,42.0
Menstrual,7.2,4,2,3,1,0.8,16.3,0.0,58.8
Follicular,6.1,3,3,3,3,1.9,459.5,435.3,37.2
Late Luteal,7.0,2,3,2,1,1.0,73.0,30.1,42.6
Menstrual,7.6,5,5,4,1,0.4,22.1,23.3,79.7
Early Luteal,7.9,4,3,4,1,0.1,217.2,124.3,68.0
Ovulation,6.9,3,3,3,3,1.1,423.5,370.9,41.1
Follicular,8.9,4,4,2,1,0.0,130.1,136.6,79.5
Early Luteal,7.9,5,5,5,2,0.1,154.0,78.7,71.7
Menstrual,8.2,5,3,3,2,0.0,198.0,79.6,68.6
Late Luteal,6.9,3,3,2,1,1.1,130.3,114.6,49.0
Late Luteal,6.4,3,2,3,3,1.6,381.5,430.2,36.5
Follicular,6.1,3,3,3,3,1.9,360.4,405.3,36.5
Menstrual,8.9,4,3,4,2,0.0,205.2,127.9,66.8
Late Luteal,6.9,3,2,2,3,1.1,353.5,331.4,30.3
Menstrual,8.1,4,4,2,2,0.0,103.5,116.5,60.9
Follicular,9.1,5,5,4,3,0.0,344.1,396.8,66.8
Follicular,6.4,3,3,4,2,1.6,362.8,280.5,36.3
Late Luteal,6.5,2,2,1,5,1.5,800.0,854.9,0.4
Follicular,7.9,5,4,5,2,0.1,309.9,403.9,64.0
Follicular,6.5,3,4,4,2,1.5,185.7,267.1,49.0
Early Luteal,7.3,4,3,4,3,0.7,437.8,404.9,50.5
Late Luteal,5.3,1,1,1,2,2.7,242.2,325.5,21.9
Follicular,4.6,2,3,2,4,3.4,429.7,381.4,10.7
Menstrual,7.5,3,3,3,1,0.5,38.1,0.0,63.5
Follicular,7.7,4,3,4,2,0.3,138.8,80.7,63.7
Follicular,4.8,3,3,3,4,3.2,584.1,447.5,17.8
Follicular,7.9,4,5,4,1,0.1,139.1,103.1,73.8
Early Luteal,7.1,4,2,3,3,0.9,352.1,365.9,47.6
Late Luteal,6.4,3,2,3,3,1.6,492.5,342.7,25.0
Late Luteal,5.7,3,2,2,2,2.3,115.9,215.9,36.3
Late Luteal,7.9,4,3,2,2,0.1,160.1,145.8,57.6
Follicular,7.2,4,2,3,4,0.8,505.7,445.4,38.1
Follicular,6.1,3,4,4,1,1.9,12.3,0.0,52.8
Early Luteal,6.9,3,4,4,2,1.1,125.5,77.1,48.9
Ovulation,7.8,4,4,4,2,0.2,181.4,226.2,71.1
Menstrual,7.6,4,2,2,4,0.4,356.3,305.0,41.1
Follicular,5.2,3,2,3,3,2.8,308.7,274.3,27.2
Follicular,8.2,3,4,3,4,0.0,523.8,552.1,43.6
Early Luteal,7.6,4,3,3,5,0.4,687.8,721.8,40.3
Follicular,4.8,3,3,3,2,3.2,282.9,254.8,31.2
Early Luteal,6.1,3,4,3,2,1.9,194.0,104.5,39.7
Late Luteal,5.9,3,1,2,3,2.1,334.3,385.0,32.1
Menstrual,8.4,4,3,3,2,0.0,73.0,138.4,62.4
Menstrual,5.7,3,2,3,1,2.3,47.6,11.2,40.7
Late Luteal,7.3,4,2,2,4,0.7,388.9,488.9,40.7
Late Luteal,6.1,2,1,1,2,1.9,297.4,278.3,26.0
Follicular,7.2,3,3,4,3,0.8,482.3,448.8,43.1
Follicular,6.3,4,4,4,1,1.7,58.2,91.4,63.0
Follicular,6.3,3,2,3,2,1.7,226.5,141.8,43.1
Menstrual,6.0,4,2,4,4,2.0,460.2,470.0,25.9
Follicular,9.0,5,4,5,1,0.0,23.0,0.0,90.8
Late Luteal,5.8,4,4,3,1,2.2,167.2,267.2,49.6
Follicular,6.7,3,3,4,1,1.3,130.4,230.4,52.3
Ovulation,5.6,3,3,4,2,2.4,277.6,284.2,34.5
Menstrual,6.0,3,2,2,2,2.0,39.4,0.0,38.3
Menstrual,7.1,4,3,2,3,0.9,383.9,372.2,45.2
Menstrual,5.0,1,2,3,1,3.0,100.7,0.0,20.6
Ovulation,7.7,4,4,4,3,0.3,432.3,328.2,59.3
Follicular,4.6,2,2,2,3,3.4,327.7,427.7,9.5
Late Luteal,6.1,1,3,2,1,1.9,102.0,68.0,36.3
Ovulation,7.9,4,5,4,1,0.1,43.9,57.7,73.0
Early Luteal,7.0,3,3,3,1,1.0,81.8,112.9,54.0
Late Luteal,6.9,2,3,2,3,1.1,314.9,414.9,32.7
Late Luteal,5.7,2,2,1,4,2.3,506.2,535.3,10.5
Follicular,8.6,4,3,4,3,0.0,278.4,291.2,64.3
Late Luteal,8.5,3,3,4,1,0.0,79.8,179.8,71.3
Late Luteal,6.3,2,2,3,2,1.7,189.2,169.8,35.5
Early Luteal,8.2,4,4,3,2,0.0,185.9,140.4,65.4
Early Luteal,6.8,3,3,4,2,1.2,125.1,105.9,44.9
Follicular,7.0,3,3,3,2,1.0,213.9,209.5,49.8
Follicular,7.5,4,3,4,4,0.5,303.1,333.7,47.1
Ovulation,9.1,4,5,4,3,0.0,334.8,207.3,64.4
Follicular,7.2,4,4,4,2,0.8,128.9,144.6,56.9
Menstrual,6.6,3,2,1,3,1.4,463.1,295.7,25.9
Follicular,6.7,3,3,4,4,1.3,603.4,542.0,32.6
Menstrual,5.9,5,3,4,4,2.1,620.2,657.0,32.4
Follicular,9.5,5,4,4,2,0.0,222.4,286.4,80.7
Follicular,6.4,2,2,2,3,1.6,490.7,469.3,21.1
Menstrual,7.3,3,2,2,2,0.7,84.9,162.0,46.6
Early Luteal,6.8,3,3,3,5,1.2,800.0,712.3,25.7
Menstrual,6.6,3,3,3,1,1.4,283.2,259.6,43.5
Late Luteal,6.2,3,3,2,4,1.8,598.6,634.3,24.0
Follicular,6.4,4,3,3,2,1.6,100.8,180.2,52.2
Ovulation,7.5,4,3,4,5,0.5,800.0,760.4,36.5
Late Luteal,6.8,2,3,3,2,1.2,144.9,215.7,32.7
Follicular,8.6,4,4,4,3,0.0,427.1,520.3,64.2
Menstrual,7.1,5,4,5,3,0.9,428.5,412.9,49.7
Menstrual,6.9,3,3,3,2,1.1,146.4,127.5,45.9
Late Luteal,5.0,2,2,2,2,3.0,290.1,242.8,16.6
Follicular,6.1,3,3,5,3,1.9,359.0,361.0,38.3
Menstrual,7.5,4,3,3,2,0.5,133.1,215.2,54.6
Follicular,7.9,5,4,4,2,0.1,251.9,204.3,65.8
Late Luteal,6.0,3,3,3,3,2.0,215.2,192.7,35.8
Follicular,7.9,4,4,4,2,0.1,93.9,115.7,73.9
Late Luteal,7.9,4,2,2,3,0.1,325.1,425.1,50.5
Ovulation,6.0,3,4,4,3,2.0,258.2,295.1,42.3
Early Luteal,6.2,3,3,3,4,1.8,593.7,693.7,23.8
Early Luteal,7.3,4,3,3,2,0.7,228.5,290.2,56.9
Follicular,6.9,2,3,3,5,1.1,703.0,723.7,17.4
Follicular,8.6,4,3,3,5,0.0,800.0,815.1,42.3
Late Luteal,7.8,4,3,3,1,0.2,3.2,0.0,63.9
Menstrual,7.4,4,3,3,2,0.6,112.1,73.3,49.5
Follicular,6.8,2,2,2,3,1.2,302.0,259.5,31.6
Ovulation,6.3,3,4,3,1,1.7,102.9,202.9,51.3
Ovulation,5.1,3,3,3,2,2.9,225.0,313.3,40.9
Follicular,8.1,4,3,3,3,0.0,346.9,339.1,54.0
Late Luteal,6.6,3,2,2,1,1.4,113.0,213.0,46.6
Follicular,4.9,2,3,3,1,3.1,44.7,85.1,36.1
Early Luteal,6.0,3,3,3,1,2.0,138.0,238.0,46.3
Follicular,9.4,4,4,4,3,0.0,430.6,490.9,60.7
Late Luteal,8.9,4,3,2,2,0.0,252.4,324.1,59.8
Early Luteal,6.7,3,3,2,3,1.3,396.4,496.4,32.3
Follicular,5.9,3,2,3,3,2.1,438.4,257.3,32.6
Early Luteal,5.7,4,2,2,3,2.3,561.6,608.4,32.6
Menstrual,6.3,1,3,2,1,1.7,7.7,107.7,35.1
Menstrual,4.5,2,2,2,2,3.5,123.7,164.7,20.6
Ovulation,6.3,2,3,2,1,1.7,21.5,3.3,49.8
Follicular,7.6,5,4,4,3,0.4,454.6,430.3,57.8
Follicular,5.5,3,3,2,1,2.5,71.5,27.6,47.3
Menstrual,7.5,5,2,2,3,0.5,446.6,410.8,47.5
Follicular,5.9,2,3,3,2,2.1,229.7,290.5,31.3
Menstrual,6.8,3,3,2,3,1.2,487.6,372.3,37.7
Early Luteal,6.4,3,3,3,2,1.6,69.4,143.9,45.5
Ovulation,5.8,3,4,4,2,2.2,163.7,213.1,48.1
Late Luteal,5.1,2,2,2,1,2.9,125.2,225.2,31.8
Ovulation,7.2,5,4,3,2,0.8,246.3,130.0,65.6
Ovulation,8.8,5,4,3,2,0.0,220.1,234.9,80.9
Early Luteal,5.2,3,3,2,2,2.8,132.3,135.1,33.2
Follicular,6.2,4,4,4,2,1.8,113.8,55.2,54.6
Follicular,8.4,4,4,5,2,0.0,184.1,101.1,73.3
Early Luteal,9.1,5,3,4,3,0.0,411.1,372.4,66.5
Follicular,6.6,3,3,3,2,1.4,135.6,158.1,49.8
Menstrual,5.3,4,3,2,2,2.7,69.6,169.6,33.9
Follicular,6.6,2,2,2,4,1.4,508.9,475.6,24.7
Follicular,7.7,5,5,5,1,0.3,59.9,73.0,81.0
Follicular,8.4,5,4,4,1,0.0,111.6,211.6,84.8
Follicular,9.0,5,4,4,3,0.0,309.3,409.3,71.7
Menstrual,7.7,4,4,4,1,0.3,54.7,0.0,66.5
Follicular,7.7,4,4,3,4,0.3,518.3,513.4,47.8
Ovulation,6.8,3,3,2,4,1.2,481.5,463.8,34.8
Late Luteal,6.4,4,3,4,2,1.6,237.7,162.5,47.6
Early Luteal,5.9,3,2,3,2,2.1,272.9,244.8,37.6
Follicular,6.1,4,3,3,2,1.9,262.0,286.1,49.9
Early Luteal,6.8,3,3,3,1,1.2,142.1,147.4,56.5
Late Luteal,6.4,3,3,3,2,1.6,250.4,350.4,40.1
Menstrual,7.0,3,2,2,2,1.0,136.3,186.5,48.1
Late Luteal,7.3,4,3,3,2,0.7,208.6,3.3,57.0
Menstrual,5.9,2,2,2,3,2.1,197.3,242.1,23.5
Early Luteal,8.9,5,4,4,1,0.0,108.3,182.5,86.1
Late Luteal,5.9,3,3,3,1,2.1,52.4,121.9,48.2
Follicular,5.4,3,3,3,1,2.6,68.8,135.7,49.0
Follicular,8.3,4,4,5,1,0.0,94.7,160.1,77.2
Follicular,8.0,3,4,4,2,0.0,81.6,97.3,66.7
Early Luteal,6.4,3,2,3,2,1.6,204.0,185.7,41.8
Follicular,6.3,3,3,5,1,1.7,82.0,182.0,52.1
Early Luteal,8.4,4,3,3,2,0.0,148.0,31.9,67.5
Early Luteal,7.6,4,4,4,3,0.4,331.1,300.7,58.4
Ovulation,8.2,4,4,5,3,0.0,305.2,139.7,62.5
Early Luteal,6.6,2,3,3,2,1.4,213.3,313.3,41.9
Follicular,7.6,4,4,4,1,0.4,14.3,114.3,68.9
Menstrual,7.1,4,4,3,2,0.9,174.0,57.5,57.2
Follicular,7.2,4,4,4,1,0.8,143.2,86.8,65.6
Menstrual,6.3,3,2,3,1,1.7,49.5,0.0,46.5
Follicular,7.4,5,4,4,2,0.6,203.4,303.4,63.1
Follicular,8.2,4,3,2,3,0.0,430.2,379.0,54.9
Follicular,6.8,3,4,4,1,1.2,58.9,15.9,58.4
Follicular,7.8,4,5,4,1,0.2,57.0,24.4,70.4
Early Luteal,6.5,2,3,3,1,1.5,20.7,96.1,46.2
Late Luteal,9.1,4,5,3,1,0.0,41.8,141.8,74.6
Late Luteal,7.5,4,2,2,3,0.5,320.5,417.5,44.8
Early Luteal,7.6,4,3,2,2,0.4,145.1,106.3,58.8
Follicular,6.1,3,3,3,1,1.9,109.4,112.8,47.3
Menstrual,7.7,4,3,3,3,0.3,501.8,567.2,47.0
Follicular,9.1,5,4,3,2,0.0,140.8,240.8,72.4
Ovulation,7.9,4,3,4,5,0.1,705.0,637.4,40.3
Early Luteal,9.0,5,4,4,1,0.0,84.3,165.0,83.0
Ovulation,7.1,5,4,4,3,0.9,408.7,411.1,58.6
Ovulation,7.0,3,4,4,3,1.0,458.6,558.6,42.1
Early Luteal,8.3,4,3,3,4,0.0,456.7,415.8,51.6
Late Luteal,6.6,3,2,1,2,1.4,155.0,60.2,42.6
Late Luteal,7.4,4,4,4,3,0.6,243.0,254.6,47.5
Early Luteal,7.7,2,3,2,3,0.3,309.6,187.2,39.7
Early Luteal,5.6,2,2,4,2,2.4,155.4,255.4,33.2
Late Luteal,7.8,3,2,3,4,0.2,577.8,498.9,35.4
Follicular,8.9,4,3,3,2,0.0,141.9,52.1,71.6
Follicular,7.6,4,3,3,1,0.4,101.4,201.4,61.2
Late Luteal,6.6,2,2,2,1,1.4,126.8,74.4,44.5
Ovulation,6.7,3,3,3,5,1.3,747.8,841.1,29.2
Early Luteal,6.7,3,2,4,4,1.3,586.6,492.3,23.9
Follicular,7.7,5,4,4,1,0.3,39.4,87.4,81.0
Follicular,5.9,2,2,2,2,2.1,149.2,103.2,33.3
Early Luteal,7.0,1,3,4,2,1.0,205.4,156.3,38.4
Early Luteal,8.8,4,3,3,3,0.0,350.6,363.2,58.7
Menstrual,4.6,1,2,2,1,3.4,89.3,189.3,16.2
Follicular,6.3,3,4,4,1,1.7,126.4,210.0,50.1
Early Luteal,8.7,4,3,3,2,0.0,344.4,416.6,63.7
Late Luteal,6.5,3,2,2,2,1.5,185.5,176.9,41.8
Menstrual,5.9,3,3,3,1,2.1,106.1,128.1,41.2
Menstrual,6.6,3,3,3,2,1.4,236.9,194.4,37.0
Early Luteal,6.1,3,3,3,2,1.9,265.7,249.4,41.1
Ovulation,7.8,4,3,2,3,0.2,273.9,198.6,54.8
Follicular,7.2,3,3,3,1,0.8,110.7,126.5,55.3
Menstrual,7.6,3,3,2,1,0.4,106.1,123.3,57.9
Early Luteal,6.9,3,3,2,2,1.1,261.9,284.5,44.6
Late Luteal,5.8,2,3,3,1,2.2,49.6,149.6,36.5
Menstrual,4.7,2,2,1,2,3.3,32.4,99.6,20.7
Early Luteal,6.2,2,3,3,2,1.8,210.1,285.4,37.4
Follicular,7.2,4,3,4,1,0.8,127.7,173.8,59.3
Early Luteal,5.3,2,3,3,1,2.7,203.2,75.1,35.1
Menstrual,4.9,2,3,2,1,3.1,113.2,162.9,27.2
Late Luteal,6.6,3,2,2,1,1.4,118.5,218.5,43.6
Ovulation,6.6,3,4,4,2,1.4,310.2,340.9,52.7
Follicular,8.7,4,4,4,2,0.0,282.4,256.5,70.9
Late Luteal,5.3,1,2,2,3,2.7,412.9,388.9,6.8
Follicular,5.1,4,3,3,2,2.9,39.9,96.0,43.3
Ovulation,6.2,2,3,4,2,1.8,91.1,173.9,43.7
Follicular,8.2,4,3,4,3,0.0,513.3,446.8,58.2
Early Luteal,7.8,4,3,2,2,0.2,319.8,268.1,62.1
Menstrual,6.8,3,3,2,2,1.2,145.6,35.9,39.9
Follicular,8.6,4,5,4,2,0.0,67.5,65.1,76.0
Early Luteal,5.1,3,3,2,1,2.9,76.8,176.8,39.0
Early Luteal,8.3,5,4,4,4,0.0,533.4,402.2,55.8
Late Luteal,8.8,4,3,3,2,0.0,272.2,263.5,64.3
Early Luteal,5.2,3,2,3,2,2.8,102.6,174.6,34.4
Menstrual,5.5,3,2,3,4,2.5,457.5,490.3,18.4
Follicular,9.5,5,4,5,3,0.0,384.8,310.0,73.2
Late Luteal,5.7,4,2,2,4,2.3,478.3,426.0,22.9
Follicular,6.4,2,2,3,3,1.6,357.7,359.2,28.1
Follicular,6.9,2,4,3,1,1.1,30.3,0.0,54.4
Follicular,7.0,3,2,2,3,1.0,354.5,454.5,41.7
Follicular,6.5,2,3,3,2,1.5,201.7,278.7,40.9
Menstrual,5.4,2,1,2,3,2.6,549.2,482.2,10.6
Late Luteal,6.5,3,3,3,2,1.5,280.1,318.1,38.3
Follicular,6.3,4,3,3,2,1.7,301.2,328.7,51.2
Early Luteal,7.5,5,4,3,2,0.5,59.7,156.2,67.6
Early Luteal,5.1,3,3,4,2,2.9,200.0,181.6,32.5
Menstrual,6.5,3,2,2,2,1.5,183.3,283.3,46.6
Menstrual,6.5,4,4,3,1,1.5,147.5,52.9,55.1
Follicular,6.1,4,3,4,1,1.9,29.8,129.8,59.8
Follicular,7.5,3,3,3,2,0.5,94.2,129.5,56.7
Late Luteal,5.2,2,2,2,3,2.8,379.7,479.7,14.0
Follicular,6.6,3,4,4,1,1.4,0.7,0.0,57.0
Late Luteal,5.8,2,2,3,2,2.2,177.0,208.0,31.6
Ovulation,7.6,4,4,5,3,0.4,428.5,433.6,56.1
Late Luteal,6.8,4,3,2,2,1.2,177.1,140.6,49.2
Early Luteal,6.6,2,3,1,2,1.4,262.2,210.6,35.3
Early Luteal,8.1,3,4,3,3,0.0,337.6,219.5,47.9
Follicular,7.1,5,5,4,2,0.9,288.7,235.4,67.2
Early Luteal,5.6,2,2,3,1,2.4,28.7,128.7,40.7
Early Luteal,7.3,4,3,4,3,0.7,344.5,444.5,46.4
Late Luteal,6.2,2,2,2,2,1.8,217.6,194.7,31.5
Follicular,9.0,4,4,5,1,0.0,83.9,0.0,79.0
Ovulation,6.8,1,2,3,1,1.2,74.3,0.0,41.5
Early Luteal,8.7,4,4,4,2,0.0,335.4,365.2,68.9
Late Luteal,6.9,3,2,2,2,1.1,99.3,114.7,45.6
Follicular,7.4,4,5,5,1,0.6,45.5,145.5,68.7
Ovulation,6.3,4,3,4,2,1.7,203.9,142.2,52.1
Menstrual,8.0,4,4,4,1,0.0,98.0,39.9,71.1
Early Luteal,7.6,4,3,3,3,0.4,484.4,553.0,45.2
Follicular,6.0,3,2,2,2,2.0,213.8,124.1,38.7
Late Luteal,5.7,2,1,1,4,2.3,463.4,335.4,12.5
Follicular,7.5,4,3,5,3,0.5,385.4,295.4,48.4
Follicular,8.0,5,4,3,2,0.0,210.9,157.6,72.8
Follicular,5.7,4,3,3,3,2.3,379.9,377.4,36.9
Follicular,6.3,3,3,4,1,1.7,79.2,0.0,47.1
Early Luteal,8.2,4,3,3,4,0.0,472.3,572.3,44.1
Early Luteal,7.7,5,3,4,3,0.3,283.9,300.8,59.4
Follicular,7.8,3,4,3,2,0.2,250.7,296.1,57.4
Early Luteal,6.6,3,3,2,2,1.4,335.1,248.5,43.9
Follicular,7.4,4,3,2,3,0.6,332.5,346.4,57.0
Follicular,8.9,5,4,5,3,0.0,393.4,455.1,64.6
Follicular,6.0,3,3,3,3,2.0,238.6,150.2,37.4
Ovulation,8.4,4,4,4,3,0.0,426.2,405.8,61.6
Follicular,7.4,3,4,5,2,0.6,20.7,0.0,57.5
Early Luteal,8.5,3,3,3,3,0.0,269.6,216.5,52.3
Late Luteal,7.2,4,3,2,4,0.8,625.6,638.2,33.0
Ovulation,7.1,5,3,4,5,0.9,600.4,626.5,42.4
Late Luteal,8.1,3,2,2,1,0.0,136.7,93.0,56.8
Follicular,9.0,5,5,5,1,0.0,47.0,39.2,88.6
Menstrual,6.0,4,2,3,3,2.0,355.4,283.2,32.4
Follicular,6.6,3,3,3,4,1.4,583.8,630.9,35.1
Follicular,7.3,3,3,3,1,0.7,51.0,0.0,59.1
Ovulation,7.2,4,5,5,2,0.8,48.8,138.8,64.6
Follicular,6.0,3,2,2,3,2.0,329.1,379.4,41.4
Late Luteal,7.8,4,3,3,1,0.2,64.5,140.5,65.1
Follicular,5.8,3,2,3,4,2.2,628.8,597.6,13.9
Late Luteal,6.3,3,2,2,3,1.7,403.6,454.1,31.4
Follicular,6.7,4,4,4,3,1.3,367.1,364.4,49.6
Early Luteal,6.2,3,3,4,2,1.8,113.6,213.6,48.3
Late Luteal,6.1,2,1,2,3,1.9,415.6,377.2,18.6
Ovulation,7.0,3,3,4,3,1.0,421.3,308.9,45.3
Follicular,5.8,3,2,3,4,2.2,472.6,483.3,23.8
Menstrual,5.6,3,2,3,3,2.4,315.1,347.4,29.1
Follicular,8.0,5,4,3,3,0.0,249.1,241.7,59.9
Follicular,7.9,5,5,4,1,0.1,118.3,97.0,80.9
Late Luteal,6.2,3,2,2,1,1.8,7.8,0.0,53.5
Menstrual,6.8,4,3,3,2,1.2,195.4,204.8,50.8
Early Luteal,7.5,4,4,3,2,0.5,146.8,152.9,60.7
Early Luteal,6.8,3,3,3,2,1.2,289.4,263.6,48.0
Ovulation,6.2,4,4,4,3,1.8,288.9,147.2,46.3
Follicular,7.7,3,3,5,2,0.3,198.4,203.9,61.0
Late Luteal,5.2,3,2,2,2,2.8,255.7,355.7,25.6
Early Luteal,7.1,3,3,3,3,0.9,323.6,389.2,42.5
Menstrual,8.6,5,3,3,3,0.0,424.3,433.5,58.3
Late Luteal,6.5,2,2,1,2,1.5,130.7,93.9,33.9
Ovulation,8.4,4,4,4,1,0.0,72.3,164.2,76.0
Follicular,7.1,4,4,4,2,0.9,217.5,221.4,57.4
Ovulation,5.2,3,2,4,3,2.8,475.6,410.1,28.2
Menstrual,7.0,3,3,3,2,1.0,94.7,186.1,42.4
Menstrual,7.1,5,4,4,1,0.9,13.0,3.2,68.4
Follicular,7.3,4,3,4,3,0.7,431.6,531.6,48.7
Late Luteal,5.8,3,2,2,4,2.2,589.7,689.7,12.4
Menstrual,8.5,4,4,4,2,0.0,166.0,85.7,59.6
Menstrual,8.9,4,4,3,1,0.0,42.8,7.2,75.4
Follicular,7.8,4,4,4,1,0.2,49.9,145.9,75.8
Follicular,7.8,5,3,4,1,0.2,47.3,0.0,75.2
Early Luteal,6.7,2,3,4,1,1.3,90.5,0.0,54.4
Ovulation,7.0,4,4,4,3,1.0,444.9,544.9,49.2
Menstrual,4.9,2,3,2,1,3.1,56.4,28.0,30.1
Early Luteal,7.6,4,3,3,2,0.4,255.2,193.4,59.4
Menstrual,7.4,5,3,3,1,0.6,81.0,7.9,65.5
Late Luteal,7.3,3,2,2,3,0.7,374.4,345.1,38.1
Follicular,6.9,3,3,3,3,1.1,392.8,427.9,33.2
Follicular,6.4,3,2,2,3,1.6,546.9,552.9,32.1
Late Luteal,6.8,3,3,3,2,1.2,265.2,281.7,43.8
Early Luteal,7.3,4,4,3,1,0.7,14.4,0.0,65.4
Follicular,6.9,3,4,3,2,1.1,163.0,171.6,51.2
Late Luteal,8.2,4,4,3,3,0.0,336.2,388.8,52.1
Late Luteal,6.5,3,3,3,2,1.5,86.7,77.2,45.5
Late Luteal,5.9,2,3,2,1,2.1,138.3,91.6,30.2
Late Luteal,4.7,1,2,1,3,3.3,272.8,189.7,6.0
Early Luteal,7.2,4,3,4,3,0.8,404.1,403.5,47.7
Early Luteal,5.1,2,3,3,2,2.9,129.4,77.6,32.8
Late Luteal,5.4,3,2,1,3,2.6,381.0,481.0,18.6
Follicular,6.4,3,3,3,3,1.6,247.7,174.3,34.0
Ovulation,8.5,4,3,4,1,0.0,119.6,43.6,77.0
Follicular,5.0,2,2,2,4,3.0,532.8,590.0,5.9
Early Luteal,6.4,2,3,3,2,1.6,220.2,169.4,36.8
Follicular,9.0,5,4,4,3,0.0,430.5,385.0,69.0
Late Luteal,4.4,1,2,2,2,3.6,94.9,147.4,17.0
Early Luteal,7.7,4,4,4,5,0.3,768.4,852.4,33.6
Late Luteal,6.3,3,3,2,3,1.7,469.0,308.2,34.7
Menstrual,6.4,2,2,3,3,1.6,322.7,277.1,29.5
Menstrual,6.6,2,2,2,3,1.4,404.2,288.6,27.5
Menstrual,6.6,3,3,3,3,1.4,361.5,406.1,37.8
Late Luteal,6.2,3,3,3,1,1.8,174.6,174.2,42.1
Early Luteal,7.1,4,4,3,3,0.9,335.4,374.1,50.9
Follicular,5.9,4,4,4,1,2.1,53.9,131.0,62.5
Late Luteal,7.2,3,2,2,3,0.8,251.7,312.5,41.0
Follicular,6.9,4,4,4,2,1.1,260.0,229.3,56.1
Menstrual,7.2,4,2,2,3,0.8,311.9,411.9,36.7
Follicular,6.2,3,3,3,2,1.8,227.1,248.5,43.1
Early Luteal,8.8,4,5,5,2,0.0,90.2,61.4,72.7
Early Luteal,6.9,4,3,3,1,1.1,77.0,0.0,57.9
Menstrual,6.9,3,2,1,4,1.1,614.1,575.7,19.7
Follicular,7.0,4,5,5,1,1.0,77.6,73.2,68.7
Follicular,6.4,3,3,3,2,1.6,111.4,55.8,52.0
Ovulation,6.2,4,4,4,2,1.8,125.6,26.6,56.7
Early Luteal,7.4,4,4,4,2,0.6,159.6,47.7,58.8
Late Luteal,5.3,3,2,3,2,2.7,114.4,119.5,39.7
Ovulation,6.2,3,3,4,2,1.8,139.2,239.2,47.2
Ovulation,7.8,3,3,5,1,0.2,122.2,8.3,69.4
Late Luteal,7.1,4,3,3,3,0.9,393.0,351.6,45.0
Menstrual,7.2,4,3,1,4,0.8,524.7,525.4,37.8
Late Luteal,6.3,3,3,2,2,1.7,261.3,331.5,40.6
Follicular,7.4,5,4,3,1,0.6,65.9,0.0,73.1
Early Luteal,6.7,3,3,2,3,1.3,314.2,363.2,43.5
Menstrual,6.7,3,2,3,2,1.3,102.2,101.9,44.4
Menstrual,6.4,4,3,2,2,1.6,87.9,0.0,51.0
Follicular,5.4,3,3,3,1,2.6,49.3,0.0,45.4
Early Luteal,8.5,5,3,3,3,0.0,382.8,371.4,67.5
Menstrual,6.3,3,2,3,2,1.7,158.9,122.6,42.9
Early Luteal,7.2,5,3,3,4,0.8,485.3,451.1,48.4
Early Luteal,7.1,4,2,3,3,0.9,476.7,451.6,46.5
Follicular,8.6,5,4,4,2,0.0,93.5,193.5,76.9
Late Luteal,7.8,4,4,3,2,0.2,110.1,152.7,61.7
Follicular,7.5,5,4,4,2,0.5,129.2,40.3,71.8
Menstrual,6.4,4,2,2,2,1.6,60.1,62.9,50.1
Follicular,6.3,4,3,3,3,1.7,279.1,300.2,48.8
Follicular,7.2,5,4,3,1,0.8,70.4,170.4,68.6
Follicular,7.3,5,4,5,1,0.7,7.6,0.0,72.1
Follicular,7.5,4,4,4,3,0.5,373.0,473.0,55.3
Late Luteal,5.6,3,2,2,3,2.4,465.1,460.4,22.2
Early Luteal,6.3,4,3,2,2,1.7,113.7,0.0,50.1
Late Luteal,7.2,3,2,2,4,0.8,643.4,721.7,27.0
Early Luteal,8.1,5,4,3,1,0.0,56.9,0.0,80.3
Early Luteal,7.9,4,4,4,2,0.1,60.0,23.0,63.6
Follicular,5.3,3,3,3,2,2.7,7.4,0.0,40.2
Early Luteal,7.0,3,3,4,1,1.0,26.8,125.2,56.8
Early Luteal,5.5,3,3,3,2,2.5,122.5,100.0,42.2
Late Luteal,5.7,3,2,3,2,2.3,135.0,224.4,32.1
Menstrual,7.6,4,2,3,3,0.4,456.5,314.7,37.4
Late Luteal,8.2,3,2,1,3,0.0,296.7,240.4,53.3
Early Luteal,8.0,4,3,3,3,0.0,431.8,483.2,50.8
Follicular,6.8,4,4,4,1,1.2,39.6,0.0,61.7
Late Luteal,6.5,2,3,2,2,1.5,117.2,12.1,37.7
Menstrual,6.1,3,2,3,5,1.9,694.9,648.2,9.8
Follicular,9.5,5,4,4,1,0.0,171.3,218.7,84.7
Late Luteal,5.6,2,1,2,4,2.4,671.6,771.6,7.7
Follicular,6.6,4,4,3,2,1.4,53.5,60.9,61.4
Late Luteal,6.4,3,3,2,3,1.6,411.7,405.0,34.1
Follicular,9.3,5,4,4,2,0.0,210.4,142.4,80.5
Follicular,6.6,3,4,4,2,1.4,272.2,212.3,51.5
Ovulation,5.8,2,4,4,2,2.2,119.6,94.9,45.0
Ovulation,7.0,3,3,3,2,1.0,202.4,302.4,51.1
Late Luteal,5.8,3,2,2,3,2.2,348.9,414.6,24.4
Late Luteal,5.0,2,2,2,1,3.0,49.6,36.3,32.1
Ovulation,7.9,3,4,3,2,0.1,144.1,137.9,63.5
Follicular,8.0,4,4,3,2,0.0,91.3,151.2,68.0
Follicular,8.3,4,4,4,1,0.0,87.3,187.3,76.3
Menstrual,7.0,3,3,2,1,1.0,121.7,0.0,49.0
Follicular,8.3,4,4,4,2,0.0,221.8,188.4,68.1
Ovulation,6.9,3,4,5,3,1.1,463.7,538.7,39.1
Follicular,8.5,4,3,3,2,0.0,167.1,98.3,69.6
Late Luteal,5.7,2,2,2,3,2.3,258.5,185.4,24.1
Late Luteal,5.9,3,2,2,3,2.1,419.5,462.1,27.2
Early Luteal,6.5,4,3,3,2,1.5,233.0,157.1,50.6
Early Luteal,6.2,3,3,3,2,1.8,315.3,255.7,37.7
Ovulation,8.0,4,4,4,1,0.0,151.7,37.4,69.9
Late Luteal,7.6,3,2,3,2,0.4,109.2,114.7,43.5
Follicular,8.4,4,4,3,2,0.0,46.9,139.3,66.8
Menstrual,6.4,3,2,2,3,1.6,305.8,306.0,27.8
Follicular,7.2,4,4,4,1,0.8,33.7,0.0,66.1
Ovulation,7.4,4,3,3,1,0.6,26.0,71.4,67.1
Late Luteal,5.5,3,3,2,2,2.5,133.5,233.5,33.2
Menstrual,6.4,4,3,2,3,1.6,349.1,336.0,38.7
Late Luteal,6.8,3,2,2,2,1.2,120.9,150.2,48.6
Early Luteal,6.0,4,4,4,2,2.0,280.2,380.2,50.0
Late Luteal,7.4,4,3,2,4,0.6,557.7,606.9,39.7
Early Luteal,5.1,3,3,4,2,2.9,142.2,142.9,36.3
Ovulation,7.0,3,2,2,4,1.0,550.3,493.0,33.4
Menstrual,5.9,2,2,2,2,2.1,182.9,64.2,29.6
Follicular,6.7,3,2,3,1,1.3,110.9,210.9,56.0
Early Luteal,7.0,3,4,4,2,1.0,349.5,326.4,50.2
Follicular,7.4,5,4,4,1,0.6,30.7,0.0,73.9
Follicular,7.1,4,4,3,2,0.9,263.1,230.1,56.7
Late Luteal,6.2,3,3,3,2,1.8,351.8,411.8,34.4
Follicular,7.1,4,4,4,3,0.9,375.0,464.3,50.3
Menstrual,5.6,3,3,3,1,2.4,97.0,45.9,42.8
Menstrual,6.5,3,3,3,1,1.5,87.4,77.8,44.4
Follicular,6.3,3,2,3,2,1.7,134.0,116.2,42.5
Menstrual,6.2,3,2,2,5,1.8,800.0,744.2,7.1
Early Luteal,5.9,4,3,4,2,2.1,232.7,163.0,43.0
Late Luteal,7.2,4,3,3,2,0.8,87.2,30.2,54.8
Menstrual,6.6,3,3,3,2,1.4,258.6,268.6,44.0
Early Luteal,7.2,4,3,4,2,0.8,102.8,145.0,54.8
Follicular,6.3,3,3,4,3,1.7,492.9,592.9,33.9
Early Luteal,8.5,3,3,3,2,0.0,194.3,47.3,64.3
Ovulation,6.4,4,4,4,2,1.6,101.1,16.6,57.2
Ovulation,7.4,4,3,3,4,0.6,555.9,579.8,38.9
Menstrual,7.0,2,2,3,3,1.0,335.0,238.1,27.6
Follicular,6.8,3,4,3,1,1.2,100.7,63.2,62.0
Menstrual,6.6,2,3,4,2,1.4,293.3,207.9,36.2
Late Luteal,8.1,4,3,2,5,0.0,800.0,729.1,35.4
Ovulation,7.5,3,5,5,2,0.5,255.8,229.1,58.5
Late Luteal,6.7,2,3,3,2,1.3,132.2,57.0,36.7
Follicular,7.2,4,3,3,2,0.8,168.4,154.7,59.7
Late Luteal,7.9,4,3,3,3,0.1,496.2,519.1,48.7
Follicular,6.2,4,3,4,3,1.8,401.1,369.6,38.5
Late Luteal,5.8,3,2,2,2,2.2,256.5,254.9,32.2
Late Luteal,6.4,2,3,1,4,1.6,577.7,647.5,18.4
Follicular,7.0,3,3,2,2,1.0,206.1,144.9,45.8
Ovulation,7.1,5,4,5,1,0.9,17.7,0.0,83.1
Late Luteal,4.6,1,2,3,2,3.4,171.0,211.6,8.7
Follicular,9.2,5,4,4,1,0.0,74.7,0.0,86.6
Early Luteal,6.5,3,3,4,2,1.5,365.5,422.4,42.4
Early Luteal,6.2,2,3,2,2,1.8,335.4,354.0,33.0
Menstrual,4.8,1,3,2,1,3.2,93.0,12.6,17.5
Late Luteal,5.4,3,2,3,2,2.6,282.1,258.7,34.7
Early Luteal,7.8,5,3,3,2,0.2,87.7,114.8,75.2
Follicular,7.4,5,4,5,2,0.6,116.5,200.9,67.3
Ovulation,8.6,4,5,4,2,0.0,143.6,216.5,75.8
Early Luteal,6.6,3,3,3,1,1.4,95.5,0.0,56.7
Follicular,7.2,5,4,4,1,0.8,64.1,0.0,74.9
Menstrual,5.3,2,2,1,2,2.7,212.1,259.2,19.7
Menstrual,8.1,4,4,3,1,0.0,25.7,32.1,73.8
Early Luteal,8.4,4,4,3,1,0.0,114.3,214.3,80.0
Ovulation,7.4,4,4,4,1,0.6,124.7,224.7,68.9
Follicular,8.5,5,5,5,1,0.0,82.5,128.8,83.1
Early Luteal,6.6,3,4,4,1,1.4,66.5,166.5,56.2
Follicular,8.1,5,4,4,4,0.0,571.4,671.4,55.0
Early Luteal,8.2,3,2,3,4,0.0,506.5,598.6,37.5
Late Luteal,7.5,4,3,2,1,0.5,96.7,21.0,67.2
Follicular,6.3,4,3,4,2,1.7,105.3,0.0,52.1
Menstrual,8.1,4,3,2,4,0.0,558.2,579.5,44.2
Follicular,5.6,3,3,3,2,2.4,256.7,291.5,38.2
Follicular,6.4,4,3,4,2,1.6,133.3,178.8,51.7
Late Luteal,6.4,2,2,3,2,1.6,69.4,0.0,32.1
Follicular,5.3,3,4,4,3,2.7,470.8,447.0,26.1
Late Luteal,6.7,3,3,2,2,1.3,126.1,131.8,41.7
Follicular,6.6,4,4,3,2,1.4,191.8,66.5,54.8
Follicular,7.6,4,4,2,1,0.4,126.1,10.1,70.6
Early Luteal,7.5,4,3,2,2,0.5,357.4,432.7,60.9
Early Luteal,8.4,3,3,3,3,0.0,308.7,216.0,53.1
Late Luteal,6.1,2,2,3,1,1.9,63.6,142.5,39.9
Late Luteal,8.2,3,3,3,2,0.0,200.1,199.8,53.0
Ovulation,6.9,3,3,4,2,1.1,258.7,255.3,48.0
Early Luteal,7.5,3,4,3,1,0.5,95.1,76.2,64.4
Late Luteal,5.3,2,2,3,2,2.7,286.5,265.6,24.2
Early Luteal,7.5,4,3,3,4,0.5,528.8,544.9,42.7
Follicular,8.0,3,4,5,1,0.0,141.2,54.8,71.8
Ovulation,6.5,3,4,4,3,1.5,488.5,374.8,39.9
Early Luteal,7.4,5,2,2,2,0.6,77.6,71.4,64.3
Menstrual,7.0,2,3,3,2,1.0,177.2,134.9,41.1
Late Luteal,9.5,4,4,3,1,0.0,10.8,0.0,74.4
Follicular,4.4,3,3,3,2,3.6,108.5,132.7,32.4
Follicular,9.5,5,4,3,2,0.0,286.6,349.1,77.7
Follicular,5.3,4,3,4,2,2.7,269.5,369.5,40.2
Early Luteal,8.5,4,4,4,4,0.0,617.3,595.2,47.0
Follicular,7.7,3,4,3,4,0.3,501.0,542.4,41.5
Menstrual,8.0,4,3,3,3,0.0,381.7,400.2,49.4
Menstrual,6.1,3,3,2,2,1.9,82.8,25.5,37.7
Early Luteal,7.8,3,3,2,3,0.2,413.4,471.4,45.0
Menstrual,6.7,3,3,4,1,1.3,88.7,0.0,47.9
Follicular,6.3,3,3,2,2,1.7,103.2,181.6,45.0
Follicular,7.2,4,4,3,3,0.8,274.7,215.2,52.4
Follicular,7.5,4,3,3,2,0.5,278.7,322.5,59.8
Follicular,8.0,3,3,4,2,0.0,279.5,282.5,59.3
Follicular,6.4,1,2,2,2,1.6,226.0,240.4,32.7
Early Luteal,7.8,4,4,3,1,0.2,94.1,58.2,67.4
Early Luteal,7.7,4,4,4,2,0.3,197.4,94.5,68.0
Menstrual,6.5,2,2,2,5,1.5,737.2,837.2,9.4
Follicular,6.4,2,2,3,1,1.6,111.9,150.9,38.3
Late Luteal,6.9,3,2,1,3,1.1,276.0,221.9,38.2
Ovulation,8.8,4,4,4,2,0.0,8.9,108.9,76.3
Follicular,6.5,3,3,2,1,1.5,39.7,0.0,55.7
Follicular,7.0,2,4,3,3,1.0,436.3,432.6,37.7
Follicular,6.4,3,3,2,3,1.6,482.9,383.9,32.2
Follicular,7.3,5,4,5,1,0.7,106.8,157.0,75.1
Follicular,6.6,2,3,3,2,1.4,94.8,128.2,44.9
Follicular,6.8,3,3,2,3,1.2,449.4,332.0,40.3
Menstrual,8.0,4,3,4,2,0.0,177.0,197.4,56.4
Early Luteal,8.3,5,4,5,2,0.0,312.1,412.1,67.0
Late Luteal,6.0,2,3,3,3,2.0,483.3,583.3,24.3
Follicular,6.7,4,3,3,3,1.3,462.6,540.2,35.9
Menstrual,7.7,3,3,2,2,0.3,148.3,217.0,46.1
Follicular,6.0,3,3,3,2,2.0,195.6,172.1,43.4
Early Luteal,5.6,3,3,3,1,2.4,110.9,149.9,50.0
Late Luteal,6.8,3,2,2,2,1.2,260.4,132.8,46.6
Late Luteal,7.3,4,3,2,2,0.7,245.3,345.3,53.4
Early Luteal,7.5,4,4,3,2,0.5,129.2,183.1,63.7
Follicular,6.5,4,5,5,2,1.5,211.8,236.2,53.4
Follicular,6.0,3,2,2,2,2.0,360.3,364.2,35.6
Late Luteal,6.4,3,2,3,3,1.6,341.3,345.4,29.9
Late Luteal,7.9,4,3,3,3,0.1,373.1,357.3,49.3
Late Luteal,6.7,3,2,2,2,1.3,119.0,40.7,40.8
Early Luteal,8.6,5,3,2,3,0.0,355.0,388.5,66.2
Follicular,8.0,5,3,4,3,0.0,471.9,394.0,58.3
Early Luteal,6.5,2,2,3,3,1.5,474.8,381.0,24.5
Early Luteal,6.3,5,3,3,2,1.7,179.3,179.1,58.3
Menstrual,6.4,3,3,3,2,1.6,40.3,0.0,36.3
Early Luteal,6.4,2,3,4,1,1.6,2.5,0.0,47.3
Early Luteal,6.3,4,3,3,2,1.7,295.0,227.0,49.6
Follicular,6.7,2,3,2,2,1.3,188.1,69.4,42.1
Follicular,8.0,4,4,4,2,0.0,264.0,184.6,66.2
Late Luteal,6.9,2,3,1,3,1.1,391.3,353.5,23.2
Early Luteal,7.5,5,4,4,4,0.5,595.5,644.8,42.2
Late Luteal,7.8,4,4,3,2,0.2,324.1,344.8,60.0
Follicular,8.3,5,4,4,1,0.0,102.0,43.8,83.4
Ovulation,5.4,3,3,4,2,2.6,365.5,453.7,36.3
Menstrual,8.0,4,2,2,3,0.0,303.7,318.8,51.4
Early Luteal,5.1,1,2,2,4,2.9,443.5,413.5,4.5
Late Luteal,6.8,2,2,2,1,1.2,97.9,7.7,47.4
Early Luteal,5.7,2,2,2,3,2.3,281.0,315.2,27.9
Ovulation,8.4,4,4,5,3,0.0,352.4,343.0,67.6
Follicular,6.6,2,2,2,1,1.4,166.9,227.8,47.3
Early Luteal,6.2,2,2,3,3,1.8,449.2,485.0,27.1
Follicular,8.5,4,4,4,2,0.0,136.5,5.0,66.0
Ovulation,7.0,3,3,3,3,1.0,336.6,327.6,44.6
Follicular,5.5,3,4,4,2,2.5,245.2,345.2,39.9
Follicular,6.0,2,2,3,4,2.0,503.8,535.0,18.5
Follicular,6.1,4,4,3,3,1.9,483.5,460.3,42.3
Early Luteal,6.2,3,3,3,3,1.8,507.7,579.2,33.1
Follicular,7.0,3,3,3,2,1.0,279.1,144.2,49.8
Follicular,6.6,4,4,4,1,1.4,38.5,138.5,62.9
Menstrual,6.0,4,3,3,2,2.0,228.8,134.9,40.4
Late Luteal,7.8,3,4,3,1,0.2,88.6,111.0,64.1
Early Luteal,5.2,3,3,3,1,2.8,44.6,68.9,43.2
Follicular,6.8,3,3,4,2,1.2,286.3,207.2,46.8
Follicular,7.2,5,4,4,2,0.8,202.1,302.1,68.6
Menstrual,7.3,4,2,2,3,0.7,340.8,325.8,40.2
Early Luteal,7.8,4,4,3,1,0.2,107.6,165.7,69.4
Menstrual,6.8,2,3,2,3,1.2,327.2,243.5,27.1
Late Luteal,6.7,2,2,2,5,1.3,684.4,694.7,13.3
Early Luteal,5.1,3,3,3,1,2.9,95.8,121.2,37.3
Menstrual,7.0,3,2,2,2,1.0,136.5,236.5,45.4
Follicular,5.0,3,3,3,3,3.0,353.3,273.5,26.7
Menstrual,6.0,3,2,2,3,2.0,494.4,427.8,25.5
Ovulation,6.1,3,3,4,2,1.9,262.2,200.5,49.0
Early Luteal,6.0,3,3,3,4,2.0,460.3,432.8,24.1
Early Luteal,7.7,4,4,3,2,0.3,71.6,57.2,63.7
Menstrual,5.9,2,2,3,3,2.1,288.5,241.5,25.9
Late Luteal,6.7,3,2,2,2,1.3,244.4,266.7,35.1
Early Luteal,7.9,3,3,3,4,0.1,569.2,542.0,36.1
Late Luteal,7.5,3,2,2,3,0.5,316.2,374.7,43.9
Menstrual,5.8,3,2,1,3,2.2,385.4,395.7,23.9
Ovulation,7.1,3,4,4,2,0.9,175.9,193.0,54.7
Follicular,7.7,4,3,4,2,0.3,173.2,23.6,61.5
Late Luteal,6.2,2,2,1,4,1.8,656.8,546.4,19.2
Late Luteal,7.4,3,2,3,2,0.6,141.6,233.0,51.9
Late Luteal,6.1,2,2,2,3,1.9,286.1,221.6,21.9
Late Luteal,7.0,2,3,3,2,1.0,236.9,91.3,38.1
Early Luteal,6.7,4,2,1,4,1.3,475.0,470.4,35.0
Follicular,7.3,4,4,4,1,0.7,18.0,23.8,72.3
Early Luteal,8.4,5,4,4,1,0.0,38.5,138.5,83.7
Early Luteal,7.3,3,3,3,4,0.7,620.4,671.6,38.4
Menstrual,5.7,3,3,3,2,2.3,67.0,115.8,40.0
Menstrual,6.4,3,3,3,1,1.6,86.9,158.2,42.2
Early Luteal,5.8,3,2,2,3,2.2,370.6,423.2,28.5
Follicular,7.1,3,4,3,2,0.9,276.0,291.2,53.5
Follicular,7.2,4,4,3,1,0.8,71.3,57.4,66.3
Early Luteal,7.4,4,3,3,3,0.6,369.5,425.4,51.9
Follicular,7.7,3,4,5,1,0.3,121.8,0.2,69.1
Ovulation,8.0,4,5,5,2,0.0,193.1,86.5,69.8
Late Luteal,7.1,5,2,2,4,0.9,406.7,231.0,44.2
Early Luteal,6.9,3,2,2,2,1.1,278.0,99.5,40.4
Menstrual,5.3,4,3,3,1,2.7,68.2,11.4,49.0
Follicular,5.7,2,3,3,2,2.3,113.0,117.8,34.7
Ovulation,6.5,3,3,3,2,1.5,143.3,42.6,49.0
Follicular,7.3,5,4,4,3,0.7,393.2,397.0,55.2
Late Luteal,7.1,4,4,2,2,0.9,122.2,146.9,51.4
Ovulation,6.7,3,3,4,3,1.3,364.1,359.7,44.3
Early Luteal,7.2,4,3,3,3,0.8,252.9,352.9,52.5
Early Luteal,8.4,4,3,3,2,0.0,91.5,51.2,65.4
Menstrual,6.5,3,3,3,2,1.5,229.4,329.4,39.5
Late Luteal,5.1,2,2,2,4,2.9,477.5,530.5,8.9
Menstrual,6.8,1,3,1,3,1.2,520.3,496.8,21.6
Follicular,6.1,4,4,3,2,1.9,140.2,11.4,53.4
Follicular,8.1,4,4,3,1,0.0,11.7,54.9,74.4
Menstrual,5.9,2,1,1,2,2.1,96.1,73.1,28.2
Late Luteal,7.5,4,2,3,4,0.5,486.2,422.5,39.9
Early Luteal,5.3,4,3,3,4,2.7,556.3,580.7,26.0
Menstrual,5.7,2,3,2,2,2.3,146.4,167.9,27.4
Follicular,6.9,3,4,4,1,1.1,103.5,0.0,54.0
Late Luteal,5.5,3,3,3,1,2.5,109.8,78.1,46.2
Late Luteal,5.8,3,3,2,2,2.2,97.4,190.7,41.9
Follicular,6.2,2,2,3,3,1.8,302.5,180.8,30.8
Late Luteal,4.4,1,2,3,2,3.6,180.5,250.8,8.5
Late Luteal,7.2,4,2,2,3,0.8,310.7,362.6,43.4
Follicular,7.2,5,4,4,2,0.8,156.2,139.6,68.6
Follicular,7.1,3,4,4,1,0.9,189.0,236.8,58.3
Late Luteal,6.7,3,2,2,2,1.3,131.5,141.5,38.1
Early Luteal,7.9,4,3,3,3,0.1,423.6,446.5,56.8
Follicular,5.7,4,3,3,3,2.3,354.6,381.8,36.6
Early Luteal,6.2,4,3,4,3,1.8,192.5,195.7,45.5
Late Luteal,7.4,4,3,2,3,0.6,468.6,526.4,46.9
Late Luteal,5.1,4,2,3,2,2.9,142.3,242.3,32.1
Follicular,6.4,4,4,4,1,1.6,57.4,53.2,59.4
Menstrual,9.5,4,3,3,3,0.0,422.3,522.3,50.2
Ovulation,7.7,4,4,3,2,0.3,233.9,215.2,63.3
Follicular,7.1,4,4,4,2,0.9,94.6,169.1,61.5
Follicular,7.2,5,4,4,1,0.8,129.1,229.1,71.5
Follicular,6.8,2,3,2,2,1.2,357.7,386.5,36.5
Follicular,7.7,4,4,5,1,0.3,114.2,163.3,71.8
Late Luteal,5.5,2,2,2,2,2.5,272.6,226.8,25.7
Early Luteal,6.5,2,3,2,1,1.5,30.8,130.8,44.3
Late Luteal,6.6,3,2,2,4,1.4,472.2,546.6,26.4
Follicular,5.2,4,4,5,1,2.8,72.4,46.2,57.8
Ovulation,6.4,3,3,3,1,1.6,187.8,287.8,54.2
Early Luteal,7.4,4,3,3,4,0.6,578.7,606.8,40.7
Early Luteal,5.9,3,3,3,3,2.1,261.3,352.4,29.9
Ovulation,7.0,3,3,3,2,1.0,136.6,176.5,58.4
Menstrual,7.9,4,3,2,1,0.1,71.3,119.9,64.7
Early Luteal,6.1,3,3,3,3,1.9,337.6,431.9,35.4
Early Luteal,6.0,3,3,4,3,2.0,375.1,386.0,33.2
Late Luteal,6.3,3,2,1,2,1.7,337.8,372.8,38.2
Follicular,9.5,5,5,5,2,0.0,306.8,237.3,79.1
Follicular,6.1,4,2,3,3,1.9,269.7,343.3,44.2
Late Luteal,6.9,2,2,2,3,1.1,559.2,586.5,26.4
Menstrual,7.4,4,3,4,2,0.6,144.1,81.8,53.7
Menstrual,8.7,5,3,2,2,0.0,227.1,223.8,65.2
Early Luteal,7.7,3,4,3,2,0.3,226.1,326.1,55.1
Early Luteal,7.0,2,2,2,3,1.0,399.1,489.7,29.5
Follicular,6.6,2,2,3,4,1.4,696.4,710.9,23.8
Follicular,7.9,4,4,3,2,0.1,125.7,218.2,65.3
Follicular,7.1,4,4,5,2,0.9,65.3,149.5,60.2
Early Luteal,4.9,3,3,2,1,3.1,34.9,31.8,40.9
Ovulation,6.4,4,4,4,1,1.6,149.4,141.2,59.4
Follicular,7.9,5,4,3,2,0.1,146.4,162.0,68.8
Early Luteal,6.6,2,3,3,2,1.4,188.7,200.9,42.7
Follicular,8.1,4,3,3,2,0.0,70.5,134.0,69.2
Follicular,7.5,4,3,4,2,0.5,260.5,295.7,61.3
Follicular,5.3,3,2,3,3,2.7,294.1,225.8,25.0
Late Luteal,6.5,3,3,2,3,1.5,378.6,409.2,31.0
Late Luteal,4.4,2,2,2,1,3.6,19.3,2.8,22.1
Early Luteal,8.7,4,3,3,2,0.0,189.1,253.8,68.2
Ovulation,5.8,3,4,3,1,2.2,83.3,76.9,53.5
Ovulation,6.5,2,4,3,1,1.5,149.1,173.5,45.4
Late Luteal,6.1,3,2,3,3,1.9,383.8,342.1,30.9
Late Luteal,8.2,3,3,2,3,0.0,297.6,255.2,47.2
Early Luteal,6.9,2,2,3,2,1.1,140.4,221.1,43.4
Menstrual,5.6,2,2,3,3,2.4,459.9,497.7,19.9
Early Luteal,6.0,3,3,3,2,2.0,111.7,106.6,42.7
Early Luteal,8.1,4,3,3,5,0.0,800.0,787.9,43.9
Ovulation,6.8,2,3,3,2,1.2,267.2,193.8,44.1
Late Luteal,5.5,3,2,3,4,2.5,399.4,425.7,19.3
Late Luteal,5.0,2,1,1,2,3.0,189.5,129.3,23.7
Late Luteal,6.5,2,2,2,2,1.5,270.6,367.5,31.8
Follicular,7.1,5,4,3,2,0.9,180.6,199.3,66.2
Follicular,7.4,5,4,4,3,0.6,448.9,367.0,60.4
Ovulation,6.9,2,3,3,1,1.1,21.1,10.0,50.6
Follicular,5.9,3,4,3,2,2.1,123.9,6.8,42.6
Follicular,7.7,3,3,3,3,0.3,324.2,339.3,44.4
Late Luteal,6.5,4,3,3,2,1.5,149.5,207.3,49.1
Early Luteal,6.4,3,2,2,4,1.6,441.7,471.4,24.9
Late Luteal,7.3,4,3,4,2,0.7,126.0,140.9,60.7
Menstrual,4.7,1,1,2,3,3.3,504.1,404.6,0.0
Late Luteal,7.6,3,3,3,2,0.4,91.8,180.8,58.9
Early Luteal,7.0,3,2,3,3,1.0,316.6,416.6,38.3
Menstrual,5.9,3,2,1,4,2.1,494.1,443.9,18.6
Early Luteal,9.0,5,4,4,1,0.0,40.9,109.5,85.0
Menstrual,6.5,3,3,3,2,1.5,257.3,169.1,38.1
Early Luteal,7.2,4,2,3,2,0.8,57.7,0.0,56.5
Early Luteal,7.4,4,3,2,2,0.6,293.5,362.2,55.2
Follicular,6.1,4,4,4,2,1.9,175.9,209.2,52.8
Menstrual,6.4,3,2,3,2,1.6,256.7,227.9,37.5
Late Luteal,7.2,4,2,2,2,0.8,206.4,306.4,55.9
Early Luteal,6.8,4,3,4,1,1.2,27.6,90.3,54.9
Ovulation,5.2,3,3,3,2,2.8,222.3,215.1,39.0
Menstrual,5.9,2,3,1,3,2.1,303.9,290.1,22.5
Early Luteal,7.4,3,3,3,1,0.6,135.1,49.3,51.8
Late Luteal,4.6,3,3,3,2,3.4,283.5,198.8,30.1
Menstrual,7.5,5,3,4,2,0.5,116.8,130.8,63.0
Ovulation,5.9,2,4,3,3,2.1,366.5,355.7,34.1
Early Luteal,7.9,4,3,3,3,0.1,336.5,262.7,55.1
Follicular,5.9,3,3,3,2,2.1,117.9,51.0,38.7
Follicular,8.7,5,5,5,1,0.0,48.9,33.8,82.3
Early Luteal,6.5,3,3,4,3,1.5,444.3,503.5,35.7
Ovulation,6.1,3,4,4,3,1.9,311.7,361.7,34.2
Follicular,5.9,3,3,3,4,2.1,554.1,576.6,23.6
Late Luteal,7.0,2,3,3,1,1.0,108.8,0.0,47.4
Ovulation,7.2,5,4,4,2,0.8,239.8,294.8,69.3
Follicular,7.6,5,4,3,2,0.4,216.9,271.6,66.5
Follicular,7.3,4,4,2,2,0.7,176.2,145.1,57.0
Follicular,7.7,4,3,3,5,0.3,733.3,702.7,34.5
Follicular,6.4,2,3,3,2,1.6,297.1,317.2,34.3
Ovulation,7.0,3,5,5,1,1.0,157.7,257.7,57.8
Early Luteal,7.7,4,4,4,2,0.3,247.4,198.1,64.0
Early Luteal,6.0,2,3,2,1,2.0,43.3,31.7,42.0
Menstrual,6.9,3,4,4,1,1.1,38.4,0.0,56.3
Menstrual,6.1,4,3,3,5,1.9,800.0,864.4,17.3
Follicular,7.6,4,5,4,2,0.4,67.5,31.6,66.8
Follicular,5.2,4,4,4,1,2.8,66.5,77.6,52.0
Follicular,8.3,4,3,3,2,0.0,154.3,254.3,65.3
Follicular,8.1,5,4,5,3,0.0,222.2,239.9,65.5
Early Luteal,6.9,3,3,3,2,1.1,160.5,260.5,47.3
Follicular,6.8,3,4,4,2,1.2,148.3,197.9,50.1
Follicular,8.0,4,3,3,5,0.0,796.8,860.4,39.3
Menstrual,6.8,3,2,2,2,1.2,329.4,375.4,38.0
Menstrual,9.1,4,3,4,5,0.0,607.1,642.8,46.8
Menstrual,8.7,4,4,4,2,0.0,183.7,224.6,69.3
Late Luteal,6.9,3,3,2,2,1.1,175.2,275.2,42.9
Follicular,6.4,4,3,3,3,1.6,328.6,250.2,41.8
Early Luteal,6.6,4,3,3,2,1.4,295.8,212.3,52.6
Late Luteal,6.1,3,2,2,4,1.9,454.0,554.0,18.9
Early Luteal,7.3,4,3,3,2,0.7,442.2,242.6,48.7
Late Luteal,5.1,2,2,2,1,2.9,58.7,129.4,28.1
Menstrual,5.7,2,2,2,3,2.3,475.5,542.2,17.9
Early Luteal,5.6,3,3,2,2,2.4,227.2,220.5,36.4
Follicular,6.4,3,3,3,2,1.6,210.3,175.5,46.8
Ovulation,5.4,3,3,3,3,2.6,301.1,73.8,28.4
Ovulation,7.3,5,3,4,4,0.7,690.2,618.1,43.4
Menstrual,4.4,1,1,2,2,3.6,187.4,103.5,11.5
Late Luteal,8.6,5,4,3,2,0.0,228.7,271.8,72.8
Follicular,7.1,4,3,3,3,0.9,520.9,522.5,48.3
Follicular,6.7,3,3,4,1,1.3,155.1,0.0,61.8
Ovulation,7.0,3,4,4,1,1.0,74.1,86.4,62.8
Follicular,7.1,5,4,2,3,0.9,364.2,368.3,55.7
Follicular,7.3,5,4,4,3,0.7,420.5,322.3,56.6
Ovulation,7.0,3,4,4,2,1.0,117.4,130.5,55.1
Follicular,7.7,4,3,3,2,0.3,320.7,420.7,59.8
Menstrual,8.5,4,4,3,1,0.0,54.2,0.0,70.8
Late Luteal,7.9,4,2,2,1,0.1,19.2,0.0,65.3
Follicular,7.0,3,3,4,3,1.0,329.0,412.7,43.8
Ovulation,7.9,5,5,5,1,0.1,59.0,0.0,82.5
Follicular,7.4,3,3,3,1,0.6,101.8,184.1,59.1
Late Luteal,6.4,2,2,2,1,1.6,61.3,161.3,44.1
Follicular,9.3,5,5,5,1,0.0,58.0,0.0,94.3
Early Luteal,8.3,4,4,5,2,0.0,115.1,121.5,71.1
Follicular,8.0,4,5,4,2,0.0,248.4,231.3,70.4
Follicular,7.1,4,5,3,1,0.9,96.1,0.0,67.8
Menstrual,7.3,4,4,4,2,0.7,179.0,106.4,54.3
Follicular,8.0,5,4,2,3,0.0,394.3,494.3,63.3
Early Luteal,8.8,5,4,4,1,0.0,53.7,0.0,77.9
Menstrual,6.6,2,2,2,3,1.4,359.1,313.7,25.4
Late Luteal,6.5,2,2,2,2,1.5,223.0,223.8,34.1
Follicular,7.7,4,3,3,2,0.3,176.5,276.5,67.7
Follicular,8.6,5,3,5,2,0.0,266.5,271.9,73.0
Early Luteal,8.4,3,3,4,3,0.0,271.3,35.8,54.3
Menstrual,7.6,5,3,3,5,0.4,800.0,853.3,34.6
Menstrual,6.0,3,2,1,4,2.0,528.2,592.0,15.2
Follicular,8.2,4,3,4,2,0.0,140.0,109.6,66.6
Follicular,9.2,5,3,3,4,0.0,556.0,563.5,65.7
Follicular,7.5,3,3,5,1,0.5,50.5,0.0,64.1
Follicular,7.7,4,4,4,2,0.3,173.2,249.9,67.4
Early Luteal,7.2,4,4,4,1,0.8,68.0,115.5,66.6
Ovulation,8.2,5,5,5,2,0.0,271.7,346.0,76.9
Menstrual,5.5,3,3,3,2,2.5,91.9,191.9,37.2
Late Luteal,7.3,3,3,2,3,0.7,448.8,414.9,40.6
Late Luteal,7.8,4,3,3,3,0.2,475.7,575.7,50.1
Ovulation,7.4,4,4,4,2,0.6,161.2,160.8,61.7
Menstrual,6.1,4,2,3,4,1.9,590.1,504.9,25.7
Late Luteal,7.1,5,4,3,5,0.9,800.0,825.5,33.6
Late Luteal,7.8,4,4,3,2,0.2,111.5,114.8,61.8
Follicular,7.0,3,3,2,2,1.0,260.3,310.1,45.8
Late Luteal,8.4,4,2,1,2,0.0,184.8,284.8,54.9
Follicular,7.2,4,4,5,2,0.8,144.6,244.6,63.8
Late Luteal,5.5,2,2,2,1,2.5,43.1,143.1,32.8
Early Luteal,7.8,4,3,3,3,0.2,213.9,44.5,58.3
Follicular,8.6,4,4,4,2,0.0,356.6,424.9,62.3
Follicular,7.5,4,3,3,2,0.5,252.4,270.2,60.3
Ovulation,6.5,3,3,3,3,1.5,490.5,472.5,38.0
Early Luteal,6.0,3,3,3,2,2.0,303.3,345.0,42.3
Follicular,7.5,4,4,4,2,0.5,189.7,172.0,67.4
Menstrual,7.3,4,3,3,2,0.7,253.2,329.2,58.1
Ovulation,9.5,5,5,5,2,0.0,125.4,56.8,81.8
Late Luteal,4.4,1,2,2,2,3.6,146.8,132.4,15.2
Follicular,7.5,4,3,3,5,0.5,782.7,635.3,30.8
Late Luteal,6.9,3,3,4,2,1.1,117.3,21.1,46.9
Early Luteal,6.6,3,4,3,2,1.4,91.1,119.5,52.3
Follicular,6.6,2,3,3,3,1.4,414.2,514.2,31.9
Follicular,7.0,2,2,2,2,1.0,56.2,134.5,48.1
Menstrual,8.6,5,3,2,3,0.0,321.4,322.3,59.9
Menstrual,9.2,4,4,3,3,0.0,478.6,441.7,60.7
Late Luteal,6.5,3,3,2,2,1.5,118.5,76.3,46.9
Menstrual,5.8,2,2,2,2,2.2,97.9,52.8,33.6
Ovulation,7.4,4,3,3,2,0.6,187.4,188.0,57.3
Menstrual,6.6,2,3,2,3,1.4,419.7,301.4,25.9
Follicular,5.6,3,4,4,2,2.4,119.1,80.3,44.5
Menstrual,7.5,3,3,3,3,0.5,389.4,317.3,39.7
Menstrual,5.8,2,1,3,4,2.2,628.4,574.9,4.6
Ovulation,6.5,3,3,3,4,1.5,508.1,566.1,30.7
Late Luteal,6.6,2,2,2,2,1.4,180.6,241.6,32.0
Early Luteal,4.4,1,2,1,2,3.6,49.4,0.0,22.0
Late Luteal,5.8,3,3,2,4,2.2,629.7,729.7,12.3
Late Luteal,4.9,1,1,2,3,3.1,401.6,497.0,5.7
Early Luteal,8.1,5,3,3,3,0.0,383.7,460.7,61.0
Late Luteal,6.2,2,1,2,3,1.8,369.5,328.2,15.8
Early Luteal,6.5,3,3,3,2,1.5,252.4,339.2,41.0
Late Luteal,3.5,1,2,2,2,4.5,148.3,182.0,3.5
Late Luteal,5.3,2,2,1,3,2.7,399.2,229.0,16.2
Menstrual,5.2,3,2,2,2,2.8,190.4,203.9,26.1
Follicular,8.2,4,4,2,1,0.0,19.3,0.0,78.3
Early Luteal,7.3,4,4,3,3,0.7,501.2,428.9,47.0
Late Luteal,6.6,3,3,3,1,1.4,45.5,51.0,54.6
Menstrual,6.9,2,2,2,3,1.1,426.6,464.8,25.1
Ovulation,6.7,3,3,3,4,1.3,484.0,392.8,31.7
Early Luteal,6.9,3,3,3,2,1.1,102.3,111.1,51.5
Late Luteal,5.4,3,3,2,2,2.6,154.3,131.6,36.7
Early Luteal,6.8,2,1,3,4,1.2,382.9,326.3,25.1
Menstrual,6.9,3,3,2,3,1.1,270.2,278.5,41.1
Early Luteal,8.5,3,3,3,3,0.0,273.8,333.3,56.9
Early Luteal,5.9,3,3,2,1,2.1,21.5,52.4,52.2
Late Luteal,7.9,5,4,4,2,0.1,176.7,92.7,69.7
Early Luteal,7.3,4,4,4,3,0.7,342.6,391.1,50.7
Follicular,7.3,4,3,2,5,0.7,800.0,752.8,33.9
Menstrual,6.2,3,3,2,1,1.8,98.1,45.5,46.2
Late Luteal,7.6,3,2,2,2,0.4,201.4,226.5,45.9
Follicular,8.3,4,3,3,1,0.0,46.0,33.0,70.0
Early Luteal,8.4,4,3,3,2,0.0,283.0,329.6,60.7
Late Luteal,5.8,3,2,3,1,2.2,88.1,172.4,40.3
Follicular,9.5,4,4,3,1,0.0,86.6,29.0,77.3
Late Luteal,5.8,3,3,2,2,2.2,198.7,168.4,39.9
Menstrual,6.4,2,2,4,2,1.6,180.2,280.2,35.7
Follicular,7.7,4,4,5,2,0.3,167.6,267.6,64.9
Follicular,6.8,4,5,4,1,1.2,106.2,65.9,63.7
Early Luteal,6.1,3,2,3,2,1.9,236.4,258.9,43.0
Follicular,6.6,2,3,3,2,1.4,321.0,378.9,35.9
Late Luteal,6.1,3,3,3,1,1.9,78.1,45.4,45.7
Ovulation,6.3,3,2,3,5,1.7,790.9,635.5,17.9
Follicular,6.9,4,3,3,2,1.1,165.2,265.2,56.6
Menstrual,6.6,3,2,2,2,1.4,138.9,121.3,40.9
Ovulation,7.4,4,4,4,2,0.6,170.0,270.0,64.0
Early Luteal,6.7,3,3,2,2,1.3,41.2,0.0,50.1
Early Luteal,6.1,2,2,2,2,1.9,142.1,105.5,32.1
Early Luteal,7.2,4,4,4,2,0.8,294.5,325.8,57.0
Early Luteal,8.1,4,3,3,2,0.0,139.5,228.2,65.2
Late Luteal,5.9,3,2,2,1,2.1,95.6,149.6,49.5
Late Luteal,5.9,3,2,2,2,2.1,246.7,233.8,33.3
Early Luteal,5.1,3,3,4,2,2.9,224.5,176.1,32.0
Ovulation,6.0,3,3,4,3,2.0,453.3,365.8,32.0
Menstrual,7.4,3,2,3,3,0.6,332.4,214.9,36.0
Late Luteal,6.4,2,2,2,1,1.6,7.7,0.0,41.9
Ovulation,7.0,3,4,4,1,1.0,193.7,110.7,57.3
Late Luteal,8.5,3,3,3,2,0.0,143.0,88.7,54.6
Follicular,7.5,4,4,4,2,0.5,242.3,208.0,59.4
Follicular,8.6,5,4,4,4,0.0,696.3,680.4,53.9
Follicular,5.8,2,3,3,2,2.2,171.4,271.4,34.7
Menstrual,6.7,3,2,2,2,1.3,245.6,155.2,44.9
Follicular,7.4,5,3,4,3,0.6,418.6,518.6,57.3
Menstrual,6.4,3,3,3,2,1.6,235.7,250.4,42.7
Ovulation,7.5,4,4,4,3,0.5,269.4,331.2,58.0
Follicular,5.5,3,4,5,2,2.5,222.9,285.2,35.6
Late Luteal,8.1,3,4,3,2,0.0,100.3,0.0,57.9
Follicular,7.9,5,5,4,4,0.1,601.8,701.8,56.4
Follicular,7.0,3,4,3,1,1.0,23.6,6.4,57.3
Late Luteal,6.2,1,2,3,2,1.8,147.3,132.5,28.6
Late Luteal,7.2,3,2,1,3,0.8,439.5,314.8,30.7
Follicular,5.8,3,3,4,2,2.2,269.3,369.3,40.4
Follicular,7.9,4,3,3,4,0.1,440.8,425.0,48.3
Late Luteal,8.2,2,3,3,1,0.0,108.1,50.3,56.1
Menstrual,7.4,4,3,2,4,0.6,637.4,456.8,32.6
Late Luteal,5.3,3,3,1,1,2.7,87.7,106.9,37.4
Late Luteal,5.2,1,2,3,2,2.8,187.5,184.6,11.8
Follicular,7.7,4,4,4,3,0.3,248.7,322.6,56.9
Follicular,8.9,5,3,4,2,0.0,286.3,211.6,77.2
Follicular,7.4,4,3,3,2,0.6,302.0,331.3,58.7
Follicular,7.6,4,4,3,2,0.4,196.4,136.6,63.7
Ovulation,5.7,3,4,3,2,2.3,269.3,123.9,42.5
Follicular,6.8,3,4,3,2,1.2,124.4,164.0,47.6
Late Luteal,6.8,2,2,2,2,1.2,227.3,57.5,40.6
Early Luteal,4.9,2,2,3,1,3.1,56.0,156.0,34.7
Follicular,7.1,4,4,4,1,0.9,36.0,41.9,61.8
Follicular,7.5,3,4,4,1,0.5,60.0,7.2,64.0
Follicular,8.4,3,4,4,3,0.0,333.5,365.3,53.3
Late Luteal,6.5,2,2,2,3,1.5,383.0,483.0,32.2
Early Luteal,7.5,4,2,3,3,0.5,429.9,474.0,53.8
Late Luteal,7.8,4,3,2,2,0.2,145.4,104.3,56.4
Follicular,8.4,4,5,5,4,0.0,543.2,498.4,53.3
Menstrual,6.5,3,3,4,2,1.5,322.3,309.8,41.1
Late Luteal,8.4,3,2,2,3,0.0,329.4,429.4,43.1
Late Luteal,6.8,3,2,3,2,1.2,177.2,56.4,44.5
Follicular,6.4,2,3,3,3,1.6,341.7,354.2,31.2
Ovulation,7.7,5,5,5,2,0.3,229.1,226.7,68.8
Follicular,7.4,4,4,3,1,0.6,12.4,48.5,74.7
Late Luteal,6.1,4,2,3,2,1.9,126.7,91.7,42.2
Early Luteal,8.4,4,4,4,2,0.0,133.5,131.3,68.1
Late Luteal,6.4,1,2,2,4,1.6,565.1,509.0,16.9
Late Luteal,7.4,4,3,3,2,0.6,204.4,304.4,55.7
Early Luteal,6.4,4,3,3,2,1.6,72.6,0.0,55.1
Follicular,7.4,4,4,5,3,0.6,390.9,352.0,51.4
Follicular,7.5,5,4,4,1,0.5,31.5,0.0,73.4
Early Luteal,6.9,3,3,2,2,1.1,218.5,169.0,44.4
Early Luteal,6.4,2,4,3,1,1.6,55.7,0.0,49.0
Late Luteal,5.5,3,2,1,2,2.5,119.1,162.9,33.3
Early Luteal,6.1,4,3,3,2,1.9,104.8,162.7,47.7
Ovulation,6.5,2,3,3,2,1.5,175.7,274.9,41.9
Late Luteal,8.2,4,3,3,3,0.0,332.7,432.7,47.2
Follicular,6.8,2,2,3,2,1.2,142.0,48.6,43.4
Ovulation,7.7,4,4,4,2,0.3,166.4,64.7,64.6
Early Luteal,5.5,3,2,1,3,2.5,368.5,394.2,28.9
Follicular,7.8,4,4,4,3,0.2,348.8,372.1,56.4
Early Luteal,7.7,4,3,2,4,0.3,655.4,755.4,38.4
Follicular,8.6,5,4,4,2,0.0,72.8,21.4,78.0
Follicular,7.2,4,4,4,2,0.8,205.7,216.4,62.6
Early Luteal,7.4,4,3,5,3,0.6,538.6,607.2,39.6
Early Luteal,7.5,4,3,4,3,0.5,318.1,351.7,54.8
Early Luteal,7.4,4,4,4,2,0.6,35.4,0.0,63.3
Menstrual,7.0,3,2,2,3,1.0,284.7,210.9,37.1
Menstrual,6.6,2,3,3,1,1.4,111.6,125.3,42.5
Early Luteal,8.5,4,4,4,1,0.0,68.8,90.5,74.9
Late Luteal,6.2,3,1,3,4,1.8,497.7,480.1,18.6
Late Luteal,6.0,3,2,1,3,2.0,333.0,241.8,34.1
Menstrual,6.3,2,2,2,3,1.7,326.3,199.4,24.1
Menstrual,6.7,4,2,3,3,1.3,337.3,148.7,38.4
Follicular,7.2,5,4,4,2,0.8,316.5,316.3,56.6
Early Luteal,8.4,4,4,4,2,0.0,402.5,224.2,64.4
Follicular,8.0,4,4,4,2,0.0,290.4,356.5,62.2
Early Luteal,6.7,2,2,3,1,1.3,139.6,107.1,44.4
Menstrual,7.3,3,3,2,1,0.7,26.4,126.4,54.6
Early Luteal,7.5,5,3,4,4,0.5,572.7,609.7,46.8
Early Luteal,7.0,3,3,3,2,1.0,240.4,340.4,50.4
Late Luteal,8.9,5,4,3,1,0.0,94.0,43.9,78.9
Early Luteal,7.3,3,2,3,2,0.7,126.4,176.6,55.0
Late Luteal,7.3,4,4,5,1,0.7,118.4,115.9,61.3
Menstrual,6.2,3,2,3,3,1.8,375.1,449.2,33.3
Menstrual,6.8,2,3,2,3,1.2,501.1,564.3,19.7
Follicular,7.7,5,4,4,1,0.3,52.3,152.3,85.3
Follicular,6.0,4,3,3,2,2.0,200.5,238.5,49.5
Late Luteal,6.6,2,1,1,5,1.4,800.0,700.2,7.1
Late Luteal,7.3,4,4,2,2,0.7,337.0,364.4,50.5
Follicular,7.3,5,4,4,2,0.7,250.7,266.8,59.0
Late Luteal,6.6,3,2,1,4,1.4,486.6,425.8,24.2
Early Luteal,7.0,4,3,3,2,1.0,185.5,148.9,57.3
Early Luteal,6.7,3,3,3,2,1.3,185.4,142.5,49.8
Menstrual,6.4,3,2,2,3,1.6,337.7,324.9,32.4
Late Luteal,8.0,4,3,2,1,0.0,14.1,114.1,70.6
Follicular,7.6,5,5,5,1,0.4,115.8,209.3,76.7
Follicular,7.8,3,4,3,1,0.2,153.2,219.2,62.9
Menstrual,7.3,4,4,3,1,0.7,19.8,54.4,61.2
Early Luteal,6.9,3,3,3,2,1.1,321.8,299.6,46.1
Follicular,6.5,3,3,3,2,1.5,154.3,3.2,47.5
Follicular,8.1,4,4,4,3,0.0,219.4,170.9,60.9
Early Luteal,7.0,3,3,3,3,1.0,384.8,458.4,40.8
Follicular,8.7,5,4,4,3,0.0,468.8,488.9,62.5
Ovulation,5.7,3,4,5,2,2.3,73.8,173.8,46.7
Early Luteal,7.1,4,4,4,2,0.9,145.4,230.3,62.4
Menstrual,6.8,3,3,4,4,1.2,481.7,495.5,30.7
Early Luteal,6.3,3,3,3,3,1.7,335.7,344.7,33.3
Menstrual,8.6,3,3,4,1,0.0,65.2,0.0,62.9
Early Luteal,6.2,3,3,4,2,1.8,103.9,40.1,46.7
Early Luteal,3.7,3,3,3,2,4.3,125.1,196.9,22.2
Early Luteal,8.9,4,3,3,1,0.0,137.1,38.4,69.3
Early Luteal,7.3,4,3,3,4,0.7,609.6,569.3,38.3
Menstrual,6.3,3,3,4,1,1.7,121.8,179.4,47.0
Late Luteal,5.9,3,3,3,3,2.1,433.7,389.3,27.0
Follicular,7.6,4,4,4,1,0.4,88.2,102.7,65.0
Follicular,6.5,4,5,4,1,1.5,85.5,151.2,61.6
Follicular,8.6,5,4,3,2,0.0,183.5,67.8,77.0
Late Luteal,7.1,4,2,2,3,0.9,483.8,392.2,37.1
Early Luteal,8.2,5,4,4,2,0.0,187.9,242.3,74.4
Early Luteal,6.9,4,3,4,5,1.1,799.3,839.5,30.3
Menstrual,7.3,3,2,1,2,0.7,98.3,198.3,47.1
Follicular,7.5,5,4,4,1,0.5,65.2,0.0,79.0
Late Luteal,6.6,3,2,1,2,1.4,48.6,23.9,48.0
Ovulation,6.6,3,2,3,3,1.4,338.7,371.3,38.3
Early Luteal,7.5,5,4,3,1,0.5,122.7,84.3,72.8
Late Luteal,7.3,4,4,2,2,0.7,108.1,0.0,54.0
Early Luteal,6.6,2,2,2,1,1.4,21.1,2.3,47.3
Follicular,8.1,4,4,3,1,0.0,14.6,0.0,70.5
Ovulation,6.9,3,4,4,2,1.1,184.1,102.4,54.7
Early Luteal,7.4,5,4,4,2,0.6,247.6,280.4,65.2
Menstrual,8.1,4,3,3,1,0.0,47.2,129.4,70.1
Early Luteal,7.8,4,4,4,2,0.2,184.2,145.3,60.5
Early Luteal,7.3,4,2,3,3,0.7,415.3,231.9,43.6
Follicular,6.6,4,3,3,2,1.4,111.3,166.4,56.2
Late Luteal,5.8,3,3,2,1,2.2,94.1,144.7,37.6
Menstrual,5.3,3,3,4,1,2.7,149.6,158.2,42.9
Follicular,7.2,3,4,5,3,0.8,419.1,326.4,45.4
Late Luteal,5.4,3,3,2,2,2.6,129.2,50.7,36.8
Late Luteal,7.2,4,3,3,1,0.8,13.2,0.0,61.0
Follicular,7.7,4,4,4,4,0.3,569.4,440.7,45.6
Early Luteal,7.2,4,4,4,2,0.8,238.3,291.2,57.3
Follicular,7.6,4,4,3,1,0.4,66.3,166.3,67.7
Early Luteal,6.9,3,3,2,5,1.1,729.8,713.0,24.4
Follicular,6.7,3,3,2,2,1.3,281.6,194.8,48.5
Late Luteal,8.6,5,2,2,3,0.0,465.8,360.3,57.6
Late Luteal,7.1,4,3,2,2,0.9,251.1,266.5,49.4
Menstrual,6.9,3,3,3,2,1.1,108.0,100.3,51.2
Late Luteal,5.8,3,3,2,1,2.2,118.2,129.1,45.7
Early Luteal,6.6,3,3,3,1,1.4,140.0,43.7,50.9
Follicular,7.8,3,3,3,2,0.2,98.3,88.7,58.8
Menstrual,7.6,4,3,2,1,0.4,5.0,0.0,61.2
Menstrual,6.5,3,3,2,1,1.5,12.7,96.9,46.7
Early Luteal,8.3,2,2,3,2,0.0,234.1,208.1,50.1
Late Luteal,5.0,1,2,2,2,3.0,122.1,0.0,17.9
Follicular,8.3,5,4,4,2,0.0,261.7,198.0,71.4
Follicular,6.9,4,3,4,4,1.1,609.4,697.2,37.0
Follicular,7.2,4,4,3,2,0.8,139.3,86.8,57.5
Early Luteal,6.3,4,3,3,1,1.7,13.1,0.0,60.3
Follicular,5.8,4,3,3,5,2.2,775.4,727.3,20.1
Late Luteal,7.8,3,3,2,1,0.2,22.3,99.1,64.1
Follicular,5.7,4,3,3,2,2.3,145.6,64.6,44.1
Follicular,9.4,5,5,5,1,0.0,163.1,251.0,89.2
Late Luteal,7.4,3,3,3,2,0.6,249.7,218.2,46.1
Follicular,6.9,3,3,4,1,1.1,109.7,183.9,51.8
Follicular,6.8,3,3,5,3,1.2,347.1,256.0,36.3
Follicular,6.8,4,2,2,4,1.2,638.2,672.1,33.7
Late Luteal,6.5,3,3,2,2,1.5,229.1,178.3,38.5
Early Luteal,6.7,3,3,2,2,1.3,153.9,143.8,46.4
Menstrual,6.9,2,2,2,3,1.1,340.9,371.2,33.4
Follicular,7.0,3,4,2,2,1.0,328.3,214.8,51.2
Follicular,7.2,5,4,4,2,0.8,171.2,223.5,67.2
Late Luteal,6.1,4,3,3,2,1.9,232.5,157.0,37.4
Early Luteal,6.4,3,3,3,3,1.6,380.0,362.8,36.1
Ovulation,6.6,4,3,3,2,1.4,174.0,160.9,54.9
Early Luteal,7.0,2,3,3,2,1.0,137.5,237.5,46.5
Early Luteal,7.8,3,4,3,2,0.2,374.4,291.7,56.5
Menstrual,6.8,4,3,2,3,1.2,362.9,322.6,36.4
Menstrual,6.3,2,2,2,5,1.7,800.0,668.7,2.7
Early Luteal,8.2,4,3,4,2,0.0,160.8,260.8,63.9
Follicular,6.0,3,4,2,1,2.0,80.4,14.9,51.6
Late Luteal,6.8,3,3,1,1,1.2,31.4,24.8,50.3
Follicular,8.4,4,4,4,2,0.0,172.5,248.6,75.8
Ovulation,7.6,5,4,3,2,0.4,54.5,45.7,74.2
Late Luteal,7.5,4,3,3,2,0.5,77.7,13.6,61.0
Follicular,5.0,2,2,4,2,3.0,101.8,180.7,27.8
Menstrual,7.1,4,3,3,2,0.9,147.2,247.2,54.8
Late Luteal,6.0,3,2,2,2,2.0,138.7,138.0,41.8
Follicular,6.3,3,2,4,3,1.7,334.5,377.1,37.5
Late Luteal,6.7,4,3,3,1,1.3,82.2,116.3,62.6
Late Luteal,6.8,4,4,3,2,1.2,282.8,273.1,50.4
Follicular,6.9,2,3,3,2,1.1,167.3,54.8,45.6
Follicular,7.9,4,3,4,3,0.1,251.9,319.9,59.1
Early Luteal,7.3,4,3,4,2,0.7,133.2,171.8,56.0
Follicular,3.6,2,3,3,2,4.4,192.4,148.4,17.7
Menstrual,6.3,3,2,3,3,1.7,398.3,302.3,26.7
Early Luteal,8.1,4,3,3,4,0.0,619.7,631.1,47.6
Late Luteal,8.0,4,2,2,4,0.0,563.6,657.5,40.9
Early Luteal,5.3,3,3,4,4,2.7,601.3,586.9,15.8
Follicular,8.3,5,3,3,4,0.0,498.0,425.8,57.0
Menstrual,5.5,3,1,1,4,2.5,457.3,411.3,12.0
Ovulation,6.1,3,3,4,3,1.9,315.5,261.9,34.9
Follicular,8.0,4,4,3,2,0.0,219.3,319.3,60.7
Follicular,6.7,4,4,4,2,1.3,236.6,272.9,57.5
Follicular,8.9,4,4,4,1,0.0,49.7,0.0,76.6
Follicular,7.2,5,4,4,3,0.8,375.5,381.0,59.4
Late Luteal,6.2,2,2,2,3,1.8,394.0,445.0,25.8
Follicular,7.1,3,4,4,2,0.9,226.2,156.2,52.3
Follicular,6.4,4,3,3,2,1.6,357.1,445.0,50.9
Menstrual,6.8,3,3,3,3,1.2,352.8,452.8,31.6
Ovulation,6.1,3,3,4,2,1.9,197.1,25.6,52.1
Follicular,7.5,4,5,4,1,0.5,43.7,143.7,67.6
Follicular,6.0,3,3,4,1,2.0,100.5,94.0,48.0
Menstrual,6.0,3,2,2,1,2.0,20.0,0.0,42.8
Menstrual,7.7,4,3,3,3,0.3,383.2,357.0,51.4
Follicular,6.7,3,3,3,3,1.3,440.3,404.0,37.3
Follicular,8.7,5,4,4,3,0.0,428.0,346.1,64.7
Menstrual,7.6,5,4,3,1,0.4,48.7,69.7,72.4
Late Luteal,6.6,4,4,3,2,1.4,194.1,176.6,51.2
Late Luteal,7.4,4,3,3,2,0.6,197.0,173.3,53.8
Follicular,6.7,4,3,4,3,1.3,346.9,285.0,43.3
Follicular,6.6,4,3,4,3,1.4,288.5,383.2,44.6
Follicular,7.1,4,3,4,3,0.9,247.4,347.4,51.4
Menstrual,5.5,3,2,2,3,2.5,431.3,476.1,27.6
Menstrual,4.7,2,2,2,3,3.3,350.0,362.1,6.0
Menstrual,7.2,4,2,2,5,0.8,738.0,793.5,27.9
Follicular,7.3,4,4,4,2,0.7,105.0,108.6,61.5
Ovulation,6.8,3,4,4,3,1.2,413.6,499.4,43.0
Late Luteal,6.8,3,2,3,3,1.2,274.2,215.6,35.4
Menstrual,5.8,2,2,2,2,2.2,226.5,236.2,22.7
Late Luteal,5.1,2,2,3,4,2.9,576.9,592.8,9.1
Early Luteal,5.8,4,3,3,3,2.2,387.1,442.7,38.0
Ovulation,6.6,3,3,4,3,1.4,340.2,351.1,40.9
Follicular,8.4,4,4,4,2,0.0,126.6,128.9,68.4
Late Luteal,5.3,2,2,2,2,2.7,304.5,287.6,22.5
Follicular,6.4,4,4,4,2,1.6,121.3,60.2,53.0
Follicular,8.1,4,4,4,2,0.0,246.6,277.8,62.8
Ovulation,7.5,4,5,5,1,0.5,107.2,28.5,74.7
Late Luteal,6.4,1,2,2,1,1.6,60.4,105.5,36.8
Late Luteal,4.2,2,2,2,1,3.8,94.8,194.8,17.3
Follicular,6.3,3,3,3,1,1.7,146.3,201.6,54.6
Early Luteal,6.8,3,2,3,3,1.2,315.4,415.4,42.3
Follicular,8.6,4,4,4,1,0.0,40.9,63.9,73.9
Ovulation,8.8,5,5,5,1,0.0,99.9,44.2,87.6
Early Luteal,7.2,4,4,4,3,0.8,482.5,446.6,47.3
Follicular,6.9,3,3,4,3,1.1,361.4,322.9,41.0
Ovulation,7.8,3,5,4,2,0.2,354.7,392.1,57.7
Late Luteal,6.0,2,3,2,1,2.0,25.8,76.5,38.6
Late Luteal,5.3,2,2,1,4,2.7,672.7,495.8,4.9
Early Luteal,5.9,2,3,4,4,2.1,516.7,601.5,19.7
Follicular,7.2,5,4,3,3,0.8,388.0,355.2,62.4
Follicular,6.7,3,3,4,1,1.3,14.6,62.7,61.3
Early Luteal,7.0,3,4,3,1,1.0,98.2,198.2,60.7
Follicular,6.5,2,2,2,2,1.5,263.6,228.0,37.6
Late Luteal,8.3,4,3,2,3,0.0,469.7,477.2,47.4
Follicular,6.0,4,4,4,1,2.0,1.6,32.4,62.9
Follicular,4.6,2,3,3,2,3.4,138.2,163.5,26.3
Early Luteal,6.5,4,4,3,4,1.5,535.8,503.8,34.4
Early Luteal,8.1,5,3,3,2,0.0,137.6,200.2,67.9
Follicular,8.1,5,4,4,3,0.0,382.8,421.5,63.4
Late Luteal,5.2,3,1,2,5,2.8,800.0,777.0,0.0
Early Luteal,6.5,2,4,4,1,1.5,45.4,91.6,48.8
Ovulation,6.8,3,4,4,2,1.2,80.1,39.0,52.4
Early Luteal,7.5,4,3,2,3,0.5,318.2,418.2,47.0
Late Luteal,6.9,2,2,2,1,1.1,88.8,185.2,44.4
Ovulation,7.6,4,5,5,1,0.4,25.5,0.0,74.0
Late Luteal,5.8,4,3,3,2,2.2,168.5,104.8,40.6
Follicular,7.5,4,4,4,1,0.5,52.2,62.3,70.0
Menstrual,6.7,4,2,3,2,1.3,168.7,86.9,44.7
Early Luteal,6.1,2,4,4,2,1.9,109.2,107.9,40.7
Follicular,7.5,4,4,4,2,0.5,78.5,39.7,63.8
Follicular,6.5,2,3,2,2,1.5,158.6,130.8,41.4
Menstrual,6.4,3,2,2,3,1.6,430.2,500.5,26.0
Late Luteal,7.4,3,3,3,2,0.6,307.1,387.3,49.6
Follicular,6.0,3,4,3,1,2.0,52.9,152.9,57.3
Follicular,6.7,3,2,3,1,1.3,136.9,236.9,51.9
Early Luteal,5.9,3,4,3,2,2.1,252.9,214.0,38.0
Ovulation,7.4,4,4,4,2,0.6,212.6,130.2,62.6
Follicular,7.7,5,5,5,2,0.3,143.8,147.3,72.9
Early Luteal,6.7,4,3,2,5,1.3,688.5,643.0,29.1
Late Luteal,6.3,3,3,3,3,1.7,423.3,493.8,30.3
Late Luteal,8.5,5,4,4,3,0.0,368.0,203.3,60.4
Ovulation,7.9,5,4,5,4,0.1,542.4,518.0,54.8
Follicular,6.1,3,3,3,3,1.9,299.5,307.0,35.2
Early Luteal,7.3,4,3,3,1,0.7,25.5,125.5,66.7
Late Luteal,5.6,2,2,2,2,2.4,119.3,54.9,30.9
Menstrual,5.8,2,2,3,1,2.2,25.3,76.1,38.6
Follicular,7.6,3,4,5,2,0.4,261.6,200.6,57.4
Early Luteal,8.2,4,3,3,1,0.0,43.7,80.7,65.2
Follicular,8.2,4,3,3,3,0.0,468.6,480.5,52.0
Ovulation,8.1,4,4,4,2,0.0,206.8,128.3,66.3
Late Luteal,5.8,2,2,2,1,2.2,46.9,31.5,39.3
Follicular,7.6,4,4,4,2,0.4,182.1,282.1,58.8
Early Luteal,7.5,4,3,3,2,0.5,94.9,23.8,64.5
Late Luteal,5.8,2,2,2,2,2.2,137.3,22.1,30.3
Ovulation,5.6,3,2,3,3,2.4,391.4,402.6,33.8
Menstrual,6.9,3,3,3,2,1.1,56.6,0.0,52.5
Early Luteal,7.3,4,4,4,2,0.7,174.4,83.8,60.5
Menstrual,7.1,4,3,3,1,0.9,118.3,127.4,58.0
Late Luteal,6.0,2,2,2,3,2.0,355.6,329.0,18.3
Late Luteal,6.3,3,3,1,1,1.7,42.3,43.5,51.9
Late Luteal,8.0,5,4,3,2,0.0,165.6,265.6,68.0
Follicular,7.1,3,4,3,1,0.9,20.4,20.0,61.5
Follicular,8.3,5,4,5,4,0.0,739.3,739.0,51.4
Menstrual,6.4,4,3,2,3,1.6,411.9,205.8,32.8
Late Luteal,4.8,2,3,3,2,3.2,107.4,80.9,30.1
Menstrual,8.5,3,4,4,1,0.0,138.9,178.5,65.7
Early Luteal,7.5,3,3,3,3,0.5,303.4,379.9,48.8
Late Luteal,5.9,3,1,2,4,2.1,646.4,703.1,16.7
Follicular,8.9,5,4,3,2,0.0,95.0,0.0,79.1
Follicular,6.3,2,3,4,2,1.7,156.8,163.8,39.1
Follicular,9.3,5,5,4,2,0.0,163.4,218.4,82.4
Follicular,4.2,2,2,2,4,3.8,583.5,562.3,3.3
Follicular,7.4,4,3,4,2,0.6,199.9,271.0,55.9
Early Luteal,7.8,4,3,3,2,0.2,91.2,129.5,62.2
Follicular,6.7,4,3,3,2,1.3,224.2,204.1,48.8
Early Luteal,5.2,4,3,3,2,2.8,120.1,164.5,43.8
Late Luteal,6.7,2,1,1,2,1.3,187.7,193.7,30.7
Follicular,9.0,4,4,4,4,0.0,552.0,563.8,49.9
Late Luteal,7.7,3,2,3,3,0.3,406.4,423.5,40.9
Menstrual,5.4,2,3,3,1,2.6,71.7,36.5,30.5
Early Luteal,7.5,3,3,3,4,0.5,548.7,525.8,37.4
Early Luteal,7.8,3,3,3,2,0.2,347.1,332.4,52.7
Follicular,7.2,4,3,2,5,0.8,800.0,835.8,37.1
Ovulation,6.6,3,3,3,3,1.4,328.2,274.5,39.8
Early Luteal,7.8,5,4,4,1,0.2,9.9,13.9,73.6
Late Luteal,6.2,3,2,2,2,1.8,172.3,167.6,42.2
Early Luteal,7.7,4,4,3,3,0.3,446.0,474.4,55.8
Follicular,7.6,4,4,4,3,0.4,438.3,507.9,59.3
Follicular,9.5,5,4,4,4,0.0,454.7,390.9,61.5
Early Luteal,6.9,3,3,2,1,1.1,63.0,139.7,54.7
Late Luteal,6.4,3,2,3,2,1.6,273.6,283.2,42.1
Menstrual,5.9,2,1,2,1,2.1,40.7,0.0,40.5
Ovulation,6.3,3,3,3,2,1.7,72.1,0.0,52.2
Follicular,7.5,5,5,5,3,0.5,281.0,359.5,63.0
Late Luteal,7.7,4,3,3,2,0.3,251.0,276.4,54.5
Follicular,7.4,4,4,3,3,0.6,407.0,333.3,48.1
Late Luteal,4.3,1,2,2,1,3.7,86.9,123.2,17.6
Ovulation,7.6,5,3,3,3,0.4,513.0,494.8,56.1
Follicular,7.2,4,4,3,1,0.8,29.7,0.0,70.3
Follicular,7.8,5,4,4,2,0.2,224.6,261.4,72.5
Follicular,8.4,5,4,4,4,0.0,614.5,635.4,53.7
Late Luteal,5.6,3,1,2,4,2.4,480.3,457.9,9.5
Early Luteal,7.7,3,3,2,2,0.3,138.7,83.7,60.3
Follicular,8.0,4,3,4,4,0.0,740.2,622.7,37.3
Follicular,8.3,5,4,4,2,0.0,285.9,246.8,71.0
Menstrual,6.9,3,3,2,2,1.1,198.8,199.2,45.3
Follicular,9.4,5,4,5,3,0.0,196.9,209.2,74.5
Ovulation,5.7,3,3,5,2,2.3,248.8,348.8,40.3
Follicular,7.8,5,4,4,2,0.2,219.3,238.1,71.3
Early Luteal,7.1,4,2,3,2,0.9,196.2,141.4,55.1
Late Luteal,5.4,3,2,2,4,2.6,391.3,405.9,16.9
Follicular,6.8,4,2,3,5,1.2,800.0,834.1,20.6
Follicular,6.8,3,4,4,2,1.2,99.3,84.1,44.6
Early Luteal,8.0,4,4,3,2,0.0,116.5,177.9,70.5
Follicular,8.0,4,4,5,1,0.0,58.3,21.7,74.7
Early Luteal,7.3,3,3,3,2,0.7,271.2,108.9,45.7
Follicular,7.1,4,4,3,4,0.9,480.8,535.3,39.3
Early Luteal,8.5,4,3,4,2,0.0,255.8,173.6,61.9
Early Luteal,7.2,4,3,3,2,0.8,194.8,214.9,56.8
Early Luteal,8.5,4,3,4,4,0.0,537.5,450.5,45.8
Follicular,8.4,3,3,4,2,0.0,83.9,0.0,61.3
Menstrual,6.8,2,2,3,2,1.2,172.0,137.2,35.9
Follicular,6.5,3,4,3,1,1.5,45.3,90.8,52.3
Late Luteal,7.0,2,2,2,3,1.0,268.8,202.8,31.1
Early Luteal,8.5,4,3,2,2,0.0,10.0,86.5,72.5
Follicular,8.5,4,5,4,2,0.0,62.9,103.4,77.2
Early Luteal,7.2,4,3,3,3,0.8,304.6,118.2,48.0
Follicular,6.4,3,3,3,3,1.6,375.4,338.8,33.7
Early Luteal,6.3,3,2,2,3,1.7,306.0,230.7,36.0
Late Luteal,5.4,2,1,1,3,2.6,387.1,391.7,13.7
Late Luteal,5.5,3,2,2,4,2.5,524.9,623.2,19.8
Follicular,8.0,4,4,4,1,0.0,58.2,0.0,69.2
Follicular,6.2,3,4,3,2,1.8,129.4,41.5,48.3
Early Luteal,6.4,2,3,2,5,1.6,800.0,778.0,2.4
Late Luteal,6.0,2,2,2,4,2.0,432.8,395.0,11.5
Menstrual,9.1,5,4,3,2,0.0,211.0,284.0,73.0
Follicular,7.1,4,4,4,2,0.9,171.0,241.6,60.3
Menstrual,5.8,2,2,1,2,2.2,45.8,90.9,28.7
Menstrual,7.3,4,3,3,1,0.7,58.5,0.0,64.9
Follicular,6.3,3,4,4,2,1.7,126.7,225.8,45.3
Late Luteal,6.8,3,2,2,3,1.2,355.0,402.6,46.3
Follicular,8.4,4,3,2,2,0.0,95.0,77.5,69.2
Early Luteal,7.1,4,2,2,2,0.9,306.2,275.6,51.4
Late Luteal,6.2,2,1,2,3,1.8,369.8,330.6,19.1
Follicular,6.5,2,3,3,2,1.5,213.6,239.2,38.9
Late Luteal,8.4,4,3,3,2,0.0,89.3,0.0,57.9
Late Luteal,6.6,3,3,3,3,1.4,465.4,536.1,38.0
Menstrual,8.0,3,2,2,3,0.0,186.4,134.2,43.2
Early Luteal,7.8,3,4,3,3,0.2,244.4,131.4,50.7
Follicular,7.6,4,3,4,3,0.4,352.6,418.7,56.7
Late Luteal,4.6,2,2,2,3,3.4,444.6,484.5,4.4
Follicular,8.0,4,4,4,1,0.0,87.0,66.9,75.9
Follicular,7.3,5,5,3,2,0.7,291.3,359.1,66.1
Ovulation,7.0,4,4,4,1,1.0,82.1,0.0,66.1
Early Luteal,8.4,5,4,4,1,0.0,25.6,87.1,85.4
Menstrual,5.9,2,2,2,2,2.1,107.3,207.3,32.9
Ovulation,6.5,3,4,3,1,1.5,77.1,31.2,57.1
Follicular,6.4,4,3,4,2,1.6,130.9,59.7,55.6
Early Luteal,6.2,3,3,4,2,1.8,126.8,85.6,44.8
Menstrual,6.4,3,3,2,2,1.6,120.0,149.9,48.5
Follicular,6.8,3,2,2,2,1.2,239.2,322.3,48.6
Menstrual,8.5,4,3,3,2,0.0,299.1,318.2,55.0
Ovulation,8.0,3,3,3,3,0.0,506.9,606.9,52.6
Follicular,6.3,3,3,3,1,1.7,17.5,117.5,49.0
Early Luteal,5.7,3,3,3,2,2.3,243.6,343.6,38.9
Menstrual,6.2,3,2,2,4,1.8,551.7,605.5,18.8
Menstrual,6.0,3,3,2,2,2.0,291.0,235.1,36.5
Ovulation,7.5,5,5,5,3,0.5,360.8,261.4,61.8
Follicular,8.9,4,4,4,2,0.0,217.9,234.6,69.1
Follicular,7.2,4,4,3,2,0.8,160.2,45.3,56.9
Ovulation,5.6,3,3,4,2,2.4,154.0,91.8,41.9
Late Luteal,6.1,3,2,2,3,1.9,429.2,337.2,29.5
Follicular,7.5,3,3,4,2,0.5,81.5,130.9,58.4
Follicular,7.2,4,4,4,2,0.8,215.0,213.2,56.0
Follicular,8.2,3,3,3,2,0.0,188.0,144.8,55.0
Early Luteal,6.8,3,2,2,2,1.2,205.8,226.6,46.2
Ovulation,7.8,4,3,4,4,0.2,800.0,820.5,48.0
Follicular,6.5,4,3,4,2,1.5,183.5,209.7,54.3
Early Luteal,5.1,3,2,3,2,2.9,88.1,142.5,36.6
Follicular,6.9,4,5,4,1,1.1,83.4,44.6,69.9
Late Luteal,5.7,3,3,2,1,2.3,85.9,0.0,41.3
Late Luteal,6.4,4,4,3,2,1.6,143.2,194.7,55.9
Early Luteal,5.9,3,3,3,1,2.1,162.1,228.7,46.2
Follicular,6.2,3,2,4,2,1.8,145.2,178.9,39.6
Ovulation,5.2,4,3,4,3,2.8,317.3,232.4,42.8
Follicular,7.8,3,3,4,2,0.2,316.1,331.1,51.7
Early Luteal,4.3,1,2,2,1,3.7,100.3,0.0,19.2
Menstrual,7.6,4,3,3,2,0.4,143.0,243.0,60.0
Follicular,7.7,5,5,5,2,0.3,94.2,42.8,70.7
Menstrual,6.5,1,2,2,2,1.5,96.7,18.7,25.8
Follicular,7.1,4,4,5,1,0.9,20.3,34.8,64.2
Late Luteal,5.4,3,2,2,2,2.6,316.2,253.5,29.1
Follicular,8.6,4,4,4,3,0.0,485.8,570.2,61.9
Menstrual,7.2,5,3,3,2,0.8,245.6,125.0,62.2
Follicular,6.1,4,3,3,1,1.9,32.3,77.9,50.2
Ovulation,7.4,4,4,4,2,0.6,267.2,217.3,61.4
Early Luteal,9.3,5,4,4,3,0.0,407.5,437.5,65.8
Menstrual,6.2,2,2,2,1,1.8,80.0,0.0,42.3
Follicular,7.9,4,3,3,2,0.1,94.6,174.9,64.3
Early Luteal,6.7,2,2,1,3,1.3,290.8,390.8,27.8
Follicular,7.6,4,3,4,4,0.4,717.0,664.8,37.7
Late Luteal,7.1,4,3,2,2,0.9,195.4,143.9,50.2
Late Luteal,6.9,3,3,2,2,1.1,144.9,217.0,45.6
Late Luteal,8.2,3,2,2,5,0.0,800.0,806.9,25.2
Ovulation,5.8,3,3,4,3,2.2,440.7,464.7,30.5
Follicular,8.5,5,4,4,3,0.0,375.1,339.6,64.1
Early Luteal,7.9,4,4,4,2,0.1,151.4,20.9,66.9
Follicular,6.4,3,3,4,3,1.6,404.7,473.9,33.3
Late Luteal,4.1,2,2,2,3,3.9,306.5,303.9,11.2
Late Luteal,6.6,2,2,2,3,1.4,454.1,348.9,26.7
Menstrual,7.2,4,3,3,2,0.8,132.6,61.9,56.3
Early Luteal,6.6,3,2,3,3,1.4,344.3,320.8,32.0
Early Luteal,8.1,4,3,5,3,0.0,412.0,196.0,58.3
Follicular,7.0,4,3,4,2,1.0,172.2,264.7,55.2
Early Luteal,7.6,4,4,4,3,0.4,397.5,337.6,54.0
Early Luteal,6.8,3,3,2,4,1.2,518.9,476.6,31.0
Menstrual,6.6,2,2,2,2,1.4,74.2,165.4,37.1
Follicular,7.0,4,4,5,2,1.0,325.5,362.1,58.0
Follicular,7.4,5,4,4,3,0.6,427.9,335.4,59.4
Menstrual,5.7,3,3,3,4,2.3,396.1,287.9,22.3
Menstrual,6.5,3,2,1,3,1.5,367.5,390.5,33.4
Early Luteal,6.9,4,3,4,2,1.1,259.1,359.1,49.4
Follicular,7.7,4,3,3,3,0.3,333.4,433.4,58.2
Menstrual,8.9,5,3,3,4,0.0,522.3,448.4,51.3
Menstrual,6.1,3,3,2,2,1.9,349.9,384.4,34.9
Follicular,7.6,4,4,4,2,0.4,151.8,0.0,66.6
Early Luteal,7.1,3,3,4,3,0.9,291.9,111.4,44.9
Late Luteal,5.8,3,3,4,2,2.2,210.7,168.3,40.7
Early Luteal,6.5,3,4,4,2,1.5,192.8,228.0,44.7
Late Luteal,6.5,3,2,2,4,1.5,542.4,622.6,25.0
Follicular,5.7,2,3,3,1,2.3,31.8,0.0,41.1
Menstrual,7.5,4,3,3,2,0.5,211.8,176.1,53.9
Late Luteal,5.0,1,1,1,4,3.0,555.9,564.7,0.0
Menstrual,6.9,2,3,3,2,1.1,123.1,125.8,42.5
Late Luteal,8.2,4,3,2,2,0.0,105.4,17.9,59.1
Follicular,5.7,2,3,4,2,2.3,258.9,158.5,33.8
Follicular,6.4,3,4,4,2,1.6,203.0,136.3,42.1
Ovulation,7.5,4,4,3,3,0.5,308.5,301.0,51.9
Follicular,9.4,5,5,4,2,0.0,233.2,313.4,81.7
Early Luteal,6.9,4,4,3,2,1.1,103.3,185.0,58.7
Follicular,5.7,3,4,3,2,2.3,315.2,247.3,37.2
Early Luteal,7.2,4,2,3,2,0.8,114.8,163.2,57.2
Follicular,7.1,5,3,3,3,0.9,408.7,357.5,54.4
Menstrual,5.8,2,2,2,1,2.2,74.5,14.5,34.1
Late Luteal,6.0,2,3,1,2,2.0,119.0,152.4,32.0
Follicular,7.1,5,4,3,2,0.9,318.8,359.0,57.1
Follicular,6.7,3,3,3,1,1.3,73.3,97.9,57.9
Early Luteal,7.1,4,3,4,3,0.9,307.7,252.3,50.1
Menstrual,5.4,3,3,3,1,2.6,89.7,103.0,42.0
Early Luteal,5.6,3,2,2,3,2.4,235.0,286.7,31.5
Late Luteal,7.6,4,3,2,4,0.4,547.1,542.2,39.1
Early Luteal,7.5,4,3,4,1,0.5,143.9,30.9,63.8
Early Luteal,7.7,4,3,2,2,0.3,101.9,155.1,66.1
Follicular,6.7,2,1,2,5,1.3,800.0,785.8,8.8
Follicular,7.8,5,3,4,2,0.2,89.6,108.8,71.4
Early Luteal,7.0,3,3,2,3,1.0,354.4,394.5,38.0
Early Luteal,6.6,1,4,4,1,1.4,97.3,172.0,44.6
Follicular,7.2,4,3,4,2,0.8,258.1,268.9,53.4
Late Luteal,6.9,3,2,2,1,1.1,137.3,237.3,53.0
Early Luteal,6.2,2,3,4,2,1.8,115.6,182.9,33.7
Follicular,8.1,4,4,4,1,0.0,89.4,3.5,73.2
Early Luteal,5.9,2,3,3,2,2.1,238.7,281.7,37.3
Follicular,6.1,3,2,4,3,1.9,351.8,447.7,27.0
Menstrual,6.8,2,4,4,2,1.2,263.2,341.2,42.3
Early Luteal,8.0,5,4,3,1,0.0,71.2,110.8,76.9
Early Luteal,6.3,3,3,3,2,1.7,269.1,303.7,37.2
Late Luteal,5.6,3,2,2,1,2.4,132.3,210.3,39.5
Late Luteal,6.8,2,3,2,1,1.2,7.2,1.2,43.0
Menstrual,7.0,3,2,2,5,1.0,763.0,719.2,18.3
Late Luteal,7.1,4,3,3,1,0.9,5.5,24.4,60.5
Early Luteal,7.2,4,3,3,3,0.8,469.9,383.3,48.5
Follicular,6.8,4,4,4,2,1.2,144.2,143.8,57.7
Menstrual,8.4,5,3,3,1,0.0,73.9,0.0,77.8
Ovulation,6.5,3,4,3,2,1.5,164.2,216.1,45.5
Ovulation,7.0,4,4,4,1,1.0,36.8,84.2,67.0
Menstrual,6.6,3,3,3,2,1.4,217.3,194.7,44.8
Follicular,7.3,5,4,3,2,0.7,225.2,178.6,73.3
Early Luteal,7.4,5,3,3,2,0.6,270.9,180.6,64.4
Early Luteal,6.8,2,2,2,5,1.2,800.0,882.8,15.3
Menstrual,6.2,3,2,2,2,1.8,379.3,210.0,32.2
Follicular,6.7,3,3,3,1,1.3,193.4,102.1,61.4
Follicular,8.3,3,3,3,3,0.0,377.0,347.1,51.2
Follicular,7.8,4,4,4,3,0.2,351.5,292.0,55.8
Ovulation,8.7,4,4,5,1,0.0,27.4,0.0,83.6
Follicular,7.4,5,3,3,1,0.6,17.3,105.5,74.1
Late Luteal,8.7,5,3,2,4,0.0,563.8,562.5,51.3
Menstrual,5.7,3,3,3,3,2.3,323.1,355.0,25.4
Menstrual,6.2,3,1,2,2,1.8,243.3,271.4,35.3
Late Luteal,6.9,1,2,2,1,1.1,199.6,127.6,36.5
Follicular,6.1,5,4,4,2,1.9,156.3,91.7,55.7
Early Luteal,7.5,3,3,2,2,0.5,312.6,350.3,51.8
Early Luteal,6.7,2,2,2,3,1.3,294.9,271.1,30.3
Late Luteal,4.6,2,1,2,2,3.4,270.1,350.3,23.5
Late Luteal,6.4,2,2,2,1,1.6,24.1,4.2,41.4
Early Luteal,6.3,2,2,3,5,1.7,800.0,900.0,7.5
Early Luteal,6.8,3,3,3,2,1.2,154.2,216.4,46.2
Follicular,7.4,3,4,3,3,0.6,313.9,253.7,45.1
Late Luteal,8.3,5,3,3,3,0.0,413.4,344.9,58.6
Menstrual,6.2,3,2,2,4,1.8,588.5,688.5,24.6
Late Luteal,5.8,3,2,3,3,2.2,355.2,455.2,35.2
Late Luteal,6.5,3,3,2,2,1.5,138.6,147.7,42.5
Follicular,6.6,4,4,4,2,1.4,226.7,251.4,52.1
Ovulation,6.8,4,4,3,2,1.2,131.2,29.0,59.8
Follicular,9.2,5,5,5,2,0.0,204.4,237.7,81.5
Menstrual,6.7,3,2,3,1,1.3,145.5,106.9,45.8
Follicular,8.3,3,4,3,1,0.0,122.1,156.5,68.5
Late Luteal,7.7,3,3,2,3,0.3,256.3,312.7,46.0
Ovulation,5.8,2,3,4,2,2.2,254.4,311.1,39.0
Late Luteal,4.3,2,2,1,4,3.7,568.7,415.0,0.0
Follicular,7.7,5,4,3,1,0.3,18.0,0.0,81.1
Menstrual,6.0,4,3,2,2,2.0,166.9,52.6,44.6
Late Luteal,6.3,2,2,1,2,1.7,99.3,133.6,34.3
Late Luteal,7.0,3,3,3,1,1.0,94.0,20.8,49.1
Late Luteal,6.7,3,2,2,3,1.3,347.3,386.6,33.5
Late Luteal,6.6,2,2,2,2,1.4,126.2,67.1,31.8
Menstrual,6.3,2,1,1,4,1.7,580.3,542.5,13.5
Early Luteal,6.5,3,4,3,1,1.5,121.8,128.3,50.3
Menstrual,5.8,4,2,3,2,2.2,200.4,202.8,40.0
Menstrual,6.1,2,3,2,2,1.9,290.1,362.3,29.5
Follicular,8.0,5,5,5,1,0.0,103.2,168.5,85.3
Menstrual,6.3,2,3,4,2,1.7,209.0,299.8,35.5
Follicular,6.9,4,4,5,1,1.1,82.0,59.6,69.1
Late Luteal,7.6,3,3,2,1,0.4,195.3,69.1,54.7
Follicular,7.1,4,3,3,4,0.9,504.5,604.5,39.3
Follicular,6.8,3,4,3,1,1.2,67.6,44.1,52.7
Follicular,8.0,4,3,4,2,0.0,34.2,0.0,63.3
Follicular,5.8,3,4,4,2,2.2,100.2,78.0,44.3
Follicular,4.9,2,3,3,3,3.1,487.4,457.5,16.7
Early Luteal,7.9,4,3,3,5,0.1,766.1,689.6,36.1
Follicular,8.9,5,4,3,3,0.0,422.5,390.3,70.7
Late Luteal,5.9,3,2,2,2,2.1,118.8,186.4,41.5
Late Luteal,8.4,4,4,3,2,0.0,142.2,0.0,62.0
Follicular,6.4,4,4,4,1,1.6,116.1,71.8,58.6
Follicular,9.5,4,4,4,1,0.0,98.8,2.1,73.8
Follicular,7.1,5,3,4,1,0.9,71.2,95.6,71.6
Late Luteal,7.8,5,2,2,2,0.2,319.5,273.4,58.9
Menstrual,7.3,4,3,3,4,0.7,547.6,573.1,35.1
Menstrual,7.1,4,3,3,1,0.9,7.8,0.0,58.4
Early Luteal,7.9,5,4,4,2,0.1,129.5,147.2,78.6
Late Luteal,6.7,2,3,3,1,1.3,125.0,79.8,51.1
Early Luteal,6.6,3,3,2,3,1.4,521.5,516.2,37.0
Ovulation,6.4,2,4,4,1,1.6,144.6,228.6,53.8
Follicular,6.7,3,3,3,3,1.3,359.8,446.5,41.8
Late Luteal,8.2,4,3,2,1,0.0,42.9,0.0,64.8
Follicular,8.4,3,4,4,1,0.0,15.2,0.0,70.3
Follicular,6.5,3,4,2,1,1.5,23.7,51.4,52.2
Follicular,6.6,3,4,3,3,1.4,343.9,439.9,35.8
Follicular,6.7,2,3,3,3,1.3,386.1,478.2,28.8
Ovulation,7.1,4,3,3,2,0.9,259.6,199.9,60.1
Follicular,7.1,5,3,4,3,0.9,287.9,153.6,57.4
Follicular,7.7,4,4,3,1,0.3,116.9,127.6,70.4
Follicular,7.3,4,3,3,2,0.7,119.1,78.0,59.4
Menstrual,6.6,2,2,1,2,1.4,321.8,251.8,30.6
Early Luteal,8.0,5,4,4,2,0.0,109.4,49.5,72.8
Menstrual,7.5,3,3,4,2,0.5,252.2,168.9,49.3
Late Luteal,8.2,4,4,4,1,0.0,56.7,100.7,69.7
Follicular,7.3,5,3,4,4,0.7,476.9,497.6,51.6
Menstrual,7.8,4,3,2,5,0.2,800.0,876.5,32.8
Ovulation,7.0,4,3,4,2,1.0,124.1,84.7,54.3
Follicular,6.5,3,4,2,2,1.5,131.3,65.7,48.9
Late Luteal,5.6,3,3,3,2,2.4,63.8,0.0,34.0
Menstrual,6.4,3,2,2,2,1.6,145.9,14.8,41.3
Follicular,8.6,4,4,5,2,0.0,88.4,95.2,70.5
Late Luteal,7.9,4,3,2,1,0.1,109.1,167.3,66.1
Early Luteal,8.5,4,3,3,2,0.0,125.9,211.5,65.3
Menstrual,6.2,2,3,3,2,1.8,256.8,295.9,33.8
Early Luteal,8.2,5,4,4,2,0.0,98.7,78.4,76.9
Early Luteal,6.6,3,3,4,3,1.4,283.5,338.6,37.1
Early Luteal,6.2,2,3,3,2,1.8,242.0,116.2,33.2
Early Luteal,8.1,4,2,3,3,0.0,337.5,235.1,52.9
Follicular,7.1,3,4,3,2,0.9,185.8,285.8,51.4
Ovulation,7.7,5,4,4,2,0.3,144.3,133.1,77.7
Follicular,7.6,5,4,3,3,0.4,362.4,366.3,54.1
Late Luteal,7.0,3,3,2,1,1.0,36.0,0.0,54.0
Follicular,6.0,2,3,3,1,2.0,15.7,0.0,38.2
Menstrual,6.7,2,3,3,3,1.3,360.3,414.2,27.5
Late Luteal,6.4,2,2,2,3,1.6,437.4,285.6,20.0
Follicular,7.8,4,4,4,1,0.2,145.7,38.3,67.3
Follicular,6.2,3,3,2,3,1.8,394.9,451.8,32.7
Early Luteal,6.0,3,2,4,2,2.0,122.7,104.7,38.2
Follicular,6.0,4,5,4,1,2.0,114.0,85.1,62.0
Late Luteal,4.2,1,2,1,2,3.8,155.5,183.9,17.3
Ovulation,6.6,3,4,5,3,1.4,369.5,191.2,46.1
Menstrual,7.6,4,3,3,4,0.4,462.1,427.9,35.3
Late Luteal,6.7,2,3,2,1,1.3,79.9,40.2,48.6
Early Luteal,7.0,3,3,3,2,1.0,265.0,365.0,45.8
Early Luteal,7.9,4,3,4,2,0.1,336.1,383.3,55.9
Ovulation,6.8,4,4,3,3,1.2,389.3,467.5,45.4
Ovulation,7.4,3,4,4,2,0.6,145.0,129.6,57.8
Early Luteal,6.2,3,3,3,2,1.8,115.8,30.7,43.8
Menstrual,6.1,3,3,2,2,1.9,305.4,289.6,31.0
Early Luteal,7.2,4,3,3,2,0.8,214.6,59.7,58.9
Early Luteal,5.4,3,4,3,1,2.6,95.8,108.7,41.5
Menstrual,7.7,5,4,4,1,0.3,129.8,83.6,72.2
Menstrual,5.8,2,3,3,1,2.2,7.9,0.0,35.3
Menstrual,7.9,4,4,3,2,0.1,213.3,264.6,56.4
Menstrual,5.4,3,3,2,2,2.6,78.2,31.9,35.2
Early Luteal,7.0,2,3,3,2,1.0,270.8,344.3,41.0
Follicular,7.4,4,4,4,1,0.6,97.4,197.4,72.8
Early Luteal,6.0,4,3,3,1,2.0,24.4,0.0,53.6
Early Luteal,7.1,4,2,2,2,0.9,299.1,249.7,50.6
Menstrual,8.2,4,3,3,1,0.0,1.9,32.6,73.7
Follicular,6.9,4,3,3,4,1.1,580.4,580.9,36.7
Menstrual,7.0,3,2,3,3,1.0,418.9,398.4,29.3
Ovulation,6.9,4,4,4,2,1.1,108.5,115.7,59.1
Follicular,7.5,4,4,4,2,0.5,211.3,99.1,63.0
Ovulation,7.9,5,4,3,2,0.1,135.1,235.1,77.6
Late Luteal,7.1,4,3,2,3,0.9,126.2,106.7,50.9
Menstrual,5.2,2,2,2,2,2.8,240.5,297.2,21.1
Early Luteal,9.3,5,4,4,2,0.0,216.7,190.4,76.9
Late Luteal,4.9,2,2,1,2,3.1,175.0,159.9,22.1
Menstrual,6.9,3,3,2,3,1.1,431.3,312.0,30.2
Late Luteal,8.0,4,3,3,3,0.0,393.6,391.7,53.5
Ovulation,7.2,5,5,4,1,0.8,36.2,103.1,75.0
Follicular,6.2,3,3,4,2,1.8,205.9,159.2,45.6
Menstrual,5.3,2,3,2,2,2.7,329.2,216.2,18.4
Menstrual,8.6,5,3,3,2,0.0,129.2,229.2,70.1
Late Luteal,9.0,5,3,3,2,0.0,122.8,136.0,74.0
Menstrual,8.3,4,3,3,2,0.0,349.9,353.7,54.8
Ovulation,6.5,2,3,3,3,1.5,487.8,465.7,35.1
Early Luteal,8.9,4,4,3,2,0.0,60.1,54.0,70.2
Menstrual,7.3,4,4,4,1,0.7,14.9,0.0,62.0
Late Luteal,6.2,2,2,2,3,1.8,289.1,389.1,26.3
Follicular,8.0,5,4,4,1,0.0,24.8,0.0,82.2
Early Luteal,6.3,4,2,3,3,1.7,423.5,433.1,39.1
Early Luteal,6.4,3,3,3,2,1.6,228.6,328.6,46.0
Menstrual,6.2,3,2,3,5,1.8,800.0,858.3,10.0
Early Luteal,6.7,2,3,3,1,1.3,76.3,35.9,44.0
Late Luteal,6.4,2,3,2,1,1.6,25.1,76.7,46.0
Menstrual,7.5,3,3,3,2,0.5,233.1,198.9,46.9
Menstrual,6.2,2,1,2,3,1.8,394.5,494.5,20.8
Late Luteal,7.1,4,3,2,2,0.9,160.8,193.4,49.9
Ovulation,8.1,3,4,3,2,0.0,44.2,53.0,61.1
Follicular,6.9,3,4,4,2,1.1,64.9,82.7,52.9
Menstrual,8.0,4,3,2,3,0.0,230.9,290.4,53.3
Early Luteal,5.9,3,3,3,3,2.1,392.2,317.8,31.2
Late Luteal,6.5,2,2,2,2,1.5,277.7,251.2,31.7
Late Luteal,6.3,2,2,3,2,1.7,156.8,183.8,32.9
Menstrual,5.0,3,3,2,3,3.0,289.7,248.4,25.8
Early Luteal,5.9,3,3,4,1,2.1,50.6,150.6,44.8
Follicular,7.0,5,4,3,3,1.0,457.1,503.8,56.1
Follicular,8.8,4,3,3,4,0.0,663.4,614.8,42.4
Menstrual,8.5,3,4,3,2,0.0,152.2,138.7,58.4
Follicular,7.4,4,3,3,5,0.6,800.0,802.2,29.6
Ovulation,7.3,3,2,2,3,0.7,311.0,222.2,41.2
Menstrual,8.3,5,4,3,1,0.0,147.0,133.2,74.5
Menstrual,6.2,4,2,3,2,1.8,219.3,238.0,44.0
Follicular,9.0,5,5,4,2,0.0,91.7,29.6,85.6
Early Luteal,6.7,3,4,3,1,1.3,87.2,129.4,55.7
Follicular,7.3,3,4,4,2,0.7,245.6,197.1,56.5
Follicular,8.0,4,4,5,2,0.0,342.5,337.6,65.4
Late Luteal,8.4,4,3,3,3,0.0,359.8,330.3,53.1
Follicular,7.6,4,4,4,2,0.4,147.3,247.3,70.3
Menstrual,4.7,1,2,2,2,3.3,301.6,326.9,16.1
Ovulation,7.0,2,3,4,2,1.0,178.2,225.1,47.7
Late Luteal,7.0,3,3,1,1,1.0,81.5,90.7,51.6
Follicular,9.0,5,3,4,3,0.0,250.5,350.5,72.3
Menstrual,7.4,4,3,2,3,0.6,288.3,360.3,47.5
Ovulation,6.4,3,3,4,3,1.6,425.8,525.8,32.8
Follicular,7.1,4,4,4,2,0.9,141.3,158.1,62.6
Follicular,7.2,4,3,4,2,0.8,301.3,369.1,57.6
Follicular,7.0,3,3,3,3,1.0,340.2,286.6,46.8
Early Luteal,6.2,2,2,2,2,1.8,250.8,106.9,32.3
Early Luteal,7.3,4,4,3,2,0.7,279.6,379.6,57.4
Late Luteal,7.5,3,2,1,2,0.5,104.8,79.2,50.7
Menstrual,5.6,3,3,3,3,2.4,362.8,281.3,27.3
Follicular,7.0,3,2,3,5,1.0,782.4,628.3,18.9
Follicular,7.2,4,4,3,2,0.8,128.3,0.0,62.6
Menstrual,8.4,4,3,4,2,0.0,66.9,54.5,68.7
Follicular,7.2,5,4,4,2,0.8,92.0,192.0,65.3
Ovulation,7.1,3,4,4,1,0.9,76.4,0.0,58.0
Follicular,8.4,4,4,3,2,0.0,190.1,182.0,66.4
Follicular,6.4,3,3,3,2,1.6,182.1,200.9,47.6
Early Luteal,8.4,4,4,4,3,0.0,345.8,344.7,61.1
Menstrual,7.4,4,3,3,3,0.6,395.2,223.2,46.7
Ovulation,9.0,5,4,4,2,0.0,324.1,261.2,76.3
Follicular,7.0,3,3,3,3,1.0,342.6,305.0,42.5
Early Luteal,3.9,1,2,2,1,4.1,57.3,12.9,16.7
Late Luteal,6.6,2,1,2,2,1.4,114.6,74.9,35.0
Follicular,7.3,4,4,5,2,0.7,85.4,14.2,62.9
Early Luteal,7.4,4,2,2,3,0.6,347.9,257.4,53.6
Ovulation,7.9,4,4,4,1,0.1,92.2,90.8,75.9
Late Luteal,7.6,5,3,3,2,0.4,356.8,456.8,61.3
Early Luteal,5.4,2,2,2,2,2.6,417.8,517.8,20.6
Follicular,8.7,5,4,3,4,0.0,638.3,738.3,57.4
Follicular,6.6,3,3,4,4,1.4,514.1,462.8,26.1
Late Luteal,8.2,5,3,3,2,0.0,204.9,185.5,69.6
Follicular,7.3,4,3,4,2,0.7,337.9,346.4,53.7
Early Luteal,7.8,3,2,3,4,0.2,467.9,447.4,35.8
Menstrual,6.6,3,3,3,1,1.4,74.3,0.0,49.2
Follicular,8.8,4,4,4,3,0.0,358.8,458.8,65.6
Follicular,7.5,5,4,4,2,0.5,182.4,282.4,72.6
Late Luteal,7.4,5,3,3,4,0.6,561.0,525.9,46.7
Follicular,9.5,5,4,4,1,0.0,105.9,0.0,88.2
Ovulation,5.9,3,3,3,2,2.1,86.0,139.9,50.3
Follicular,8.7,5,4,5,1,0.0,51.5,151.5,82.3
Late Luteal,6.5,3,2,3,3,1.5,348.7,414.2,32.7
Follicular,7.4,5,4,4,3,0.6,321.0,391.7,61.4
Follicular,8.5,5,4,4,2,0.0,149.3,249.3,74.9
Follicular,6.5,3,4,4,1,1.5,215.8,146.3,53.8
Early Luteal,7.2,4,3,2,1,0.8,0.3,14.3,64.7
Follicular,6.7,3,3,4,3,1.3,389.7,400.7,33.8
Late Luteal,8.3,3,2,2,3,0.0,466.7,415.9,37.9
Early Luteal,7.1,5,4,3,1,0.9,1.4,0.0,76.5
Late Luteal,4.9,1,2,1,1,3.1,96.5,161.7,15.4
Late Luteal,6.7,3,2,2,3,1.3,224.0,324.0,35.5
Late Luteal,7.0,3,3,2,2,1.0,319.0,368.6,41.9
Late Luteal,9.3,4,3,2,3,0.0,306.9,406.9,58.2
Follicular,7.6,4,3,4,2,0.4,192.2,201.0,59.2
Follicular,6.4,3,3,3,1,1.6,35.9,0.0,53.5
Menstrual,6.5,3,3,3,1,1.5,94.8,194.8,51.8
Ovulation,5.7,2,2,3,5,2.3,800.0,771.5,5.9
Late Luteal,6.4,4,2,2,3,1.6,283.5,255.1,40.5
Late Luteal,7.6,4,3,2,3,0.4,404.5,442.2,43.5
Ovulation,3.9,1,2,2,3,4.1,420.0,331.6,5.5
Follicular,7.3,4,3,4,3,0.7,286.2,178.4,45.2
Follicular,6.8,4,4,4,2,1.2,129.1,184.7,56.3
Menstrual,7.0,2,2,2,2,1.0,242.0,297.4,36.3
Menstrual,5.9,2,3,3,1,2.1,31.4,67.4,41.6
Ovulation,8.0,4,4,4,2,0.0,325.3,249.6,63.8
Follicular,7.4,5,5,4,1,0.6,54.8,135.1,76.6
Menstrual,7.6,3,3,3,2,0.4,116.6,117.4,47.8
Early Luteal,7.0,3,3,2,2,1.0,223.2,175.5,47.0
Ovulation,5.9,4,4,4,3,2.1,338.7,334.3,43.3
Follicular,7.8,5,5,4,1,0.2,95.8,95.0,84.8
Menstrual,6.0,3,2,3,2,2.0,69.3,67.1,40.9
Late Luteal,7.1,3,3,3,2,0.9,230.3,311.1,49.2
Early Luteal,7.6,3,4,4,3,0.4,295.4,193.5,49.4
Follicular,6.3,3,3,3,3,1.7,354.9,286.0,39.2
Follicular,6.6,4,3,2,2,1.4,149.5,108.9,57.2
Ovulation,7.7,3,4,3,2,0.3,148.2,0.0,58.9
Late Luteal,6.2,2,2,2,2,1.8,174.0,228.6,28.8
Ovulation,7.3,4,4,3,2,0.7,253.6,207.4,60.6
Early Luteal,6.0,3,3,2,1,2.0,144.7,165.6,45.2
Follicular,6.5,2,3,4,2,1.5,79.5,179.5,41.7
Late Luteal,8.4,3,3,2,2,0.0,215.9,175.9,57.1
Late Luteal,7.6,4,3,1,3,0.4,339.6,377.5,48.7
Follicular,6.4,3,2,3,2,1.6,33.4,80.8,48.4
Follicular,6.7,3,4,4,2,1.3,140.4,240.4,53.0
Late Luteal,5.6,3,2,2,1,2.4,154.1,54.4,38.4
Late Luteal,5.6,2,2,1,2,2.4,265.7,162.9,24.8
Ovulation,7.0,3,3,4,4,1.0,581.2,681.2,32.8
Follicular,5.4,3,4,3,2,2.6,198.3,151.2,39.1
Late Luteal,7.0,2,2,1,1,1.0,79.2,0.0,47.1
Menstrual,7.2,3,4,4,3,0.8,401.5,363.9,38.4
Follicular,8.5,4,5,4,1,0.0,163.6,197.9,79.4
Follicular,8.2,4,3,3,2,0.0,182.2,139.0,68.4
Ovulation,6.7,2,4,3,2,1.3,165.0,103.1,40.7
Follicular,7.4,4,2,2,4,0.6,551.9,578.9,41.0
Follicular,7.7,5,4,4,2,0.3,201.7,179.0,70.1
Follicular,9.5,5,4,4,2,0.0,137.2,45.7,80.1
Late Luteal,6.3,3,2,3,2,1.7,244.9,344.9,38.1
Late Luteal,7.6,4,3,3,1,0.4,120.0,85.3,65.7
Late Luteal,4.1,2,2,1,2,3.9,316.2,361.4,16.5
Late Luteal,6.5,3,3,1,2,1.5,252.9,290.2,41.1
Follicular,6.7,4,3,3,2,1.3,219.7,70.3,53.9
Menstrual,6.4,3,3,2,2,1.6,68.3,24.9,44.3
Menstrual,7.0,2,3,3,2,1.0,80.9,65.4,45.1
Follicular,7.3,4,4,3,2,0.7,155.0,160.5,63.3
Early Luteal,5.5,3,2,1,2,2.5,207.2,173.5,35.6
Late Luteal,5.3,4,3,3,2,2.7,9.0,79.6,42.2
Follicular,6.8,4,3,4,3,1.2,513.9,449.8,37.8
Early Luteal,6.9,3,3,2,3,1.1,351.8,321.3,42.4
Menstrual,7.3,4,3,2,1,0.7,68.6,0.0,61.2
Late Luteal,7.3,3,2,2,2,0.7,175.1,275.1,46.9
Follicular,7.3,4,4,4,2,0.7,76.6,25.2,63.9
Menstrual,6.2,3,2,3,3,1.8,335.0,291.0,25.0
Follicular,6.6,4,3,4,2,1.4,285.4,228.3,53.8
Follicular,8.2,4,4,4,1,0.0,121.6,99.4,74.2
Follicular,8.1,5,4,4,3,0.0,434.5,433.8,61.1
Early Luteal,6.5,3,3,2,3,1.5,438.1,368.7,41.4
Follicular,7.3,5,4,4,2,0.7,293.2,203.2,65.8
Follicular,7.3,4,4,3,2,0.7,103.9,154.5,56.1
Follicular,8.0,4,4,3,3,0.0,296.7,396.7,60.0
Late Luteal,6.9,2,2,1,2,1.1,172.8,159.0,38.6
Follicular,6.0,3,3,3,2,2.0,153.4,134.9,42.8
Late Luteal,8.3,4,3,3,4,0.0,617.9,545.4,40.2
Follicular,5.7,3,4,4,1,2.3,77.2,177.2,50.6
Follicular,7.9,4,4,3,3,0.1,435.6,375.6,56.1
Ovulation,7.0,3,4,4,2,1.0,274.6,284.0,51.7
Follicular,5.8,4,4,3,2,2.2,217.5,213.4,47.3
Early Luteal,6.5,3,3,3,1,1.5,158.1,165.4,50.4
Follicular,6.8,4,4,3,1,1.2,138.2,238.2,59.4
Follicular,7.4,5,4,4,2,0.6,209.0,198.9,64.0
Ovulation,8.2,3,3,4,2,0.0,108.9,192.9,66.5
Follicular,6.5,4,5,4,2,1.5,354.0,345.6,50.2
Early Luteal,7.6,3,2,3,4,0.4,415.6,484.6,40.0
Follicular,6.7,2,2,3,4,1.3,549.7,617.2,20.8
Ovulation,8.6,4,4,3,1,0.0,124.6,113.3,78.1
Follicular,7.0,4,3,2,2,1.0,84.9,0.0,62.2
Follicular,6.1,4,3,3,5,1.9,800.0,900.0,20.6
Early Luteal,7.7,4,3,3,3,0.3,371.8,471.8,48.1
Follicular,8.2,4,4,3,1,0.0,113.2,152.1,74.0
Early Luteal,5.9,2,2,2,2,2.1,176.9,91.6,31.7
Early Luteal,9.1,4,4,4,4,0.0,496.4,435.3,55.9
Follicular,8.8,5,4,4,2,0.0,112.1,204.7,82.4
Late Luteal,6.2,3,2,3,2,1.8,91.4,76.3,38.1
Early Luteal,7.7,4,3,3,2,0.3,52.4,152.4,60.8
Early Luteal,7.8,4,3,3,4,0.2,561.6,495.5,46.3
Follicular,5.9,3,3,3,2,2.1,152.1,190.8,43.5
Follicular,6.9,3,4,3,2,1.1,225.9,285.8,51.6
Menstrual,8.7,4,3,3,2,0.0,289.7,110.1,57.9
Late Luteal,7.4,3,3,2,2,0.6,126.3,134.1,54.6
Follicular,7.1,4,3,4,3,0.9,398.8,491.4,49.4
Menstrual,7.8,4,2,1,2,0.2,160.5,149.3,55.9
Follicular,7.4,5,4,4,2,0.6,284.2,268.8,65.3
Follicular,6.8,2,2,3,3,1.2,327.3,288.3,30.6
Late Luteal,7.8,5,4,3,1,0.2,105.9,142.0,73.1
Early Luteal,6.3,3,3,2,2,1.7,51.4,35.5,44.5
Menstrual,4.9,1,2,1,2,3.1,123.3,168.1,20.0
Menstrual,7.3,5,3,2,2,0.7,90.0,43.2,57.9
Ovulation,6.4,3,3,4,2,1.6,94.2,38.4,51.5
Late Luteal,6.7,2,2,3,1,1.3,13.9,0.0,38.7
Late Luteal,7.8,4,3,3,2,0.2,325.8,344.7,52.9
Follicular,6.6,3,2,3,4,1.4,465.2,419.6,28.7
Late Luteal,5.9,3,3,4,2,2.1,82.8,0.0,37.8
Late Luteal,6.6,2,2,3,2,1.4,108.6,73.8,36.0
Late Luteal,6.7,2,2,2,2,1.3,192.7,292.7,39.6
Follicular,7.8,5,4,4,2,0.2,214.1,163.1,69.6
Follicular,7.0,3,3,4,2,1.0,289.9,389.9,52.6
Ovulation,8.1,4,4,5,2,0.0,155.8,214.1,65.6
Early Luteal,6.1,3,2,3,3,1.9,407.9,411.7,27.9
Menstrual,7.5,4,4,3,1,0.5,46.4,0.0,69.3
Early Luteal,7.1,4,3,3,1,0.9,187.3,90.0,61.8
Follicular,6.5,4,4,3,1,1.5,45.7,83.7,62.9
Follicular,5.5,3,4,4,2,2.5,413.0,455.9,34.4
Menstrual,6.9,3,2,1,2,1.1,149.3,249.3,42.4
Late Luteal,6.8,3,3,2,2,1.2,202.2,214.1,47.5
Late Luteal,6.5,3,3,3,2,1.5,98.3,36.6,47.5
Follicular,7.2,5,4,5,1,0.8,69.0,0.0,72.9
Late Luteal,7.7,5,4,2,2,0.3,73.4,145.1,64.9
Ovulation,7.0,3,3,3,2,1.0,140.3,141.8,51.2
Ovulation,7.8,4,4,4,3,0.2,380.0,426.6,57.3
Early Luteal,6.6,3,2,2,3,1.4,418.4,372.6,36.5
Ovulation,5.9,1,2,3,5,2.1,715.7,791.9,0.0
Early Luteal,6.7,3,3,3,1,1.3,181.0,168.6,49.8
Early Luteal,5.6,3,3,3,4,2.4,510.5,573.8,17.1
Early Luteal,5.8,4,3,4,2,2.2,164.7,180.8,43.7
Early Luteal,8.3,5,4,2,3,0.0,407.3,482.7,60.5
Menstrual,5.7,2,1,3,2,2.3,156.5,179.0,28.9
Follicular,5.6,3,3,3,2,2.4,129.4,193.1,38.2
Menstrual,6.6,3,2,3,5,1.4,597.7,615.9,19.2
Late Luteal,6.4,3,2,3,2,1.6,214.1,61.9,38.6
Follicular,7.0,2,3,3,4,1.0,610.3,632.2,28.0
Ovulation,6.9,3,4,4,2,1.1,241.0,286.5,57.8
Late Luteal,7.5,3,3,1,2,0.5,181.9,281.9,47.9
Early Luteal,6.7,2,2,3,2,1.3,215.5,201.2,42.9
Early Luteal,7.9,4,3,3,3,0.1,427.9,410.9,52.2
Follicular,7.0,2,3,3,1,1.0,26.2,40.2,52.5
Ovulation,7.5,3,3,4,3,0.5,394.6,221.9,46.1
Menstrual,8.0,4,3,3,2,0.0,127.2,190.1,58.7
Menstrual,6.4,3,2,1,2,1.6,171.8,271.8,36.2
Early Luteal,7.8,4,4,4,1,0.2,50.1,26.8,67.0
Follicular,6.9,3,3,3,3,1.1,375.6,415.7,43.0
Late Luteal,5.1,3,3,2,1,2.9,25.4,72.0,38.6
Late Luteal,7.6,3,2,2,5,0.4,778.4,821.3,25.0
Follicular,6.4,4,3,3,2,1.6,333.2,258.6,53.4
Early Luteal,8.2,4,4,4,2,0.0,44.6,0.0,66.9
Early Luteal,7.6,4,5,4,1,0.4,57.2,75.6,66.7
Late Luteal,5.6,1,2,2,2,2.4,132.8,121.3,20.6
Follicular,6.3,4,3,3,4,1.7,412.3,405.7,40.4
Follicular,5.4,3,3,3,2,2.6,232.5,207.1,36.6
Early Luteal,6.5,2,2,3,1,1.5,98.2,64.6,44.2
Follicular,8.2,5,4,3,2,0.0,212.4,241.5,77.9
Follicular,6.9,3,3,3,2,1.1,100.2,81.2,51.0
Late Luteal,7.2,5,3,3,1,0.8,44.6,64.6,66.6
Early Luteal,7.3,4,4,5,1,0.7,52.8,152.8,68.7
Late Luteal,7.7,4,3,4,4,0.3,504.8,539.8,40.2
Menstrual,7.1,3,4,3,3,0.9,457.7,381.9,33.3
Late Luteal,7.9,3,2,1,2,0.1,257.6,147.4,46.1
Ovulation,6.8,3,3,3,2,1.2,234.9,134.3,48.8
Follicular,7.4,3,5,4,1,0.6,33.1,80.2,63.7
Follicular,8.0,5,4,5,2,0.0,123.9,100.0,75.0
Menstrual,6.4,2,2,3,3,1.6,357.1,362.0,27.9
Late Luteal,6.1,2,1,3,3,1.9,221.4,314.2,27.7
Follicular,8.6,5,4,4,2,0.0,170.2,246.0,74.5
Early Luteal,6.0,3,3,3,3,2.0,408.5,351.9,36.0
Early Luteal,7.8,4,4,4,1,0.2,44.9,115.8,71.8
Early Luteal,6.3,4,3,4,2,1.7,93.3,50.8,49.7
Follicular,7.4,4,4,3,3,0.6,315.1,347.9,54.1
Early Luteal,6.4,3,3,4,2,1.6,291.1,378.1,39.1
Follicular,8.0,4,3,2,3,0.0,344.0,444.0,58.7
Late Luteal,5.0,1,1,2,1,3.0,43.1,0.0,27.2
Follicular,9.5,4,4,4,2,0.0,202.5,189.7,69.9
Menstrual,6.1,3,2,3,3,1.9,427.7,503.9,22.9
Follicular,8.6,4,4,5,3,0.0,330.7,367.8,58.3
Menstrual,5.4,3,3,2,2,2.6,144.3,124.1,36.2
Follicular,7.8,4,4,4,2,0.2,258.9,222.3,68.7
Menstrual,6.6,3,2,2,2,1.4,282.7,256.6,40.6
Menstrual,7.6,4,3,2,2,0.4,150.0,234.7,57.6
Follicular,6.3,2,3,3,1,1.7,73.0,68.7,44.9
Menstrual,7.5,4,2,2,3,0.5,326.5,361.6,53.5
Early Luteal,8.4,4,3,3,2,0.0,291.7,342.0,62.6
Late Luteal,6.8,4,3,2,1,1.2,21.2,41.8,55.9
Early Luteal,5.7,3,3,4,2,2.3,170.6,212.4,40.0
Late Luteal,5.6,3,3,2,2,2.4,158.6,159.7,33.9
Menstrual,6.1,3,2,2,3,1.9,546.5,502.4,24.4
Menstrual,7.7,4,3,3,2,0.3,216.4,166.6,56.4
Late Luteal,5.4,2,3,2,3,2.6,468.2,402.7,16.7
Ovulation,6.9,2,4,3,2,1.1,291.4,391.4,39.4
Menstrual,6.6,2,2,2,3,1.4,372.8,362.7,24.5
Follicular,8.0,4,3,3,4,0.0,531.7,452.5,45.1
Follicular,6.6,3,3,3,4,1.4,582.3,473.9,28.4
Menstrual,6.1,3,2,2,4,1.9,397.9,484.5,19.0
Late Luteal,6.8,3,2,2,3,1.2,303.3,278.3,32.1
Menstrual,4.7,1,1,3,2,3.3,100.9,127.0,13.1
Menstrual,7.3,4,3,4,2,0.7,130.0,84.2,56.0
Late Luteal,7.6,4,3,3,2,0.4,188.3,194.0,55.8
Late Luteal,6.7,3,3,2,1,1.3,80.7,17.2,54.7
Late Luteal,7.5,3,2,2,1,0.5,60.8,33.9,56.5
Follicular,8.5,4,5,4,1,0.0,12.7,0.0,77.9
Early Luteal,7.6,4,3,4,3,0.4,421.1,517.0,52.2
Ovulation,7.8,4,4,4,3,0.2,381.8,268.8,57.5
Late Luteal,5.1,3,3,1,1,2.9,136.9,107.2,34.1
Early Luteal,6.8,3,3,4,3,1.2,503.1,444.5,36.5
Follicular,6.5,3,4,3,2,1.5,205.1,227.3,49.4
Menstrual,6.9,3,3,1,2,1.1,239.8,122.4,38.7
Early Luteal,6.0,3,3,2,2,2.0,109.8,131.1,42.1
Menstrual,5.0,1,3,2,2,3.0,206.4,191.2,19.8
Follicular,7.5,4,3,3,3,0.5,470.8,570.8,44.9
Early Luteal,8.3,5,4,3,2,0.0,173.6,132.3,71.2
Menstrual,7.0,4,3,3,2,1.0,121.1,162.9,51.0
Follicular,8.0,3,4,4,1,0.0,20.1,0.0,69.3
Ovulation,6.7,4,4,5,1,1.3,150.1,108.9,61.3
Menstrual,7.1,3,1,3,3,0.9,409.4,509.4,32.3
Menstrual,5.8,4,2,2,2,2.2,113.7,153.1,36.6
Menstrual,5.3,3,3,3,2,2.7,185.0,121.7,30.2
Follicular,8.0,4,4,4,2,0.0,231.3,282.7,63.4
Menstrual,6.4,3,2,2,1,1.6,20.2,83.6,47.4
Follicular,6.8,3,3,4,1,1.2,164.5,122.5,58.2
Late Luteal,4.8,2,2,2,1,3.2,61.0,123.5,27.8
Ovulation,6.8,4,4,4,2,1.2,331.2,321.3,56.7
Follicular,5.6,4,4,4,1,2.4,84.1,34.0,52.2
Follicular,7.7,4,4,3,2,0.3,204.4,304.4,61.2
Menstrual,6.2,2,2,1,2,1.8,412.6,404.1,27.8
Follicular,6.4,4,4,4,2,1.6,112.2,0.0,55.9
Ovulation,6.5,4,3,4,3,1.5,332.6,379.9,47.4
Ovulation,6.3,4,4,4,2,1.7,51.5,0.0,59.3
Follicular,6.2,4,3,2,4,1.8,620.4,661.0,30.6
Follicular,8.7,4,4,4,2,0.0,138.4,113.0,69.9
Late Luteal,7.3,4,3,2,2,0.7,223.2,298.4,50.8
Early Luteal,7.1,4,4,4,1,0.9,219.0,309.4,62.9
Follicular,9.5,5,4,3,1,0.0,139.9,112.2,85.3
Menstrual,5.4,2,2,1,1,2.6,114.6,1.9,25.5
Menstrual,6.2,3,2,2,4,1.8,762.0,851.3,15.5
Follicular,7.5,5,4,5,2,0.5,157.5,163.5,70.0
Late Luteal,6.6,3,2,2,2,1.4,302.2,376.3,41.3
Late Luteal,4.3,2,2,1,2,3.7,94.3,132.1,18.8
Follicular,6.7,2,3,2,2,1.3,84.2,6.1,44.4
Early Luteal,5.2,3,2,4,3,2.8,360.7,460.7,26.0
Follicular,5.8,4,4,4,2,2.2,224.2,239.9,42.4
Late Luteal,7.2,3,2,3,2,0.8,160.6,243.1,46.4
Menstrual,6.3,2,2,1,3,1.7,398.2,473.9,24.0
Follicular,7.7,4,3,4,2,0.3,76.5,58.9,65.3
Follicular,9.2,5,4,4,4,0.0,645.5,554.0,60.5
Early Luteal,6.5,4,3,3,1,1.5,102.8,202.8,58.0
Follicular,8.1,4,3,3,4,0.0,594.7,602.2,43.7
Follicular,7.6,4,2,3,5,0.4,766.3,834.1,29.8
Follicular,7.7,5,4,4,2,0.3,40.4,0.0,69.0
Early Luteal,5.9,3,3,5,4,2.1,669.5,565.8,21.7
Early Luteal,6.4,4,2,3,4,1.6,477.6,339.1,33.2
Early Luteal,8.2,3,3,3,1,0.0,55.4,0.0,65.8
Follicular,6.0,4,3,4,1,2.0,29.6,0.0,54.3
Follicular,6.0,3,2,3,2,2.0,218.5,318.5,37.9
Follicular,6.0,4,4,3,1,2.0,11.6,46.1,60.0
Follicular,6.7,2,2,2,4,1.3,499.7,599.7,27.0
Late Luteal,5.5,2,2,1,1,2.5,86.4,52.4,31.3
Early Luteal,6.5,2,3,2,2,1.5,149.0,151.0,41.0
Ovulation,7.2,4,3,3,1,0.8,16.7,0.0,64.8
Follicular,6.4,3,3,4,3,1.6,467.8,428.3,35.8
Early Luteal,8.1,4,3,3,2,0.0,165.9,255.8,62.9
Late Luteal,6.5,3,2,3,1,1.5,177.6,224.9,48.1
Menstrual,6.3,2,2,1,1,1.7,91.7,191.7,34.8
Late Luteal,6.9,3,2,3,2,1.1,284.1,349.6,48.5
Late Luteal,6.4,2,2,1,1,1.6,88.0,188.0,38.6
Late Luteal,8.0,4,2,3,3,0.0,321.7,256.5,51.7
Early Luteal,6.4,2,2,2,1,1.6,19.1,82.3,45.9
Early Luteal,5.3,3,2,2,2,2.7,126.3,16.5,33.8
Follicular,5.6,3,4,3,1,2.4,63.8,0.0,49.2
Early Luteal,6.1,3,2,3,4,1.9,553.5,483.2,24.4
Follicular,6.6,3,3,4,2,1.4,172.9,179.0,46.1
Menstrual,5.9,4,4,3,1,2.1,52.4,2.6,52.5
Follicular,9.1,4,4,4,1,0.0,34.6,18.2,82.4
Late Luteal,5.7,3,2,2,1,2.3,48.1,67.2,40.5
Menstrual,4.7,2,3,3,2,3.3,146.5,130.4,22.3
Early Luteal,8.4,4,3,4,1,0.0,65.2,144.4,72.0
Ovulation,7.6,4,3,4,4,0.4,360.4,333.4,51.2
Late Luteal,7.7,4,3,3,3,0.3,387.3,455.1,47.7
Follicular,6.6,4,4,4,2,1.4,140.1,182.9,60.7
Follicular,6.8,3,3,2,2,1.2,221.9,137.7,46.0
Ovulation,7.0,3,4,4,2,1.0,196.1,248.1,55.7
Ovulation,5.6,3,3,4,1,2.4,112.5,114.9,47.3
Follicular,7.1,4,3,3,5,0.9,777.5,877.5,28.9
Early Luteal,6.8,3,3,3,2,1.2,217.7,172.9,46.8
Early Luteal,7.9,4,5,3,2,0.1,114.5,71.9,67.3
Late Luteal,4.7,2,2,3,2,3.3,248.4,106.4,18.3
Menstrual,6.3,2,3,3,3,1.7,298.3,253.9,25.0
Early Luteal,5.8,2,3,2,2,2.2,187.8,94.7,37.9
Early Luteal,7.7,4,4,5,2,0.3,80.2,67.2,67.3
Late Luteal,7.4,4,3,1,2,0.6,191.8,152.5,51.3
Follicular,7.9,4,3,3,1,0.1,82.5,104.3,70.6
Early Luteal,7.9,4,4,4,3,0.1,443.8,536.4,50.8
Menstrual,8.6,4,4,4,2,0.0,233.2,191.5,65.3
Follicular,7.1,4,4,4,2,0.9,165.3,66.6,56.7
Late Luteal,6.0,2,2,2,3,2.0,436.4,366.0,21.2
Late Luteal,4.2,2,2,2,2,3.8,173.4,225.1,15.0
Follicular,8.1,4,4,4,2,0.0,110.7,121.5,68.2
Early Luteal,7.3,4,3,3,2,0.7,209.4,183.6,56.6
Follicular,7.6,5,4,3,1,0.4,41.4,0.0,71.8
Follicular,7.7,5,4,4,3,0.3,285.7,140.0,62.4
Early Luteal,7.1,4,4,4,3,0.9,388.6,484.9,53.2
Follicular,5.4,4,4,3,1,2.6,113.2,133.2,45.5
Ovulation,6.9,3,3,4,2,1.1,258.9,226.8,46.1
Late Luteal,7.0,3,3,3,1,1.0,146.9,48.0,53.6
Late Luteal,7.3,4,2,2,5,0.7,681.4,706.8,31.4
Follicular,7.1,3,4,5,2,0.9,338.3,396.3,52.5
Follicular,7.6,4,3,4,4,0.4,608.6,605.9,43.9
Follicular,6.4,4,4,4,2,1.6,73.5,50.2,53.7
Ovulation,6.9,4,4,4,1,1.1,75.5,175.5,64.3
Menstrual,6.0,2,2,1,4,2.0,613.9,713.9,8.8
Follicular,7.6,4,3,4,2,0.4,65.4,34.8,66.1
Late Luteal,5.9,3,2,3,3,2.1,343.1,292.6,22.6
Follicular,6.8,2,3,3,3,1.2,376.1,296.7,35.1
Menstrual,6.9,3,2,2,4,1.1,642.1,574.7,27.5
Early Luteal,6.5,4,3,3,3,1.5,367.6,256.6,42.8
Early Luteal,7.8,3,3,2,2,0.2,146.2,144.0,54.2
Menstrual,5.3,3,2,2,3,2.7,453.8,406.2,20.7
Late Luteal,7.9,4,3,2,2,0.1,267.9,265.2,56.1
Menstrual,7.1,4,2,3,4,0.9,753.7,822.3,34.0
Late Luteal,7.5,5,4,2,1,0.5,52.3,112.7,69.6
Ovulation,8.4,4,4,4,2,0.0,121.1,178.7,69.1
Follicular,8.0,4,4,3,1,0.0,98.1,178.3,77.1
Late Luteal,7.2,4,2,2,3,0.8,462.1,522.8,39.5
Ovulation,8.1,4,4,4,1,0.0,100.8,0.0,69.1
Ovulation,6.4,3,3,2,4,1.6,485.9,553.0,24.7
Follicular,8.5,4,4,4,1,0.0,103.9,84.0,72.2
Ovulation,7.9,4,4,3,2,0.1,71.4,84.4,70.8
Follicular,6.7,3,3,3,3,1.3,400.5,303.8,39.5
Follicular,7.6,4,3,3,2,0.4,144.4,131.1,62.3
Follicular,6.0,3,2,4,2,2.0,238.2,231.4,37.5
Ovulation,7.2,4,3,4,2,0.8,62.7,10.6,63.1
Late Luteal,6.9,2,2,3,2,1.1,322.4,209.8,30.0
Early Luteal,6.0,1,2,2,2,2.0,101.7,118.9,29.8
Follicular,5.6,3,3,3,2,2.4,316.0,277.6,35.2
Late Luteal,6.1,3,3,3,2,1.9,221.8,180.0,35.3
Late Luteal,5.9,2,3,3,1,2.1,73.3,95.8,36.9
Late Luteal,7.4,4,3,3,1,0.6,52.0,0.0,65.2
Early Luteal,6.0,3,4,4,2,2.0,174.6,117.5,43.7
Late Luteal,6.4,2,3,3,1,1.6,50.2,64.5,45.7
Early Luteal,6.1,3,2,3,4,1.9,376.7,261.4,29.8
Follicular,9.3,4,4,3,2,0.0,306.4,120.6,70.2
Follicular,7.9,4,4,4,5,0.1,672.3,718.0,37.0
Late Luteal,6.0,3,2,2,2,2.0,94.5,90.0,32.1
Late Luteal,6.7,3,3,3,3,1.3,270.2,294.6,39.1
Early Luteal,5.3,3,3,3,2,2.7,154.5,182.1,37.6
Menstrual,7.2,4,4,3,1,0.8,140.2,13.6,57.0
Early Luteal,6.3,2,3,3,2,1.7,289.7,129.1,35.2
Late Luteal,7.7,4,3,2,2,0.3,202.0,188.8,54.7
Late Luteal,7.6,5,4,3,2,0.4,139.1,0.0,67.3
Late Luteal,6.9,3,3,2,1,1.1,101.1,155.8,55.6
Ovulation,8.5,5,5,5,1,0.0,87.8,16.7,86.2
Late Luteal,5.6,3,2,2,3,2.4,296.4,261.6,27.4
Early Luteal,8.3,4,3,3,2,0.0,85.6,0.0,64.0
Follicular,7.5,4,4,3,2,0.5,102.6,145.8,61.1
Early Luteal,7.3,5,3,2,5,0.7,626.7,652.5,42.7
Follicular,8.3,3,3,3,1,0.0,72.3,103.8,66.2
Menstrual,5.7,3,2,2,3,2.3,309.9,187.6,25.0
Late Luteal,6.2,3,3,2,2,1.8,198.7,233.4,36.4
Follicular,8.0,4,4,4,1,0.0,165.5,182.6,72.1
Follicular,7.9,4,4,4,3,0.1,277.2,334.5,56.6
Follicular,7.2,4,2,2,4,0.8,568.4,549.8,37.2
Menstrual,7.3,4,3,3,3,0.7,317.4,261.9,45.2
Ovulation,7.1,4,4,4,3,0.9,182.6,200.9,52.1
Follicular,6.1,3,3,4,2,1.9,131.8,147.4,40.2
Follicular,6.8,4,4,3,1,1.2,14.2,81.5,61.2
Menstrual,7.1,4,3,3,3,0.9,399.5,364.1,42.8
Follicular,6.4,3,2,3,2,1.6,296.1,297.7,41.6
Ovulation,6.8,3,4,5,3,1.2,371.9,229.1,46.9
Follicular,6.7,4,3,3,4,1.3,565.8,485.7,41.5
Follicular,5.1,2,3,4,1,2.9,28.1,80.5,33.4
Late Luteal,6.9,1,2,2,1,1.1,48.0,148.0,39.6
Ovulation,6.0,3,3,3,2,2.0,275.3,312.8,40.7
Follicular,7.0,4,3,4,3,1.0,486.1,555.3,47.9
Follicular,8.5,4,5,5,2,0.0,137.3,41.9,74.8
Follicular,9.0,5,3,4,4,0.0,502.3,563.2,63.0
Follicular,6.5,4,3,2,1,1.5,80.3,128.6,60.6
Early Luteal,8.9,5,4,5,2,0.0,145.6,125.3,75.4
Follicular,6.2,3,3,4,1,1.8,12.2,0.0,47.9
Follicular,5.7,3,2,3,3,2.3,252.8,282.7,31.6
Follicular,6.7,4,5,4,1,1.3,103.2,0.0,63.8
Follicular,6.4,4,4,4,2,1.6,250.5,273.1,43.7
Early Luteal,7.1,4,4,3,1,0.9,114.9,23.5,62.3
Menstrual,6.8,4,3,3,2,1.2,153.5,239.9,54.3
Follicular,7.6,4,4,4,1,0.4,35.1,0.0,73.1
Follicular,7.0,2,3,3,3,1.0,340.3,417.0,38.7
Follicular,6.9,2,3,3,1,1.1,91.6,57.0,50.2
Follicular,7.0,4,3,4,4,1.0,619.5,672.3,38.4
Menstrual,5.1,2,2,2,4,2.9,493.4,371.6,9.5
Follicular,7.0,3,3,4,2,1.0,138.4,92.7,56.1
Early Luteal,5.7,2,3,2,4,2.3,565.0,594.5,14.8
Late Luteal,6.4,2,1,1,3,1.6,338.7,235.8,20.2
Follicular,7.2,4,4,3,2,0.8,162.2,99.9,61.2
Ovulation,7.6,4,4,4,1,0.4,56.0,156.0,71.8
Ovulation,5.5,3,3,3,2,2.5,290.7,298.5,35.8
Follicular,6.6,2,4,4,2,1.4,316.4,341.6,42.8
Ovulation,7.2,5,5,4,1,0.8,85.1,18.2,78.0
Follicular,7.5,4,3,4,3,0.5,352.1,360.4,51.4
Follicular,8.1,4,3,4,4,0.0,459.0,334.0,55.0
Follicular,6.5,3,2,3,2,1.5,71.7,34.9,46.5
Menstrual,7.4,4,3,3,2,0.6,216.6,114.2,57.9
Menstrual,6.8,3,3,2,1,1.2,100.3,60.8,45.2
Ovulation,7.1,3,3,4,3,0.9,349.2,275.3,42.9
Menstrual,6.6,2,3,2,2,1.4,21.9,16.1,44.8
Ovulation,6.4,2,3,3,3,1.6,466.7,429.2,31.3
Early Luteal,6.5,3,3,3,2,1.5,274.5,333.9,45.3
Follicular,7.8,5,4,3,4,0.2,593.1,610.4,55.7
Late Luteal,6.6,3,2,3,3,1.4,508.3,401.1,31.5
Late Luteal,7.0,2,2,2,3,1.0,444.3,504.4,24.1
Menstrual,7.4,3,3,3,3,0.6,366.9,260.5,39.1
Early Luteal,7.2,5,4,2,1,0.8,5.7,0.0,70.7
Late Luteal,7.2,4,3,3,1,0.8,1.8,0.0,62.3
Follicular,6.8,3,3,3,2,1.2,172.0,270.6,48.3
Early Luteal,6.7,3,4,4,1,1.3,36.1,0.0,59.3
Early Luteal,8.1,5,3,2,4,0.0,502.9,469.1,51.6
Late Luteal,6.1,2,3,2,1,1.9,80.2,9.6,34.5
Early Luteal,5.7,3,4,3,2,2.3,148.3,127.0,42.6
Early Luteal,6.8,3,3,3,1,1.2,83.3,135.9,56.8
Follicular,5.2,3,3,2,1,2.8,55.3,0.0,39.2
Early Luteal,5.6,3,3,3,1,2.4,141.2,182.6,41.7
Follicular,7.2,4,4,3,2,0.8,280.1,295.0,60.1
Early Luteal,7.7,5,3,3,2,0.3,99.9,31.6,69.6
Follicular,5.2,3,3,2,2,2.8,102.0,72.2,37.8
Early Luteal,5.7,3,2,2,3,2.3,459.3,464.9,26.1
Ovulation,7.0,3,4,3,1,1.0,58.0,101.8,59.8
Menstrual,8.2,5,4,4,3,0.0,374.9,474.9,57.5
Follicular,6.4,4,4,4,1,1.6,121.6,197.5,57.9
Follicular,6.7,4,3,3,4,1.3,602.1,649.3,33.7
Late Luteal,7.1,3,3,2,2,0.9,138.0,61.8,42.9
Late Luteal,5.9,3,2,3,5,2.1,800.0,741.8,5.7
Early Luteal,8.3,4,3,3,2,0.0,89.4,69.4,63.3
Follicular,7.5,5,4,4,2,0.5,94.5,194.5,68.9
Menstrual,9.1,5,4,4,3,0.0,303.5,373.1,64.5
Menstrual,6.2,3,2,2,3,1.8,266.4,296.4,25.1
Follicular,7.4,3,3,3,3,0.6,362.5,380.5,44.6
Menstrual,6.1,3,2,2,4,1.9,509.5,540.2,16.7
Early Luteal,6.5,3,3,3,2,1.5,119.2,155.5,43.9
Early Luteal,7.8,4,4,3,2,0.2,147.5,232.5,63.7
Menstrual,5.8,2,2,2,2,2.2,179.4,37.6,30.4
Late Luteal,6.2,2,2,1,2,1.8,130.4,230.4,36.1
Follicular,6.5,3,2,2,3,1.5,278.3,266.4,39.9
Early Luteal,6.3,4,4,4,1,1.7,120.5,121.5,65.3
Menstrual,6.7,2,3,2,1,1.3,23.4,77.7,47.5
Early Luteal,6.3,3,2,4,3,1.7,535.0,594.1,24.3
Ovulation,6.8,3,2,3,5,1.2,800.0,688.3,25.5
Ovulation,6.4,3,4,4,2,1.6,186.8,80.9,46.3
Follicular,6.7,3,2,3,3,1.3,290.8,274.0,42.3
Menstrual,6.9,3,2,3,3,1.1,479.3,368.0,32.6
Ovulation,7.5,4,4,5,2,0.5,177.1,277.1,63.9
Follicular,6.1,3,4,4,1,1.9,60.4,133.4,55.1
Menstrual,6.9,3,2,2,2,1.1,201.2,273.5,44.1
Follicular,7.6,5,4,4,3,0.4,309.3,306.7,59.0
Follicular,6.4,3,3,3,4,1.6,642.3,683.2,26.9
Ovulation,7.7,4,4,4,3,0.3,346.3,341.6,53.7
Follicular,6.5,3,3,3,4,1.5,478.6,569.1,31.4
Early Luteal,8.0,3,3,2,1,0.0,58.8,107.2,65.6
Follicular,7.5,5,4,4,4,0.5,502.2,503.2,54.5
Late Luteal,7.1,3,4,2,1,0.9,29.6,0.0,58.3
Early Luteal,5.7,2,3,1,2,2.3,230.5,219.7,31.9
Follicular,7.0,3,3,3,3,1.0,284.1,222.3,47.1
Early Luteal,7.9,5,4,4,1,0.1,73.8,81.4,78.5
Late Luteal,6.7,3,3,2,1,1.3,2.7,85.7,47.1
Menstrual,6.7,3,3,3,1,1.3,141.4,117.4,50.5
Early Luteal,6.8,3,3,4,3,1.2,435.7,368.9,38.2
Menstrual,9.3,4,5,4,1,0.0,92.1,95.1,77.0
Late Luteal,7.8,4,3,3,1,0.2,11.7,0.0,64.3
Late Luteal,5.5,2,2,2,2,2.5,105.5,116.3,29.3
Ovulation,7.8,4,5,5,1,0.2,68.1,127.8,80.4
Late Luteal,8.6,5,3,3,3,0.0,446.8,272.8,61.9
Late Luteal,6.5,3,3,3,2,1.5,114.1,214.1,44.0
Menstrual,5.3,3,2,3,4,2.7,512.9,380.4,13.3
Early Luteal,5.8,3,4,3,2,2.2,276.7,232.2,43.4
Menstrual,8.7,4,4,4,1,0.0,45.5,145.2,72.5
Ovulation,8.0,4,4,4,3,0.0,355.9,401.5,59.4
Follicular,5.6,3,2,2,4,2.4,680.5,640.0,15.3
Follicular,6.9,2,3,3,1,1.1,17.1,25.1,53.5
Late Luteal,5.6,2,2,3,3,2.4,282.7,251.3,22.2
Early Luteal,6.0,2,3,3,3,2.0,386.2,434.8,27.2
Menstrual,6.4,4,2,3,2,1.6,243.6,243.7,43.5
Early Luteal,8.3,3,2,3,4,0.0,742.8,655.6,35.5
Late Luteal,6.3,3,2,3,2,1.7,68.3,0.0,37.7
Follicular,8.0,4,3,4,2,0.0,251.3,224.0,60.5
Menstrual,6.7,3,2,3,2,1.3,160.7,183.7,39.4
Early Luteal,7.6,4,3,3,3,0.4,303.3,270.8,47.2
Late Luteal,6.3,2,2,3,3,1.7,488.5,362.7,17.7
Early Luteal,8.1,3,4,4,1,0.0,137.4,162.7,61.5
Follicular,8.9,4,4,3,2,0.0,195.3,177.1,70.9
Follicular,7.3,3,5,4,2,0.7,272.0,362.6,52.1
Late Luteal,8.4,4,3,3,2,0.0,237.1,216.6,60.6
Menstrual,5.8,4,3,1,1,2.2,104.1,36.9,45.8
Early Luteal,7.4,5,4,3,5,0.6,671.6,770.3,43.4
Menstrual,7.5,4,2,2,5,0.5,676.7,764.1,27.3
Late Luteal,6.1,2,2,1,1,1.9,85.8,144.3,35.7
Early Luteal,6.4,3,3,3,2,1.6,147.5,176.5,44.9
Late Luteal,4.9,1,2,1,2,3.1,139.2,111.4,10.2
Late Luteal,6.8,3,3,2,3,1.2,632.5,577.8,33.0
Early Luteal,7.9,4,3,3,3,0.1,408.5,277.8,58.8
Follicular,6.1,4,3,4,5,1.9,800.0,900.0,21.6
Late Luteal,7.0,2,3,3,2,1.0,285.2,305.7,42.7
Menstrual,7.0,3,3,2,2,1.0,393.9,261.6,40.0
Menstrual,7.5,4,3,3,5,0.5,781.7,727.5,30.8
Follicular,7.9,5,4,4,2,0.1,287.3,226.0,67.0
Early Luteal,8.9,4,3,3,1,0.0,29.2,55.1,76.4
Late Luteal,7.5,4,3,3,2,0.5,215.3,234.1,51.0
Early Luteal,9.5,4,4,4,2,0.0,157.4,192.1,70.3
Early Luteal,7.2,4,4,3,1,0.8,106.5,60.7,64.5
Ovulation,9.0,3,3,2,5,0.0,800.0,897.5,32.0
Late Luteal,5.7,3,2,2,3,2.3,303.2,374.2,27.9
Follicular,7.1,4,4,4,4,0.9,693.4,768.5,45.6
Menstrual,7.0,3,3,2,2,1.0,127.1,166.0,44.5
Late Luteal,7.9,4,2,1,1,0.1,49.9,106.3,64.5
Early Luteal,6.8,3,2,3,2,1.2,250.2,237.8,47.5
Early Luteal,8.5,4,3,3,1,0.0,113.4,62.3,72.6
Late Luteal,6.5,2,2,1,2,1.5,98.1,170.4,33.8
Follicular,7.4,4,3,3,1,0.6,123.2,223.2,63.5
Follicular,7.0,3,4,4,3,1.0,308.9,308.6,49.8
Follicular,7.6,4,4,3,1,0.4,21.2,0.0,70.8
Menstrual,6.4,2,2,1,2,1.6,82.5,5.5,30.4
Follicular,7.1,5,4,4,2,0.9,328.9,290.6,61.9
Late Luteal,6.1,4,3,3,2,1.9,274.2,364.9,44.5
Follicular,8.2,4,4,4,2,0.0,318.2,238.4,70.2
Ovulation,6.6,3,3,4,2,1.4,112.6,118.3,49.2
Early Luteal,7.3,5,3,2,2,0.7,173.8,125.3,56.1
Follicular,7.2,5,5,3,3,0.8,332.3,430.0,61.0
Follicular,7.4,5,3,5,2,0.6,243.7,204.5,67.1
Menstrual,6.9,2,2,3,2,1.1,101.6,6.2,38.9
Early Luteal,7.1,5,3,3,2,0.9,178.2,136.2,57.9
Late Luteal,8.2,3,2,1,2,0.0,257.4,226.1,50.1
Early Luteal,5.5,4,3,4,1,2.5,47.3,128.8,52.6
Early Luteal,8.4,3,3,3,1,0.0,2.8,15.0,74.3
Early Luteal,5.4,3,3,2,2,2.6,236.4,118.5,30.4
Ovulation,6.6,3,3,3,2,1.4,161.2,213.3,46.2
Menstrual,6.2,3,1,2,4,1.8,639.5,697.6,17.1
Follicular,7.3,4,3,4,4,0.7,473.3,403.1,43.8
Late Luteal,7.0,2,3,2,2,1.0,79.6,61.2,45.6
Ovulation,7.1,5,5,4,3,0.9,280.8,311.9,62.6
Menstrual,6.6,3,4,4,2,1.4,203.3,95.2,46.0
Early Luteal,4.7,2,2,2,3,3.3,435.7,535.7,16.0
Early Luteal,7.6,4,5,4,1,0.4,199.8,179.4,71.3
Late Luteal,6.8,4,3,3,1,1.2,99.4,76.8,59.7
Ovulation,9.5,5,4,5,5,0.0,649.6,707.0,56.6
Late Luteal,6.4,2,3,2,2,1.6,335.0,337.4,34.2
Follicular,7.3,5,4,4,2,0.7,309.6,409.6,68.8
Early Luteal,5.5,3,2,2,3,2.5,307.7,365.4,24.2
Follicular,6.5,3,3,3,2,1.5,360.4,373.6,43.7
Late Luteal,6.4,3,2,2,3,1.6,493.3,487.8,29.2
Follicular,6.8,3,4,3,2,1.2,316.2,329.8,45.2
Follicular,7.8,4,4,5,2,0.2,101.2,201.2,70.0
Ovulation,7.2,3,4,4,3,0.8,375.9,447.7,46.3
Ovulation,7.2,4,3,4,2,0.8,236.2,183.7,57.3
Late Luteal,7.5,3,2,2,3,0.5,372.7,272.4,32.1
Early Luteal,6.8,4,3,2,3,1.2,380.9,388.8,45.5
Follicular,7.0,3,3,2,2,1.0,137.2,207.7,46.5
Follicular,6.9,3,3,3,3,1.1,416.2,439.0,41.6
Follicular,6.6,4,3,4,2,1.4,98.7,116.4,57.4
Menstrual,7.4,3,2,2,2,0.6,349.7,343.8,39.6
Early Luteal,7.4,4,3,4,3,0.6,327.4,427.4,51.7
Follicular,7.3,4,4,4,2,0.7,141.6,147.7,62.6
Ovulation,6.6,2,3,3,2,1.4,285.8,248.2,39.9
Follicular,7.7,5,4,4,2,0.3,141.2,241.2,74.0
Late Luteal,6.9,2,3,1,1,1.1,85.9,81.6,41.5
Early Luteal,5.5,3,4,4,1,2.5,105.1,201.4,43.1
Late Luteal,5.7,3,2,2,4,2.3,540.3,603.7,22.3
Late Luteal,8.3,4,3,3,4,0.0,484.9,486.2,46.5
Early Luteal,8.8,4,4,3,2,0.0,158.4,196.9,66.7
Early Luteal,7.3,4,2,2,4,0.7,443.5,543.5,37.4
Early Luteal,6.7,3,2,3,5,1.3,702.8,570.9,23.3
Menstrual,7.7,4,3,2,2,0.3,207.6,217.1,56.9
Follicular,8.1,4,3,4,4,0.0,574.9,428.3,45.9
Early Luteal,6.1,3,2,3,1,1.9,64.6,164.6,50.7
Follicular,7.3,4,4,2,2,0.7,183.3,223.0,57.7
Late Luteal,5.4,4,2,2,4,2.6,553.9,520.7,17.3
Follicular,7.0,3,4,4,1,1.0,141.7,84.2,58.7
Follicular,9.3,4,4,4,2,0.0,130.7,0.0,80.3
Early Luteal,7.3,4,3,4,3,0.7,338.1,203.8,54.7
Menstrual,6.0,3,3,2,2,2.0,195.4,104.5,40.9
Late Luteal,5.7,3,3,3,2,2.3,130.5,107.0,36.8
Early Luteal,6.0,3,3,2,3,2.0,435.7,403.6,36.1
Follicular,7.2,3,3,3,2,0.8,124.1,66.2,54.1
Late Luteal,7.5,3,2,3,2,0.5,287.7,325.0,50.8
Menstrual,6.5,3,3,3,2,1.5,62.8,71.2,46.0
Early Luteal,6.0,2,2,3,4,2.0,606.2,623.9,15.5
Follicular,8.6,5,5,3,3,0.0,411.5,368.9,67.9
Late Luteal,8.3,3,2,2,3,0.0,476.9,469.8,38.3
Early Luteal,6.3,3,3,3,1,1.7,151.4,251.4,48.7
Late Luteal,6.3,3,2,3,4,1.7,659.6,716.5,16.3
Late Luteal,7.3,3,4,3,2,0.7,218.8,223.3,50.2
Ovulation,8.6,5,5,5,1,0.0,123.7,169.8,89.6
Early Luteal,6.7,3,3,3,2,1.3,206.4,164.2,47.0
Early Luteal,6.7,3,3,5,3,1.3,504.2,565.0,35.9
Late Luteal,6.2,2,2,2,3,1.8,303.4,294.5,24.8
Early Luteal,7.9,4,4,5,1,0.1,29.6,0.0,76.7
Ovulation,6.8,2,4,4,3,1.2,247.4,323.6,47.5
Menstrual,7.4,3,4,3,2,0.6,320.1,347.0,47.2
Follicular,6.6,3,3,3,2,1.4,189.0,287.0,47.4
Late Luteal,6.2,2,2,2,1,1.8,46.4,0.0,43.9
Follicular,8.0,4,3,3,2,0.0,257.8,166.6,58.4
Follicular,7.2,5,4,3,1,0.8,27.2,54.3,75.6
Menstrual,7.9,3,3,3,2,0.1,270.1,370.1,44.0
Menstrual,7.6,4,4,3,2,0.4,92.4,129.0,55.1
Ovulation,5.2,3,2,3,1,2.8,156.5,85.4,43.8
Follicular,5.3,4,3,4,3,2.7,231.9,257.7,37.9
Early Luteal,7.0,3,3,2,3,1.0,390.0,490.0,37.8
Follicular,7.9,4,4,5,1,0.1,108.0,208.0,76.8
Menstrual,4.7,1,2,1,1,3.3,80.4,180.4,21.8
Early Luteal,7.0,1,2,2,2,1.0,186.4,286.4,31.5
Menstrual,6.5,3,2,2,4,1.5,592.0,670.8,22.6
Menstrual,7.3,4,2,2,2,0.7,212.6,223.9,51.4
Early Luteal,7.3,4,3,4,2,0.7,196.4,48.6,56.9
Follicular,6.3,4,4,5,2,1.7,218.0,163.6,54.6
Menstrual,7.4,4,3,2,1,0.6,19.3,85.7,62.0
Early Luteal,7.3,2,2,2,2,0.7,156.1,256.1,42.6
Follicular,6.0,3,3,3,2,2.0,276.7,272.0,44.2
Follicular,8.3,4,3,1,1,0.0,4.6,16.0,81.7
Early Luteal,9.5,4,3,3,5,0.0,800.0,720.4,45.5
Follicular,5.9,4,4,3,1,2.1,83.4,81.2,57.7
Follicular,5.2,3,3,4,1,2.8,99.0,174.5,45.6
Menstrual,6.7,2,2,2,2,1.3,196.7,173.6,31.6
Early Luteal,6.4,5,3,3,3,1.6,420.6,520.6,48.8
Early Luteal,6.9,3,3,3,2,1.1,237.5,265.9,46.2
Early Luteal,7.4,4,3,3,3,0.6,426.7,363.6,48.1
Menstrual,6.7,3,2,3,4,1.3,558.2,603.3,24.5
Late Luteal,4.8,1,1,1,2,3.2,114.3,0.0,13.3
Early Luteal,6.3,3,2,3,3,1.7,322.6,422.6,38.7
Late Luteal,6.9,3,2,2,2,1.1,387.4,326.5,43.6
Follicular,7.2,5,4,4,2,0.8,97.6,73.9,69.3
Late Luteal,6.4,3,2,3,2,1.6,191.1,86.4,40.0
Late Luteal,5.7,4,4,5,1,2.3,30.5,126.3,56.8
Menstrual,5.7,4,2,2,1,2.3,76.1,93.5,44.9
Late Luteal,6.1,4,4,3,1,1.9,90.0,190.0,53.5
Follicular,7.9,4,3,3,1,0.1,69.2,49.6,68.1
Follicular,7.7,4,4,4,2,0.3,367.4,290.5,58.0
Late Luteal,7.1,4,3,3,1,0.9,76.7,21.8,61.1
Late Luteal,8.6,4,3,2,4,0.0,647.9,747.9,42.8
Follicular,7.2,5,3,3,3,0.8,203.2,252.7,62.2
Menstrual,7.0,2,2,2,1,1.0,74.7,61.0,42.9
Ovulation,8.1,5,4,5,4,0.0,607.0,573.3,49.5
Early Luteal,7.2,4,3,3,2,0.8,208.9,155.0,54.5
Follicular,8.4,3,4,4,1,0.0,71.3,110.1,71.2
Menstrual,9.5,5,4,5,3,0.0,518.0,554.5,66.0
Follicular,7.1,5,4,4,2,0.9,189.5,255.2,65.2
Follicular,7.6,4,2,3,3,0.4,469.8,367.0,49.2
Early Luteal,6.5,3,3,2,2,1.5,76.2,176.2,48.2
Late Luteal,7.7,4,3,3,2,0.3,41.8,15.6,60.9
Late Luteal,8.3,3,4,2,2,0.0,332.1,330.4,52.1
Follicular,7.5,4,4,4,2,0.5,136.7,122.9,61.2
Late Luteal,7.2,4,4,4,2,0.8,221.6,290.9,55.2
Early Luteal,7.1,4,4,3,3,0.9,265.8,320.1,47.9
Menstrual,6.8,3,2,2,3,1.2,240.0,267.2,34.4
Follicular,6.9,3,5,4,2,1.1,148.3,91.0,51.0
Menstrual,8.1,3,3,3,2,0.0,211.8,138.4,49.4
Late Luteal,6.0,3,3,2,2,2.0,219.7,211.6,35.3
Early Luteal,6.9,3,2,3,4,1.1,577.0,669.1,29.5
Follicular,7.2,4,5,5,2,0.8,131.0,0.0,61.9
Menstrual,5.8,3,2,2,2,2.2,207.5,307.5,31.2
Menstrual,7.4,4,3,2,2,0.6,21.2,0.0,58.4
Menstrual,8.0,4,4,3,1,0.0,15.9,0.0,69.6
Follicular,5.9,3,3,4,2,2.1,96.4,196.4,44.0
Late Luteal,7.2,3,2,2,2,0.8,236.9,202.2,44.8
Late Luteal,4.5,2,1,1,3,3.5,468.1,543.5,7.5
Late Luteal,6.4,3,3,3,1,1.6,151.3,251.3,43.6
Early Luteal,7.4,4,3,3,2,0.6,137.9,0.0,58.0
Ovulation,8.0,4,4,4,3,0.0,451.0,409.9,57.5
Menstrual,6.6,3,4,3,1,1.4,92.7,103.7,50.0
Late Luteal,5.8,3,3,3,1,2.2,4.6,19.8,47.2
Ovulation,6.0,2,4,5,2,2.0,94.0,61.4,43.9
Early Luteal,4.7,2,3,3,2,3.3,105.3,162.6,29.9
Early Luteal,6.5,3,2,3,3,1.5,384.1,484.1,35.9
Follicular,6.2,4,3,3,3,1.8,527.0,376.7,38.1
Ovulation,7.8,4,4,5,2,0.2,305.6,273.3,67.2
Menstrual,5.9,3,3,3,2,2.1,289.8,310.4,32.0
Early Luteal,8.9,5,5,4,2,0.0,108.6,45.2,79.8
Follicular,7.6,4,4,5,2,0.4,194.6,157.6,69.9
Early Luteal,8.2,4,3,3,2,0.0,121.7,221.7,71.2
Menstrual,6.7,3,4,3,2,1.3,179.2,279.2,41.9
Late Luteal,7.6,4,2,2,4,0.4,673.9,710.7,37.4
Ovulation,5.7,2,3,4,3,2.3,281.3,255.4,36.5
Follicular,9.0,5,5,5,1,0.0,106.0,50.1,87.1
Late Luteal,5.9,3,2,2,1,2.1,75.3,104.7,44.1
Early Luteal,7.2,3,3,4,3,0.8,394.4,423.8,42.2
Follicular,8.8,4,4,4,1,0.0,99.4,19.5,76.3
Ovulation,7.4,4,4,4,1,0.6,83.9,0.0,70.4
Follicular,6.2,4,4,2,2,1.8,211.5,176.6,51.5
Early Luteal,7.1,3,3,3,3,0.9,243.4,343.4,45.7
Ovulation,8.2,5,5,5,2,0.0,206.6,271.5,77.7
Menstrual,6.2,3,2,2,2,1.8,303.4,403.4,36.9
Follicular,7.9,4,2,3,4,0.1,543.2,543.9,44.8
Early Luteal,7.2,5,4,4,3,0.8,347.9,447.9,55.4
Menstrual,8.0,4,3,2,2,0.0,249.5,172.0,55.2
Menstrual,8.8,4,2,2,5,0.0,686.6,694.5,35.8
Menstrual,6.9,2,4,2,1,1.1,20.6,32.9,47.4
Early Luteal,7.0,3,3,2,3,1.0,344.3,297.7,44.3
Follicular,6.6,3,4,4,1,1.4,70.0,108.2,57.7
Late Luteal,7.4,2,3,2,2,0.6,255.8,319.2,42.0
Follicular,8.5,5,4,4,2,0.0,170.9,181.7,78.9
Follicular,6.9,4,3,2,2,1.1,98.5,10.6,58.4
Late Luteal,6.0,3,2,2,3,2.0,334.9,421.0,25.3
Menstrual,5.3,3,3,1,3,2.7,403.8,371.2,26.3
Early Luteal,7.7,4,4,4,1,0.3,54.6,23.5,73.6
Menstrual,6.5,4,4,3,2,1.5,146.3,116.3,48.4
Follicular,7.3,5,3,4,4,0.7,373.6,433.6,57.9
Late Luteal,6.4,3,4,3,3,1.6,311.9,330.3,41.7
Menstrual,7.2,4,3,3,3,0.8,297.4,395.1,44.2
Menstrual,5.3,3,3,3,2,2.7,204.8,228.5,34.5
Follicular,7.6,4,4,4,2,0.4,192.8,128.2,59.0
Menstrual,7.2,4,3,3,3,0.8,404.1,342.0,40.2
Follicular,7.7,4,4,4,1,0.3,66.7,97.9,76.4
Ovulation,8.7,4,4,3,2,0.0,110.9,77.4,73.8
Early Luteal,6.7,3,3,3,3,1.3,398.1,442.7,40.1
Ovulation,6.4,3,3,4,3,1.6,454.5,501.1,32.0
Follicular,7.7,4,3,4,2,0.3,190.6,196.0,63.6
Late Luteal,6.1,3,3,1,1,1.9,55.7,141.7,42.7
Follicular,6.2,3,2,2,5,1.8,599.0,699.0,21.0
Menstrual,8.7,5,2,3,2,0.0,85.1,0.0,66.8
Follicular,8.7,5,4,4,3,0.0,309.9,249.9,68.4
Ovulation,5.4,3,4,4,1,2.6,115.1,137.6,49.4
Follicular,8.6,5,5,3,1,0.0,167.0,162.3,86.2
Ovulation,6.5,2,3,5,1,1.5,53.9,81.4,48.8
Early Luteal,5.4,4,3,3,2,2.6,118.3,108.8,41.2
Menstrual,5.5,3,2,2,4,2.5,603.6,703.6,14.6
Late Luteal,6.9,2,1,2,4,1.1,461.8,377.6,17.8
Late Luteal,5.7,2,2,2,3,2.3,509.6,538.3,20.1
Follicular,6.5,3,3,3,3,1.5,422.1,522.1,37.7
Follicular,8.0,4,3,4,2,0.0,335.6,339.6,61.5
Menstrual,7.7,2,3,2,2,0.3,259.3,359.3,42.1
Late Luteal,5.7,2,2,2,2,2.3,231.7,313.4,23.0
Ovulation,5.1,4,4,3,3,2.9,355.7,455.7,36.7
Early Luteal,9.0,5,4,4,1,0.0,123.1,178.5,79.9
Ovulation,6.6,4,3,4,2,1.4,195.6,199.9,57.6
Late Luteal,4.8,1,1,2,2,3.2,230.4,203.3,9.8
Menstrual,6.5,3,3,2,2,1.5,106.0,206.0,39.4
Menstrual,8.5,4,3,3,3,0.0,401.1,339.8,56.9
Early Luteal,7.4,4,4,4,2,0.6,136.8,131.2,62.1
Ovulation,5.9,3,3,4,3,2.1,296.1,327.3,37.5
Menstrual,6.8,3,3,2,2,1.2,215.9,267.7,44.2
Menstrual,6.8,3,3,3,1,1.2,75.9,175.9,52.1
Early Luteal,8.3,4,4,4,4,0.0,523.3,515.7,52.8
Early Luteal,6.5,3,4,4,1,1.5,35.8,37.4,50.5
Early Luteal,6.0,2,2,3,1,2.0,5.6,86.0,46.6
Follicular,6.7,4,3,4,3,1.3,308.3,382.9,45.6
Late Luteal,8.5,3,3,3,2,0.0,165.7,210.6,58.6
Follicular,7.3,5,3,4,2,0.7,315.6,224.2,66.1
Early Luteal,7.7,4,3,4,2,0.3,228.2,265.8,56.2
Follicular,6.3,3,3,3,1,1.7,105.2,0.0,50.8
Menstrual,6.3,4,2,3,5,1.7,737.4,659.9,19.5
Early Luteal,6.0,4,3,4,4,2.0,488.6,556.6,30.6
Ovulation,6.6,3,3,3,5,1.4,800.0,900.0,24.2
Ovulation,7.4,3,4,4,2,0.6,56.9,156.9,63.4
Menstrual,7.8,4,3,2,4,0.2,653.8,650.2,36.1
Follicular,5.6,3,3,3,2,2.4,95.7,0.0,40.6
Late Luteal,7.8,5,3,3,2,0.2,175.1,57.5,66.8
Late Luteal,6.0,3,3,3,1,2.0,99.4,0.0,42.4
Late Luteal,7.4,4,3,3,2,0.6,96.0,0.0,61.0
Follicular,8.3,4,3,4,3,0.0,338.1,205.4,60.6
Late Luteal,6.4,2,2,1,2,1.6,300.2,251.5,29.6
Follicular,5.8,3,3,3,2,2.2,109.3,178.6,45.2
Early Luteal,6.9,2,2,3,5,1.1,800.0,810.3,14.9
Follicular,7.8,4,4,4,1,0.2,205.0,211.7,72.9
Early Luteal,6.5,4,3,2,2,1.5,203.0,243.0,52.1
Late Luteal,7.1,3,2,4,3,0.9,329.5,323.8,44.3
Follicular,7.5,3,4,4,2,0.5,163.5,44.0,58.2
Late Luteal,5.9,2,2,2,1,2.1,74.7,109.0,33.7
Follicular,5.1,4,4,5,2,2.9,209.0,155.6,42.0
Early Luteal,7.4,4,3,4,3,0.6,323.6,391.6,51.7
Early Luteal,9.3,4,4,3,2,0.0,276.8,376.8,72.7
Follicular,8.1,5,4,5,4,0.0,585.5,685.5,59.1
Menstrual,5.7,3,1,3,3,2.3,487.2,582.1,19.2
Follicular,6.7,3,4,3,2,1.3,49.8,4.5,53.3
Ovulation,6.0,5,4,5,3,2.0,374.0,403.0,49.2
Late Luteal,5.0,2,2,2,2,3.0,100.8,151.8,26.5
Menstrual,7.2,5,2,3,3,0.8,372.2,273.4,47.8
Follicular,6.2,3,3,4,2,1.8,168.9,224.2,50.0
Late Luteal,5.8,2,2,1,2,2.2,233.0,183.0,28.6
Ovulation,8.7,5,3,4,3,0.0,389.9,422.9,69.3
Menstrual,6.7,3,2,3,3,1.3,329.4,203.2,33.0
Late Luteal,6.9,2,3,3,1,1.1,187.6,287.6,44.9
Follicular,7.9,4,4,4,2,0.1,250.7,284.4,64.2
Early Luteal,8.2,5,4,3,1,0.0,31.5,0.0,82.2
Follicular,7.7,4,4,4,3,0.3,281.2,129.8,57.4
Menstrual,5.3,3,3,2,2,2.7,68.0,53.9,31.0
Follicular,8.6,5,3,4,1,0.0,27.7,0.0,82.6
Menstrual,5.7,3,2,2,4,2.3,604.1,630.2,12.0
Follicular,8.0,5,4,4,4,0.0,674.9,623.4,56.0
Early Luteal,8.3,4,4,2,1,0.0,85.1,0.0,70.0
Early Luteal,7.9,4,3,3,3,0.1,341.5,277.7,54.2
Follicular,7.4,4,3,4,2,0.6,83.4,0.0,64.7
Late Luteal,6.9,4,3,3,3,1.1,436.7,536.7,41.0
Follicular,6.3,4,3,4,2,1.7,149.2,174.8,51.2
Follicular,6.8,3,4,3,5,1.2,683.2,650.9,23.6
Menstrual,6.9,3,3,2,1,1.1,117.8,206.0,50.3
Ovulation,7.4,4,4,4,2,0.6,79.6,59.0,65.5
Early Luteal,4.7,2,1,2,2,3.3,129.0,57.9,26.4
Late Luteal,5.9,3,3,2,2,2.1,249.8,245.4,37.8
Follicular,6.9,3,3,4,4,1.1,459.3,518.4,33.8
Early Luteal,8.1,5,4,4,1,0.0,23.0,105.3,83.2
Follicular,7.7,4,3,5,3,0.3,437.5,426.2,53.5
Ovulation,6.4,3,4,3,2,1.6,172.8,270.5,45.7
Menstrual,5.6,3,2,3,3,2.4,473.6,492.0,18.7
Menstrual,7.2,4,2,3,3,0.8,296.8,320.3,45.7
Early Luteal,6.7,3,3,3,3,1.3,342.1,332.5,43.6
Early Luteal,6.4,2,3,3,1,1.6,108.7,187.3,45.1
Early Luteal,8.6,5,3,3,3,0.0,354.8,344.7,60.1
Follicular,6.5,4,4,4,2,1.5,155.7,165.6,57.6
Early Luteal,7.7,4,2,3,3,0.3,345.0,169.3,53.6
Menstrual,7.7,4,4,5,2,0.3,146.8,242.4,55.0
Early Luteal,9.5,5,4,4,1,0.0,114.0,15.0,88.6
Menstrual,8.5,4,3,4,3,0.0,297.2,328.9,54.3
Follicular,7.6,4,4,4,5,0.4,800.0,811.6,40.9
Menstrual,5.0,1,2,2,3,3.0,253.0,353.0,10.7
Menstrual,6.7,3,3,3,2,1.3,147.1,113.2,49.1
Menstrual,8.5,3,4,2,1,0.0,45.9,145.9,63.1
Early Luteal,5.2,3,2,4,4,2.8,607.7,545.4,11.5
Late Luteal,6.2,2,2,1,3,1.8,516.6,490.0,22.4
Menstrual,7.7,3,3,3,3,0.3,495.9,395.4,33.8
Late Luteal,5.9,3,3,2,2,2.1,145.1,154.0,39.0
Early Luteal,8.1,3,3,3,5,0.0,687.5,564.9,25.1
Late Luteal,5.6,3,3,3,3,2.4,370.7,388.1,23.4
Early Luteal,6.7,3,3,3,3,1.3,391.1,382.5,33.3
Ovulation,5.7,3,2,3,2,2.3,75.8,65.6,39.9
Menstrual,7.0,2,2,1,2,1.0,131.4,98.5,40.0
Ovulation,6.8,3,4,4,2,1.2,79.0,25.9,55.4
Follicular,7.3,4,4,3,2,0.7,151.2,192.8,60.1
Follicular,7.0,3,4,3,1,1.0,64.5,45.9,58.5
Menstrual,6.5,3,3,3,1,1.5,27.9,8.2,54.1
Follicular,6.7,4,4,3,2,1.3,116.9,0.0,59.9
Late Luteal,6.4,3,2,2,3,1.6,391.7,371.4,30.8
Menstrual,7.1,2,2,2,2,0.9,34.2,25.8,39.5
Follicular,6.6,3,3,4,2,1.4,171.5,159.4,47.2
Follicular,7.6,4,4,4,1,0.4,1.2,0.0,76.3
Late Luteal,6.7,3,4,2,1,1.3,8.3,6.0,61.6
Follicular,7.5,4,3,3,3,0.5,422.9,326.5,51.0
Late Luteal,5.4,3,3,3,2,2.6,279.7,349.5,26.7
Follicular,7.6,4,4,4,3,0.4,416.1,455.9,52.7
Follicular,7.2,5,3,4,5,0.8,800.0,900.0,40.0
Menstrual,6.7,3,2,2,4,1.3,474.3,350.1,18.0
Early Luteal,6.5,4,3,3,2,1.5,287.1,351.7,52.5
Early Luteal,6.8,3,3,3,2,1.2,240.1,298.8,46.6
Menstrual,6.2,2,2,3,1,1.8,32.1,0.0,39.0
Follicular,8.1,3,3,3,2,0.0,304.4,235.6,58.4
Follicular,7.3,3,5,5,1,0.7,86.4,137.6,70.0
Follicular,8.7,5,3,4,3,0.0,326.1,257.6,64.8
Ovulation,7.4,3,2,3,2,0.6,156.6,210.0,55.9
Ovulation,7.2,4,5,5,2,0.8,229.7,267.2,62.2
Follicular,8.0,5,5,5,1,0.0,75.9,43.2,86.1
Early Luteal,7.0,2,2,2,3,1.0,478.4,435.9,30.8
Early Luteal,6.9,3,3,2,3,1.1,329.4,321.9,38.7
Menstrual,5.9,3,2,2,3,2.1,420.4,346.4,23.9
Early Luteal,7.8,3,3,3,3,0.2,493.1,445.3,39.5
Follicular,7.2,4,3,3,2,0.8,93.7,135.7,64.2
Late Luteal,5.5,3,3,3,3,2.5,401.2,359.9,26.3
Menstrual,6.8,3,2,3,5,1.2,800.0,863.8,11.3
Menstrual,7.1,4,3,2,1,0.9,27.6,0.0,63.3
Follicular,5.9,3,3,3,3,2.1,373.6,459.4,28.1
Early Luteal,7.6,4,3,2,1,0.4,74.1,58.4,67.2
Early Luteal,6.3,2,3,3,3,1.7,356.7,434.4,31.5
Early Luteal,4.7,2,2,2,2,3.3,160.4,134.4,22.5
Menstrual,6.2,2,3,3,2,1.8,91.6,143.5,39.1
Menstrual,5.0,2,2,2,3,3.0,410.5,319.0,12.1
Follicular,8.6,5,5,4,2,0.0,98.6,129.6,80.0
Follicular,6.6,3,2,3,3,1.4,468.1,528.0,35.0
Late Luteal,4.9,2,3,3,2,3.1,211.0,56.8,17.1
Ovulation,6.9,3,2,3,4,1.1,609.4,683.7,38.2
Early Luteal,7.9,5,4,4,2,0.1,147.4,67.8,64.3
Ovulation,9.5,4,4,5,3,0.0,248.3,274.2,65.7
Follicular,7.2,4,4,4,2,0.8,53.3,10.7,60.1
Late Luteal,6.8,3,3,2,2,1.2,198.6,146.5,42.1
Follicular,7.4,4,3,3,4,0.6,588.7,639.3,40.8
Follicular,7.4,5,4,4,2,0.6,99.5,135.3,69.5
Late Luteal,6.8,3,3,3,3,1.2,339.6,320.3,36.4
Menstrual,7.4,4,2,2,2,0.6,105.7,108.5,55.3
Ovulation,7.2,5,4,4,3,0.8,459.7,510.1,57.7
Follicular,7.4,4,4,5,2,0.6,89.7,172.1,60.1
Follicular,6.6,4,3,3,2,1.4,222.6,322.6,57.9
Ovulation,6.3,3,3,3,3,1.7,296.3,225.4,41.7
Follicular,6.4,4,4,4,2,1.6,276.9,208.0,58.9
Late Luteal,5.6,2,3,2,1,2.4,88.6,78.7,31.1
Follicular,6.9,3,4,3,3,1.1,224.9,279.1,48.6
Late Luteal,5.4,2,1,2,2,2.6,208.5,166.3,21.2
Follicular,6.1,2,2,2,4,1.9,588.8,651.3,16.9
Menstrual,5.2,3,3,3,3,2.8,374.1,325.4,18.3
Follicular,8.0,4,3,3,3,0.0,374.5,420.8,53.4
Late Luteal,8.4,4,3,3,2,0.0,128.4,129.3,67.5
Late Luteal,6.6,3,3,3,2,1.4,213.0,225.2,41.5
Ovulation,9.0,5,5,5,2,0.0,252.0,234.2,80.1
Follicular,7.4,5,3,4,3,0.6,268.4,121.7,56.2
Follicular,6.5,4,2,3,5,1.5,738.9,685.4,27.7
Follicular,5.1,3,3,2,1,2.9,70.5,0.0,42.4
Early Luteal,7.1,4,3,2,2,0.9,149.9,65.8,56.5
Follicular,8.0,3,4,3,2,0.0,237.3,189.2,62.4
Menstrual,6.3,2,3,1,2,1.7,60.0,0.0,43.9
Late Luteal,8.8,5,3,3,3,0.0,385.1,368.3,62.5
Follicular,7.0,3,3,3,2,1.0,281.1,307.1,51.4
Late Luteal,7.9,3,3,3,2,0.1,59.3,146.5,52.5
Late Luteal,6.6,3,2,2,2,1.4,214.7,193.0,37.2
Follicular,6.7,4,4,3,3,1.3,364.5,256.6,47.2
Follicular,7.6,3,4,5,3,0.4,346.5,167.2,50.9
Late Luteal,7.6,3,3,4,3,0.4,469.9,514.8,47.0
Menstrual,5.9,4,2,3,1,2.1,37.1,105.6,44.4
Follicular,8.3,5,3,4,4,0.0,720.4,605.6,51.2
Follicular,6.9,3,4,3,2,1.1,298.9,171.9,55.7
Menstrual,7.8,4,3,3,2,0.2,227.0,294.8,59.6
Menstrual,6.4,2,2,2,2,1.6,194.2,119.4,34.0
Menstrual,8.4,4,3,3,5,0.0,800.0,868.4,39.2
Menstrual,9.0,4,4,2,3,0.0,240.6,251.6,62.3
Menstrual,6.3,3,2,2,2,1.7,207.1,53.9,34.3
Early Luteal,6.9,3,3,3,2,1.1,169.0,84.3,43.1
Follicular,8.0,4,4,4,2,0.0,148.7,91.9,64.0
Ovulation,6.7,3,4,4,2,1.3,169.6,33.1,48.9
Ovulation,8.9,5,5,4,4,0.0,616.7,610.1,65.4
Early Luteal,8.9,4,3,3,2,0.0,177.1,249.8,64.1
Early Luteal,9.5,5,4,3,1,0.0,75.6,175.6,87.0
Follicular,9.3,5,3,4,4,0.0,442.5,454.9,62.3
Early Luteal,6.5,3,3,3,3,1.5,593.7,655.5,33.2
Follicular,5.1,3,3,3,4,2.9,614.0,636.9,14.9
Early Luteal,7.0,2,3,3,4,1.0,620.8,471.0,25.2
Ovulation,6.1,2,4,3,3,1.9,462.7,345.3,29.6
Follicular,9.2,4,4,4,2,0.0,149.4,203.8,70.9
Follicular,8.2,4,4,4,4,0.0,718.8,706.6,45.0
Late Luteal,4.9,1,1,1,3,3.1,364.7,374.3,5.0
Early Luteal,6.9,4,3,3,3,1.1,509.7,377.2,39.9
Early Luteal,6.7,3,3,3,4,1.3,646.0,712.8,30.7
Late Luteal,6.3,3,3,2,4,1.7,651.1,607.0,22.2
Menstrual,5.9,3,2,3,3,2.1,493.7,469.8,23.3
Menstrual,6.7,3,3,3,2,1.3,178.3,151.1,48.6
Menstrual,7.2,4,3,3,1,0.8,36.4,136.4,64.9
Menstrual,5.9,3,3,3,2,2.1,242.2,249.5,36.0
Late Luteal,5.3,4,3,4,1,2.7,90.8,33.7,39.1
Early Luteal,6.2,3,3,3,2,1.8,100.3,15.4,38.9
Follicular,6.7,3,3,3,3,1.3,464.5,564.5,38.9
Follicular,7.5,4,3,3,4,0.5,460.0,558.9,45.8
Late Luteal,7.0,2,2,2,2,1.0,123.5,168.8,40.9
Ovulation,8.2,3,4,3,2,0.0,106.8,0.0,64.7
Follicular,6.1,2,3,3,3,1.9,439.5,425.8,26.9
Menstrual,6.3,3,1,2,5,1.7,800.0,812.8,10.2
Menstrual,7.1,5,3,3,2,0.9,201.0,227.2,59.7
Menstrual,5.9,3,1,2,5,2.1,800.0,841.8,4.5
Menstrual,6.2,3,3,3,2,1.8,214.8,314.8,38.3
Follicular,7.8,4,4,4,2,0.2,449.9,408.1,59.7
Late Luteal,8.3,4,3,3,1,0.0,112.0,212.0,67.8
Early Luteal,7.3,5,3,3,2,0.7,263.8,316.7,65.9
Early Luteal,6.4,3,4,3,1,1.6,29.6,8.2,57.6
Follicular,6.1,3,2,3,3,1.9,388.5,382.1,34.3
Follicular,6.1,3,3,3,4,1.9,612.1,582.5,25.6
Follicular,7.3,4,3,4,4,0.7,459.6,371.7,47.8
Ovulation,7.7,4,4,4,2,0.3,64.9,54.6,73.2
Follicular,7.6,3,3,3,3,0.4,296.7,293.7,48.0
Ovulation,8.9,5,4,4,1,0.0,61.7,15.8,91.2
Follicular,8.6,5,4,3,2,0.0,314.8,370.4,64.8
Early Luteal,8.1,4,3,4,2,0.0,30.0,128.2,72.7
Ovulation,7.3,4,3,4,3,0.7,436.9,457.4,51.6
Early Luteal,5.4,3,3,3,2,2.6,130.5,157.8,35.6
Late Luteal,5.7,3,1,3,2,2.3,102.9,11.0,34.5
Early Luteal,8.5,4,4,5,2,0.0,220.7,203.8,67.3
Late Luteal,6.8,2,2,1,3,1.2,359.0,328.6,27.0
Late Luteal,5.9,3,2,2,3,2.1,293.5,222.2,26.0
Ovulation,4.8,2,3,2,1,3.2,45.5,85.6,38.5
Early Luteal,7.1,5,4,4,1,0.9,28.6,0.0,72.3
Menstrual,4.5,2,1,2,3,3.5,199.6,13.9,11.4
Follicular,7.3,4,4,4,2,0.7,231.0,133.6,57.4
Early Luteal,7.6,3,3,3,2,0.4,149.9,249.9,46.1
Late Luteal,5.5,3,2,2,2,2.5,140.6,0.0,30.9
Early Luteal,6.4,2,2,2,3,1.6,341.7,250.8,25.5
Menstrual,6.7,2,3,3,2,1.3,143.7,84.4,31.2
Follicular,6.8,3,3,3,3,1.2,447.2,404.2,32.1
Late Luteal,7.6,4,3,3,2,0.4,228.9,185.4,52.3
Follicular,9.3,5,5,5,1,0.0,60.5,57.1,85.3
Late Luteal,8.1,4,3,2,3,0.0,353.5,453.5,51.6
Follicular,5.9,3,3,3,2,2.1,184.3,207.9,33.5
Late Luteal,6.4,2,2,2,2,1.6,120.8,220.8,38.0
Follicular,5.6,3,4,4,3,2.4,317.2,341.6,31.8
Follicular,6.5,3,3,4,2,1.5,181.2,281.2,47.4
Early Luteal,6.3,3,3,3,3,1.7,311.3,243.2,38.2
Menstrual,8.6,4,3,2,1,0.0,54.7,0.0,66.5
Menstrual,7.4,5,3,3,2,0.6,201.0,249.6,62.9
Menstrual,8.6,3,2,2,3,0.0,299.1,399.1,45.1
Early Luteal,5.7,4,3,3,2,2.3,84.0,98.0,41.7
Late Luteal,7.9,4,3,3,2,0.1,132.2,175.2,61.8
Follicular,8.4,5,4,4,2,0.0,119.5,141.7,76.0
Follicular,7.9,4,4,4,2,0.1,117.4,217.4,67.9
Early Luteal,5.8,3,2,2,2,2.2,117.4,29.0,36.9
Follicular,9.3,3,4,4,3,0.0,385.6,473.6,54.7
Menstrual,7.2,4,4,2,3,0.8,413.7,480.4,42.3
Late Luteal,8.1,3,2,2,4,0.0,416.0,311.9,39.7
Menstrual,6.7,2,3,1,3,1.3,545.5,531.4,25.2
Early Luteal,7.4,4,3,4,2,0.6,273.5,262.5,55.6
Late Luteal,6.2,2,2,1,3,1.8,552.6,625.4,18.9
Early Luteal,8.2,4,2,3,3,0.0,452.9,439.0,52.5
Menstrual,9.1,5,5,5,2,0.0,286.8,176.0,69.7
Follicular,4.8,2,2,2,2,3.2,119.7,147.4,20.3
Follicular,6.2,4,3,3,3,1.8,397.0,325.4,39.8
Menstrual,6.4,3,3,3,1,1.6,82.0,24.0,45.4
Ovulation,5.1,2,2,2,4,2.9,379.3,439.9,14.6
Early Luteal,8.6,3,4,4,2,0.0,201.0,301.0,62.3
Menstrual,6.2,3,3,3,2,1.8,287.8,274.6,32.0
Late Luteal,7.0,3,3,3,3,1.0,470.6,469.9,33.0
Early Luteal,7.1,3,3,2,2,0.9,262.1,209.1,48.3
Late Luteal,6.0,4,2,2,2,2.0,144.4,244.4,44.6
Follicular,8.6,5,4,3,4,0.0,661.5,694.4,57.4
Menstrual,7.6,4,3,3,3,0.4,449.5,491.3,47.7
Early Luteal,7.5,4,3,2,1,0.5,173.8,266.8,61.3
Menstrual,7.8,4,3,2,2,0.2,86.8,0.0,56.8
Early Luteal,8.4,3,2,3,1,0.0,92.8,192.8,65.6
Menstrual,5.6,3,3,3,1,2.4,60.0,41.0,40.4
Menstrual,5.7,4,2,2,3,2.3,265.2,215.3,29.9
Follicular,7.0,3,3,3,3,1.0,241.0,81.7,46.6
Ovulation,7.9,4,4,4,3,0.1,332.1,264.6,62.9
Early Luteal,7.3,4,4,4,3,0.7,363.0,394.6,51.5
Ovulation,7.5,3,4,3,2,0.5,365.3,165.6,55.7
Follicular,7.5,4,3,3,2,0.5,138.0,78.0,54.8
Early Luteal,7.4,4,4,3,3,0.6,408.5,422.0,45.9
Follicular,6.5,2,2,2,5,1.5,800.0,856.3,12.2
Follicular,7.4,5,4,3,2,0.6,150.6,0.0,69.4
Follicular,5.8,4,4,4,1,2.2,66.9,0.0,57.5
Ovulation,8.2,4,3,4,3,0.0,260.9,272.3,54.2
Follicular,8.2,4,4,4,1,0.0,106.2,84.5,73.0
Follicular,6.7,3,2,1,3,1.3,393.4,402.8,34.3
Early Luteal,7.1,4,4,4,1,0.9,117.9,217.9,66.6
Ovulation,6.2,3,4,5,1,1.8,68.3,29.0,54.3
Follicular,6.4,4,4,3,1,1.6,9.8,43.0,67.2
Follicular,6.5,3,3,4,2,1.5,291.3,292.2,45.1
Early Luteal,8.4,4,4,2,2,0.0,234.3,206.8,67.9
Follicular,6.1,3,3,5,3,1.9,490.6,470.7,30.2
Early Luteal,6.2,3,4,5,2,1.8,228.8,209.2,40.2
Follicular,6.9,4,3,4,3,1.1,496.1,551.4,41.9
Early Luteal,6.9,3,2,2,3,1.1,446.7,371.6,35.6
Early Luteal,8.1,2,3,3,3,0.0,311.1,331.3,44.0
Early Luteal,6.8,2,3,2,1,1.2,59.3,0.0,51.9
Menstrual,7.8,4,4,4,3,0.2,410.8,424.9,50.5
Follicular,9.5,4,4,4,4,0.0,498.9,504.3,55.1
Late Luteal,7.6,4,1,1,4,0.4,529.3,629.3,35.4
Follicular,8.7,5,4,3,2,0.0,203.5,299.4,74.9
Late Luteal,6.2,3,2,3,2,1.8,148.3,11.1,40.4
Follicular,6.9,3,3,2,2,1.1,194.4,165.0,42.0
Menstrual,6.0,3,2,2,3,2.0,346.4,314.7,23.6
Menstrual,6.7,2,2,1,2,1.3,232.3,306.5,29.2
Follicular,6.7,4,4,4,2,1.3,145.7,114.4,59.0
Early Luteal,5.9,3,3,3,2,2.1,279.0,311.6,36.6
Early Luteal,8.2,5,4,3,4,0.0,444.5,475.1,57.4
Follicular,8.8,4,4,4,2,0.0,202.2,147.6,67.0
Follicular,6.0,4,3,4,3,2.0,361.6,323.6,39.6
Menstrual,7.5,4,3,3,1,0.5,91.2,157.4,62.3
Menstrual,6.2,3,2,2,3,1.8,279.9,249.9,31.5
Early Luteal,5.2,4,2,2,4,2.8,502.9,599.3,22.7
Follicular,6.4,3,3,4,2,1.6,172.4,253.4,51.8
Menstrual,6.3,3,3,4,2,1.7,230.6,109.5,40.3
Ovulation,7.8,4,3,5,3,0.2,339.8,246.6,60.9
Ovulation,6.4,4,4,4,1,1.6,129.3,152.4,65.7
Early Luteal,5.7,2,3,4,1,2.3,150.3,99.0,43.1
Follicular,7.1,4,2,4,2,0.9,155.6,96.3,61.2
Follicular,6.8,3,3,4,3,1.2,293.1,390.7,39.2
Follicular,7.8,5,3,5,4,0.2,399.4,465.2,51.1
Menstrual,3.6,2,2,2,1,4.4,136.0,52.2,15.8
Follicular,7.8,4,4,4,2,0.2,230.7,237.2,64.9
Early Luteal,7.5,5,4,4,3,0.5,286.4,272.1,59.4
Menstrual,6.3,2,2,2,1,1.7,83.3,64.1,37.5
Early Luteal,6.8,3,2,3,2,1.2,189.5,289.5,43.9
Follicular,8.2,4,4,4,2,0.0,263.5,212.3,66.0
Follicular,7.2,5,4,3,2,0.8,344.1,314.6,63.9
Follicular,7.3,4,5,5,2,0.7,163.4,103.1,65.0
Follicular,4.9,1,3,3,1,3.1,78.9,134.4,28.1
Follicular,9.5,5,4,4,2,0.0,198.5,187.5,76.6
Follicular,5.0,2,2,3,5,3.0,800.0,739.4,2.5
Early Luteal,7.7,3,3,4,1,0.3,150.9,95.3,58.4
Menstrual,7.2,4,3,2,3,0.8,427.8,350.0,46.6
Late Luteal,7.2,3,2,2,2,0.8,209.0,251.6,44.5
Follicular,7.8,4,4,3,2,0.2,213.4,224.0,69.3
Menstrual,8.8,3,3,3,2,0.0,255.5,278.8,55.7
Follicular,6.5,4,4,4,3,1.5,294.7,245.4,45.8
Follicular,6.6,3,3,2,3,1.4,367.6,331.8,43.5
Early Luteal,7.6,4,4,4,2,0.4,133.1,184.4,61.2
Ovulation,9.3,4,4,5,5,0.0,800.0,900.0,50.6
Early Luteal,6.1,3,2,3,5,1.9,616.2,511.7,19.4
Late Luteal,7.1,4,3,3,1,0.9,102.3,145.6,60.0
Menstrual,7.3,3,2,2,2,0.7,173.2,156.1,43.3
Follicular,7.1,3,4,4,1,0.9,10.8,110.8,62.3
Menstrual,7.5,4,4,3,1,0.5,34.0,0.0,62.1
Ovulation,8.6,5,4,4,2,0.0,121.6,161.8,76.8
Ovulation,6.7,2,2,3,5,1.3,800.0,851.2,7.1
Late Luteal,6.1,3,2,2,3,1.9,301.1,401.1,26.3
Late Luteal,6.4,3,2,2,2,1.6,392.9,287.8,33.5
Late Luteal,7.2,4,2,1,4,0.8,632.9,705.6,32.8
Follicular,7.9,5,3,3,3,0.1,354.4,405.3,57.6
Follicular,9.4,4,3,4,4,0.0,641.3,690.3,50.8
Follicular,6.6,3,3,4,2,1.4,93.3,106.3,50.0
Follicular,5.3,2,2,2,3,2.7,348.3,448.3,20.8
Menstrual,6.7,4,3,4,1,1.3,61.7,48.6,58.8
Early Luteal,7.8,5,3,4,3,0.2,277.2,256.9,62.9
Menstrual,7.0,3,3,3,1,1.0,73.3,41.2,55.1
Menstrual,8.4,4,3,3,5,0.0,800.0,809.4,35.6
Follicular,7.1,5,2,5,5,0.9,800.0,805.6,34.8
Follicular,7.1,4,3,3,2,0.9,189.8,289.8,63.2
Early Luteal,7.1,3,2,2,2,0.9,115.7,83.1,45.0
Early Luteal,7.1,4,4,4,1,0.9,30.0,126.1,69.5
Ovulation,6.4,4,4,3,1,1.6,123.1,31.1,63.1
Follicular,8.1,4,4,4,4,0.0,550.3,513.0,42.3
Menstrual,8.2,5,4,4,1,0.0,99.1,126.4,71.5
Menstrual,7.3,5,4,4,1,0.7,46.2,48.5,71.6
Early Luteal,7.4,4,3,3,3,0.6,380.6,351.3,49.9
Follicular,6.2,3,3,3,3,1.8,382.6,482.6,37.3
Late Luteal,8.5,4,4,3,1,0.0,63.7,84.3,66.9
Follicular,8.1,5,3,3,4,0.0,528.7,588.1,50.8
Menstrual,6.9,4,5,4,1,1.1,135.7,141.9,62.5
Menstrual,5.8,2,2,3,2,2.2,339.0,352.3,21.7
Follicular,7.5,4,3,3,3,0.5,339.8,323.4,45.4
Ovulation,7.0,4,4,3,1,1.0,27.9,17.4,65.4
Early Luteal,7.4,4,2,2,3,0.6,302.8,179.6,50.4
Follicular,7.2,4,3,3,3,0.8,315.8,254.7,51.2
Ovulation,6.5,3,3,3,2,1.5,108.8,177.8,49.7
Menstrual,6.1,4,3,4,2,1.9,137.7,144.2,47.3
Early Luteal,8.9,4,3,3,3,0.0,378.8,456.3,61.3
Late Luteal,7.5,3,3,3,3,0.5,365.1,465.1,44.9
Follicular,8.6,5,4,4,1,0.0,42.5,32.7,80.2
Follicular,6.2,3,3,3,3,1.8,319.2,242.3,35.8
Follicular,6.3,4,2,2,2,1.7,184.2,224.8,48.6
Early Luteal,7.0,2,4,2,2,1.0,345.1,205.9,43.5
Follicular,7.4,4,4,3,3,0.6,322.1,282.3,52.4
Early Luteal,8.0,4,3,2,5,0.0,639.0,696.1,37.2
Late Luteal,5.7,3,2,3,3,2.3,504.7,498.7,24.4
Follicular,6.0,3,3,4,2,2.0,232.5,176.7,35.4
Late Luteal,5.5,3,2,2,3,2.5,444.5,544.5,22.6
Follicular,6.2,4,3,3,2,1.8,430.9,491.3,41.9
Menstrual,4.6,1,2,2,1,3.4,162.0,254.3,16.7
Ovulation,6.4,3,3,3,1,1.6,114.1,191.1,52.9
Early Luteal,8.3,4,4,3,2,0.0,121.5,0.0,63.8
Late Luteal,6.3,2,2,2,4,1.7,672.0,662.1,10.5
Follicular,8.1,4,2,2,2,0.0,38.3,42.9,66.2
Follicular,8.6,5,4,3,2,0.0,255.2,243.5,68.1
Menstrual,6.8,4,2,2,4,1.2,500.1,600.1,30.7
Late Luteal,8.9,3,4,4,1,0.0,66.7,18.4,66.1
Menstrual,8.3,3,4,4,3,0.0,294.1,143.9,49.9
Late Luteal,6.4,3,3,3,1,1.6,83.0,183.0,47.5
Follicular,9.1,4,3,4,3,0.0,296.5,168.8,59.1
Menstrual,8.5,4,4,3,4,0.0,550.3,470.5,48.6
Early Luteal,7.2,4,3,3,1,0.8,188.5,203.7,57.8
Menstrual,7.2,3,2,2,3,0.8,440.6,496.2,36.8
Late Luteal,7.9,4,3,3,4,0.1,565.5,555.1,41.4
Late Luteal,9.5,4,3,3,4,0.0,568.6,616.5,54.6
Early Luteal,6.8,4,3,3,3,1.2,346.8,382.6,45.8
Early Luteal,6.8,3,3,3,3,1.2,319.1,160.8,41.4
Late Luteal,7.3,4,4,4,2,0.7,177.6,151.8,56.1
Late Luteal,5.5,3,2,1,3,2.5,328.1,377.0,23.5
Menstrual,6.0,3,3,2,2,2.0,158.1,93.6,41.4
Follicular,6.2,5,3,3,4,1.8,449.7,387.0,39.2
Follicular,7.5,4,4,5,4,0.5,577.8,611.5,41.4
Ovulation,8.0,4,4,5,2,0.0,266.6,293.0,66.8
Ovulation,7.4,4,3,3,5,0.6,800.0,814.4,36.8
Ovulation,5.9,2,3,3,4,2.1,543.5,547.6,23.0
Early Luteal,5.5,4,3,3,2,2.5,139.3,138.7,45.5
Follicular,7.0,3,3,3,1,1.0,37.2,0.0,61.5
Follicular,6.2,2,3,3,3,1.8,343.6,207.0,27.4
Late Luteal,6.0,3,3,3,3,2.0,387.0,209.1,29.4
Early Luteal,9.5,4,3,3,2,0.0,200.2,129.9,65.7
Ovulation,6.5,3,3,4,2,1.5,115.8,215.8,46.8
Late Luteal,7.0,2,3,2,2,1.0,183.3,138.0,41.1
Late Luteal,6.2,3,3,3,2,1.8,175.8,51.8,40.4
Menstrual,6.0,3,3,3,2,2.0,223.9,95.0,36.5
Menstrual,7.2,3,3,3,2,0.8,249.9,226.6,46.6
Follicular,6.5,3,2,2,1,1.5,91.9,0.0,49.9
Follicular,8.1,3,4,3,2,0.0,135.6,88.3,64.1
Early Luteal,7.4,4,3,4,4,0.6,433.6,425.1,48.1
Follicular,7.3,4,4,3,1,0.7,46.2,2.2,66.4
Menstrual,7.3,3,2,2,4,0.7,553.5,495.7,22.4
Ovulation,7.8,5,4,5,2,0.2,131.5,138.5,74.6
Late Luteal,6.1,3,3,3,4,1.9,630.2,558.0,12.3
Follicular,7.5,5,4,5,2,0.5,242.0,187.1,73.5
Menstrual,6.4,3,4,4,1,1.6,51.0,23.7,48.3
Late Luteal,6.6,3,3,2,3,1.4,449.7,408.8,35.0
Follicular,6.1,3,3,3,4,1.9,613.8,644.6,26.7
Menstrual,7.1,4,4,3,2,0.9,287.3,323.1,56.3
Follicular,6.7,2,3,2,1,1.3,32.7,7.7,43.2
Follicular,7.2,4,3,3,1,0.8,39.5,16.7,72.7
Follicular,7.1,3,3,4,3,0.9,314.5,310.1,46.7
Follicular,6.7,2,3,5,2,1.3,263.7,294.5,35.6
Menstrual,7.6,3,3,2,1,0.4,158.6,174.5,60.9
Follicular,6.8,4,4,3,2,1.2,151.0,181.6,59.4
Early Luteal,7.0,3,3,3,5,1.0,708.4,676.9,23.4
Late Luteal,7.0,2,2,2,3,1.0,417.6,340.9,17.3
Follicular,7.0,3,3,3,2,1.0,144.9,116.3,45.8
Menstrual,7.5,4,4,3,1,0.5,42.0,133.8,63.7
Early Luteal,7.8,4,2,4,5,0.2,750.4,652.8,34.6
Early Luteal,5.5,3,3,3,3,2.5,371.5,390.7,21.3
Follicular,6.3,4,2,3,3,1.7,352.6,351.3,43.5
Menstrual,7.5,4,2,3,3,0.5,366.9,365.3,46.9
Early Luteal,6.9,3,3,3,3,1.1,320.8,245.4,40.0
Early Luteal,7.2,4,2,2,4,0.8,436.3,382.3,40.1
Follicular,6.0,4,2,4,2,2.0,309.5,359.4,45.6
Ovulation,8.1,5,4,3,4,0.0,522.7,622.7,56.9
Menstrual,6.0,3,1,2,4,2.0,689.8,673.6,15.7
Early Luteal,8.1,4,3,3,1,0.0,69.8,60.0,70.4
Follicular,8.0,4,4,4,4,0.0,488.2,508.7,50.2
Late Luteal,6.7,2,2,2,2,1.3,276.8,235.3,33.2
Follicular,7.3,4,3,3,2,0.7,80.3,104.0,62.0
Late Luteal,5.6,3,2,2,4,2.4,543.9,426.1,13.1
Ovulation,7.5,4,4,4,2,0.5,137.9,102.9,70.1
Ovulation,5.8,3,3,3,2,2.2,122.3,144.9,47.2
Late Luteal,4.4,3,2,2,1,3.6,134.2,20.6,31.2
Menstrual,7.5,3,3,2,1,0.5,139.5,216.1,55.6
Ovulation,7.1,4,4,4,2,0.9,189.8,267.8,60.7
Late Luteal,6.9,3,2,1,2,1.1,232.8,225.4,44.2
Follicular,7.6,4,5,5,2,0.4,323.6,345.9,63.0
Early Luteal,6.6,2,2,2,3,1.4,450.3,370.3,27.9
Follicular,6.3,4,3,4,4,1.7,800.0,876.0,32.2
Ovulation,9.5,5,4,4,4,0.0,561.3,611.5,63.5
Early Luteal,6.2,3,3,2,2,1.8,115.5,158.1,45.5
Late Luteal,6.4,3,3,2,3,1.6,324.9,369.0,31.7
Follicular,8.8,4,4,5,1,0.0,134.1,202.1,77.4
Early Luteal,6.2,4,3,3,1,1.8,70.6,126.8,57.6
Menstrual,7.2,4,3,3,2,0.8,37.6,137.6,57.2
Follicular,5.9,4,4,4,1,2.1,37.2,30.2,58.5
Early Luteal,6.6,2,3,3,1,1.4,48.6,56.2,52.2
Ovulation,8.4,4,4,4,4,0.0,550.0,368.4,52.6
Follicular,5.9,3,2,4,3,2.1,241.0,176.4,33.6
Early Luteal,7.7,4,3,3,2,0.3,163.6,208.5,61.7
Early Luteal,6.6,3,2,3,2,1.4,210.7,221.9,43.9
Menstrual,6.2,2,3,2,1,1.8,72.9,0.0,39.4
Menstrual,7.5,4,4,3,2,0.5,124.0,177.1,59.7
Follicular,6.2,3,3,3,2,1.8,269.9,351.2,37.5
Ovulation,6.2,3,3,4,2,1.8,159.1,180.8,44.3
Early Luteal,6.0,3,4,4,1,2.0,41.7,0.0,53.2
Follicular,7.7,5,4,4,1,0.3,111.4,139.0,74.8
Follicular,5.5,2,2,3,5,2.5,748.7,626.3,5.3
Follicular,7.4,4,3,4,2,0.6,109.7,14.3,67.0
Follicular,7.1,5,4,3,3,0.9,455.8,442.3,57.9
Follicular,8.1,4,4,4,1,0.0,51.6,0.0,76.6
Late Luteal,7.1,5,3,3,1,0.9,115.4,193.3,63.9
Follicular,7.2,4,4,4,2,0.8,190.9,181.7,58.8
Follicular,6.9,3,3,3,4,1.1,559.4,613.3,27.8
Early Luteal,7.2,4,3,3,2,0.8,74.3,0.0,52.1
Follicular,7.0,3,3,2,3,1.0,501.9,537.3,38.2
Follicular,7.1,4,5,5,1,0.9,134.4,113.4,64.5
Menstrual,7.6,4,3,4,1,0.4,37.3,51.4,63.7
Ovulation,4.7,2,3,4,1,3.3,88.0,0.0,35.9
Menstrual,6.6,4,2,3,3,1.4,389.4,413.1,34.6
Ovulation,5.7,5,4,4,2,2.3,121.2,147.0,57.8
Late Luteal,6.9,3,2,2,3,1.1,350.0,430.5,35.3
Late Luteal,5.1,3,3,3,1,2.9,17.4,52.2,40.3
Late Luteal,6.1,2,2,1,3,1.9,345.2,299.6,20.6
Menstrual,7.3,5,4,4,1,0.7,22.7,122.7,67.2
Menstrual,7.0,4,3,1,3,1.0,205.4,288.5,44.4
Late Luteal,6.8,3,3,2,1,1.2,99.8,0.0,49.3
Early Luteal,6.7,3,3,3,3,1.3,350.8,409.8,34.1
Menstrual,7.4,5,3,3,2,0.6,253.2,325.8,57.0
Late Luteal,7.0,3,3,2,2,1.0,142.2,182.4,49.9
Ovulation,5.9,3,4,5,2,2.1,367.1,329.1,41.0
Follicular,7.2,4,3,3,2,0.8,180.1,280.1,61.0
Early Luteal,6.1,3,4,4,2,1.9,95.1,154.3,45.7
Ovulation,7.7,4,4,3,1,0.3,1.0,43.7,73.6
Follicular,6.5,4,4,5,3,1.5,398.9,285.5,41.5
Ovulation,6.8,4,4,4,2,1.2,277.1,367.7,56.8
Menstrual,9.4,5,4,5,1,0.0,38.2,80.5,81.8
Late Luteal,6.6,2,2,3,3,1.4,357.7,415.5,30.6
Follicular,6.1,4,4,3,1,1.9,94.4,103.9,58.1
Follicular,6.5,2,3,4,2,1.5,81.3,101.1,43.9
Late Luteal,7.0,3,2,2,1,1.0,75.2,26.1,50.1
Early Luteal,6.3,2,3,3,1,1.7,184.7,80.9,44.5
Follicular,6.4,2,3,2,1,1.6,12.4,69.7,45.7
Follicular,7.9,3,2,4,2,0.1,175.1,145.6,64.8
Late Luteal,5.3,2,3,2,2,2.7,238.6,338.6,24.4
Follicular,7.4,3,4,3,2,0.6,121.0,37.8,56.3
Follicular,7.6,3,3,4,2,0.4,204.3,38.1,50.2
Menstrual,6.8,1,2,3,3,1.2,263.4,298.9,25.3
Menstrual,5.5,3,2,3,4,2.5,458.0,485.3,12.8
Ovulation,7.2,5,4,5,3,0.8,378.9,388.2,63.0
Follicular,7.0,4,4,3,2,1.0,276.6,335.9,55.2
Late Luteal,8.1,4,3,3,2,0.0,207.8,307.8,59.2
Late Luteal,9.3,3,4,2,1,0.0,82.8,99.7,69.8
Ovulation,6.9,3,4,3,1,1.1,79.7,10.9,67.3
Late Luteal,7.2,4,2,2,2,0.8,140.7,32.9,57.3
Follicular,6.4,2,3,4,3,1.6,426.4,357.8,30.2
Follicular,6.0,3,2,3,4,2.0,635.9,559.1,25.3
Menstrual,5.6,2,3,3,1,2.4,68.8,47.2,34.8
Early Luteal,6.7,3,2,2,4,1.3,550.4,529.1,27.6
Menstrual,6.0,4,2,3,4,2.0,693.6,756.9,22.1
Follicular,6.3,3,2,3,5,1.7,800.0,754.4,14.5
Ovulation,6.7,4,3,3,2,1.3,324.4,254.5,55.0
Follicular,7.4,4,4,3,2,0.6,107.2,82.8,54.7
Follicular,8.4,4,4,3,1,0.0,24.5,0.0,77.3
Follicular,7.1,4,3,4,2,0.9,266.2,235.9,50.6
Follicular,6.6,2,3,3,1,1.4,121.5,210.8,40.2
Follicular,8.0,4,3,4,3,0.0,440.5,409.0,56.1
Ovulation,8.5,4,4,4,5,0.0,800.0,788.0,42.9
Follicular,6.5,3,4,4,2,1.5,100.1,122.0,50.0
Follicular,8.5,3,4,3,2,0.0,162.6,140.0,62.3
Follicular,6.6,3,4,5,2,1.4,277.1,244.3,48.0
Ovulation,6.4,3,3,3,2,1.6,337.5,437.5,47.6
Early Luteal,5.7,4,4,4,1,2.3,124.0,156.7,52.6
Follicular,6.8,2,4,4,2,1.2,159.6,135.9,43.2
Menstrual,7.0,3,3,2,2,1.0,220.8,194.3,43.5
Menstrual,7.3,3,2,3,2,0.7,267.5,219.2,44.9
Follicular,6.5,4,3,3,1,1.5,34.6,90.4,57.2
Menstrual,7.8,3,3,3,2,0.2,132.6,161.2,50.5
Menstrual,6.9,3,3,2,1,1.1,149.7,90.7,49.1
Late Luteal,7.6,4,3,2,3,0.4,433.5,465.3,52.6
Follicular,7.3,3,3,2,3,0.7,437.0,385.8,42.4
Follicular,7.9,4,4,4,3,0.1,284.1,231.2,60.6
Ovulation,7.2,4,3,4,5,0.8,800.0,784.1,32.5
Ovulation,7.0,3,4,4,1,1.0,32.1,132.1,64.7
Follicular,7.4,4,3,3,3,0.6,447.9,432.2,44.4
Menstrual,6.1,4,3,2,3,1.9,398.4,375.7,33.7
Late Luteal,7.2,4,3,3,2,0.8,50.5,4.9,55.9
Follicular,8.2,5,4,4,1,0.0,185.5,272.8,76.6
Follicular,7.5,4,3,3,2,0.5,275.4,201.9,60.3
Menstrual,5.9,4,3,3,1,2.1,8.4,0.0,52.4
Follicular,8.3,5,4,5,3,0.0,362.6,226.8,62.1
Follicular,8.8,5,4,3,1,0.0,76.1,154.8,80.9
Follicular,8.2,4,4,5,2,0.0,298.6,281.6,63.6
Follicular,7.3,4,3,3,2,0.7,208.8,109.6,54.3
Late Luteal,5.3,2,2,2,2,2.7,118.3,0.0,26.5
Follicular,7.9,4,4,3,2,0.1,193.1,93.3,67.4
Menstrual,6.5,2,3,3,2,1.5,187.5,187.7,34.7
Late Luteal,6.3,3,2,2,3,1.7,419.9,519.9,28.3
Follicular,6.2,2,3,2,2,1.8,253.9,166.4,31.7
Early Luteal,8.9,5,4,3,2,0.0,159.8,182.6,78.0
Late Luteal,6.5,1,1,1,3,1.5,493.3,593.3,15.1
Follicular,7.5,5,4,4,1,0.5,52.6,97.0,76.7
Early Luteal,7.3,4,4,3,1,0.7,41.1,52.4,65.2
Late Luteal,6.0,3,1,1,4,2.0,606.7,638.4,19.5
Early Luteal,6.8,2,2,2,5,1.2,687.5,687.7,15.2
Early Luteal,7.0,3,3,3,2,1.0,230.4,303.4,55.3
Late Luteal,6.7,3,2,1,2,1.3,158.0,159.3,42.2
Late Luteal,8.1,5,3,3,2,0.0,334.9,347.2,65.9
Menstrual,5.2,3,2,2,2,2.8,215.8,113.5,27.0
Menstrual,7.1,4,3,3,3,0.9,332.5,344.2,45.1
Early Luteal,7.3,5,3,3,3,0.7,351.6,271.3,51.9
Menstrual,6.7,3,3,3,1,1.3,91.3,127.6,47.7
Early Luteal,6.5,4,3,4,2,1.5,108.5,65.4,48.2
Menstrual,8.4,4,3,2,3,0.0,267.3,345.7,50.1
Follicular,7.6,4,4,3,2,0.4,66.5,36.7,66.2
Ovulation,5.9,3,4,3,1,2.1,55.7,0.0,52.9
Late Luteal,7.0,3,3,2,2,1.0,96.7,131.2,49.1
Early Luteal,6.0,3,2,3,2,2.0,192.0,101.1,39.9
Early Luteal,7.4,5,4,3,1,0.6,167.0,82.6,70.6
Early Luteal,6.4,2,2,1,2,1.6,86.5,186.5,35.0
Follicular,7.1,5,4,4,4,0.9,554.6,654.6,46.6
Late Luteal,6.2,2,2,2,3,1.8,305.6,278.2,24.0
Menstrual,6.6,2,2,2,2,1.4,190.5,290.5,33.0
Early Luteal,7.9,4,2,2,5,0.1,592.4,528.6,41.3
Follicular,7.0,4,3,4,2,1.0,376.2,282.1,56.3
Follicular,6.5,3,4,3,2,1.5,188.0,114.5,48.4
Early Luteal,4.6,2,2,3,2,3.4,152.7,170.0,26.3
Menstrual,7.2,4,3,3,3,0.8,311.8,309.7,48.4
Menstrual,5.9,3,3,3,2,2.1,245.9,106.4,32.8
Follicular,7.7,5,4,4,2,0.3,115.7,116.5,75.3
Follicular,7.5,5,4,3,2,0.5,234.1,185.5,66.2
Early Luteal,7.0,3,2,2,4,1.0,564.6,568.1,26.1
Early Luteal,8.5,4,4,3,4,0.0,524.9,624.9,61.2
Early Luteal,5.7,2,1,3,2,2.3,130.3,84.4,28.4
Late Luteal,6.3,3,3,3,1,1.7,122.3,95.4,43.7
Late Luteal,7.2,3,3,3,2,0.8,146.8,121.4,50.1
Follicular,4.1,1,2,2,3,3.9,475.7,575.7,3.6
Early Luteal,6.2,4,3,2,3,1.8,475.9,469.4,32.3
Ovulation,6.8,3,4,3,1,1.2,7.8,84.5,61.4
Follicular,7.1,4,3,4,4,0.9,466.0,399.4,41.4
Menstrual,6.2,2,2,3,2,1.8,218.6,130.7,36.2
Menstrual,5.1,3,3,2,1,2.9,16.6,54.3,40.7
Late Luteal,6.8,3,1,2,4,1.2,584.2,680.6,20.9
Late Luteal,6.0,3,3,3,2,2.0,212.0,270.4,31.4
Follicular,7.4,5,4,4,3,0.6,242.5,160.4,60.8
Follicular,7.6,4,5,4,2,0.4,163.8,159.8,62.2
Early Luteal,7.7,4,3,4,2,0.3,203.4,149.3,64.0
Menstrual,7.7,3,4,3,1,0.3,74.2,156.7,63.6
Early Luteal,9.5,5,4,2,2,0.0,266.9,264.2,78.4
Follicular,6.4,4,4,3,2,1.6,101.4,162.8,54.5
Menstrual,7.0,2,2,2,2,1.0,146.0,130.8,38.9
Ovulation,7.5,4,5,4,3,0.5,323.8,398.0,54.2
Early Luteal,6.7,4,3,3,3,1.3,298.7,270.1,41.5
Follicular,8.4,5,3,2,4,0.0,472.7,409.1,57.1
Follicular,7.3,4,4,4,2,0.7,179.5,82.3,60.3
Follicular,8.6,5,4,3,3,0.0,465.3,565.3,69.5
Early Luteal,7.2,4,4,3,2,0.8,141.8,47.3,58.0
Early Luteal,6.1,2,2,2,2,1.9,89.0,167.6,35.3
Menstrual,6.5,3,3,3,1,1.5,62.1,101.9,50.4
Follicular,8.8,5,4,4,2,0.0,182.2,103.5,76.9
Follicular,7.3,5,2,3,4,0.7,505.9,467.0,42.8
Follicular,7.9,4,2,3,3,0.1,372.2,423.2,54.1
Late Luteal,6.6,4,3,2,1,1.4,17.3,6.3,54.1
Early Luteal,5.1,3,3,3,2,2.9,271.4,344.2,34.0
Ovulation,5.0,2,3,3,2,3.0,137.6,130.1,36.5
Late Luteal,6.9,3,2,3,4,1.1,655.7,569.5,19.7
Late Luteal,6.0,2,3,3,1,2.0,15.7,4.6,40.1
Follicular,6.4,3,3,3,2,1.6,73.5,0.0,51.0
Follicular,7.0,4,4,4,1,1.0,96.6,0.0,64.7
Follicular,8.0,5,3,3,4,0.0,555.7,476.6,51.7
Early Luteal,7.0,3,3,4,4,1.0,665.8,619.9,31.1
Early Luteal,7.3,5,4,3,3,0.7,399.5,362.2,56.3
Follicular,7.2,5,5,4,1,0.8,148.4,215.4,67.3
Early Luteal,7.3,5,3,4,4,0.7,337.6,437.6,52.2
Early Luteal,9.3,5,4,3,1,0.0,58.3,145.0,85.9
Late Luteal,4.9,2,2,2,3,3.1,404.3,356.2,9.6
Late Luteal,6.5,3,3,4,1,1.5,76.2,153.1,48.2
Follicular,6.7,4,3,4,2,1.3,200.9,92.0,54.3
Late Luteal,6.8,3,4,3,3,1.2,382.6,285.4,39.2
Menstrual,8.4,2,3,4,2,0.0,208.5,189.8,46.7
Ovulation,7.2,4,4,4,2,0.8,255.1,213.5,62.7
Early Luteal,6.8,3,3,3,2,1.2,127.8,118.2,53.7
Follicular,7.0,3,4,4,4,1.0,544.1,541.8,40.4
Follicular,6.3,3,4,3,5,1.7,795.9,834.3,20.5
Late Luteal,6.1,2,1,2,1,1.9,104.3,104.6,39.2
Late Luteal,8.4,5,3,3,2,0.0,39.3,74.1,75.7
Ovulation,7.2,3,4,4,2,0.8,235.4,129.1,54.0
Early Luteal,7.5,4,4,4,2,0.5,107.2,161.6,58.5
Early Luteal,7.6,3,2,4,4,0.4,579.1,645.2,37.7
Follicular,6.2,3,3,3,1,1.8,99.6,44.4,52.2
Late Luteal,7.2,5,4,3,2,0.8,168.8,267.8,61.8
Ovulation,6.8,3,3,3,2,1.2,205.9,181.9,44.8
Follicular,8.6,5,4,5,2,0.0,130.7,210.9,75.2
Follicular,6.9,4,4,4,2,1.1,207.2,221.0,57.4
Late Luteal,7.2,4,3,2,5,0.8,615.0,613.8,31.6
Follicular,7.6,3,3,4,3,0.4,517.0,593.8,44.4
Follicular,7.4,5,4,3,1,0.6,1.3,0.0,76.2
Follicular,8.4,5,4,3,2,0.0,281.1,346.6,71.9
Follicular,7.0,3,4,4,2,1.0,221.1,321.1,51.7
Follicular,6.5,4,3,2,2,1.5,122.5,156.1,52.2
Follicular,6.0,3,3,3,4,2.0,615.4,658.4,25.0
Follicular,7.5,5,4,4,1,0.5,53.0,0.0,76.2
Follicular,7.5,2,3,3,2,0.5,251.1,278.4,47.9
Ovulation,8.0,5,4,3,2,0.0,195.8,27.0,73.0
Late Luteal,9.2,5,3,3,1,0.0,29.9,0.0,81.2
Menstrual,6.1,2,1,1,4,1.9,485.6,400.6,9.2
Menstrual,6.8,2,1,1,4,1.2,650.7,750.7,15.5
Follicular,7.9,4,4,4,2,0.1,34.8,0.0,69.0
Follicular,8.4,4,4,4,1,0.0,14.9,33.0,70.9
Menstrual,7.9,5,3,3,2,0.1,86.0,125.1,68.5
Menstrual,6.4,2,1,2,2,1.6,99.4,64.4,29.3
Late Luteal,6.8,3,2,2,2,1.2,319.8,419.8,35.6
Menstrual,6.6,4,3,2,3,1.4,308.8,358.7,37.0
Menstrual,5.8,3,3,3,2,2.2,110.0,83.5,39.0
Ovulation,8.5,4,4,4,3,0.0,481.3,392.4,59.1
Follicular,9.3,5,5,4,1,0.0,35.6,28.7,90.5
Late Luteal,5.1,3,2,3,1,2.9,123.7,216.0,41.6
Late Luteal,7.6,4,3,3,3,0.4,316.1,303.0,47.8
Follicular,8.8,5,4,4,3,0.0,267.7,320.0,65.3
Follicular,8.4,3,4,3,2,0.0,60.5,160.5,64.2
Late Luteal,5.7,4,3,3,2,2.3,211.2,275.5,40.6
Early Luteal,7.7,3,4,4,2,0.3,107.5,14.3,60.6
Early Luteal,7.1,3,3,4,4,0.9,470.6,386.6,38.8
Follicular,7.3,5,4,4,3,0.7,440.5,498.1,58.7
Early Luteal,6.5,4,4,4,3,1.5,452.9,510.5,45.4
Menstrual,5.5,3,2,3,2,2.5,154.5,0.0,34.2
Ovulation,7.3,4,3,3,2,0.7,223.2,111.3,59.5
Early Luteal,9.4,5,4,3,1,0.0,36.2,60.6,85.4
Ovulation,8.3,4,4,4,2,0.0,203.2,230.7,67.9
Early Luteal,5.7,3,2,2,3,2.3,359.1,430.1,27.1
Late Luteal,8.3,4,3,3,3,0.0,367.9,344.2,52.9
Follicular,8.3,5,5,4,1,0.0,54.0,0.0,81.6
Late Luteal,6.0,4,2,1,4,2.0,553.8,397.8,20.3
Early Luteal,8.1,4,4,4,2,0.0,210.3,310.3,64.4
Menstrual,7.0,3,2,2,3,1.0,408.2,398.6,28.8
Menstrual,6.2,3,2,3,1,1.8,52.9,86.4,40.5
Ovulation,6.8,3,3,2,2,1.2,114.8,162.0,46.5
Follicular,5.3,3,3,4,4,2.7,623.9,622.3,20.9
Follicular,6.5,3,4,4,1,1.5,128.1,100.8,52.8
Follicular,8.6,4,3,3,3,0.0,291.5,333.7,62.5
Late Luteal,5.0,1,2,1,4,3.0,628.4,645.3,0.0
Menstrual,6.4,2,1,2,3,1.6,487.3,440.5,20.2
Follicular,7.5,4,4,4,2,0.5,212.5,196.4,56.3
Menstrual,7.0,3,3,3,2,1.0,166.2,192.7,47.0
Follicular,9.3,5,3,4,5,0.0,767.0,764.1,53.7
Follicular,7.6,4,3,4,3,0.4,413.2,359.7,54.5
Ovulation,6.3,3,3,4,2,1.7,214.5,175.0,52.6
Early Luteal,6.3,3,3,2,1,1.7,65.8,85.0,54.2
Menstrual,7.1,4,4,3,2,0.9,128.0,66.9,54.2
Early Luteal,6.4,4,3,4,1,1.6,10.6,0.0,61.2
Ovulation,7.8,4,3,4,4,0.2,506.1,499.5,48.4
Menstrual,7.3,4,3,3,2,0.7,267.9,147.9,55.7
Follicular,9.3,4,4,4,2,0.0,201.8,227.4,77.7
Early Luteal,7.0,3,3,3,3,1.0,318.2,324.3,42.1
Late Luteal,5.9,2,1,2,4,2.1,562.7,478.5,4.9
Late Luteal,6.9,2,2,1,2,1.1,233.5,209.6,30.5
Follicular,7.3,4,3,3,2,0.7,148.4,110.9,56.9
Ovulation,6.6,3,4,4,2,1.4,127.2,152.7,54.2
Menstrual,4.4,2,2,3,2,3.6,241.7,78.4,20.6
Menstrual,6.5,2,2,2,1,1.5,82.4,5.0,40.7
Follicular,7.5,5,4,4,3,0.5,422.0,340.3,55.9
Follicular,6.5,3,3,3,2,1.5,96.6,0.0,49.6
Late Luteal,7.3,4,3,2,5,0.7,800.0,670.9,28.9
Ovulation,6.1,3,3,3,4,1.9,476.4,534.7,29.2
Late Luteal,7.4,5,3,2,3,0.6,385.6,340.6,53.8
Follicular,7.7,5,4,4,1,0.3,137.7,237.7,78.3
Menstrual,6.2,2,2,2,2,1.8,220.9,224.4,32.3
Early Luteal,7.1,4,3,3,2,0.9,162.2,237.6,55.3
Menstrual,6.4,2,2,3,2,1.6,241.0,330.9,28.2
Late Luteal,8.8,5,3,3,4,0.0,509.7,609.7,53.3
Follicular,8.8,5,4,4,1,0.0,65.0,0.0,89.3
Late Luteal,5.4,2,2,1,4,2.6,507.1,486.0,10.7
Follicular,9.3,4,4,4,2,0.0,148.0,99.2,78.1
Late Luteal,5.9,2,2,2,1,2.1,127.9,227.9,36.9
Follicular,7.2,4,4,4,3,0.8,412.6,367.6,53.1
Early Luteal,7.3,4,4,4,2,0.7,161.1,261.1,59.0
Menstrual,7.6,3,3,4,1,0.4,49.7,0.0,55.9
Menstrual,6.0,3,2,3,3,2.0,356.9,455.4,25.5
Late Luteal,7.1,3,3,3,2,0.9,202.0,259.0,45.0
Follicular,8.0,4,4,5,3,0.0,482.7,314.9,56.5
Early Luteal,6.0,3,4,4,1,2.0,109.8,153.4,49.8
Menstrual,6.2,2,2,3,4,1.8,499.6,411.9,17.0
Early Luteal,7.0,3,3,2,2,1.0,145.8,245.8,49.0
Ovulation,9.0,4,4,5,2,0.0,144.3,24.0,74.6
Late Luteal,8.5,3,3,2,2,0.0,131.6,118.7,61.2
Early Luteal,7.3,3,3,3,2,0.7,165.9,265.9,46.2
Follicular,5.4,3,3,3,4,2.6,568.7,668.7,20.5
Menstrual,8.3,4,4,3,1,0.0,134.9,47.1,64.9
Follicular,8.0,4,4,3,1,0.0,109.8,176.4,72.4
Early Luteal,5.9,3,2,3,2,2.1,223.1,248.1,40.1
Early Luteal,6.7,2,2,3,2,1.3,126.9,187.5,35.6
Menstrual,9.2,5,4,4,2,0.0,186.7,286.7,70.0
Follicular,7.9,4,2,3,4,0.1,598.7,697.4,50.0
Late Luteal,5.9,3,3,3,2,2.1,170.6,81.9,36.3
Late Luteal,7.3,4,3,2,2,0.7,87.3,56.6,55.1
Menstrual,6.4,1,1,2,2,1.6,190.8,0.0,28.2
Late Luteal,6.9,4,3,3,1,1.1,85.6,185.6,58.8
Early Luteal,8.4,4,3,2,2,0.0,66.3,0.0,71.0
Menstrual,6.5,3,2,2,3,1.5,402.5,502.5,29.8
Ovulation,6.3,3,3,4,1,1.7,114.3,214.3,50.9
Early Luteal,7.1,4,3,4,4,0.9,504.4,604.4,38.2
Follicular,9.1,5,5,4,1,0.0,165.2,132.6,81.1
Menstrual,6.8,3,1,1,1,1.2,101.5,168.9,41.0
Follicular,8.3,4,4,4,2,0.0,123.3,171.2,75.1
Early Luteal,5.8,3,3,3,2,2.2,212.6,174.5,41.8
Follicular,7.1,4,3,4,2,0.9,82.5,75.2,62.4
Ovulation,6.3,3,4,4,1,1.7,158.0,159.6,53.7
Late Luteal,5.0,1,2,2,1,3.0,17.4,24.8,23.3
Late Luteal,6.1,2,2,3,1,1.9,18.0,0.0,36.5
Late Luteal,5.7,2,1,2,5,2.3,800.0,865.5,3.5
Menstrual,5.1,3,2,3,2,2.9,138.1,215.9,33.8
Ovulation,6.2,4,4,4,1,1.8,33.8,0.0,57.2
Follicular,7.2,5,4,4,5,0.8,704.8,632.4,41.0
Late Luteal,6.8,3,2,2,1,1.2,221.2,262.9,47.1
Early Luteal,6.8,4,3,4,2,1.2,160.5,211.3,56.8
Follicular,7.1,5,4,4,2,0.9,145.3,187.3,66.8
Follicular,7.1,4,3,4,2,0.9,137.3,167.4,60.4
Follicular,7.0,3,4,3,1,1.0,82.1,61.0,55.8
Follicular,5.4,3,3,2,3,2.6,476.3,420.5,25.7
Menstrual,6.9,3,3,3,2,1.1,204.9,184.9,39.6
Ovulation,6.8,3,4,4,2,1.2,148.1,138.4,54.0
Late Luteal,8.7,4,4,3,2,0.0,192.0,127.6,61.5
Early Luteal,6.0,3,4,3,1,2.0,112.8,212.8,50.0
Follicular,7.9,4,4,4,2,0.1,253.3,203.0,63.8
Early Luteal,6.7,2,2,3,2,1.3,93.8,186.3,36.6
Early Luteal,7.4,3,4,3,3,0.6,465.4,498.6,47.5
Follicular,6.9,3,2,3,3,1.1,256.0,177.2,41.5
Early Luteal,6.6,4,3,2,2,1.4,69.9,118.5,54.2
Early Luteal,7.5,4,4,3,1,0.5,15.3,0.0,65.7
Ovulation,8.3,4,4,4,2,0.0,257.8,221.5,67.6
Late Luteal,8.3,4,4,4,3,0.0,256.4,127.4,59.1
Follicular,8.7,5,3,4,4,0.0,658.1,653.7,52.8
Early Luteal,7.6,4,4,4,3,0.4,273.5,188.1,52.8
Early Luteal,6.7,3,3,3,3,1.3,394.9,364.3,38.6
Menstrual,7.1,4,3,2,3,0.9,469.5,467.8,33.0
Menstrual,6.9,3,3,2,2,1.1,124.5,69.1,45.3
Follicular,6.8,4,4,3,3,1.2,273.3,277.7,50.1
Follicular,7.0,2,4,3,2,1.0,253.3,353.3,48.3
Follicular,6.7,3,3,3,4,1.3,670.8,770.8,29.8
Follicular,6.4,3,3,4,2,1.6,185.7,0.0,47.4
Ovulation,4.7,2,3,3,2,3.3,154.7,84.6,28.7
Menstrual,7.6,4,2,3,3,0.4,386.7,370.7,41.9
Follicular,7.1,5,4,5,3,0.9,387.2,345.4,51.9
Late Luteal,6.2,2,2,2,2,1.8,283.4,370.7,26.6
Follicular,7.0,3,3,2,4,1.0,516.0,616.0,35.5
Menstrual,5.3,2,2,2,3,2.7,394.5,373.8,14.2
Late Luteal,5.5,3,3,3,2,2.5,169.2,243.1,35.0
Ovulation,8.2,4,3,3,2,0.0,190.1,96.4,64.8
Late Luteal,6.2,2,3,3,1,1.8,88.8,100.5,38.2
Ovulation,8.1,3,3,4,2,0.0,217.7,216.9,57.7
Ovulation,6.9,3,3,2,2,1.1,208.9,43.0,49.9
Early Luteal,6.6,4,4,5,1,1.4,67.6,114.8,61.6
Ovulation,7.7,5,4,4,2,0.3,184.4,257.1,72.4
Late Luteal,7.6,5,3,2,4,0.4,697.7,797.7,37.2
Menstrual,7.6,4,2,4,2,0.4,297.8,203.8,51.2
Early Luteal,7.8,4,3,3,2,0.2,140.4,81.2,62.5
Menstrual,6.3,4,3,2,3,1.7,328.4,196.4,37.0
Menstrual,6.6,3,2,2,3,1.4,388.7,252.9,32.2
Follicular,7.0,3,3,2,4,1.0,489.6,467.6,30.3
Late Luteal,7.0,1,2,2,2,1.0,278.7,112.7,28.4
Menstrual,6.1,3,3,3,2,1.9,211.6,215.6,38.1
Late Luteal,7.6,4,3,2,2,0.4,252.1,169.5,56.4
Early Luteal,6.4,4,3,3,2,1.6,130.0,164.5,42.7
Late Luteal,6.3,3,2,2,4,1.7,372.5,345.3,22.5
Late Luteal,6.0,3,2,3,3,2.0,415.6,313.8,25.8
Late Luteal,6.2,2,2,3,4,1.8,615.8,604.2,11.4
Follicular,6.7,4,3,5,2,1.3,57.3,40.0,61.8
Follicular,6.9,4,3,4,2,1.1,170.7,140.1,53.2
Ovulation,7.3,4,4,4,2,0.7,341.5,322.1,58.2
Menstrual,6.6,3,1,2,4,1.4,645.3,652.3,18.4
Follicular,7.6,4,4,4,2,0.4,97.5,135.0,58.4
Early Luteal,4.4,2,3,4,1,3.6,144.8,230.5,28.0
Follicular,7.4,4,3,3,2,0.6,87.8,98.5,62.1
Menstrual,7.0,4,3,3,2,1.0,175.1,239.2,54.1
Menstrual,6.6,3,2,2,3,1.4,244.6,201.0,31.6
Follicular,7.5,4,4,3,2,0.5,156.7,184.1,64.3
Early Luteal,6.6,2,2,3,4,1.4,536.1,503.9,19.9
Follicular,6.8,3,3,5,2,1.2,69.8,38.3,51.8
Late Luteal,7.3,4,4,4,2,0.7,130.6,198.1,57.0
Follicular,6.4,4,3,4,2,1.6,301.2,254.1,48.6
Follicular,5.2,4,4,4,1,2.8,10.2,0.0,54.7
Early Luteal,6.8,2,3,3,1,1.2,33.2,133.2,50.0
Early Luteal,5.2,3,3,4,3,2.8,529.2,575.7,21.4
Early Luteal,5.4,3,3,3,2,2.6,296.0,396.0,35.1
Late Luteal,7.2,4,4,5,3,0.8,337.8,143.4,48.7
Follicular,5.8,4,3,3,2,2.2,164.2,237.3,45.5
Early Luteal,7.4,4,3,4,2,0.6,154.6,254.6,60.4
Follicular,5.5,3,3,3,2,2.5,247.2,201.6,35.7
Early Luteal,6.2,3,3,4,2,1.8,232.9,97.9,34.8
Follicular,6.9,3,3,3,3,1.1,313.3,406.7,39.1
Ovulation,7.7,5,4,4,3,0.3,257.8,155.3,62.2
Late Luteal,5.9,2,1,2,3,2.1,273.8,334.8,18.6
Follicular,7.8,4,5,4,2,0.2,154.6,228.2,65.6
Follicular,7.8,4,5,5,1,0.2,118.9,181.1,69.2
Follicular,7.0,4,4,4,3,1.0,256.6,265.8,52.9
Late Luteal,6.6,3,2,2,1,1.4,106.1,164.2,47.0
Late Luteal,7.1,3,2,2,4,0.9,432.4,414.9,30.3
Early Luteal,7.5,4,3,4,4,0.5,463.3,365.7,43.8
Early Luteal,5.9,3,3,2,2,2.1,84.8,8.2,34.8
Follicular,7.7,4,3,3,3,0.3,363.6,451.6,52.6
Late Luteal,7.4,5,3,2,1,0.6,42.8,116.4,66.5
Ovulation,7.3,4,4,4,4,0.7,632.8,652.6,46.3
Early Luteal,7.1,4,4,3,1,0.9,162.4,204.0,61.2
Menstrual,6.9,3,2,3,2,1.1,331.5,431.5,39.7
Menstrual,7.0,3,3,3,2,1.0,183.1,97.5,45.1
Early Luteal,6.5,2,2,2,1,1.5,42.5,130.9,42.6
Late Luteal,7.9,3,3,3,3,0.1,285.8,314.5,46.8
Late Luteal,7.4,4,3,2,2,0.6,191.6,79.8,51.3
Menstrual,7.8,4,4,3,2,0.2,139.0,239.0,61.3
Menstrual,8.0,3,3,3,3,0.0,410.4,433.2,44.9
Menstrual,7.2,4,2,3,2,0.8,52.2,68.2,55.4
Follicular,6.5,4,2,3,4,1.5,624.1,528.9,27.6
Early Luteal,7.6,4,3,3,2,0.4,174.0,240.3,58.3
Follicular,7.4,5,5,5,3,0.6,367.1,416.2,60.7
Follicular,6.6,3,2,3,3,1.4,381.6,326.8,34.2
Ovulation,5.2,3,4,3,1,2.8,79.7,0.0,48.3
Ovulation,5.8,2,3,3,2,2.2,276.4,310.0,32.3
Menstrual,7.0,3,3,3,3,1.0,408.7,342.8,35.9
Late Luteal,7.3,5,2,4,1,0.7,88.4,0.0,68.9
Ovulation,8.8,4,3,3,3,0.0,354.6,297.9,64.0
Follicular,6.9,3,3,3,2,1.1,138.9,156.7,49.3
Early Luteal,8.1,4,3,3,2,0.0,248.1,333.1,59.9
Follicular,7.2,4,3,3,1,0.8,181.6,241.9,62.7
Follicular,7.8,5,3,3,2,0.2,177.4,277.4,74.0
Menstrual,6.2,2,2,3,2,1.8,263.4,304.8,28.4
Follicular,4.9,2,2,2,2,3.1,282.8,171.4,24.6
Follicular,7.8,4,3,3,3,0.2,411.5,394.8,53.7
Follicular,6.4,4,4,4,2,1.6,273.7,219.3,54.5
Menstrual,5.3,4,3,3,3,2.7,296.3,243.6,33.5
Follicular,7.1,5,4,4,2,0.9,229.2,294.4,66.2
Early Luteal,7.2,4,3,3,1,0.8,114.1,64.1,66.7
Follicular,7.9,5,4,4,2,0.1,64.5,78.5,70.9
Ovulation,8.2,5,4,4,2,0.0,229.1,304.0,75.4
Early Luteal,6.9,3,2,2,2,1.1,111.0,16.8,49.1
Late Luteal,6.7,3,4,3,3,1.3,464.7,367.6,37.0
Late Luteal,6.2,1,1,1,2,1.8,157.2,58.4,23.5
Late Luteal,5.9,3,3,2,2,2.1,97.4,119.4,37.9
Menstrual,7.5,3,4,3,1,0.5,25.0,41.1,64.7
Menstrual,6.4,2,2,3,1,1.6,107.3,0.0,36.3
Follicular,6.0,4,3,4,3,2.0,422.7,481.7,36.3
Menstrual,6.5,2,2,2,1,1.5,133.7,30.3,38.1
Early Luteal,7.2,4,3,4,3,0.8,357.7,420.3,43.6
Early Luteal,6.6,3,3,3,3,1.4,367.9,336.4,39.8
Follicular,5.4,5,3,4,3,2.6,348.1,379.4,42.6
Early Luteal,8.0,4,3,3,3,0.0,360.7,373.1,55.7
Early Luteal,6.8,3,3,3,3,1.2,326.5,331.8,40.6
Ovulation,7.6,4,3,5,3,0.4,424.4,428.9,56.5
Early Luteal,8.5,4,4,3,2,0.0,100.7,0.0,67.7
Follicular,7.8,5,4,3,2,0.2,198.7,108.2,67.2
Late Luteal,5.2,2,1,2,2,2.8,95.8,144.9,25.1
Follicular,9.5,5,4,4,4,0.0,469.4,555.1,63.5
Follicular,8.0,4,4,4,2,0.0,158.5,174.8,66.6
Follicular,7.6,4,4,3,2,0.4,86.8,157.8,66.6
Early Luteal,5.3,2,2,3,2,2.7,128.6,167.6,28.9
Follicular,7.2,5,4,4,3,0.8,307.3,356.9,56.4
Late Luteal,5.3,2,2,2,4,2.7,596.5,467.0,14.7
Ovulation,6.9,3,4,5,1,1.1,61.6,0.0,61.8
Early Luteal,6.4,3,3,4,2,1.6,264.1,254.9,42.8
Follicular,6.4,3,3,4,2,1.6,242.0,149.0,43.4
Ovulation,6.8,3,4,5,2,1.2,147.7,137.9,55.9
Follicular,8.6,4,3,3,5,0.0,800.0,900.0,42.0
Early Luteal,7.9,3,3,3,2,0.1,253.6,204.7,53.8
Early Luteal,6.2,3,2,2,2,1.8,250.8,316.5,42.1
Menstrual,5.6,2,2,1,4,2.4,633.8,665.6,13.9
Early Luteal,6.0,3,3,3,2,2.0,125.3,84.4,41.7
Follicular,5.7,3,4,4,1,2.3,139.8,146.8,53.4
Ovulation,6.5,3,3,3,3,1.5,310.0,398.0,40.1
Late Luteal,6.7,2,2,3,2,1.3,105.4,97.1,33.0
Follicular,8.2,4,4,4,1,0.0,136.1,222.1,80.1
Follicular,6.0,3,3,3,3,2.0,418.7,472.7,31.2
Early Luteal,6.9,4,4,4,1,1.1,140.7,240.7,66.7
Ovulation,8.9,5,4,5,4,0.0,510.0,381.4,60.0
Menstrual,5.8,3,3,2,2,2.2,183.6,178.0,35.1
Follicular,7.6,5,4,4,1,0.4,157.2,26.1,72.7
Late Luteal,5.5,4,3,3,1,2.5,32.3,99.4,47.6
Early Luteal,5.9,4,2,2,2,2.1,101.6,84.3,46.8
Menstrual,6.9,3,2,1,2,1.1,359.1,282.0,40.9
Menstrual,5.1,2,2,2,2,2.9,110.9,124.0,20.2
Early Luteal,8.3,4,3,4,1,0.0,16.8,93.0,82.2
Follicular,6.8,4,5,4,1,1.2,93.1,152.8,64.3
Late Luteal,6.6,3,3,3,2,1.4,235.0,263.8,43.0
Menstrual,7.4,4,3,4,1,0.6,36.7,17.4,61.9
Late Luteal,5.1,3,3,3,2,2.9,248.1,204.3,28.6
Ovulation,8.4,4,4,4,1,0.0,54.7,116.1,75.2
Late Luteal,7.2,3,3,4,2,0.8,192.2,92.7,49.1
Follicular,7.6,4,5,5,3,0.4,479.4,556.4,57.6
Menstrual,4.6,1,1,1,4,3.4,658.7,695.1,0.0
Follicular,6.7,4,4,4,2,1.3,204.1,0.0,50.6
Late Luteal,5.9,3,3,3,2,2.1,297.0,181.4,38.6
Menstrual,5.7,3,2,3,3,2.3,395.3,462.8,23.6
Follicular,7.9,5,4,5,2,0.1,78.4,143.4,74.3
Follicular,5.9,3,3,4,1,2.1,42.8,4.5,51.4
Late Luteal,7.9,4,3,3,2,0.1,127.3,172.2,60.4
Early Luteal,7.3,4,3,2,2,0.7,164.1,206.6,55.3
Early Luteal,6.7,4,3,3,3,1.3,298.8,353.0,45.1
Follicular,7.5,4,4,4,2,0.5,204.8,199.9,59.9
Follicular,6.5,3,3,3,2,1.5,236.9,336.9,44.5
Late Luteal,8.6,5,4,3,2,0.0,133.1,231.2,76.3
Follicular,6.2,3,3,4,4,1.8,467.2,444.8,27.6
Follicular,7.1,4,3,3,4,0.9,634.9,651.7,37.7
Early Luteal,6.4,3,2,3,3,1.6,363.6,386.5,32.8
Late Luteal,6.9,1,2,2,3,1.1,357.2,259.2,22.8
Follicular,7.1,4,5,4,3,0.9,263.3,311.3,51.1
Menstrual,7.3,4,3,3,2,0.7,174.7,216.1,55.6
Late Luteal,4.8,1,1,1,2,3.2,201.5,301.5,16.4
Menstrual,6.7,3,1,2,3,1.3,381.4,437.5,30.5
Late Luteal,7.6,2,3,2,2,0.4,71.0,90.3,43.9
Ovulation,7.2,4,4,4,2,0.8,192.3,117.4,60.9
Early Luteal,7.5,4,3,4,2,0.5,84.8,0.0,60.6
Early Luteal,5.9,4,3,3,3,2.1,419.8,460.9,32.9
Early Luteal,9.1,5,3,3,3,0.0,300.8,286.5,62.4
Menstrual,7.9,3,2,3,3,0.1,340.1,440.1,46.9
Follicular,8.6,5,4,4,4,0.0,518.4,472.1,57.4
Follicular,7.2,3,2,3,3,0.8,286.3,302.3,42.1
Early Luteal,7.8,4,3,4,1,0.2,133.9,111.9,69.7
Ovulation,5.9,3,4,4,2,2.1,160.6,260.6,43.3
Early Luteal,9.2,4,3,3,3,0.0,324.3,253.1,59.3
Late Luteal,4.9,2,1,1,4,3.1,573.8,567.1,10.3
Follicular,7.0,4,4,5,2,1.0,126.2,213.4,56.8
Early Luteal,8.0,3,2,4,2,0.0,170.7,140.6,57.8
Early Luteal,6.7,3,2,3,3,1.3,181.2,281.2,34.6
Early Luteal,8.2,5,3,4,2,0.0,126.1,165.5,73.5
Follicular,9.1,4,4,4,3,0.0,416.9,411.7,64.1
Late Luteal,6.7,2,2,3,2,1.3,204.2,175.7,32.1
Follicular,7.3,5,4,5,3,0.7,401.6,445.3,58.9
Ovulation,8.2,4,4,4,3,0.0,386.6,486.6,63.2
Late Luteal,7.9,4,4,4,1,0.1,111.1,188.8,65.2
Menstrual,8.8,4,2,1,3,0.0,440.2,391.4,53.6
Late Luteal,7.5,3,2,2,3,0.5,377.1,312.9,33.7
Ovulation,8.4,5,5,4,2,0.0,62.4,157.7,82.3
Early Luteal,6.8,3,3,3,5,1.2,758.8,822.7,18.3
Late Luteal,7.5,4,3,3,2,0.5,276.8,332.6,52.4
Follicular,7.7,4,4,4,1,0.3,34.8,16.4,70.0
Early Luteal,7.7,5,3,4,2,0.3,223.2,107.6,66.6
Follicular,6.7,4,4,4,2,1.3,64.4,50.3,59.9
Menstrual,6.9,3,3,4,1,1.1,46.3,118.7,53.2
Late Luteal,7.8,3,3,3,2,0.2,109.1,91.4,55.0
Follicular,6.8,3,4,4,3,1.2,342.4,329.5,42.8
Follicular,8.3,4,4,4,2,0.0,136.4,108.7,68.4
Follicular,5.6,2,3,3,3,2.4,349.1,289.0,26.2
Ovulation,7.3,4,4,5,1,0.7,97.3,197.3,77.4
Late Luteal,7.6,4,3,2,2,0.4,313.0,344.9,55.6
Late Luteal,3.7,2,1,1,2,4.3,137.9,104.4,9.8
Follicular,7.1,4,4,4,1,0.9,44.6,60.4,64.7
Follicular,6.7,3,4,3,1,1.3,55.7,127.2,52.2
Late Luteal,6.1,4,2,2,5,1.9,735.5,743.5,15.3
Late Luteal,6.4,3,2,2,2,1.6,243.5,242.3,41.3
Late Luteal,6.1,3,2,2,2,1.9,328.0,252.8,31.9
Ovulation,6.3,3,3,4,4,1.7,640.4,603.6,26.3
Follicular,7.8,4,4,4,1,0.2,62.9,0.0,69.3
Late Luteal,5.9,3,2,4,1,2.1,19.5,119.5,47.3
Ovulation,7.5,3,4,3,3,0.5,359.7,459.7,45.5
Follicular,8.2,4,3,2,2,0.0,258.0,219.7,61.2
Late Luteal,8.5,4,2,1,5,0.0,800.0,776.7,32.2
Menstrual,6.5,3,3,3,1,1.5,182.6,111.4,44.7
Menstrual,5.6,4,3,1,3,2.4,489.7,589.7,27.6
Early Luteal,8.0,4,4,4,2,0.0,259.3,45.5,62.1
Follicular,7.8,5,4,4,2,0.2,138.6,36.3,73.2
Follicular,7.4,5,5,5,2,0.6,222.4,140.8,69.3
Late Luteal,4.2,1,1,2,2,3.8,294.8,294.2,3.9
Follicular,7.9,4,3,3,3,0.1,299.4,288.1,52.1
Ovulation,6.7,2,4,4,2,1.3,99.4,118.7,49.1
Early Luteal,5.8,4,4,3,1,2.2,66.8,53.2,53.3
Follicular,7.1,3,4,3,3,0.9,434.7,462.5,42.7
Follicular,7.5,4,3,2,4,0.5,749.0,736.9,40.3
Ovulation,9.2,3,2,3,5,0.0,800.0,763.1,38.2
Early Luteal,7.3,4,3,4,3,0.7,218.2,318.2,50.8
Follicular,7.7,4,4,3,1,0.3,105.4,12.5,70.6
Late Luteal,6.0,2,3,3,1,2.0,38.3,127.2,39.5
Follicular,6.7,3,3,3,2,1.3,89.7,19.7,52.5
Late Luteal,6.5,3,2,2,1,1.5,32.4,0.0,46.9
Late Luteal,7.3,5,3,2,1,0.7,33.4,133.4,68.4
Early Luteal,6.8,3,2,1,3,1.2,347.4,382.7,38.8
Late Luteal,5.2,2,2,2,1,2.8,2.0,76.2,34.7
Follicular,9.5,4,3,3,3,0.0,380.0,339.0,60.6
Menstrual,6.9,3,2,3,3,1.1,375.8,259.0,40.3
Early Luteal,4.5,2,2,3,3,3.5,399.1,453.2,16.1
Early Luteal,6.3,3,3,4,3,1.7,288.1,388.1,36.1
Menstrual,7.5,4,4,3,1,0.5,128.1,140.6,63.7
Ovulation,7.4,4,5,5,2,0.6,290.4,185.7,60.0
Follicular,7.4,4,3,3,3,0.6,340.2,394.8,51.0
Late Luteal,4.0,2,2,2,2,4.0,267.1,320.3,12.9
Early Luteal,6.1,3,2,3,1,1.9,30.5,130.5,52.1
Late Luteal,6.6,2,2,1,2,1.4,177.0,93.6,36.3
Early Luteal,7.4,4,4,4,2,0.6,64.7,164.7,63.6
Follicular,8.6,3,3,2,2,0.0,197.3,103.6,61.7
Early Luteal,5.5,3,3,2,1,2.5,38.4,93.6,46.0
Follicular,5.6,3,4,4,4,2.4,472.7,540.8,21.2
Follicular,6.2,4,4,3,2,1.8,232.0,133.5,43.6
Follicular,7.5,4,4,4,3,0.5,456.2,556.2,56.2
Menstrual,6.9,3,3,3,2,1.1,209.8,166.6,43.5
Follicular,7.3,4,3,4,3,0.7,345.0,320.8,51.5
Follicular,6.9,4,4,5,3,1.1,382.5,251.5,49.5
Late Luteal,4.8,1,2,2,2,3.2,220.1,205.7,6.8
Late Luteal,6.5,2,2,3,2,1.5,111.4,82.0,34.8
Follicular,7.6,3,4,3,1,0.4,31.8,10.0,62.5
Follicular,6.2,3,3,3,2,1.8,212.6,254.2,41.5
Menstrual,5.8,3,3,3,3,2.2,449.3,448.1,27.1
Early Luteal,8.3,5,3,3,3,0.0,239.1,307.3,62.4
Menstrual,6.7,3,2,2,3,1.3,261.0,289.9,36.0
Follicular,6.7,3,3,4,2,1.3,111.1,148.8,46.1
Late Luteal,5.2,2,3,1,2,2.8,131.5,223.6,29.9
Follicular,5.9,3,3,4,2,2.1,194.6,178.0,40.3
Early Luteal,6.8,3,2,3,3,1.2,379.0,466.0,37.5
Early Luteal,5.9,2,2,2,1,2.1,138.7,238.7,37.7
Early Luteal,6.3,4,3,2,3,1.7,253.2,193.0,39.3
Late Luteal,7.9,4,3,3,1,0.1,41.7,141.7,65.9
Follicular,7.2,4,3,4,5,0.8,800.0,786.2,29.4
Follicular,9.2,4,4,3,2,0.0,182.9,181.0,69.1
Follicular,6.0,3,4,3,2,2.0,131.7,133.4,42.9
Follicular,7.6,5,3,3,4,0.4,675.2,622.4,50.7
Follicular,6.6,2,3,3,1,1.4,100.1,139.1,49.2
Early Luteal,6.5,4,4,4,2,1.5,141.0,230.3,54.9
Late Luteal,5.6,3,3,3,1,2.4,195.7,69.2,39.6
Early Luteal,7.7,4,3,2,1,0.3,97.1,27.4,68.8
Menstrual,7.0,3,3,2,1,1.0,43.3,8.4,53.6
Late Luteal,8.0,4,1,2,2,0.0,175.4,150.4,58.0
Ovulation,7.3,4,5,4,2,0.7,118.6,218.6,63.4
Ovulation,8.1,4,4,3,2,0.0,184.5,188.8,68.2
Follicular,8.4,3,4,3,1,0.0,70.9,105.9,75.0
Ovulation,6.9,3,4,3,3,1.1,369.6,186.5,37.3
Follicular,5.8,3,3,3,1,2.2,145.2,91.0,49.2
Menstrual,7.1,4,3,2,1,0.9,92.1,4.7,60.5
Ovulation,8.1,3,3,4,5,0.0,679.7,779.7,41.7
Late Luteal,6.9,2,1,1,5,1.1,800.0,850.4,3.3
Ovulation,8.5,3,3,4,3,0.0,430.0,262.6,58.0
Follicular,7.8,4,4,4,2,0.2,105.7,108.7,66.8
Late Luteal,7.9,4,3,3,3,0.1,369.7,463.8,49.7
Late Luteal,5.3,3,2,2,2,2.7,295.7,293.0,31.6
Early Luteal,6.7,3,3,2,2,1.3,192.3,292.3,42.9
Late Luteal,6.4,2,2,2,1,1.6,65.7,0.0,36.8
Follicular,7.7,4,4,5,2,0.3,183.2,167.1,63.4
Late Luteal,6.3,3,3,3,1,1.7,29.4,0.0,46.5
Menstrual,7.8,3,2,3,2,0.2,239.0,170.1,44.9
Late Luteal,5.2,2,2,2,3,2.8,438.5,497.9,10.0
Late Luteal,5.7,3,3,3,1,2.3,59.1,82.4,44.0
Follicular,6.1,3,3,4,1,1.9,40.6,39.6,51.1
Menstrual,6.1,2,3,3,1,1.9,161.7,237.2,35.7
Late Luteal,8.0,4,3,3,2,0.0,85.8,185.8,62.4
Late Luteal,8.0,3,4,4,1,0.0,59.5,0.0,64.9
Menstrual,8.9,5,4,3,2,0.0,285.3,385.3,71.3
Menstrual,7.4,3,3,4,2,0.6,302.9,321.9,37.9
Follicular,8.7,4,4,3,1,0.0,131.3,171.2,75.3
Menstrual,6.5,3,2,2,3,1.5,391.7,396.0,35.8
Follicular,7.0,3,2,2,1,1.0,100.0,137.3,56.6
Follicular,8.2,4,3,4,1,0.0,95.2,195.2,75.6
Follicular,6.4,4,3,4,3,1.6,345.2,322.5,39.2
Menstrual,5.3,2,2,2,1,2.7,148.0,169.7,29.0
Early Luteal,5.9,3,3,2,2,2.1,115.9,105.1,41.8
Early Luteal,7.4,4,3,3,2,0.6,91.7,150.8,60.7
Ovulation,6.4,2,3,3,1,1.6,128.5,177.2,49.9
Ovulation,6.3,3,4,4,3,1.7,262.3,312.4,41.3
Early Luteal,6.0,3,3,3,2,2.0,215.4,0.0,40.5
Early Luteal,7.5,3,3,2,1,0.5,32.0,0.0,56.9
Ovulation,6.6,4,3,4,3,1.4,316.4,345.2,46.5
Early Luteal,5.7,3,2,3,2,2.3,185.8,285.8,44.7
Late Luteal,7.2,4,3,2,2,0.8,177.4,20.5,49.3
Early Luteal,7.3,3,3,3,3,0.7,435.1,366.9,46.5
Late Luteal,6.0,2,2,2,2,2.0,163.3,181.5,29.3
Late Luteal,9.1,4,4,3,2,0.0,172.8,272.8,66.6
Follicular,7.2,5,4,5,3,0.8,465.3,472.4,54.7
Early Luteal,6.9,3,3,2,1,1.1,37.1,46.9,53.9
Follicular,5.1,4,3,3,4,2.9,477.0,513.8,28.9
Menstrual,7.4,4,3,3,3,0.6,411.7,372.0,46.3
Ovulation,6.9,3,4,4,1,1.1,38.7,0.0,61.8
Early Luteal,5.1,3,3,3,3,2.9,548.4,511.9,21.1
Follicular,6.1,3,4,5,2,1.9,144.4,12.4,47.4
Follicular,7.2,3,2,1,5,0.8,766.4,850.1,18.0
Follicular,7.6,5,3,4,4,0.4,433.6,363.2,53.3
Menstrual,5.5,3,3,4,2,2.5,90.0,74.5,40.2
Follicular,5.3,4,3,4,4,2.7,487.3,496.1,31.3
Early Luteal,7.1,4,3,2,2,0.9,291.5,218.6,49.1
Follicular,7.6,4,4,3,2,0.4,312.5,242.8,57.8
Menstrual,7.9,4,3,2,3,0.1,351.1,380.2,55.9
Follicular,6.9,3,4,3,2,1.1,105.0,169.9,49.7
Early Luteal,8.2,5,4,4,3,0.0,388.7,444.4,66.3
Follicular,6.0,4,4,5,2,2.0,54.3,0.0,54.5
Late Luteal,6.4,3,3,3,2,1.6,266.0,258.5,40.0
Follicular,7.8,4,5,3,2,0.2,189.7,282.6,63.5
Early Luteal,7.3,4,3,3,1,0.7,8.4,0.0,64.4
Late Luteal,5.7,3,3,2,1,2.3,115.6,148.1,42.6
Ovulation,6.6,3,3,4,2,1.4,203.3,129.7,48.3
Follicular,6.7,3,3,3,2,1.3,199.2,221.0,50.4
Menstrual,7.6,4,3,3,1,0.4,103.4,86.2,66.7
Early Luteal,6.0,4,2,4,3,2.0,347.4,326.3,37.9
Menstrual,7.6,3,3,3,2,0.4,286.2,231.1,48.6
Late Luteal,5.2,2,1,1,3,2.8,404.0,420.8,11.9
Ovulation,7.9,4,3,4,4,0.1,546.8,531.7,53.3
Follicular,5.9,3,3,4,2,2.1,259.6,264.7,39.2
Menstrual,6.0,2,2,2,3,2.0,270.2,211.8,18.5
Menstrual,6.9,3,3,3,1,1.1,25.3,0.0,52.7
Early Luteal,6.3,2,2,2,1,1.7,70.2,129.9,41.7
Late Luteal,6.8,3,2,1,1,1.2,38.4,138.4,47.4
Late Luteal,6.3,4,2,3,5,1.7,800.0,845.4,12.4
Menstrual,5.7,3,3,1,2,2.3,41.1,11.7,34.5
Follicular,7.7,4,3,3,3,0.3,324.8,307.6,56.4
Late Luteal,4.8,2,2,2,1,3.2,19.0,51.5,25.6
Menstrual,4.9,3,2,3,3,3.1,299.6,233.1,18.0
Menstrual,7.8,3,3,2,2,0.2,94.3,106.6,52.0
Follicular,6.2,3,3,3,4,1.8,541.3,470.5,31.3
Ovulation,7.8,4,5,5,2,0.2,205.9,73.8,65.6
Ovulation,8.4,4,3,3,4,0.0,630.6,615.5,48.3
Late Luteal,7.5,5,4,3,2,0.5,251.9,229.7,60.0
Ovulation,6.3,3,3,4,3,1.7,396.0,447.4,36.2
Ovulation,7.3,3,4,3,2,0.7,110.2,46.8,62.1
Follicular,8.3,3,4,3,2,0.0,288.9,238.2,53.9
Follicular,6.4,3,3,3,3,1.6,465.3,489.5,39.9
Late Luteal,6.1,3,2,1,2,1.9,228.1,295.5,37.3
Follicular,8.9,5,4,3,1,0.0,165.0,144.5,80.6
Late Luteal,6.2,3,3,3,1,1.8,94.4,113.1,46.5
Ovulation,7.4,3,5,4,1,0.6,40.8,0.0,68.2
Menstrual,6.5,3,3,3,3,1.5,354.5,380.6,32.1
Late Luteal,7.0,2,2,2,3,1.0,491.8,528.1,26.1
Early Luteal,8.3,4,2,3,5,0.0,775.5,764.8,39.3
Ovulation,7.8,5,4,5,2,0.2,239.4,288.9,72.7
Follicular,6.7,2,3,3,4,1.3,414.7,490.9,31.1
Ovulation,8.9,5,5,5,1,0.0,91.2,60.5,88.9
Late Luteal,7.9,4,3,4,3,0.1,378.6,478.6,43.6
Follicular,7.4,3,4,4,2,0.6,69.6,128.7,62.5
Menstrual,7.7,4,3,3,2,0.3,201.5,165.9,50.9
Late Luteal,7.3,5,4,2,2,0.7,69.3,0.0,64.9
Late Luteal,5.5,2,2,1,3,2.5,321.4,347.1,12.8
Early Luteal,7.6,3,3,4,2,0.4,135.5,86.2,57.2
Menstrual,7.4,5,3,3,4,0.6,551.0,614.8,44.3
Follicular,8.7,5,4,5,2,0.0,56.5,156.5,76.0
Follicular,7.7,4,4,4,3,0.3,336.6,371.8,55.9
Early Luteal,6.3,3,3,3,4,1.7,612.8,500.7,24.8
Early Luteal,6.5,4,3,2,1,1.5,67.8,36.2,58.5
Menstrual,7.4,4,4,3,1,0.6,78.6,123.7,69.1
Early Luteal,8.2,4,3,3,1,0.0,29.7,0.0,71.1
Late Luteal,6.8,3,2,1,2,1.2,196.2,121.6,41.3
Early Luteal,6.4,3,2,3,3,1.6,468.7,467.2,38.5
Late Luteal,6.4,2,2,1,2,1.6,117.0,126.6,29.6
Follicular,5.6,3,3,2,2,2.4,110.9,109.0,40.0
Early Luteal,6.7,4,2,3,2,1.3,292.0,337.7,48.5
Early Luteal,6.5,3,3,2,2,1.5,72.0,89.2,45.7
Ovulation,8.1,4,4,3,2,0.0,320.0,366.5,66.0
Menstrual,5.3,4,3,2,1,2.7,79.6,109.2,44.8
Late Luteal,5.6,3,2,3,3,2.4,317.9,328.9,27.8
Late Luteal,5.1,2,1,1,2,2.9,163.3,128.9,19.8
Late Luteal,6.6,3,3,3,2,1.4,134.4,89.2,46.9
Menstrual,4.9,2,2,1,1,3.1,67.1,167.1,24.9
Early Luteal,6.8,3,1,1,4,1.2,511.0,478.4,27.1
Late Luteal,8.3,4,3,3,2,0.0,219.3,220.6,57.6
Late Luteal,7.0,3,2,2,2,1.0,70.4,99.3,47.7
Early Luteal,7.4,4,3,3,3,0.6,394.6,494.6,45.6
Early Luteal,7.1,4,2,1,2,0.9,189.0,220.3,53.5
Late Luteal,6.0,3,3,2,1,2.0,48.8,146.7,50.2
Menstrual,6.7,2,3,3,1,1.3,86.8,101.4,47.3
Follicular,7.3,4,4,4,1,0.7,105.1,160.4,65.1
Follicular,7.9,3,2,3,4,0.1,590.3,505.0,37.1
Late Luteal,5.6,3,3,3,2,2.4,118.8,55.3,39.5
Early Luteal,7.7,5,4,4,1,0.3,13.2,32.3,74.6
Follicular,7.3,4,3,4,2,0.7,46.7,134.5,61.8
Early Luteal,5.6,3,3,4,3,2.4,206.8,233.8,27.1
Late Luteal,6.9,3,3,2,1,1.1,26.3,0.0,56.2
Follicular,7.7,5,5,5,1,0.3,107.5,207.5,84.3
Early Luteal,6.2,2,3,3,2,1.8,250.8,325.0,37.1
Menstrual,5.9,3,3,2,2,2.1,95.9,45.0,39.5
Late Luteal,7.8,3,2,2,1,0.2,108.3,43.9,57.5
Early Luteal,7.0,2,2,3,2,1.0,136.0,236.0,43.7
Follicular,5.4,4,4,4,1,2.6,224.3,85.1,52.4
Early Luteal,8.3,4,3,5,3,0.0,349.2,306.4,56.4
Late Luteal,5.7,2,3,2,2,2.3,89.5,51.5,30.5
Follicular,8.0,4,4,3,2,0.0,181.7,168.2,61.6
Early Luteal,7.0,2,2,2,4,1.0,581.9,598.6,24.8
Follicular,7.8,4,4,4,2,0.2,337.4,366.2,64.8
Follicular,6.9,4,4,3,2,1.1,133.3,54.0,62.1
Follicular,7.1,4,3,4,3,0.9,402.9,431.3,46.0
Early Luteal,7.6,3,3,2,3,0.4,445.9,544.8,44.3
Early Luteal,5.7,3,3,3,3,2.3,261.8,307.1,34.0
Follicular,7.4,4,4,4,3,0.6,239.2,339.2,51.5
Late Luteal,6.8,2,3,2,2,1.2,260.9,340.6,38.1
Late Luteal,5.9,2,2,1,2,2.1,238.0,192.3,27.1
Early Luteal,5.3,3,3,3,2,2.7,174.7,224.9,41.3
Follicular,7.2,4,5,4,1,0.8,51.3,48.2,70.6
Ovulation,5.6,3,3,4,3,2.4,430.2,308.5,30.2
Late Luteal,5.5,2,1,2,2,2.5,220.4,320.4,25.1
Early Luteal,6.1,3,4,3,2,1.9,274.7,374.7,45.7
Early Luteal,6.5,3,3,3,2,1.5,160.8,21.5,45.6
Late Luteal,7.3,3,2,2,3,0.7,344.0,333.4,39.9
Follicular,7.7,5,4,3,2,0.3,86.6,139.2,67.8
Late Luteal,7.1,4,3,3,1,0.9,80.4,111.0,62.4
Menstrual,6.5,3,3,3,1,1.5,78.6,51.0,51.3
Menstrual,6.7,3,2,3,1,1.3,34.5,122.7,52.5
Late Luteal,7.3,4,3,3,2,0.7,176.8,78.1,48.6
Ovulation,6.5,3,4,4,2,1.5,66.3,84.2,52.7
Follicular,7.5,5,4,4,2,0.5,183.9,95.4,69.0
Late Luteal,6.5,2,2,2,2,1.5,131.9,132.5,33.5
Menstrual,6.4,3,3,2,2,1.6,220.0,141.8,40.9
Late Luteal,7.6,4,3,3,2,0.4,215.6,232.7,60.8
Follicular,6.6,4,4,4,2,1.4,181.9,149.0,55.8
Late Luteal,7.6,3,2,2,3,0.4,377.4,243.3,39.9
Follicular,5.6,3,2,3,4,2.4,518.9,503.1,20.0
Menstrual,7.7,4,3,3,2,0.3,265.1,292.2,56.3
Menstrual,5.8,2,2,2,3,2.2,426.2,277.9,17.6
Follicular,8.0,4,4,4,2,0.0,240.7,321.9,60.2
Early Luteal,6.0,3,3,2,3,2.0,362.3,439.9,28.3
Early Luteal,7.0,3,4,4,1,1.0,144.6,190.2,53.6
Late Luteal,7.7,3,3,1,3,0.3,319.9,221.4,41.0
Early Luteal,8.2,4,3,3,3,0.0,368.7,468.7,60.4
Follicular,8.0,4,3,3,4,0.0,502.2,602.2,48.0
Menstrual,7.7,4,3,2,2,0.3,46.8,32.0,61.5
Early Luteal,5.9,3,3,2,3,2.1,238.4,338.4,28.0
Follicular,8.9,5,4,3,2,0.0,194.7,277.2,73.0
Early Luteal,7.2,3,2,3,3,0.8,457.8,479.8,44.6
Menstrual,6.2,3,2,3,4,1.8,508.7,608.7,19.3
Menstrual,7.6,4,4,4,2,0.4,189.7,287.8,57.7
Menstrual,5.9,4,2,3,4,2.1,632.4,732.4,26.0
Follicular,8.1,3,3,4,3,0.0,293.5,240.0,51.6
Late Luteal,5.9,2,4,2,1,2.1,2.8,14.0,42.5
Follicular,9.2,5,5,5,2,0.0,90.5,101.2,82.7
Menstrual,6.9,3,2,1,2,1.1,174.3,124.3,40.0
Late Luteal,8.3,4,2,3,3,0.0,448.8,531.1,49.5
Menstrual,6.5,4,3,2,2,1.5,204.3,152.0,44.4
Late Luteal,8.3,3,4,4,2,0.0,182.4,244.8,59.0
Menstrual,7.0,3,2,2,3,1.0,283.5,336.2,37.3
Late Luteal,6.1,4,3,2,1,1.9,52.9,106.5,49.6
Follicular,6.7,3,4,4,2,1.3,282.3,284.5,49.3
Early Luteal,8.2,5,4,4,2,0.0,197.1,168.4,72.7
Late Luteal,5.3,4,3,3,1,2.7,67.8,167.8,42.7
Early Luteal,7.5,4,3,4,2,0.5,143.0,161.2,63.7
Menstrual,6.1,3,2,2,3,1.9,393.4,480.0,23.8
Early Luteal,6.8,3,3,4,1,1.2,12.5,57.3,55.8
Follicular,8.5,3,3,3,2,0.0,244.7,211.8,58.8
Early Luteal,7.2,4,3,3,2,0.8,108.6,168.5,60.2
Late Luteal,9.5,4,3,3,3,0.0,350.4,272.5,54.9
Follicular,6.7,2,2,3,2,1.3,170.6,186.6,40.0
Follicular,7.9,4,5,4,1,0.1,86.4,86.1,73.3
Menstrual,8.1,4,3,4,2,0.0,190.3,207.2,58.8
Early Luteal,7.2,4,4,4,1,0.8,109.7,35.1,68.3
Follicular,8.0,4,4,4,2,0.0,77.8,78.9,71.8
Follicular,6.8,4,4,4,2,1.2,118.7,57.8,63.8
Follicular,7.6,4,4,4,1,0.4,74.1,174.1,72.3
Menstrual,8.1,3,3,3,1,0.0,151.3,65.1,61.6
Follicular,7.8,4,4,3,1,0.2,68.8,86.9,70.9
Early Luteal,7.0,3,3,3,2,1.0,83.9,25.5,51.7
Menstrual,5.9,3,2,2,5,2.1,800.0,666.4,7.5
Follicular,8.3,4,3,4,3,0.0,468.9,493.9,53.9
Early Luteal,6.9,3,3,3,3,1.1,469.5,439.9,33.2
Menstrual,6.2,3,1,2,3,1.8,436.3,402.2,23.1
Late Luteal,4.9,2,1,2,4,3.1,649.9,527.0,0.0
Follicular,6.4,3,3,3,2,1.6,163.3,130.2,46.5
Menstrual,6.5,4,3,2,2,1.5,304.2,396.7,42.0
Follicular,8.0,4,3,4,3,0.0,415.4,302.2,56.6
Early Luteal,5.9,3,2,3,2,2.1,211.4,147.6,38.9
Menstrual,7.7,4,2,2,4,0.3,578.6,518.4,38.4
Late Luteal,7.1,3,2,2,2,0.9,194.8,192.5,44.2
Follicular,6.9,2,3,3,2,1.1,252.6,274.1,36.9
Early Luteal,7.3,4,2,2,3,0.7,413.1,358.6,51.7
Menstrual,7.7,4,3,4,3,0.3,379.2,280.4,50.0
Late Luteal,6.3,3,3,2,2,1.7,172.0,272.0,39.9
Menstrual,6.7,2,3,2,2,1.3,204.5,172.6,29.7
Late Luteal,4.6,1,2,3,3,3.4,409.6,321.6,3.3
Late Luteal,6.3,2,1,2,2,1.7,148.4,115.7,34.6
Menstrual,8.2,4,3,2,2,0.0,175.8,190.1,58.3
Menstrual,6.8,3,3,3,3,1.2,390.4,387.2,33.0
Late Luteal,6.6,2,2,2,1,1.4,94.1,76.4,37.3
Menstrual,5.4,4,3,3,2,2.6,215.1,315.1,34.9
Early Luteal,5.9,3,2,2,2,2.1,182.1,233.3,40.9
Late Luteal,6.7,4,2,2,2,1.3,93.1,8.1,50.8
Late Luteal,5.9,1,1,1,1,2.1,89.1,125.6,26.5
Menstrual,7.6,3,3,4,2,0.4,246.9,83.3,53.7
Ovulation,8.2,3,4,3,3,0.0,475.8,451.6,53.5
Late Luteal,6.1,2,2,1,1,1.9,71.5,171.5,41.2
Follicular,6.8,3,3,3,2,1.2,43.0,89.2,53.3
Early Luteal,7.1,4,4,4,1,0.9,93.3,29.2,63.7
Menstrual,7.9,4,2,3,2,0.1,201.2,149.8,60.4
Late Luteal,6.3,3,2,2,5,1.7,619.4,507.4,18.9
Ovulation,7.8,4,4,5,1,0.2,74.9,95.9,76.5
Late Luteal,5.0,2,2,1,2,3.0,226.4,88.1,21.1
Follicular,6.8,4,2,2,2,1.2,303.6,353.5,46.0
Ovulation,3.9,2,4,4,2,4.1,190.8,112.9,24.8
Late Luteal,6.4,3,3,3,3,1.6,345.9,209.7,30.4
Early Luteal,5.2,3,3,3,2,2.8,85.8,185.8,32.8
Follicular,6.4,2,3,3,1,1.6,65.2,56.6,45.9
Late Luteal,6.7,3,2,2,2,1.3,218.4,186.0,45.1
Follicular,6.0,3,2,2,2,2.0,62.5,58.4,41.0
Early Luteal,7.6,3,3,3,2,0.4,78.4,0.0,59.9
Late Luteal,6.1,3,4,2,1,1.9,127.7,81.3,42.2
Late Luteal,6.5,3,2,3,1,1.5,104.4,135.4,49.1
Early Luteal,8.5,5,4,4,1,0.0,27.2,0.0,80.1
Late Luteal,7.1,4,2,3,3,0.9,319.3,273.3,43.9
Follicular,6.9,2,3,3,4,1.1,449.7,460.2,28.4
Late Luteal,6.2,3,3,3,4,1.8,564.0,566.6,21.4
Ovulation,7.1,3,2,3,3,0.9,376.5,476.5,42.7
Ovulation,6.5,3,4,3,2,1.5,129.7,166.9,52.4
Early Luteal,6.6,3,3,3,3,1.4,421.0,423.7,35.8
Late Luteal,8.5,4,3,2,2,0.0,344.4,228.6,63.7
Early Luteal,8.9,4,3,3,3,0.0,279.6,300.4,56.8
Ovulation,7.6,5,5,5,3,0.4,434.6,434.5,63.3
Menstrual,8.0,4,2,3,3,0.0,359.5,430.9,46.9
Early Luteal,6.7,2,3,3,1,1.3,148.5,120.4,47.7
Early Luteal,7.7,3,4,2,2,0.3,253.7,188.8,61.3
Early Luteal,5.9,3,2,3,2,2.1,256.3,347.9,37.4
Early Luteal,7.3,4,3,3,3,0.7,440.9,512.2,50.6
Late Luteal,6.5,2,2,2,3,1.5,301.9,286.4,24.3
Late Luteal,5.4,3,1,2,5,2.6,800.0,900.0,8.1
Menstrual,7.6,4,2,2,3,0.4,264.1,364.1,49.8
Follicular,6.8,3,4,5,2,1.2,18.9,66.6,54.7
Early Luteal,8.1,4,4,4,2,0.0,210.8,299.4,66.7
Early Luteal,7.8,5,4,3,1,0.2,30.5,97.5,76.7
Late Luteal,6.7,2,2,2,2,1.3,319.4,269.7,32.1
Early Luteal,7.0,3,2,2,4,1.0,562.6,574.1,21.0
Follicular,7.4,4,3,4,3,0.6,405.8,325.1,47.3
Menstrual,7.3,5,3,3,2,0.7,111.8,53.5,62.8
Late Luteal,6.5,3,3,2,2,1.5,172.6,146.2,40.4
Late Luteal,7.2,3,3,3,3,0.8,430.0,500.0,39.5
Late Luteal,5.9,3,3,3,2,2.1,113.4,131.3,47.2
Follicular,7.5,5,4,5,2,0.5,206.7,285.9,67.9
Ovulation,6.2,3,3,4,2,1.8,127.2,227.2,42.6
Follicular,6.0,3,3,3,2,2.0,202.5,228.3,40.6
Follicular,6.8,3,3,4,3,1.2,401.5,405.4,37.2
Late Luteal,6.8,3,2,2,2,1.2,82.9,74.1,38.3
Late Luteal,8.1,3,3,3,3,0.0,348.1,227.4,44.6
Ovulation,6.9,3,3,3,4,1.1,550.4,650.4,31.7
Follicular,7.3,5,4,4,1,0.7,28.1,128.1,74.2
Late Luteal,5.3,3,2,2,3,2.7,265.2,180.5,27.5
Late Luteal,7.6,3,3,2,2,0.4,177.6,88.3,51.8
Menstrual,6.4,4,3,2,1,1.6,15.8,40.4,52.8
Follicular,8.5,4,3,3,4,0.0,659.0,599.4,44.5
Late Luteal,6.9,2,2,2,3,1.1,361.6,137.0,28.7
Early Luteal,6.2,3,2,3,2,1.8,123.8,175.4,41.4
Early Luteal,6.8,3,3,4,1,1.2,134.2,234.2,58.7
Menstrual,6.4,2,2,3,2,1.6,48.3,148.3,29.8
Follicular,6.6,3,3,3,3,1.4,471.1,348.7,34.2
Follicular,6.4,3,3,4,2,1.6,211.4,311.4,42.1
Late Luteal,6.2,2,3,2,2,1.8,178.3,278.3,40.4
Late Luteal,7.6,4,2,2,4,0.4,479.7,485.4,37.6
Menstrual,7.7,4,3,2,2,0.3,92.5,19.5,55.4
Ovulation,5.2,4,4,4,2,2.8,243.5,192.6,44.1
Early Luteal,7.8,4,4,4,2,0.2,63.4,151.1,66.8
Ovulation,6.3,3,4,4,2,1.7,290.9,287.1,42.7
Follicular,6.8,3,4,4,2,1.2,207.1,307.1,47.1
Follicular,7.2,4,3,4,3,0.8,427.9,432.0,52.6
Late Luteal,6.0,3,2,2,2,2.0,303.8,269.8,36.2
Ovulation,7.5,4,3,3,2,0.5,239.7,227.2,58.5
Follicular,6.8,4,3,4,2,1.2,117.9,127.5,56.3
Follicular,8.3,4,3,4,4,0.0,512.3,488.0,52.5
Follicular,6.8,2,4,3,1,1.2,123.8,223.8,49.3
Late Luteal,7.2,3,4,4,2,0.8,171.2,184.0,54.1
Early Luteal,6.4,2,3,4,1,1.6,70.3,155.0,45.8
Follicular,8.6,4,5,5,1,0.0,97.5,87.1,80.1
Early Luteal,6.7,3,2,3,3,1.3,441.1,392.2,42.1
Menstrual,7.7,5,3,2,4,0.3,606.8,655.8,41.4
Early Luteal,4.5,1,3,2,1,3.5,170.9,124.0,22.1
Menstrual,6.2,3,3,4,2,1.8,78.2,0.0,41.6
Late Luteal,6.1,3,3,3,1,1.9,56.0,0.0,48.3
Ovulation,9.4,4,4,4,2,0.0,147.1,89.1,72.5
Follicular,8.2,4,3,4,3,0.0,417.7,358.9,55.9
Follicular,7.7,4,4,3,2,0.3,88.7,49.3,69.3
Late Luteal,7.4,5,4,3,1,0.6,141.1,153.0,72.7
Follicular,7.6,4,3,3,4,0.4,446.9,328.7,46.7
Menstrual,7.0,3,2,2,2,1.0,190.9,96.3,48.4
Follicular,7.9,4,3,3,3,0.1,450.1,299.4,49.7
Early Luteal,5.7,1,3,3,2,2.3,181.5,108.9,32.2
Ovulation,7.6,5,4,5,2,0.4,114.9,69.9,73.1
Follicular,6.8,3,4,4,1,1.2,57.3,0.0,59.6
Late Luteal,6.2,3,2,2,4,1.8,491.5,435.0,20.0
Ovulation,5.7,4,4,5,3,2.3,383.3,324.8,40.2
Early Luteal,6.5,3,3,3,1,1.5,0.3,0.0,59.0
Late Luteal,6.2,3,2,2,1,1.8,37.2,0.0,43.1
Follicular,6.6,2,3,2,4,1.4,490.8,317.1,24.7
Ovulation,4.8,2,3,3,1,3.2,41.2,141.2,36.7
Follicular,7.7,4,4,3,2,0.3,179.1,112.4,66.3
Follicular,6.5,2,3,2,2,1.5,249.5,166.9,40.8
Ovulation,7.7,3,3,4,4,0.3,456.1,437.3,42.2
Follicular,7.6,4,3,3,3,0.4,340.6,342.0,49.9
Follicular,6.3,3,3,2,3,1.7,348.7,316.9,30.8
Ovulation,7.9,4,4,4,2,0.1,215.6,315.6,71.9
Follicular,6.9,2,3,3,4,1.1,706.3,706.9,24.2
Follicular,7.1,4,3,2,3,0.9,246.2,302.7,45.5
Ovulation,7.1,4,4,5,4,0.9,515.0,411.0,43.8
Late Luteal,6.2,3,3,1,2,1.8,298.3,251.4,33.6
Follicular,5.8,3,3,3,2,2.2,119.8,206.6,43.2
Late Luteal,5.9,2,2,3,1,2.1,135.2,235.2,37.1
Follicular,6.7,2,2,3,3,1.3,424.7,417.9,32.4
Ovulation,6.7,4,5,4,1,1.3,73.9,173.9,67.5
Menstrual,8.5,5,3,2,1,0.0,90.4,0.0,76.4
Late Luteal,5.3,2,2,2,2,2.7,88.9,188.9,27.2
Late Luteal,6.2,3,3,2,2,1.8,6.3,67.1,43.4
Follicular,7.1,4,3,4,2,0.9,218.9,133.2,55.6
Early Luteal,7.2,4,4,5,2,0.8,128.3,65.1,58.3
Follicular,5.0,1,2,2,4,3.0,634.4,637.1,0.0
Menstrual,6.3,3,3,2,1,1.7,88.3,54.0,46.1
Menstrual,7.1,4,3,3,2,0.9,214.5,228.7,53.3
Early Luteal,7.9,4,4,2,1,0.1,98.0,93.5,73.9
Late Luteal,5.6,3,2,2,5,2.4,575.9,496.8,3.8
Follicular,4.9,2,2,2,3,3.1,308.4,346.6,20.2
Early Luteal,7.6,4,4,4,2,0.4,143.5,139.7,61.8
Late Luteal,7.5,4,3,2,3,0.5,309.6,245.4,41.6
Ovulation,8.1,4,4,4,3,0.0,580.5,572.7,55.8
Follicular,5.8,4,3,3,3,2.2,310.8,282.9,44.1
Early Luteal,7.7,4,4,3,1,0.3,148.4,248.4,65.4
Early Luteal,7.4,3,3,3,2,0.6,208.8,119.4,55.0
Early Luteal,8.6,4,3,4,4,0.0,521.3,533.0,48.0
Early Luteal,9.3,5,3,4,2,0.0,295.0,285.7,72.4
Ovulation,6.5,2,3,3,2,1.5,224.0,156.9,40.2
Follicular,7.0,2,2,4,2,1.0,34.5,77.5,45.7
Late Luteal,6.1,3,3,3,1,1.9,3.8,16.7,47.3
Follicular,7.6,4,4,3,3,0.4,394.1,434.1,48.8
Early Luteal,5.7,3,3,4,2,2.3,230.0,213.2,35.2
Early Luteal,7.3,4,3,3,4,0.7,495.7,568.1,39.4
Ovulation,7.0,4,3,5,5,1.0,800.0,824.2,30.8
Late Luteal,5.8,3,3,3,3,2.2,318.2,299.7,29.6
Follicular,6.9,4,4,4,2,1.1,248.3,348.3,56.0
Menstrual,6.1,4,3,4,1,1.9,35.0,0.0,56.0
Late Luteal,6.5,4,2,2,4,1.5,594.2,615.9,28.2
Late Luteal,7.0,3,2,1,2,1.0,260.9,222.1,41.0
Early Luteal,7.8,4,4,3,4,0.2,632.1,666.6,46.7
Follicular,7.9,4,4,4,3,0.1,365.1,392.7,59.8
Early Luteal,5.9,3,2,2,3,2.1,260.2,360.2,26.2
Early Luteal,7.3,4,4,4,1,0.7,79.8,45.0,69.5
Early Luteal,5.3,2,3,5,2,2.7,210.7,310.4,32.3
Menstrual,6.2,3,1,1,3,1.8,389.9,368.8,23.8
Follicular,7.2,3,3,3,5,0.8,781.6,866.0,28.6
Late Luteal,4.0,3,2,2,3,4.0,379.4,479.4,16.9
Menstrual,6.8,2,3,2,2,1.2,309.3,318.1,36.4
Late Luteal,7.7,4,2,2,3,0.3,429.9,450.5,43.5
Early Luteal,7.7,4,4,3,1,0.3,89.0,189.0,70.4
Follicular,7.3,3,3,3,3,0.7,323.7,177.3,42.1
Early Luteal,8.7,4,4,2,1,0.0,90.5,190.5,72.8
Late Luteal,8.5,4,3,3,2,0.0,41.9,40.3,67.4
Follicular,7.0,3,4,3,2,1.0,269.8,329.5,42.6
Late Luteal,6.8,2,3,3,2,1.2,103.9,102.8,40.6
Menstrual,7.8,3,2,3,2,0.2,137.5,160.5,54.1
Menstrual,6.9,4,3,2,2,1.1,298.9,398.9,48.2
Follicular,8.8,5,4,3,3,0.0,345.7,333.1,70.1
Follicular,6.6,2,3,4,4,1.4,481.0,463.6,28.0
Follicular,6.8,4,4,4,1,1.2,57.3,64.0,70.2
Ovulation,6.2,3,4,3,1,1.8,102.7,160.2,48.5
Follicular,8.1,4,4,5,3,0.0,466.5,518.7,57.8
Follicular,8.8,5,4,4,2,0.0,258.8,207.8,74.8
Early Luteal,9.1,4,3,3,2,0.0,255.2,355.2,68.5
Early Luteal,6.0,3,3,2,2,2.0,364.7,421.8,36.9
Early Luteal,7.5,4,4,4,2,0.5,185.7,177.1,59.9
Menstrual,7.0,3,2,2,3,1.0,320.1,310.0,36.0
Late Luteal,6.1,2,2,2,2,1.9,88.4,82.0,31.1
Ovulation,7.4,4,4,4,1,0.6,166.4,43.2,69.0
Follicular,8.0,3,5,4,1,0.0,54.4,94.9,65.6
Early Luteal,6.1,3,3,3,2,1.9,223.3,255.9,46.2
Follicular,7.1,3,4,3,1,0.9,124.2,168.1,56.0
Early Luteal,8.3,4,3,4,2,0.0,247.3,179.5,67.4
Menstrual,6.0,3,2,3,1,2.0,65.7,70.6,49.4
Late Luteal,6.5,2,2,3,3,1.5,425.2,483.2,24.8
Follicular,8.6,5,4,3,2,0.0,209.2,255.0,69.7
Late Luteal,8.5,3,4,3,2,0.0,117.5,0.0,60.2
Late Luteal,6.5,3,2,2,3,1.5,188.2,173.3,38.7
Early Luteal,8.3,5,4,3,2,0.0,177.9,132.8,71.0
Follicular,6.1,3,2,3,2,1.9,245.2,206.5,40.3
Follicular,9.5,5,4,4,2,0.0,156.5,256.5,79.8
Menstrual,6.6,4,3,3,1,1.4,0.0,0.0,49.3
Follicular,6.4,2,2,3,2,1.6,161.5,76.7,40.8
Late Luteal,7.2,3,2,2,1,0.8,74.5,174.5,47.0
Follicular,6.8,3,3,3,4,1.2,523.4,423.8,27.9
Follicular,6.8,3,3,4,2,1.2,136.3,32.0,51.2
Follicular,7.0,4,4,3,1,1.0,4.7,0.0,61.0
Menstrual,6.4,3,2,1,3,1.6,390.8,455.4,27.4
Early Luteal,8.6,5,4,3,2,0.0,117.4,201.5,75.3
Follicular,7.0,3,4,3,1,1.0,14.2,50.6,60.9
Menstrual,8.3,5,3,3,2,0.0,196.5,102.8,65.7
Late Luteal,5.7,3,2,1,2,2.3,341.6,386.7,30.2
Menstrual,8.2,4,3,3,2,0.0,109.6,168.1,60.2
Menstrual,5.9,4,4,4,1,2.1,110.3,148.2,52.3
Early Luteal,6.5,3,4,3,2,1.5,191.7,291.7,47.5
Menstrual,7.2,3,2,3,2,0.8,332.9,271.7,46.5
Follicular,6.8,4,4,3,1,1.2,95.4,195.4,66.5
Follicular,7.6,4,3,4,2,0.4,125.7,110.7,64.0
Early Luteal,8.1,4,2,3,5,0.0,760.4,698.0,35.3
Early Luteal,7.1,4,4,4,2,0.9,149.9,249.9,58.2
Late Luteal,5.8,3,3,1,2,2.2,95.7,91.5,32.3
Late Luteal,5.4,4,3,3,3,2.6,406.7,458.6,31.5
Early Luteal,6.4,3,2,2,2,1.6,106.2,69.9,40.3
Follicular,8.3,4,5,4,3,0.0,290.8,313.3,65.6
Late Luteal,8.3,4,3,2,2,0.0,122.2,90.8,56.6
Late Luteal,5.3,2,1,1,4,2.7,477.8,372.1,6.0
Menstrual,7.0,3,2,3,4,1.0,587.0,629.7,24.3
Follicular,7.0,3,4,3,1,1.0,114.3,0.0,56.5
Late Luteal,8.1,3,3,3,2,0.0,362.4,372.7,50.1
Early Luteal,7.2,4,3,2,2,0.8,194.8,259.2,61.9
Late Luteal,7.8,3,3,2,1,0.2,75.4,25.2,62.2
Late Luteal,8.0,4,3,1,2,0.0,260.8,232.9,57.0
Ovulation,7.0,3,3,3,3,1.0,430.6,479.0,46.3
Ovulation,8.4,4,4,3,2,0.0,96.9,146.4,78.3
Ovulation,7.0,3,2,3,3,1.0,351.3,304.1,40.0
Menstrual,5.2,2,1,2,2,2.8,230.3,132.6,19.7
Follicular,7.1,3,3,3,2,0.9,237.4,337.4,51.0
Menstrual,7.0,2,2,1,2,1.0,69.2,158.8,40.3
Late Luteal,6.6,3,3,2,2,1.4,133.5,116.3,42.8
Menstrual,4.9,2,3,2,2,3.1,226.2,164.6,23.6
Late Luteal,6.8,2,2,1,2,1.2,325.4,329.0,33.3
Follicular,8.1,4,4,3,3,0.0,318.1,285.2,57.2
Follicular,7.0,3,3,3,5,1.0,674.9,577.0,25.7
Menstrual,6.7,2,2,2,3,1.3,304.5,357.6,29.6
Late Luteal,4.8,2,1,2,4,3.2,668.6,618.7,0.0
Menstrual,6.6,2,2,2,4,1.4,580.6,457.1,14.6
Late Luteal,6.4,3,2,1,2,1.6,263.0,208.6,37.2
Early Luteal,6.3,3,4,4,2,1.7,86.4,65.5,54.0
Follicular,8.3,4,3,3,3,0.0,386.0,264.3,53.9
Follicular,6.9,4,4,4,2,1.1,178.9,166.3,60.6
Follicular,6.6,3,3,4,2,1.4,126.8,167.7,54.3
Early Luteal,7.4,3,2,3,2,0.6,134.3,234.3,54.6
Ovulation,7.8,4,3,3,2,0.2,129.6,59.8,67.0
Follicular,7.6,4,4,5,2,0.4,127.7,0.0,61.6
Late Luteal,6.1,3,3,2,1,1.9,56.4,80.8,46.0
Early Luteal,5.1,3,3,3,1,2.9,149.7,179.2,35.8
Early Luteal,6.4,3,3,3,4,1.6,433.4,434.8,25.0
Menstrual,6.7,3,3,2,2,1.3,120.7,182.3,48.5
Menstrual,6.2,4,3,3,1,1.8,30.1,0.0,50.4
Follicular,8.4,4,3,4,3,0.0,336.2,386.7,54.8
Late Luteal,7.4,3,3,2,1,0.6,111.5,183.8,56.7
Late Luteal,5.8,3,3,3,2,2.2,145.2,127.0,37.9
Early Luteal,7.5,4,3,3,2,0.5,197.1,203.6,55.5
Late Luteal,7.6,3,3,3,2,0.4,159.4,141.0,51.7
Late Luteal,6.6,1,2,2,3,1.4,421.6,521.6,19.1
Ovulation,8.2,5,4,5,1,0.0,145.8,167.7,76.4
Follicular,8.0,4,3,5,2,0.0,417.0,386.6,61.3
Late Luteal,8.1,4,3,3,3,0.0,360.1,254.3,51.3
Follicular,7.9,4,3,4,2,0.1,231.0,192.4,58.5
Ovulation,7.3,5,4,5,4,0.7,683.0,679.7,49.1
Follicular,5.1,3,4,4,1,2.9,34.5,11.5,44.8
Ovulation,7.5,5,4,4,4,0.5,483.1,409.4,52.8
Ovulation,7.5,5,4,5,2,0.5,167.6,0.0,77.4
Follicular,6.5,3,4,4,2,1.5,273.0,302.1,48.0
Early Luteal,6.0,2,2,3,2,2.0,242.9,323.9,28.6
Early Luteal,6.4,2,3,3,2,1.6,212.4,212.5,32.9
Menstrual,7.5,5,4,4,3,0.5,403.2,489.8,50.1
Follicular,7.1,4,4,4,1,0.9,100.3,168.9,69.1
Follicular,7.0,3,3,2,3,1.0,427.4,527.4,37.3
Late Luteal,6.7,3,3,2,1,1.3,98.1,56.6,48.9
Early Luteal,7.9,4,3,3,1,0.1,131.5,102.1,71.2
Early Luteal,3.8,3,3,3,1,4.2,69.1,73.6,32.8
Menstrual,7.0,3,2,2,2,1.0,188.6,102.8,47.7
Ovulation,7.3,4,5,4,2,0.7,196.7,170.4,62.4
Late Luteal,9.5,5,3,4,5,0.0,785.5,885.5,48.9
Late Luteal,5.5,3,2,1,2,2.5,116.6,88.0,35.4
Follicular,6.7,4,4,4,3,1.3,325.2,376.4,47.6
Early Luteal,8.4,4,4,4,1,0.0,105.4,29.1,70.6
Early Luteal,6.9,3,3,4,1,1.1,13.5,8.0,60.8
Menstrual,6.4,1,1,1,2,1.6,202.9,171.9,22.7
Follicular,5.4,3,3,3,2,2.6,133.9,210.5,38.2
Follicular,6.7,4,3,4,3,1.3,337.3,437.3,41.9
Follicular,7.5,3,2,3,4,0.5,467.4,415.7,36.0
Menstrual,5.7,3,2,2,2,2.3,294.8,236.3,27.9
Follicular,7.8,4,4,3,2,0.2,131.1,66.3,67.3
Late Luteal,5.9,2,3,2,1,2.1,34.7,0.0,44.9
Follicular,7.2,4,4,4,1,0.8,154.0,165.0,62.0
Late Luteal,6.3,2,2,3,4,1.7,570.8,537.1,14.2
Follicular,7.5,4,4,3,3,0.5,258.8,180.8,51.3
Early Luteal,6.3,4,4,4,3,1.7,306.3,406.3,40.5
Late Luteal,5.7,3,2,3,2,2.3,53.0,122.9,40.4
Follicular,8.3,4,4,2,1,0.0,147.3,235.9,71.7
Early Luteal,7.4,3,3,4,2,0.6,242.4,335.0,45.6
Early Luteal,4.7,1,3,3,1,3.3,10.5,0.0,26.1
Menstrual,5.4,2,2,2,2,2.6,17.6,10.2,26.3
Late Luteal,7.5,4,3,3,2,0.5,172.0,229.5,58.6
Early Luteal,6.7,2,2,2,2,1.3,223.7,177.6,40.6
Early Luteal,6.7,3,3,4,3,1.3,516.1,518.0,39.9
Follicular,5.9,2,3,2,4,2.1,536.5,494.6,13.4
Late Luteal,6.1,2,2,1,3,1.9,315.6,387.6,20.9
Follicular,6.6,3,3,3,3,1.4,330.9,354.1,40.1
Menstrual,7.1,3,3,3,2,0.9,166.1,141.5,44.4
Menstrual,4.9,3,1,4,5,3.1,800.0,793.6,0.0
Menstrual,7.2,3,3,2,2,0.8,171.0,271.0,52.1
Early Luteal,8.6,5,3,4,2,0.0,219.8,319.8,77.2
Follicular,7.1,5,4,4,2,0.9,153.7,70.9,61.8
Follicular,6.4,4,2,4,4,1.6,603.1,683.5,33.0
Follicular,8.2,5,5,4,2,0.0,123.2,132.9,75.5
Early Luteal,6.3,3,2,3,4,1.7,505.3,567.5,24.8
Menstrual,8.1,4,3,2,2,0.0,147.3,180.2,59.5
Follicular,8.4,4,5,5,1,0.0,93.4,80.3,76.7
Early Luteal,6.1,3,3,2,2,1.9,188.0,65.7,40.4
Late Luteal,8.1,4,4,3,2,0.0,182.0,126.3,65.9
Follicular,8.9,5,4,4,2,0.0,146.8,200.9,78.7
Follicular,7.7,3,3,3,4,0.3,612.4,700.8,37.1
Late Luteal,8.2,5,3,3,2,0.0,178.1,254.0,63.8
Follicular,7.5,5,4,4,2,0.5,221.9,291.0,65.8
Early Luteal,6.5,3,2,3,3,1.5,289.4,295.1,43.6
Late Luteal,5.2,3,3,3,1,2.8,29.0,129.0,38.9
Late Luteal,6.6,4,3,4,2,1.4,258.3,137.7,44.3
Ovulation,7.9,4,5,4,1,0.1,101.3,125.1,78.3
Follicular,5.6,3,4,4,2,2.4,89.8,189.8,41.3
Follicular,6.3,3,4,3,1,1.7,2.9,0.0,57.8
Early Luteal,8.4,4,2,3,2,0.0,134.2,176.7,63.8
Follicular,7.6,5,5,4,1,0.4,75.7,175.7,77.5
Ovulation,8.7,5,5,5,1,0.0,121.7,43.5,83.1
Ovulation,8.6,5,5,4,1,0.0,65.4,129.1,85.3
Follicular,5.3,4,1,2,3,2.7,309.9,344.4,34.1
Menstrual,5.6,3,2,2,4,2.4,642.3,621.4,14.8
Follicular,8.4,5,4,5,3,0.0,425.3,249.8,66.2
Follicular,7.0,3,3,4,2,1.0,229.1,197.6,47.8
Follicular,9.5,4,5,4,2,0.0,217.6,84.4,72.9
Ovulation,6.4,4,4,5,2,1.6,170.4,173.4,56.1
Follicular,6.7,2,4,3,2,1.3,203.5,266.2,46.6
Late Luteal,4.9,1,2,2,1,3.1,112.2,148.2,24.0
Follicular,7.4,5,4,4,3,0.6,277.6,254.6,66.3
Follicular,7.9,4,4,3,1,0.1,70.7,170.0,72.7
Early Luteal,6.2,3,3,3,2,1.8,198.1,45.8,46.4
Ovulation,7.2,4,3,5,3,0.8,330.7,367.2,52.1
Ovulation,6.2,3,3,3,2,1.8,206.9,211.8,44.9
Ovulation,6.5,4,2,2,5,1.5,800.0,608.6,29.5
Follicular,8.3,4,3,4,4,0.0,514.3,502.4,43.9
Late Luteal,7.7,3,2,3,3,0.3,436.6,453.1,39.9
Follicular,7.0,3,4,4,2,1.0,48.1,0.0,54.1
Early Luteal,7.8,4,4,4,2,0.2,279.9,358.1,59.5
Follicular,7.3,5,4,5,2,0.7,302.2,122.7,61.3
Follicular,6.8,3,4,4,1,1.2,68.2,150.6,51.1
Menstrual,6.9,2,2,2,3,1.1,317.8,361.6,31.2
Ovulation,6.0,3,4,4,1,2.0,62.9,0.0,56.8
Menstrual,6.9,3,2,2,2,1.1,136.4,157.5,35.7
Late Luteal,6.2,3,3,2,1,1.8,16.6,116.6,44.5
Follicular,8.3,4,4,4,1,0.0,145.3,213.1,76.1
Ovulation,7.1,4,5,5,1,0.9,77.9,160.6,70.4
Early Luteal,6.8,3,3,4,3,1.2,433.6,322.5,40.5
Follicular,5.5,3,2,3,5,2.5,800.0,849.7,6.1
Menstrual,7.9,5,2,3,3,0.1,315.1,296.3,56.2
Ovulation,4.8,2,2,3,3,3.2,383.4,352.8,12.4
Early Luteal,7.1,4,3,3,3,0.9,348.5,278.8,51.9
Ovulation,7.9,4,4,3,2,0.1,67.2,96.9,68.4
Follicular,6.0,4,3,3,2,2.0,99.6,113.5,51.5
Late Luteal,5.0,1,2,1,1,3.0,46.7,146.7,28.1
Late Luteal,6.9,3,3,3,2,1.1,199.3,212.6,41.4
Early Luteal,6.1,2,3,1,2,1.9,145.3,245.3,38.4
Early Luteal,7.0,3,3,4,2,1.0,108.5,208.5,48.4
Late Luteal,6.8,2,2,2,2,1.2,157.4,92.9,39.5
Late Luteal,4.6,2,3,2,1,3.4,35.3,135.3,29.8
Early Luteal,6.0,3,3,3,2,2.0,207.3,97.0,38.6
Ovulation,7.8,4,4,3,3,0.2,535.7,432.5,54.8
Late Luteal,6.4,2,2,1,3,1.6,371.8,375.5,27.8
Early Luteal,6.9,3,3,3,2,1.1,110.6,210.6,54.4
Follicular,8.7,4,4,4,2,0.0,321.1,143.3,70.6
Early Luteal,6.4,3,2,2,4,1.6,511.5,611.5,30.0
Ovulation,8.4,4,4,4,2,0.0,194.2,294.2,67.2
Menstrual,5.8,3,2,2,2,2.2,141.7,71.3,36.7
Menstrual,6.2,3,2,2,3,1.8,331.6,431.6,24.2
Menstrual,6.3,2,3,1,1,1.7,125.8,225.8,38.2
Ovulation,7.2,4,4,4,1,0.8,85.6,185.6,71.5
Late Luteal,7.3,4,3,4,1,0.7,50.7,0.0,65.6
Menstrual,5.9,2,2,2,2,2.1,258.0,326.2,25.1
Ovulation,7.8,4,4,3,2,0.2,266.9,168.3,64.3
Ovulation,5.0,1,3,3,2,3.0,137.1,100.4,29.7
Menstrual,7.1,4,4,4,3,0.9,325.1,348.3,44.4
Late Luteal,5.9,3,2,3,2,2.1,305.8,405.8,33.5
Follicular,7.9,4,4,3,1,0.1,93.3,119.3,72.2
Early Luteal,7.7,5,4,4,2,0.3,284.2,195.6,66.7
Menstrual,5.6,3,3,2,2,2.4,116.0,46.6,35.0
Menstrual,6.5,4,3,3,4,1.5,667.0,730.4,26.7
Late Luteal,6.3,3,2,2,2,1.7,171.9,46.2,42.6
Early Luteal,7.9,4,3,3,4,0.1,678.5,702.2,43.6
Follicular,7.6,5,4,4,2,0.4,113.1,213.1,67.3
Late Luteal,6.2,2,2,3,2,1.8,145.9,211.7,37.7
Follicular,7.6,5,5,5,3,0.4,325.6,386.5,60.0
Menstrual,5.1,2,3,3,2,2.9,160.0,243.4,29.6
Late Luteal,6.1,3,2,2,1,1.9,42.8,105.7,49.9
Follicular,8.3,5,5,5,2,0.0,351.3,113.7,75.7
Ovulation,6.6,5,4,4,2,1.4,198.6,179.8,62.6
Early Luteal,6.2,2,2,2,4,1.8,515.2,331.9,18.4
Early Luteal,7.4,3,4,4,1,0.6,116.2,163.7,63.0
Late Luteal,6.4,4,3,3,1,1.6,43.4,143.4,50.8
Late Luteal,7.3,5,4,3,1,0.7,72.5,22.8,72.6
Ovulation,4.9,3,3,3,2,3.1,173.5,126.1,39.5
Ovulation,7.9,3,3,3,2,0.1,139.3,117.7,61.4
Ovulation,7.2,5,4,5,2,0.8,84.0,125.8,76.2
Menstrual,5.2,2,2,2,2,2.8,77.7,8.7,23.5
Late Luteal,6.1,2,2,2,1,1.9,22.3,33.1,38.6
Late Luteal,6.8,2,2,2,3,1.2,486.3,530.0,25.2
Menstrual,6.5,3,2,3,2,1.5,96.2,18.5,45.7
Menstrual,5.5,3,3,2,1,2.5,23.2,0.0,45.8
Early Luteal,7.2,4,3,3,2,0.8,119.6,159.5,56.7
Late Luteal,6.0,4,3,3,2,2.0,158.6,207.6,39.8
Late Luteal,7.7,4,3,3,3,0.3,345.7,364.9,52.2
Late Luteal,6.8,2,2,2,2,1.2,114.1,13.8,35.1
Early Luteal,6.1,3,3,3,3,1.9,225.6,170.8,34.0
Ovulation,7.7,4,4,4,1,0.3,129.2,105.6,76.6
Late Luteal,7.5,4,3,3,2,0.5,325.2,301.7,54.1
Late Luteal,5.8,1,2,2,2,2.2,130.1,55.5,26.0
Menstrual,8.2,4,3,3,2,0.0,206.7,48.3,58.2
Follicular,7.4,5,3,4,4,0.6,500.1,473.9,52.8
Early Luteal,6.3,4,4,3,2,1.7,106.5,114.6,51.6
Late Luteal,6.9,3,2,2,3,1.1,406.7,393.0,30.4
Early Luteal,5.5,3,2,3,2,2.5,192.4,102.1,38.9
Menstrual,5.8,2,2,1,2,2.2,240.5,340.5,24.8
Early Luteal,5.9,4,2,2,2,2.1,117.6,123.6,46.0
Menstrual,8.0,3,4,3,1,0.0,85.7,49.3,59.3
Early Luteal,8.1,4,4,4,3,0.0,587.8,583.6,51.3
Late Luteal,7.8,3,2,2,5,0.2,800.0,748.8,25.3
Ovulation,7.4,5,4,5,2,0.6,346.2,235.6,69.3
Early Luteal,6.2,3,4,3,1,1.8,82.0,0.0,50.6
Late Luteal,6.9,2,3,2,1,1.1,28.6,44.7,40.1
Menstrual,7.0,3,2,1,3,1.0,551.2,528.2,31.0
Early Luteal,7.4,5,4,4,1,0.6,100.1,200.1,71.9
Follicular,6.4,2,3,4,3,1.6,282.5,239.0,35.0
Late Luteal,5.9,3,2,1,2,2.1,142.7,102.2,39.9
Menstrual,6.6,3,3,3,2,1.4,120.3,140.5,42.7
Follicular,9.1,5,4,3,4,0.0,743.3,758.1,57.6
Early Luteal,7.3,4,2,2,5,0.7,703.0,567.2,33.1
Early Luteal,5.9,2,2,3,3,2.1,313.7,310.0,26.6
Late Luteal,5.2,3,3,2,2,2.8,162.5,176.6,23.6
Ovulation,7.2,4,4,4,2,0.8,148.6,133.3,62.6
Follicular,8.0,4,3,4,5,0.0,770.5,870.5,40.0
Follicular,8.4,5,5,4,3,0.0,475.5,444.0,64.4
Early Luteal,6.6,2,3,3,1,1.4,118.4,110.9,49.9
Follicular,7.3,4,4,4,3,0.7,429.3,426.5,46.3
Late Luteal,7.4,4,2,2,1,0.6,104.6,15.7,62.2
Follicular,7.2,5,4,5,2,0.8,278.7,189.1,63.0
Late Luteal,8.5,5,4,3,1,0.0,118.8,9.2,78.4
Follicular,8.0,4,4,5,2,0.0,249.6,265.8,65.2
Follicular,6.4,4,4,4,1,1.6,57.3,83.6,63.5
Follicular,9.2,4,4,4,2,0.0,141.0,204.4,71.5
Follicular,8.0,4,3,2,2,0.0,119.9,65.3,62.4
Early Luteal,5.8,3,2,3,3,2.2,356.1,419.0,32.6
Follicular,8.7,5,4,4,3,0.0,309.9,294.1,65.3
Early Luteal,7.0,3,2,2,3,1.0,283.1,365.5,41.7
Follicular,6.7,3,2,3,3,1.3,381.9,381.2,32.7
Early Luteal,6.5,3,2,3,4,1.5,537.4,598.1,27.0
Menstrual,7.0,3,3,3,2,1.0,112.7,212.7,43.0
Late Luteal,6.0,2,2,2,1,2.0,68.4,0.0,39.0
Follicular,7.8,4,5,5,1,0.2,59.7,69.7,71.0
Follicular,8.5,5,4,4,1,0.0,66.6,148.4,86.3
Follicular,8.0,5,3,4,4,0.0,674.2,655.2,52.8
Ovulation,7.3,4,3,4,1,0.7,83.5,0.0,67.0
Late Luteal,4.7,1,1,2,2,3.3,217.5,64.5,7.9
Early Luteal,8.2,4,4,2,2,0.0,160.9,142.1,63.7
Menstrual,6.1,3,2,3,2,1.9,183.6,122.0,37.1
Menstrual,6.1,4,3,3,2,1.9,223.8,142.9,48.4
Late Luteal,6.6,3,2,2,2,1.4,164.5,163.0,42.6
Late Luteal,6.3,3,2,2,2,1.7,190.2,198.5,40.7
Follicular,6.6,4,4,4,1,1.4,151.9,101.4,61.8
Menstrual,6.8,2,2,2,5,1.2,673.9,600.9,12.8
Late Luteal,6.9,2,1,2,4,1.1,616.7,592.8,20.7
Late Luteal,6.3,2,3,2,1,1.7,34.7,71.9,41.7
Follicular,7.4,5,3,4,5,0.6,800.0,743.2,38.6
Ovulation,7.8,4,4,4,3,0.2,351.3,378.4,67.6
Follicular,6.5,3,3,4,2,1.5,171.4,123.6,48.3
Follicular,8.7,5,4,5,2,0.0,251.4,257.0,70.0
Ovulation,7.5,4,4,4,2,0.5,225.9,264.2,61.9
Follicular,6.2,4,2,2,4,1.8,679.1,779.1,28.8
Early Luteal,7.0,1,2,3,2,1.0,122.3,0.0,40.4
Ovulation,6.1,2,3,4,2,1.9,232.1,332.1,38.1
Ovulation,5.6,3,4,3,2,2.4,128.5,202.3,45.0
Late Luteal,6.7,3,2,3,1,1.3,140.7,150.5,47.2
Menstrual,6.8,3,2,3,3,1.2,236.0,163.0,35.0
Late Luteal,7.5,4,3,3,1,0.5,223.3,323.3,60.2
Late Luteal,6.4,4,3,3,2,1.6,127.2,227.2,47.6
Late Luteal,5.9,2,2,2,3,2.1,334.6,362.2,16.7
Follicular,7.0,2,3,3,2,1.0,264.3,305.4,41.7
Follicular,7.0,3,3,3,3,1.0,434.0,374.5,35.4
Follicular,7.7,4,3,2,2,0.3,133.2,182.3,56.9
Menstrual,6.1,2,2,2,2,1.9,210.8,192.0,30.1
Follicular,7.1,4,4,4,1,0.9,61.9,0.0,69.6
Early Luteal,6.1,3,2,4,2,1.9,264.4,220.0,38.0
Follicular,7.3,4,3,3,2,0.7,123.3,166.5,63.5
Menstrual,8.2,4,2,2,3,0.0,262.5,362.5,50.7
Late Luteal,6.8,4,3,2,2,1.2,141.3,52.3,46.9
Follicular,6.2,4,4,3,2,1.8,164.9,253.9,55.3
Late Luteal,5.5,3,3,2,1,2.5,86.4,88.0,35.3
Late Luteal,5.4,2,1,2,3,2.6,262.7,155.3,16.5
Follicular,8.3,5,4,4,2,0.0,273.2,342.8,70.0
Menstrual,7.0,3,3,2,3,1.0,472.2,476.8,30.2
Ovulation,6.6,3,3,4,2,1.4,69.0,42.3,52.9
Follicular,8.1,5,4,4,3,0.0,454.6,464.7,66.1
Late Luteal,7.0,2,3,2,2,1.0,295.0,316.9,34.4
Menstrual,7.7,4,3,3,3,0.3,354.5,343.2,47.9
Menstrual,5.5,3,2,2,2,2.5,88.5,33.5,32.4
Early Luteal,9.4,5,4,4,1,0.0,130.2,230.2,84.2
Follicular,7.7,4,4,3,2,0.3,135.9,120.9,72.8
Menstrual,7.6,3,3,3,1,0.4,148.1,24.1,59.6
Late Luteal,7.7,4,4,3,2,0.3,192.6,133.5,58.4
Late Luteal,6.2,2,2,2,3,1.8,254.7,259.3,26.9
Follicular,6.6,3,4,3,2,1.4,270.7,370.7,43.5
Menstrual,5.8,2,1,2,2,2.2,121.4,218.5,28.7
Follicular,7.8,4,4,3,2,0.2,166.9,49.0,66.3
Early Luteal,5.2,4,4,4,2,2.8,127.6,63.1,49.4
Late Luteal,5.8,2,2,2,2,2.2,254.1,297.5,25.6
Menstrual,7.3,3,4,3,1,0.7,94.4,78.6,55.5
Menstrual,5.6,2,1,1,2,2.4,58.6,94.8,25.7
Follicular,7.7,3,3,4,1,0.3,81.2,12.2,63.6
Ovulation,6.5,3,3,4,4,1.5,458.7,477.2,31.6
Menstrual,6.2,3,2,2,3,1.8,474.5,516.6,27.4
Follicular,6.7,3,3,3,4,1.3,584.0,684.0,27.1
Late Luteal,6.9,3,3,3,2,1.1,259.9,232.7,42.1
Early Luteal,5.1,3,2,2,4,2.9,582.5,455.9,15.4
Follicular,7.4,4,2,3,2,0.6,143.5,243.5,60.1
Early Luteal,7.5,4,2,3,3,0.5,395.3,426.4,52.9
Follicular,6.8,3,4,4,1,1.2,74.1,115.0,53.0
Early Luteal,6.8,4,4,4,1,1.2,9.4,19.3,61.9
Follicular,6.3,4,4,5,2,1.7,171.1,214.7,51.7
Late Luteal,6.2,3,3,3,1,1.8,88.8,70.9,47.9
Follicular,7.1,4,3,4,2,0.9,207.7,175.2,55.7
Late Luteal,5.8,2,2,2,3,2.2,391.0,321.1,16.9
Late Luteal,6.5,3,3,3,2,1.5,182.2,249.9,45.0
Late Luteal,6.7,3,3,2,3,1.3,291.8,379.2,35.7
Late Luteal,6.0,2,2,2,1,2.0,201.1,269.9,39.1
Late Luteal,7.8,4,3,3,1,0.2,47.1,9.7,66.9
Menstrual,6.3,2,2,2,2,1.7,338.9,220.7,25.8
Early Luteal,7.2,5,3,3,4,0.8,526.5,508.6,44.0
Late Luteal,4.9,2,2,2,2,3.1,178.2,214.8,21.9
Follicular,4.7,2,3,3,1,3.3,109.7,143.2,36.7
Menstrual,5.8,2,3,2,2,2.2,135.0,20.2,33.5
Follicular,7.2,5,4,4,2,0.8,376.7,439.3,59.6
Follicular,6.5,3,4,4,2,1.5,116.5,216.5,52.8
Follicular,6.6,3,3,3,3,1.4,394.8,263.6,43.7
Early Luteal,6.7,3,3,3,1,1.3,46.5,0.0,54.0
Menstrual,7.9,5,3,2,2,0.1,310.9,285.0,62.3
Follicular,8.2,4,3,4,2,0.0,146.2,229.2,65.1
Follicular,8.7,5,4,5,2,0.0,218.3,268.5,78.9
Late Luteal,7.4,4,3,3,2,0.6,268.3,175.1,53.2
Follicular,7.1,5,3,3,2,0.9,337.1,159.0,62.8
Early Luteal,7.6,5,3,4,3,0.4,399.2,342.0,57.1
Follicular,7.0,3,3,3,2,1.0,71.6,66.7,53.6
Follicular,8.7,5,3,3,3,0.0,428.5,510.6,62.7
Early Luteal,7.0,3,3,2,3,1.0,373.7,427.5,41.2
Follicular,8.8,5,3,3,3,0.0,256.7,235.3,67.4
Ovulation,7.3,5,4,4,2,0.7,98.3,26.2,72.5
Follicular,5.9,4,3,4,3,2.1,236.0,254.5,38.8
Late Luteal,5.3,3,3,3,1,2.7,41.9,0.0,43.5
Follicular,8.7,5,4,5,2,0.0,161.3,259.4,81.2
Menstrual,7.1,4,2,2,2,0.9,185.3,91.7,54.8
Follicular,7.4,5,4,3,2,0.6,99.8,16.5,66.8
Late Luteal,7.0,3,2,1,3,1.0,299.5,385.7,32.4
Early Luteal,6.1,4,2,3,1,1.9,182.7,282.7,56.5
Ovulation,8.3,4,5,5,2,0.0,36.9,0.0,71.9
Follicular,8.4,4,4,3,1,0.0,105.6,110.9,77.0
Follicular,7.6,4,3,3,3,0.4,423.9,461.8,55.3
Follicular,7.2,4,4,5,1,0.8,33.4,14.1,69.8
Menstrual,6.5,3,3,2,3,1.5,324.4,222.9,35.5
Late Luteal,6.2,3,2,1,2,1.8,253.7,149.8,37.6
Early Luteal,6.2,4,2,2,4,1.8,672.8,686.4,30.1
Early Luteal,6.7,3,3,3,2,1.3,181.6,154.2,50.8
Follicular,6.0,3,3,4,1,2.0,31.3,19.6,54.5
Late Luteal,7.1,3,4,4,2,0.9,315.5,126.2,41.7
Late Luteal,6.1,2,3,3,2,1.9,306.5,297.4,32.5
Follicular,5.5,3,2,1,5,2.5,800.0,900.0,16.4
Menstrual,6.6,3,2,2,1,1.4,95.1,119.6,44.4
Menstrual,7.1,4,3,3,1,0.9,3.9,103.9,64.7
Early Luteal,7.4,3,3,3,2,0.6,279.9,379.9,51.8
Follicular,8.2,4,3,3,3,0.0,261.1,255.7,59.5
Early Luteal,5.4,4,3,3,2,2.6,223.5,201.3,40.7
Late Luteal,6.4,2,1,1,4,1.6,461.7,480.5,9.6
Follicular,6.2,2,2,4,3,1.8,492.2,489.5,24.3
Follicular,8.8,5,4,4,1,0.0,163.6,67.7,83.7
Early Luteal,5.6,3,4,4,2,2.4,79.6,127.0,46.8
Follicular,7.5,5,5,4,2,0.5,184.0,90.2,74.6
Follicular,5.5,4,4,4,3,2.5,554.0,555.9,32.1
Follicular,7.8,5,4,4,3,0.2,352.2,452.2,56.1
Early Luteal,7.8,3,3,3,2,0.2,141.6,0.0,61.3
Late Luteal,7.1,4,3,1,2,0.9,371.2,302.1,51.9
Ovulation,6.8,3,3,4,3,1.2,451.6,378.0,35.7
Menstrual,7.2,4,2,2,1,0.8,177.7,158.4,58.7
Ovulation,7.4,5,4,5,1,0.6,131.1,86.1,66.7
Follicular,7.1,3,2,3,4,0.9,609.3,577.0,29.3
Ovulation,7.6,4,4,4,1,0.4,50.8,117.3,71.3
Ovulation,7.7,5,5,5,1,0.3,48.2,0.0,90.2
Follicular,7.2,3,3,2,2,0.8,165.8,129.3,53.4
Follicular,5.8,3,3,4,2,2.2,317.2,417.2,38.6
Follicular,6.9,2,3,3,1,1.1,51.7,0.0,50.3
Follicular,7.5,4,4,4,2,0.5,229.6,175.3,63.4
Menstrual,6.6,3,2,2,2,1.4,203.2,276.2,44.6
Early Luteal,5.7,2,2,3,3,2.3,435.3,314.8,19.9
Early Luteal,7.1,4,3,4,1,0.9,128.6,210.4,65.0
Early Luteal,7.0,3,3,4,2,1.0,210.2,310.2,49.4
Late Luteal,5.3,3,2,2,2,2.7,199.5,210.1,30.3
Follicular,7.4,4,4,4,1,0.6,12.6,23.0,65.3
Ovulation,5.9,2,2,3,3,2.1,312.9,288.5,29.8
Late Luteal,5.4,2,2,2,1,2.6,172.8,272.8,31.7
Follicular,8.1,4,4,4,2,0.0,287.7,325.4,61.8
Menstrual,5.8,4,3,2,2,2.2,150.8,182.2,42.0
Early Luteal,8.6,5,3,4,5,0.0,768.1,868.1,44.2
Follicular,7.1,4,3,3,4,0.9,473.1,462.7,44.5
Late Luteal,8.2,4,3,3,3,0.0,287.1,249.6,53.4
Early Luteal,7.1,4,3,3,2,0.9,142.2,117.6,56.7
Ovulation,6.1,2,3,3,2,1.9,271.2,238.6,36.2
Late Luteal,5.2,2,2,3,3,2.8,420.0,465.3,14.6
Late Luteal,7.2,4,3,3,2,0.8,231.6,157.6,52.8
Follicular,6.3,3,3,4,4,1.7,536.7,621.1,28.7
Early Luteal,7.6,5,4,4,2,0.4,313.4,344.7,57.1
Follicular,7.3,4,3,4,2,0.7,209.4,233.3,58.8
Menstrual,5.4,4,3,4,1,2.6,47.7,22.2,45.9
Late Luteal,6.8,2,3,3,2,1.2,124.2,19.1,40.7
Early Luteal,5.2,3,3,3,3,2.8,306.5,355.4,28.0
Follicular,6.8,4,4,3,1,1.2,55.5,51.2,68.6
Early Luteal,6.7,4,2,3,2,1.3,125.7,0.0,50.0
Ovulation,6.6,3,3,4,3,1.4,276.1,124.4,41.5
Follicular,7.8,4,3,2,3,0.2,389.4,489.4,51.3
Late Luteal,6.3,2,2,2,3,1.7,339.3,387.5,21.0
Follicular,8.3,4,5,5,1,0.0,26.8,4.3,79.2
Ovulation,8.0,4,3,4,2,0.0,191.8,200.8,68.4
Late Luteal,5.6,3,2,1,3,2.4,452.9,552.9,24.0
Follicular,7.9,5,4,4,4,0.1,556.2,656.2,53.1
Follicular,6.3,3,4,4,2,1.7,151.5,67.3,43.9
Menstrual,8.3,3,3,3,3,0.0,476.9,474.1,47.8
Late Luteal,6.3,3,2,3,1,1.7,120.3,18.9,46.3
Late Luteal,7.2,4,2,2,4,0.8,602.4,668.9,34.7
Menstrual,6.0,3,3,2,3,2.0,405.7,351.4,25.8
Follicular,7.5,5,4,4,1,0.5,105.4,128.8,77.6
Menstrual,5.7,2,2,2,3,2.3,289.6,315.1,19.2
Menstrual,5.3,3,2,2,4,2.7,613.0,511.7,12.5
Early Luteal,5.9,2,2,2,5,2.1,735.5,830.4,6.7
Late Luteal,6.6,4,3,2,1,1.4,86.6,60.5,59.8
Late Luteal,6.9,2,3,2,2,1.1,171.2,217.4,42.1
Early Luteal,6.2,3,3,2,1,1.8,34.2,134.2,53.6
Menstrual,5.7,2,2,2,2,2.3,88.1,188.1,28.8
Follicular,6.9,4,3,3,2,1.1,213.3,180.4,51.6
Early Luteal,5.2,2,2,2,2,2.8,223.6,323.6,25.0
Menstrual,6.4,4,3,3,3,1.6,307.9,297.1,37.8
Ovulation,7.4,4,3,3,3,0.6,461.2,532.1,49.2
Follicular,6.6,3,3,3,4,1.4,437.1,496.0,32.0
Late Luteal,6.0,1,1,2,2,2.0,131.3,71.2,26.6
Follicular,7.5,5,5,5,2,0.5,227.8,327.8,69.1
Late Luteal,6.0,2,2,2,1,2.0,39.9,45.1,38.9
Early Luteal,7.4,4,3,4,1,0.6,128.9,115.2,65.1
Follicular,7.9,5,4,4,1,0.1,58.2,158.2,75.4
Follicular,8.7,5,3,4,2,0.0,247.0,347.0,71.3
Menstrual,7.2,4,3,3,1,0.8,18.7,0.0,55.1
Early Luteal,7.8,4,4,3,2,0.2,269.4,263.0,55.0
Follicular,8.6,5,4,4,2,0.0,117.4,21.5,74.7
Menstrual,6.1,3,1,2,3,1.9,322.4,308.9,27.2
Ovulation,6.2,3,4,4,2,1.8,240.8,254.1,44.5
Late Luteal,6.3,3,3,2,4,1.7,454.3,348.6,25.7
Menstrual,7.1,4,3,3,2,0.9,348.9,355.6,50.0
Early Luteal,7.5,3,3,4,2,0.5,217.0,309.9,48.7
Follicular,8.3,4,5,5,1,0.0,102.9,115.8,76.3
Late Luteal,5.2,3,3,2,1,2.8,133.0,0.0,40.0
Late Luteal,6.1,4,3,3,2,1.9,94.5,82.1,48.6
Follicular,7.2,4,3,4,2,0.8,309.0,367.0,57.2
Follicular,5.9,4,3,2,4,2.1,680.4,780.4,24.4
Menstrual,6.4,3,2,3,2,1.6,171.4,239.4,38.9
Follicular,7.3,4,3,4,5,0.7,761.0,753.7,33.5
Early Luteal,5.7,2,3,4,2,2.3,101.0,0.0,31.6
Follicular,8.6,4,3,3,2,0.0,229.8,163.6,62.7
Early Luteal,8.0,4,3,3,4,0.0,603.3,607.4,42.9
Follicular,7.9,4,3,3,3,0.1,304.7,284.9,49.4
Follicular,6.0,3,4,5,1,2.0,73.2,82.9,55.9
Late Luteal,7.9,4,3,2,4,0.1,523.2,565.7,41.7
Ovulation,6.2,3,3,3,4,1.8,568.8,647.2,29.3
Late Luteal,4.9,1,1,1,3,3.1,298.7,290.5,6.4
Follicular,5.6,4,3,3,3,2.4,537.8,576.5,34.2
Follicular,7.7,5,3,3,2,0.3,63.9,163.9,73.2
Ovulation,7.0,3,4,4,2,1.0,184.3,263.3,54.4
Early Luteal,8.8,3,3,3,3,0.0,480.4,451.4,51.6
Menstrual,8.2,3,3,1,3,0.0,341.5,416.6,48.1
Early Luteal,4.7,2,3,3,1,3.3,181.9,271.5,29.2
Follicular,7.8,4,4,4,1,0.2,77.4,177.4,72.4
Follicular,8.3,5,4,4,2,0.0,155.9,245.3,72.2
Early Luteal,8.0,4,4,3,3,0.0,396.9,284.1,52.9
Ovulation,6.5,3,4,4,1,1.5,46.9,58.3,60.4
Ovulation,7.7,5,4,4,3,0.3,351.3,242.8,66.1
Menstrual,6.5,3,3,3,1,1.5,41.7,56.1,47.1
Late Luteal,6.3,2,2,2,1,1.7,39.7,0.0,42.5
Late Luteal,8.5,4,2,2,3,0.0,364.9,341.1,50.7
Menstrual,7.3,3,3,2,2,0.7,131.3,67.5,45.0
Follicular,5.0,1,3,3,2,3.0,235.7,247.9,21.6
Late Luteal,7.3,4,4,3,1,0.7,125.2,102.4,58.4
Late Luteal,6.4,3,2,2,4,1.6,381.2,457.5,22.4
Early Luteal,6.4,3,3,3,2,1.6,108.1,155.4,43.5
Late Luteal,5.9,3,3,2,2,2.1,105.3,18.4,41.8
Early Luteal,8.4,4,3,4,1,0.0,67.5,0.0,71.1
Follicular,8.7,5,5,4,2,0.0,204.4,233.6,78.4
Follicular,6.9,3,3,2,1,1.1,140.0,0.0,54.2
Follicular,8.1,5,4,5,2,0.0,287.6,310.7,73.8
Ovulation,5.7,4,4,3,3,2.3,474.5,461.1,39.4
Follicular,6.2,2,3,4,2,1.8,84.4,87.0,44.3
Late Luteal,7.6,5,3,3,3,0.4,343.6,441.7,52.3
Early Luteal,6.6,3,3,2,1,1.4,54.1,15.7,51.4
Early Luteal,6.2,3,3,4,1,1.8,113.3,75.6,45.1
Menstrual,5.2,3,3,3,1,2.8,10.9,34.8,36.3
Ovulation,6.9,3,4,3,2,1.1,97.8,197.8,56.2
Menstrual,5.9,2,2,2,3,2.1,496.7,542.3,20.7
Late Luteal,7.5,3,2,2,3,0.5,331.9,396.2,38.3
Early Luteal,8.4,5,4,3,2,0.0,295.1,345.2,66.9
Follicular,7.2,3,4,3,4,0.8,627.3,479.2,31.4
Late Luteal,7.3,5,3,4,2,0.7,59.8,124.8,61.5
Follicular,7.7,5,3,4,2,0.3,180.2,236.8,68.6
Late Luteal,6.0,2,2,2,2,2.0,110.3,94.6,34.1
Ovulation,8.4,4,5,5,2,0.0,245.1,345.1,73.1
Ovulation,8.0,4,4,4,1,0.0,125.1,225.1,70.7
Ovulation,7.3,5,4,4,2,0.7,205.4,215.5,67.5
Follicular,5.9,4,3,2,2,2.1,146.9,136.8,50.4
Menstrual,6.7,4,4,3,2,1.3,100.3,200.3,48.6
Late Luteal,7.0,3,3,3,2,1.0,177.5,135.6,38.6
Follicular,6.4,5,3,4,4,1.6,578.9,621.1,41.2
Early Luteal,8.4,4,4,3,3,0.0,570.0,670.0,53.5
Menstrual,4.0,1,1,1,2,4.0,180.8,280.8,4.1
Follicular,7.4,3,4,3,1,0.6,86.7,95.2,60.5
Follicular,6.3,3,4,4,3,1.7,495.2,439.5,38.1
Follicular,6.6,4,3,3,1,1.4,27.7,86.0,67.9
Follicular,7.9,4,3,3,3,0.1,461.7,553.6,55.4
Early Luteal,8.7,5,4,4,2,0.0,12.8,73.9,76.6
Early Luteal,7.8,4,3,3,1,0.2,56.3,6.9,73.3
Early Luteal,7.6,4,3,2,3,0.4,380.4,448.4,56.4
Late Luteal,7.4,3,3,3,5,0.6,800.0,729.4,23.3
Follicular,6.4,3,4,4,2,1.6,135.1,130.6,53.3
Early Luteal,7.7,4,3,3,3,0.3,327.6,421.4,53.3
Early Luteal,7.0,3,4,4,2,1.0,46.0,33.9,61.3
Follicular,6.2,4,4,4,3,1.8,429.0,326.2,37.9
Late Luteal,5.5,2,3,3,2,2.5,70.6,160.9,34.0
Late Luteal,5.9,3,2,3,1,2.1,26.7,82.8,45.5
Follicular,9.5,5,4,3,2,0.0,143.1,135.9,83.4
Follicular,7.2,4,4,3,2,0.8,119.1,63.8,62.7
Menstrual,6.2,2,3,2,2,1.8,178.0,169.9,31.1
Follicular,7.4,4,4,4,1,0.6,92.0,0.0,71.9
Early Luteal,6.3,3,3,3,1,1.7,110.8,129.6,53.2
Early Luteal,7.3,3,3,5,2,0.7,86.0,92.1,57.7
Follicular,7.3,3,3,4,1,0.7,38.7,17.3,61.1
Follicular,7.1,3,4,4,3,0.9,459.5,438.6,43.1
Follicular,7.9,4,4,4,2,0.1,147.4,204.4,69.3
Ovulation,5.6,4,3,4,2,2.4,103.5,176.6,52.2
Late Luteal,5.5,2,3,2,1,2.5,104.1,177.6,30.4
Late Luteal,5.6,3,2,2,3,2.4,407.7,477.4,27.0
Follicular,7.9,4,3,3,3,0.1,399.5,414.4,54.6
Follicular,7.4,4,3,4,2,0.6,291.1,317.6,55.9
Early Luteal,6.8,3,3,3,1,1.2,40.8,0.0,50.4
Late Luteal,6.5,3,3,2,1,1.5,88.4,163.9,44.8
Menstrual,7.5,4,3,3,4,0.5,426.7,463.0,39.3
Follicular,7.5,5,4,5,2,0.5,105.4,131.6,64.9
Ovulation,8.1,3,4,3,2,0.0,79.9,117.9,67.3
Follicular,6.9,3,4,4,3,1.1,328.7,304.6,40.7
Menstrual,6.7,1,1,2,3,1.3,280.5,380.5,20.3
Follicular,5.8,4,4,4,1,2.2,60.8,110.8,53.9
Follicular,7.6,4,4,4,3,0.4,446.5,377.9,56.3
Early Luteal,6.6,3,2,2,2,1.4,186.1,167.4,43.8
Menstrual,6.4,3,3,3,3,1.6,358.5,326.9,35.3
Follicular,6.2,3,2,1,2,1.8,184.7,201.5,41.7
Early Luteal,6.7,3,3,3,1,1.3,24.7,0.0,49.9
Follicular,7.6,4,4,4,1,0.4,25.2,75.9,74.4
Late Luteal,7.2,4,3,3,3,0.8,302.7,398.1,42.8
Follicular,6.8,4,4,5,2,1.2,139.7,104.2,59.5
Menstrual,6.3,3,3,3,1,1.7,41.7,120.5,49.3
Follicular,7.0,5,4,4,2,1.0,259.7,295.3,62.7
Follicular,6.1,2,3,3,2,1.9,352.5,452.5,36.4
Follicular,6.6,4,3,3,3,1.4,330.1,278.1,43.5
Early Luteal,7.1,4,2,3,2,0.9,290.8,333.0,49.3
Follicular,5.3,4,3,4,1,2.7,6.4,0.0,53.6
Early Luteal,8.1,5,4,5,2,0.0,149.6,249.6,72.7
Ovulation,7.1,4,2,4,3,0.9,345.8,232.4,51.3
Early Luteal,5.6,3,2,3,5,2.4,800.0,803.3,12.9
Early Luteal,4.8,2,3,2,1,3.2,63.4,0.0,31.8
Late Luteal,7.2,4,3,2,3,0.8,373.8,313.1,42.7
Ovulation,6.5,2,3,3,2,1.5,154.2,51.2,44.9
Follicular,8.0,5,3,4,2,0.0,234.7,205.3,67.2
Late Luteal,7.2,4,3,3,1,0.8,68.6,91.8,60.5
Late Luteal,6.0,2,2,1,3,2.0,313.4,237.0,27.5
Late Luteal,6.7,4,2,3,2,1.3,134.1,124.9,50.7
Follicular,7.4,3,3,2,2,0.6,311.4,301.8,48.8
Follicular,7.8,3,3,2,3,0.2,287.7,301.5,49.4
Menstrual,6.1,2,2,2,1,1.9,1.9,7.6,38.9
Ovulation,5.0,2,3,3,2,3.0,200.6,189.9,29.6
Follicular,6.3,4,3,2,2,1.7,224.3,0.0,51.6
Follicular,6.4,3,3,4,3,1.6,234.9,175.9,41.9
Menstrual,7.5,3,2,2,1,0.5,19.3,0.0,51.9
Late Luteal,7.9,4,2,3,1,0.1,23.3,0.0,63.6
Follicular,8.3,5,4,3,1,0.0,22.9,40.8,80.1
Follicular,8.0,3,3,4,2,0.0,224.8,237.6,58.0
Late Luteal,6.6,3,3,4,1,1.4,67.5,155.8,55.1
Early Luteal,5.2,2,3,2,3,2.8,413.2,404.0,24.2
Early Luteal,5.3,2,1,1,4,2.7,548.9,518.8,9.9
Menstrual,7.4,4,4,3,2,0.6,339.2,309.5,52.9
Late Luteal,6.1,3,2,3,2,1.9,144.8,120.8,36.9
Menstrual,5.8,2,2,2,2,2.2,131.8,68.9,25.0
Follicular,5.8,4,4,3,1,2.2,58.5,0.0,53.5
Late Luteal,5.0,2,3,3,1,3.0,114.5,13.2,29.0
Early Luteal,8.0,3,4,4,2,0.0,260.4,305.7,59.5
Menstrual,5.3,4,3,3,2,2.7,145.7,137.8,33.2
Follicular,6.8,4,4,3,2,1.2,238.4,211.3,56.9
Follicular,7.4,4,3,4,2,0.6,260.2,360.2,62.2
Early Luteal,7.5,4,4,3,1,0.5,102.2,66.4,67.8
Menstrual,6.6,3,2,1,2,1.4,135.9,122.7,42.9
Early Luteal,6.6,3,3,2,2,1.4,121.5,43.3,49.4
Late Luteal,7.2,3,1,1,2,0.8,208.5,173.2,41.8
Follicular,8.6,4,3,3,3,0.0,457.2,425.4,58.9
Late Luteal,7.5,4,3,2,3,0.5,452.2,367.2,46.4
Late Luteal,6.6,3,2,2,2,1.4,217.7,231.1,40.9
Ovulation,7.5,4,4,3,4,0.5,690.8,760.9,44.2
Early Luteal,6.9,3,3,3,3,1.1,388.8,303.4,38.5
Follicular,6.6,4,4,4,3,1.4,227.4,280.0,50.1
Menstrual,6.4,2,3,2,2,1.6,78.2,159.9,35.9
Early Luteal,6.1,3,3,3,2,1.9,174.6,274.6,41.1
Menstrual,5.6,3,2,1,3,2.4,329.5,305.0,28.4
Ovulation,7.6,5,4,3,2,0.4,101.3,24.0,72.6
Late Luteal,5.6,2,2,3,3,2.4,251.6,286.2,21.6
Early Luteal,7.8,4,4,5,3,0.2,406.5,271.4,52.7
Follicular,9.4,4,4,4,2,0.0,341.0,316.8,75.1
Early Luteal,6.8,3,3,3,2,1.2,210.1,267.4,49.8
Follicular,6.5,3,3,3,2,1.5,137.0,164.9,44.8
Follicular,7.1,4,4,3,1,0.9,81.8,99.8,63.0
Late Luteal,6.3,3,2,2,2,1.7,142.6,157.6,37.8
Follicular,7.5,5,4,4,2,0.5,185.5,285.5,64.1
Late Luteal,8.3,3,3,3,5,0.0,759.9,774.6,23.3
Early Luteal,5.3,3,3,2,1,2.7,118.2,218.2,36.4
Late Luteal,6.8,3,2,2,3,1.2,320.5,192.5,37.7
Follicular,8.6,4,3,4,4,0.0,554.9,503.6,48.8
Follicular,7.7,4,3,4,2,0.3,159.1,193.9,61.1
Follicular,7.6,4,4,3,3,0.4,427.2,495.9,56.5
Late Luteal,5.5,3,1,1,3,2.5,485.9,563.7,20.2
Early Luteal,8.1,3,3,3,2,0.0,135.2,191.9,57.5
Ovulation,6.5,3,2,3,4,1.5,611.8,604.8,32.2
Menstrual,8.0,4,3,2,1,0.0,100.5,44.3,68.7
Follicular,8.2,4,4,4,2,0.0,193.0,169.3,69.1
Follicular,6.5,3,3,3,1,1.5,2.6,42.4,58.4
Late Luteal,5.8,2,2,3,3,2.2,363.6,463.6,18.0
Follicular,5.9,3,2,2,1,2.1,139.2,239.2,41.4
Early Luteal,7.3,4,3,4,3,0.7,328.9,286.6,50.5
Ovulation,6.4,2,3,1,2,1.6,86.5,80.9,44.2
Menstrual,8.5,4,4,3,2,0.0,203.6,180.4,67.5
Ovulation,8.4,3,3,3,5,0.0,688.5,788.5,35.0
Follicular,7.1,5,5,3,1,0.9,64.1,25.3,78.7
Menstrual,7.5,4,3,3,1,0.5,71.6,115.8,59.8
Follicular,7.3,4,3,3,3,0.7,314.6,304.4,52.1
Follicular,7.6,5,5,4,2,0.4,316.9,321.4,70.7
Ovulation,8.7,4,5,5,2,0.0,81.7,0.0,78.5
Late Luteal,4.9,2,3,2,3,3.1,317.5,417.5,14.9
Follicular,7.9,3,4,3,2,0.1,89.9,17.7,62.3
Menstrual,6.9,3,3,3,3,1.1,350.4,250.9,32.2
Follicular,6.9,3,4,3,1,1.1,69.6,54.8,56.5
Late Luteal,7.4,4,2,2,3,0.6,424.2,358.3,43.3
Follicular,7.1,4,4,4,1,0.9,93.3,90.2,63.8
Menstrual,5.3,3,3,3,1,2.7,108.4,63.9,38.2
Late Luteal,6.0,2,3,3,3,2.0,350.0,407.5,24.6
Menstrual,6.9,3,2,2,3,1.1,364.3,433.3,28.2
Follicular,6.9,3,4,5,1,1.1,51.6,151.6,60.5
Late Luteal,5.2,2,1,2,2,2.8,104.0,81.7,25.1
Follicular,5.9,3,4,3,1,2.1,67.4,58.2,51.8
Menstrual,6.4,3,2,3,4,1.6,567.9,560.0,22.4
Follicular,7.2,4,3,4,3,0.8,363.7,463.7,54.9
Early Luteal,5.8,3,4,4,3,2.2,338.0,399.7,36.7
Follicular,6.9,3,4,4,2,1.1,182.7,7.8,55.8
Menstrual,4.8,1,1,2,3,3.2,458.4,363.7,0.0
Menstrual,5.3,2,3,2,2,2.7,205.5,218.0,23.7
Menstrual,7.0,3,3,2,3,1.0,472.7,515.1,30.5
Late Luteal,7.3,3,3,3,3,0.7,469.5,422.5,36.7
Ovulation,7.5,3,3,3,2,0.5,122.1,0.0,56.0
Early Luteal,5.3,2,2,2,2,2.7,132.6,101.8,30.7
Early Luteal,6.0,2,3,2,2,2.0,238.6,337.5,35.3
Follicular,6.6,4,4,4,4,1.4,636.0,687.7,34.8
Late Luteal,6.1,3,3,2,3,1.9,150.0,139.1,37.7
Late Luteal,8.0,4,3,2,2,0.0,102.4,119.9,59.1
Early Luteal,6.6,4,4,4,2,1.4,86.5,107.7,62.3
Ovulation,7.3,4,4,5,3,0.7,381.0,412.0,60.0
Early Luteal,8.4,4,4,4,3,0.0,323.1,141.1,55.6
Late Luteal,7.0,3,2,2,4,1.0,574.1,505.0,24.5
Ovulation,7.8,4,4,4,2,0.2,201.3,222.6,64.4
Early Luteal,7.0,2,3,3,3,1.0,340.1,281.8,36.1
Follicular,6.6,4,2,2,4,1.4,658.4,696.8,34.6
Late Luteal,6.5,2,2,3,3,1.5,383.7,385.9,23.1
Ovulation,7.3,4,4,3,1,0.7,0.5,0.0,69.4
Early Luteal,7.8,4,4,3,3,0.2,378.7,478.7,54.3
Late Luteal,6.4,3,2,3,4,1.6,557.7,544.9,18.5
Early Luteal,6.1,4,3,2,1,1.9,32.7,132.7,55.3
Follicular,8.7,5,4,4,2,0.0,29.8,0.0,82.1
Follicular,7.5,4,4,3,3,0.5,335.1,308.2,48.4
Early Luteal,6.9,3,3,4,3,1.1,364.6,464.6,43.6
Follicular,6.6,3,2,3,3,1.4,299.2,324.5,35.7
Follicular,6.9,3,3,4,3,1.1,313.4,266.2,43.7
Late Luteal,5.3,2,1,2,5,2.7,800.0,669.9,0.0
Early Luteal,6.8,3,2,3,4,1.2,587.8,450.5,28.8
Follicular,7.3,4,4,4,2,0.7,54.6,0.0,64.3
Late Luteal,6.9,2,2,3,1,1.1,85.6,45.5,48.0
Early Luteal,8.3,5,4,3,3,0.0,328.9,397.6,66.0
Menstrual,6.7,3,3,3,2,1.3,88.1,188.1,47.9
Ovulation,7.8,4,3,3,2,0.2,147.6,117.5,63.2
Menstrual,7.9,4,4,3,2,0.1,312.2,243.6,57.5
Late Luteal,5.3,3,2,2,2,2.7,128.1,122.6,29.8
Ovulation,4.3,2,3,4,2,3.7,112.1,125.1,28.4
Menstrual,6.3,3,2,2,3,1.7,251.2,166.2,31.6
Early Luteal,7.3,5,4,3,2,0.7,250.4,324.1,67.0
Follicular,6.2,3,3,4,2,1.8,120.6,168.3,51.5
Late Luteal,5.8,4,2,1,5,2.2,612.1,712.1,16.4
Follicular,6.8,3,4,3,2,1.2,29.1,47.3,54.0
Menstrual,6.7,3,2,3,2,1.3,175.8,159.8,39.9
Late Luteal,6.7,4,2,2,3,1.3,278.8,348.4,46.6
Late Luteal,6.1,3,2,3,2,1.9,183.1,66.7,38.1
Early Luteal,7.3,5,4,4,2,0.7,214.3,306.9,63.2
Late Luteal,6.0,3,2,3,2,2.0,178.7,106.7,34.3
Late Luteal,7.6,3,3,2,2,0.4,249.6,108.5,48.5
Menstrual,7.2,4,3,2,1,0.8,66.9,142.6,61.9
Follicular,6.9,4,4,4,1,1.1,20.5,0.0,67.1
Menstrual,8.0,3,3,3,4,0.0,564.6,501.1,40.5
Follicular,6.8,3,4,5,2,1.2,143.0,243.0,55.7
Ovulation,7.2,3,4,4,2,0.8,137.7,237.7,54.7
Follicular,7.2,4,3,3,3,0.8,298.3,328.6,49.2
Follicular,5.9,3,2,3,3,2.1,350.6,347.3,35.6
Follicular,7.0,3,3,2,4,1.0,543.7,471.8,35.7
Late Luteal,7.4,3,2,1,4,0.6,559.4,554.3,29.1
Late Luteal,6.1,2,3,3,1,1.9,43.3,74.4,46.9
Follicular,6.6,3,3,4,1,1.4,47.8,0.0,53.8
Follicular,7.2,4,3,3,2,0.8,324.6,424.6,56.1
Menstrual,6.8,3,2,3,2,1.2,136.4,71.2,41.1
Follicular,6.3,3,4,5,4,1.7,620.7,620.9,29.3
Late Luteal,6.2,3,3,3,2,1.8,156.6,256.6,43.2
Menstrual,7.4,5,3,4,2,0.6,209.4,38.4,61.4
Late Luteal,5.6,4,2,2,4,2.4,617.7,605.7,20.4
Late Luteal,4.2,1,1,1,3,3.8,354.2,370.5,4.0
Follicular,7.4,5,4,4,2,0.6,278.6,236.9,62.0
Late Luteal,7.9,4,2,3,4,0.1,604.6,594.8,39.8
Late Luteal,5.3,3,3,3,2,2.7,30.8,72.2,40.1
Early Luteal,7.2,4,4,2,1,0.8,128.0,86.0,67.3
Early Luteal,7.2,4,3,3,2,0.8,224.5,324.5,52.1
Ovulation,8.4,5,5,4,2,0.0,44.1,0.0,76.3
Early Luteal,6.8,3,2,2,2,1.2,204.7,122.0,45.5
Ovulation,7.6,3,3,2,1,0.4,144.9,236.3,65.1
Follicular,6.7,2,3,4,4,1.3,395.5,442.0,32.5
Follicular,5.9,4,4,3,1,2.1,53.1,76.3,58.8
Late Luteal,5.6,2,2,2,1,2.4,71.2,0.0,33.9
Follicular,8.2,4,4,4,1,0.0,93.1,180.0,75.2
Menstrual,7.0,3,3,3,2,1.0,60.4,73.2,48.6
Late Luteal,8.4,3,2,2,1,0.0,58.1,0.0,58.1
Late Luteal,5.7,3,2,3,3,2.3,305.8,405.8,29.1
Early Luteal,6.7,3,3,4,2,1.3,270.3,252.0,45.5
Late Luteal,6.9,4,3,3,1,1.1,72.1,0.0,55.2
Late Luteal,5.6,3,3,3,2,2.4,267.7,161.0,26.5
Ovulation,8.8,4,4,5,2,0.0,137.9,148.4,72.0
Follicular,7.7,5,5,4,1,0.3,120.4,147.8,78.2
Menstrual,6.7,2,1,3,3,1.3,275.5,109.2,21.0
Late Luteal,5.9,2,2,3,1,2.1,1.5,34.9,41.7
Follicular,6.9,4,3,3,1,1.1,124.2,0.0,60.8
Follicular,8.5,5,4,4,2,0.0,149.7,134.3,78.8
Ovulation,7.0,3,4,3,2,1.0,278.9,378.9,49.8
Ovulation,7.3,3,4,4,1,0.7,164.8,234.1,64.8
Late Luteal,6.0,3,3,2,2,2.0,192.5,292.5,41.1
Menstrual,8.0,4,2,3,4,0.0,503.5,603.5,44.1
Early Luteal,8.9,4,4,3,3,0.0,442.6,421.9,55.5
Menstrual,7.6,3,2,2,5,0.4,707.3,739.0,28.3
Early Luteal,8.5,5,4,3,2,0.0,206.1,271.5,68.8
Follicular,7.9,5,4,3,1,0.1,6.7,0.0,75.4
Follicular,8.4,4,4,2,1,0.0,111.5,125.8,76.4
Follicular,5.8,3,3,3,2,2.2,154.8,174.6,41.9
Follicular,7.7,4,4,3,1,0.3,48.2,66.2,73.6
Follicular,7.6,4,4,4,1,0.4,82.2,85.8,68.0
Late Luteal,6.8,3,2,2,2,1.2,136.0,0.0,41.7
Follicular,5.6,4,4,3,2,2.4,92.8,192.8,50.0
Early Luteal,5.8,3,2,4,4,2.2,526.0,567.7,23.0
Early Luteal,6.6,3,3,4,3,1.4,351.2,328.5,39.7
Follicular,9.1,4,3,3,4,0.0,495.0,595.0,52.9
Follicular,7.0,3,2,2,3,1.0,362.0,203.0,40.9
Early Luteal,6.4,4,3,2,2,1.6,192.0,40.8,49.2
Follicular,7.6,4,3,2,3,0.4,334.4,323.7,57.8
Menstrual,6.8,3,3,3,2,1.2,125.1,96.2,44.7
Early Luteal,6.4,2,2,2,2,1.6,145.2,204.3,41.3
Menstrual,6.0,2,2,3,2,2.0,146.9,143.5,34.1
Follicular,7.1,3,3,4,1,0.9,54.1,11.8,55.2
Late Luteal,7.2,5,4,3,2,0.8,285.4,337.1,63.3
Late Luteal,7.4,4,3,4,3,0.6,357.9,428.7,45.9
Follicular,5.7,3,4,4,2,2.3,200.6,32.9,40.7
Follicular,8.2,5,5,5,3,0.0,392.4,403.9,63.1
Menstrual,7.7,4,3,2,1,0.3,90.6,181.7,69.0
Follicular,8.5,4,3,4,2,0.0,351.0,320.4,63.5
Follicular,8.9,5,4,4,1,0.0,150.5,70.3,85.0
Menstrual,4.9,2,3,3,1,3.1,39.7,0.0,28.0
Early Luteal,7.0,3,3,3,1,1.0,133.0,164.4,54.5
Follicular,6.0,3,3,3,2,2.0,154.4,119.3,38.2
Early Luteal,7.5,3,3,4,1,0.5,177.2,84.5,62.5
Late Luteal,5.3,3,2,3,3,2.7,491.2,521.2,17.8
Late Luteal,6.7,4,2,2,3,1.3,446.6,373.1,38.7
Early Luteal,7.6,4,3,4,2,0.4,125.5,181.7,62.9
Early Luteal,8.3,5,4,3,4,0.0,525.5,443.0,49.6
Late Luteal,6.7,3,3,2,1,1.3,124.8,133.1,50.6
Late Luteal,6.0,2,2,1,3,2.0,356.9,334.3,22.6
Early Luteal,8.5,4,3,3,2,0.0,229.9,182.1,64.5
Early Luteal,5.9,3,2,3,1,2.1,6.7,81.2,50.7
Late Luteal,5.8,1,2,3,1,2.2,114.1,3.5,28.1
Follicular,6.8,3,3,3,2,1.2,291.1,352.4,47.9
Late Luteal,8.2,3,4,3,1,0.0,7.7,0.0,66.3
Menstrual,8.1,4,3,3,5,0.0,800.0,804.1,30.4
Early Luteal,6.5,2,3,2,2,1.5,171.7,200.0,38.5
Follicular,8.1,4,4,4,3,0.0,355.8,404.7,58.9
Follicular,6.0,2,3,3,2,2.0,113.5,108.0,41.8
Follicular,8.0,3,3,3,2,0.0,82.9,24.3,64.4
Ovulation,7.1,5,5,5,2,0.9,261.9,296.9,68.5
Ovulation,6.8,2,4,4,1,1.2,35.3,12.9,55.3
Follicular,7.3,5,4,4,3,0.7,388.0,488.0,61.1
Follicular,6.8,3,2,4,4,1.2,524.0,458.8,29.4
Follicular,6.5,3,4,4,1,1.5,74.6,130.9,56.5
Follicular,8.1,4,3,4,5,0.0,800.0,761.4,37.3
Follicular,7.9,4,4,4,3,0.1,341.6,374.3,52.0
Late Luteal,7.7,4,3,1,1,0.3,49.7,12.0,66.6
Early Luteal,6.5,3,3,3,2,1.5,134.9,155.7,49.2
Follicular,6.9,2,2,3,3,1.1,291.0,203.4,34.3
Follicular,9.5,5,5,5,3,0.0,476.0,415.3,73.7
Menstrual,8.0,4,2,3,3,0.0,243.5,204.9,54.6
Menstrual,6.0,2,2,2,2,2.0,126.1,0.0,29.7
Follicular,7.2,4,4,4,3,0.8,259.2,275.7,48.7
Early Luteal,6.9,3,3,3,3,1.1,345.9,276.5,34.7
Follicular,8.0,5,5,4,2,0.0,201.8,296.4,72.5
Follicular,7.3,5,5,3,1,0.7,2.2,0.0,75.4
Follicular,7.3,4,3,4,5,0.7,633.8,733.8,31.8
Follicular,6.8,3,4,4,2,1.2,139.7,150.9,51.4
Late Luteal,5.9,3,4,3,1,2.1,9.8,0.0,44.7
Early Luteal,8.2,4,3,3,4,0.0,617.3,717.3,50.0
Menstrual,8.0,3,3,3,3,0.0,408.0,416.5,43.2
Late Luteal,6.5,2,1,1,4,1.5,671.5,771.5,17.1
Late Luteal,7.6,4,3,3,2,0.4,337.0,277.6,57.4
Follicular,7.0,2,2,3,2,1.0,225.0,206.9,41.9
Late Luteal,8.2,4,3,1,1,0.0,73.4,173.4,62.9
Late Luteal,5.5,3,3,3,1,2.5,28.4,0.0,41.5
Late Luteal,7.0,4,3,4,2,1.0,186.3,278.6,52.7
Follicular,6.3,4,4,4,2,1.7,186.7,68.4,57.6
Follicular,7.3,4,4,5,3,0.7,262.7,362.7,51.8
Ovulation,5.5,3,3,4,3,2.5,366.3,241.3,28.9
Early Luteal,7.6,3,3,4,2,0.4,137.3,237.3,55.9
Follicular,8.0,4,4,3,2,0.0,315.7,415.7,66.7
Menstrual,6.6,3,2,2,1,1.4,27.0,127.0,51.5
Follicular,5.9,4,4,4,2,2.1,82.9,127.0,55.2
Late Luteal,6.4,4,3,2,1,1.6,91.9,91.0,50.7
Follicular,5.3,3,3,3,2,2.7,182.0,221.1,37.0
Ovulation,6.4,2,3,3,3,1.6,350.2,290.6,33.7
Menstrual,7.0,2,3,3,3,1.0,438.7,538.7,26.0
Follicular,8.1,4,5,4,1,0.0,71.7,0.0,73.5
Early Luteal,7.4,4,3,4,4,0.6,543.8,584.2,40.8
Follicular,5.6,3,3,4,1,2.4,69.2,119.8,48.2
Follicular,6.7,4,3,4,3,1.3,208.7,194.2,47.9
Early Luteal,5.8,2,3,3,3,2.2,299.4,332.8,22.3
Menstrual,7.6,3,4,4,1,0.4,206.1,154.9,56.4
Late Luteal,6.3,2,3,3,2,1.7,251.5,351.5,31.6
Late Luteal,7.3,4,3,2,1,0.7,112.5,88.0,58.1
Ovulation,6.4,3,4,5,4,1.6,594.3,694.3,29.6
Early Luteal,7.8,3,4,2,3,0.2,283.4,383.4,48.0
Late Luteal,6.8,4,2,2,4,1.2,422.2,227.8,35.8
Menstrual,8.5,4,4,3,2,0.0,263.9,356.7,66.8
Follicular,6.6,3,4,4,2,1.4,194.3,252.6,51.3
Follicular,9.5,5,4,5,2,0.0,250.5,292.0,81.1
Menstrual,5.5,2,2,3,3,2.5,309.5,316.7,19.4
Follicular,5.8,3,3,3,2,2.2,137.2,163.7,45.6
Follicular,7.5,3,4,4,1,0.5,68.0,103.2,57.9
Menstrual,6.1,2,2,3,1,1.9,118.8,154.4,33.4
Follicular,8.1,4,4,4,4,0.0,573.8,623.0,52.5
Ovulation,7.1,5,4,4,1,0.9,43.6,0.0,72.9
Late Luteal,6.8,3,3,2,1,1.2,34.6,0.0,54.1
Menstrual,6.7,2,3,2,3,1.3,312.2,248.4,26.0
Menstrual,6.5,1,3,3,2,1.5,300.1,156.2,23.5
Follicular,9.2,5,4,4,2,0.0,95.6,195.6,82.2
Menstrual,7.1,4,3,3,1,0.9,150.0,138.1,54.5
Late Luteal,6.6,2,3,2,2,1.4,74.6,17.5,36.6
Ovulation,8.1,3,4,3,2,0.0,262.1,239.4,59.5
Ovulation,7.4,4,4,3,3,0.6,278.3,308.5,53.7
Ovulation,7.0,4,4,4,2,1.0,312.9,337.9,59.2
Early Luteal,6.7,3,2,3,3,1.3,392.2,359.5,37.6
Follicular,7.6,5,4,4,2,0.4,198.0,201.1,67.4
Early Luteal,5.9,3,2,3,3,2.1,537.8,345.3,26.8
Ovulation,6.0,3,4,3,1,2.0,87.6,165.6,54.9
Early Luteal,7.4,4,2,3,3,0.6,385.8,485.8,49.6
Menstrual,5.3,2,1,2,3,2.7,350.6,412.8,16.9
Late Luteal,5.4,3,2,2,1,2.6,131.8,154.8,37.9
Menstrual,6.0,3,3,2,2,2.0,236.2,208.1,35.2
Follicular,6.5,3,3,3,2,1.5,170.8,87.7,45.5
Early Luteal,5.5,3,3,4,2,2.5,258.0,333.4,33.8
Follicular,9.3,4,3,3,2,0.0,260.2,160.0,71.4
Follicular,6.6,4,4,4,3,1.4,315.3,315.9,42.0
Early Luteal,7.3,3,2,2,2,0.7,146.1,73.3,51.9
Follicular,7.1,5,4,5,3,0.9,560.6,401.0,53.0
Menstrual,6.8,3,3,3,2,1.2,167.5,93.8,40.6
Follicular,8.2,5,4,3,3,0.0,227.8,187.7,67.5
Late Luteal,8.6,4,3,3,3,0.0,321.6,278.9,52.4
Follicular,7.2,5,4,5,1,0.8,91.2,2.2,73.8
Ovulation,6.4,4,3,3,3,1.6,396.7,357.3,40.6
Follicular,6.6,3,3,3,2,1.4,201.5,301.5,42.0
Late Luteal,7.5,3,2,3,2,0.5,90.5,181.7,43.9
Follicular,7.1,5,4,5,3,0.9,485.1,465.9,50.8
Early Luteal,8.5,3,2,3,2,0.0,145.6,245.6,60.5
Menstrual,6.0,3,3,3,1,2.0,73.7,132.6,38.0
Early Luteal,8.2,4,3,3,4,0.0,535.9,464.3,44.8
Early Luteal,6.8,3,3,3,2,1.2,151.2,107.1,43.5
Menstrual,4.9,1,2,1,1,3.1,90.3,7.4,23.4
Early Luteal,6.9,2,3,3,2,1.1,61.9,9.5,42.4
Menstrual,7.4,5,3,3,2,0.6,128.0,124.1,61.7
Follicular,8.6,4,3,3,2,0.0,168.3,0.0,65.7
Early Luteal,5.8,3,3,3,2,2.2,55.9,0.0,46.9
Early Luteal,8.0,4,2,2,2,0.0,193.6,197.5,60.9
Follicular,6.9,4,4,2,3,1.1,352.9,354.7,44.6
Follicular,6.9,3,3,4,4,1.1,615.6,488.0,33.5
Follicular,6.5,4,4,4,1,1.5,92.3,102.6,60.8
Menstrual,7.5,3,2,3,2,0.5,98.2,145.3,50.2
Early Luteal,7.8,4,3,3,3,0.2,524.0,544.8,47.3
Late Luteal,6.5,3,2,2,3,1.5,318.7,418.7,35.9
Follicular,6.1,4,4,4,2,1.9,135.3,194.9,55.4
Follicular,6.2,3,3,4,2,1.8,81.8,163.2,45.2
Menstrual,7.4,4,2,3,2,0.6,128.2,209.2,47.5
Late Luteal,5.8,2,1,1,4,2.2,449.3,445.4,8.0
Early Luteal,8.2,4,3,3,4,0.0,474.1,333.7,51.2
Late Luteal,7.7,4,2,2,5,0.3,694.4,700.5,26.7
Late Luteal,6.9,3,3,3,2,1.1,152.0,0.0,49.1
Ovulation,8.2,4,3,3,3,0.0,273.7,373.7,56.4
Late Luteal,7.0,2,3,3,1,1.0,55.3,70.7,50.3
Early Luteal,8.2,5,3,4,3,0.0,274.9,347.5,65.3
Follicular,7.4,5,4,4,2,0.6,151.8,190.7,68.1
Menstrual,5.3,3,2,2,2,2.7,279.3,295.1,30.3
Menstrual,7.0,2,2,3,2,1.0,103.8,124.4,38.4
Follicular,7.3,5,4,4,2,0.7,331.0,345.8,63.6
Ovulation,7.2,3,4,4,2,0.8,167.5,182.9,54.9
Menstrual,7.3,4,3,3,2,0.7,334.7,383.7,53.4
Ovulation,7.1,4,3,4,3,0.9,304.5,292.4,53.0
Follicular,7.5,4,3,4,3,0.5,400.2,500.2,47.8
Early Luteal,5.6,3,3,3,3,2.4,404.2,322.3,29.3
Menstrual,6.8,3,3,3,2,1.2,135.9,46.5,43.8
Menstrual,6.9,3,3,3,2,1.1,179.6,165.9,44.5
Ovulation,6.5,3,3,4,3,1.5,328.1,318.1,43.9
Early Luteal,6.3,4,3,2,3,1.7,261.8,249.3,43.5
Early Luteal,8.2,5,4,4,2,0.0,333.4,373.0,69.5
Menstrual,7.8,4,3,2,3,0.2,406.4,353.8,47.2
Follicular,7.9,5,3,4,2,0.1,320.6,420.6,64.5
Follicular,6.0,2,3,2,1,2.0,69.8,116.9,45.2
Early Luteal,7.6,3,3,2,2,0.4,115.8,132.5,55.3
Follicular,8.9,5,5,5,3,0.0,281.9,381.9,69.6
Follicular,7.2,5,3,3,2,0.8,113.9,150.6,64.5
Follicular,8.3,5,4,3,2,0.0,88.4,0.0,74.9
Follicular,7.5,5,4,4,2,0.5,145.2,72.7,72.6
Follicular,7.0,3,3,3,3,1.0,314.9,414.9,44.2
Ovulation,7.2,4,4,5,1,0.8,81.6,93.7,69.4
Early Luteal,8.4,4,4,3,2,0.0,21.0,107.8,71.1
Early Luteal,7.0,2,2,2,2,1.0,134.3,129.1,39.6
Menstrual,6.7,3,3,3,1,1.3,63.1,108.6,49.3
Ovulation,8.0,3,3,4,1,0.0,85.5,21.4,66.8
Late Luteal,5.3,3,4,3,1,2.7,106.9,181.8,46.9
Early Luteal,6.9,3,3,3,2,1.1,185.6,209.9,46.5
Early Luteal,6.3,3,4,4,2,1.7,214.3,314.3,53.6
Follicular,6.7,3,3,2,2,1.3,118.4,156.1,46.0
Late Luteal,7.4,3,2,1,2,0.6,135.8,151.9,44.2
Early Luteal,7.8,4,4,4,2,0.2,198.0,88.4,62.6
Early Luteal,8.7,4,3,3,2,0.0,91.6,143.3,67.7
Late Luteal,6.6,2,2,2,3,1.4,286.4,373.9,29.6
Follicular,6.4,3,3,4,1,1.6,16.3,0.0,51.6
Early Luteal,6.3,4,4,3,2,1.7,245.2,212.1,50.1
Menstrual,6.8,3,2,1,3,1.2,434.7,338.0,27.2
Late Luteal,7.8,3,3,2,3,0.2,528.2,446.6,36.7
Follicular,7.9,4,3,3,2,0.1,109.6,47.2,63.9
Late Luteal,6.0,3,3,2,2,2.0,378.1,172.8,32.2
Follicular,6.7,3,3,4,1,1.3,15.3,13.6,49.9
Ovulation,6.2,2,3,4,2,1.8,154.5,125.4,38.6
Follicular,7.6,4,3,3,2,0.4,101.8,0.0,63.5
Early Luteal,8.0,4,3,3,3,0.0,316.8,339.9,59.2
Follicular,7.7,5,3,4,4,0.3,615.7,476.8,50.4
Late Luteal,7.4,3,3,3,2,0.6,295.0,361.8,46.7
Follicular,6.9,4,3,3,2,1.1,138.5,119.6,60.6
Ovulation,5.7,3,3,4,2,2.3,283.4,383.3,43.5
Menstrual,5.3,2,3,2,2,2.7,280.4,310.4,24.9
Ovulation,8.2,3,4,4,2,0.0,100.8,83.9,66.7
Ovulation,7.8,4,3,3,2,0.2,140.5,240.5,66.4
Follicular,8.6,4,3,2,3,0.0,395.0,371.5,59.8
Ovulation,7.3,5,4,3,1,0.7,69.3,0.0,72.1
Menstrual,8.8,5,4,3,1,0.0,50.3,51.7,77.2
Ovulation,5.8,4,4,4,2,2.2,179.5,83.8,53.9
Follicular,6.8,3,3,3,4,1.2,571.6,520.6,25.2
Early Luteal,6.4,3,3,4,2,1.6,191.3,291.3,41.9
Menstrual,7.4,4,2,2,3,0.6,336.0,436.0,45.7
Early Luteal,7.3,4,4,2,2,0.7,285.0,324.5,61.5
Late Luteal,7.1,4,3,2,3,0.9,429.6,363.0,45.2
Late Luteal,4.7,1,2,1,2,3.3,128.4,0.0,15.6
Late Luteal,7.3,4,3,3,1,0.7,91.0,191.0,63.0
Ovulation,6.5,4,4,4,1,1.5,35.8,0.0,67.6
Late Luteal,6.2,4,3,3,3,1.8,343.8,346.2,31.4
Follicular,8.1,5,4,3,2,0.0,145.6,84.0,72.6
Ovulation,8.4,4,4,4,1,0.0,195.2,170.8,72.4
Early Luteal,9.1,4,4,3,2,0.0,225.9,173.1,74.5
Menstrual,6.5,3,3,2,2,1.5,139.0,144.4,41.7
Early Luteal,6.4,4,2,3,4,1.6,611.1,541.7,25.2
Early Luteal,6.8,3,2,2,2,1.2,285.9,347.7,41.2
Menstrual,6.4,2,2,2,3,1.6,429.6,529.6,21.4
Follicular,8.6,5,4,5,2,0.0,55.7,10.6,80.3
Follicular,7.0,3,3,3,2,1.0,283.3,383.3,50.5
Early Luteal,8.1,4,4,3,2,0.0,98.2,198.2,64.4
Follicular,7.1,4,3,3,2,0.9,270.2,223.3,53.2
Follicular,7.6,5,4,4,2,0.4,82.7,167.6,73.4
Late Luteal,6.2,3,2,2,2,1.8,192.7,206.4,45.1
Early Luteal,7.8,4,3,2,2,0.2,217.4,317.4,56.0
Follicular,7.5,4,3,3,2,0.5,208.4,56.8,61.3
Ovulation,6.5,3,3,4,1,1.5,117.9,0.0,54.8
Menstrual,6.9,2,3,3,1,1.1,68.9,168.9,48.4
Follicular,6.4,2,3,2,1,1.6,48.5,63.0,50.1
Follicular,4.4,2,3,3,2,3.6,106.2,51.6,23.7
Late Luteal,5.3,2,1,3,4,2.7,479.3,387.8,8.3
Menstrual,6.7,3,3,3,2,1.3,269.2,286.0,38.1
Late Luteal,6.1,3,3,3,2,1.9,201.1,275.8,39.5
Late Luteal,6.0,2,2,1,2,2.0,254.5,354.5,25.4
Follicular,6.1,2,3,4,3,1.9,500.6,600.6,29.4
Follicular,7.7,5,5,4,2,0.3,185.8,0.0,67.7
Follicular,5.6,3,3,3,3,2.4,554.1,654.1,26.6
Follicular,7.9,4,4,5,1,0.1,65.7,31.6,81.3
Follicular,7.3,4,3,4,3,0.7,373.0,406.7,49.9
Follicular,7.9,4,4,3,2,0.1,100.8,102.0,69.1
Follicular,7.4,5,3,2,2,0.6,113.4,0.0,72.4
Follicular,6.4,3,3,3,3,1.6,361.2,413.8,35.5
Late Luteal,6.4,2,3,3,2,1.6,283.2,202.7,37.1
Late Luteal,5.8,4,1,3,3,2.2,429.7,451.2,34.0
Follicular,7.5,5,4,4,3,0.5,266.0,179.5,67.2
Late Luteal,4.7,2,2,2,2,3.3,192.5,189.8,19.5
Late Luteal,7.7,4,4,4,2,0.3,142.8,143.9,59.7
Early Luteal,6.4,4,4,4,2,1.6,177.1,277.1,48.3
Follicular,8.0,4,5,5,2,0.0,148.6,187.5,65.4
Late Luteal,5.5,3,2,2,5,2.5,647.4,697.6,7.3
Menstrual,7.1,3,2,2,4,0.9,543.3,601.9,28.9
Follicular,7.4,4,3,3,3,0.6,343.9,443.9,45.4
Late Luteal,6.5,3,2,2,2,1.5,298.1,258.2,41.4
Early Luteal,6.0,3,3,3,3,2.0,437.2,445.9,28.5
Follicular,9.0,5,4,4,3,0.0,424.1,350.4,66.8
Late Luteal,7.3,4,4,4,2,0.7,379.3,285.2,53.3
Ovulation,7.2,5,4,4,1,0.8,101.2,113.0,73.2
Follicular,6.6,2,3,3,2,1.4,152.0,117.1,37.7
Follicular,7.1,4,3,4,3,0.9,283.2,362.1,51.8
Follicular,8.7,4,4,3,2,0.0,38.6,0.0,74.5
Early Luteal,6.2,3,3,3,2,1.8,202.9,156.7,42.3
Menstrual,5.3,2,1,2,5,2.7,702.4,766.1,0.0
Follicular,6.0,3,3,4,3,2.0,395.2,263.6,33.5
Early Luteal,5.8,3,2,2,3,2.2,267.7,357.6,33.8
Early Luteal,7.4,4,4,3,2,0.6,175.3,146.0,62.1
Menstrual,6.7,4,2,3,5,1.3,629.0,662.3,21.3
Ovulation,5.6,2,3,4,3,2.4,400.6,390.5,27.3
Ovulation,5.6,3,3,3,1,2.4,34.4,59.5,53.2
Follicular,6.0,4,4,4,2,2.0,104.8,204.8,50.0
Ovulation,6.9,3,4,4,3,1.1,501.6,445.4,48.1
Menstrual,5.3,4,3,3,1,2.7,192.6,114.3,43.7
Early Luteal,6.7,3,3,3,1,1.3,169.4,63.7,52.9
Early Luteal,8.8,4,4,3,1,0.0,197.4,275.9,73.0
Menstrual,6.6,3,2,2,1,1.4,88.4,157.3,45.1
Menstrual,7.9,4,3,4,5,0.1,708.0,677.6,32.9
Early Luteal,5.2,3,2,2,4,2.8,479.3,361.1,17.5
Follicular,8.4,4,4,3,3,0.0,378.1,385.3,57.6
Late Luteal,6.6,3,2,2,4,1.4,439.3,411.4,24.7
Late Luteal,6.5,4,3,3,2,1.5,299.5,399.5,45.6
Follicular,6.8,3,4,4,2,1.2,316.1,335.4,47.1
Menstrual,6.5,3,3,4,1,1.5,109.7,25.4,44.7
Late Luteal,4.4,2,2,2,1,3.6,41.9,76.2,30.5
Follicular,7.5,5,4,5,2,0.5,178.8,165.3,69.5
Late Luteal,7.4,4,2,3,2,0.6,73.4,0.0,58.1
Late Luteal,7.2,3,2,2,4,0.8,556.9,656.9,26.8
Menstrual,7.5,4,2,2,2,0.5,153.7,31.4,57.4
Late Luteal,7.4,3,3,2,4,0.6,574.1,674.1,31.3
Follicular,5.3,4,4,3,2,2.7,150.8,250.8,48.5
Late Luteal,5.2,3,3,2,2,2.8,157.2,215.0,38.0
Menstrual,8.0,3,2,2,1,0.0,36.6,102.8,65.0
Follicular,7.4,4,3,2,3,0.6,326.2,314.3,48.9
Early Luteal,7.0,3,3,3,2,1.0,180.6,144.8,43.1
Follicular,7.9,5,4,4,3,0.1,429.6,497.7,57.4
Follicular,4.4,3,2,3,2,3.6,201.1,231.6,27.8
Late Luteal,5.2,2,2,2,1,2.8,174.9,271.5,29.0
Menstrual,6.6,2,2,2,4,1.4,685.5,587.0,15.5
Menstrual,4.0,2,3,3,3,4.0,502.1,346.3,8.4
Follicular,6.7,4,3,4,3,1.3,397.3,327.9,46.5
Late Luteal,6.6,3,2,2,4,1.4,556.6,542.4,21.3
Late Luteal,7.2,4,2,2,2,0.8,330.4,336.5,50.9
Follicular,7.0,4,3,3,1,1.0,101.0,179.4,65.4
Early Luteal,6.9,2,2,2,3,1.1,318.4,418.4,34.4
Follicular,8.2,4,4,4,2,0.0,204.4,224.3,65.9
Follicular,6.3,3,4,3,3,1.7,404.5,378.0,36.6
Follicular,7.9,3,3,3,1,0.1,165.3,263.6,64.9
Follicular,5.5,3,2,2,4,2.5,603.5,644.0,21.4
Follicular,7.7,4,4,4,3,0.3,546.1,506.9,55.9
Late Luteal,7.8,5,3,4,2,0.2,179.6,173.6,66.8
Ovulation,7.1,4,3,4,1,0.9,106.4,161.6,61.0
Early Luteal,7.5,5,4,4,1,0.5,108.7,208.4,69.9
Early Luteal,7.5,4,4,3,3,0.5,297.0,242.9,53.5
Follicular,4.9,2,3,3,2,3.1,189.1,176.3,32.3
Ovulation,7.3,5,4,4,3,0.7,430.3,434.7,58.7
Follicular,7.5,4,3,4,5,0.5,800.0,760.1,39.6
Follicular,7.0,4,4,4,1,1.0,72.2,170.1,71.0
Ovulation,7.3,3,4,3,2,0.7,240.6,340.6,60.6
Menstrual,5.4,3,2,2,3,2.6,399.0,244.6,20.9
Late Luteal,7.8,4,3,3,3,0.2,150.9,200.7,52.9
Follicular,7.3,4,3,5,3,0.7,271.7,160.5,52.6
Late Luteal,6.7,4,3,4,2,1.3,237.0,172.9,54.9
Early Luteal,6.2,2,2,3,3,1.8,349.5,262.6,27.8
Early Luteal,9.1,5,5,5,1,0.0,159.5,166.6,81.9
Follicular,7.7,4,4,4,3,0.3,406.0,447.6,49.9
Early Luteal,7.9,4,3,4,4,0.1,539.7,529.9,46.6
Follicular,7.3,4,3,3,3,0.7,422.5,405.9,51.9
Menstrual,6.6,3,3,3,1,1.4,141.3,229.7,42.5
Follicular,6.5,3,3,5,4,1.5,529.6,516.0,24.1
Follicular,6.6,4,3,4,3,1.4,326.6,197.6,42.5
Early Luteal,8.5,4,3,3,1,0.0,17.4,104.5,75.9
Late Luteal,5.6,3,2,1,2,2.4,164.2,120.5,27.0
Follicular,8.5,4,4,3,3,0.0,318.2,415.5,62.8
Follicular,7.4,4,4,4,2,0.6,278.0,205.4,56.1
Follicular,7.1,3,3,3,2,0.9,183.8,197.0,49.7
Ovulation,7.7,4,4,4,2,0.3,67.9,0.0,68.5
Ovulation,7.8,4,4,5,2,0.2,158.2,120.7,62.9
Menstrual,6.9,3,3,2,3,1.1,456.3,480.0,28.8
Follicular,6.4,2,2,3,5,1.6,747.9,810.2,11.6
Early Luteal,7.6,4,3,2,4,0.4,641.9,700.0,39.8
Ovulation,8.2,3,4,4,1,0.0,174.0,157.1,65.5
Follicular,4.2,1,3,3,3,3.8,382.2,366.1,3.4
Follicular,7.6,3,3,3,3,0.4,356.4,456.4,46.6
Early Luteal,6.1,3,3,3,3,1.9,372.9,315.8,32.1
Follicular,9.0,4,3,3,2,0.0,218.4,144.2,63.3
Ovulation,5.7,2,2,2,3,2.3,451.4,551.4,23.7
Menstrual,6.0,3,2,3,2,2.0,148.7,138.1,33.8
Ovulation,5.7,4,4,4,1,2.3,48.2,0.0,57.6
Follicular,8.0,4,4,3,2,0.0,193.3,114.2,67.0
Follicular,9.2,5,4,3,3,0.0,440.6,508.8,66.7
Early Luteal,7.3,3,3,2,1,0.7,78.5,0.0,62.7
Late Luteal,6.0,3,2,1,5,2.0,709.6,622.7,12.7
Follicular,6.7,4,3,3,5,1.3,800.0,760.6,24.4
Early Luteal,7.0,3,4,3,1,1.0,27.4,0.0,57.8
Follicular,6.9,3,2,3,2,1.1,188.9,102.3,52.3
Early Luteal,8.0,4,4,4,1,0.0,18.4,118.4,72.1
Follicular,8.6,4,3,4,2,0.0,158.1,258.1,72.7
Follicular,6.5,3,4,5,1,1.5,88.5,65.4,56.7
Follicular,8.1,4,4,3,4,0.0,700.9,706.8,44.9
Early Luteal,8.5,5,3,3,4,0.0,501.2,381.4,55.0
Follicular,6.3,3,3,2,2,1.7,154.1,99.7,41.1
Menstrual,6.3,3,2,3,3,1.7,463.5,388.3,26.3
Follicular,7.8,4,4,5,2,0.2,149.6,29.3,57.8
Early Luteal,7.3,4,3,3,2,0.7,275.9,154.2,55.9
Follicular,9.0,4,4,3,1,0.0,85.0,185.0,74.5
Follicular,7.1,5,2,2,5,0.9,795.7,853.6,33.9
Early Luteal,8.4,4,4,4,2,0.0,213.7,284.5,68.6
Menstrual,8.5,4,3,3,2,0.0,235.1,120.7,62.0
Follicular,8.7,5,3,2,3,0.0,436.9,404.9,64.1
Late Luteal,5.8,4,3,3,2,2.2,211.9,216.0,43.3
Late Luteal,6.6,2,2,2,2,1.4,209.5,253.9,34.3
Follicular,6.6,3,3,3,2,1.4,205.9,220.5,46.1
Ovulation,8.2,4,4,3,1,0.0,46.3,78.3,79.6
Early Luteal,5.4,2,3,3,2,2.6,206.8,287.3,29.0
Menstrual,6.0,2,2,1,2,2.0,55.8,0.0,28.4
Early Luteal,9.5,5,3,4,4,0.0,490.4,540.9,62.1
Follicular,8.7,4,4,4,3,0.0,319.0,397.1,58.6
Follicular,7.2,4,3,4,4,0.8,625.9,525.9,38.9
Early Luteal,5.5,3,3,1,3,2.5,326.7,364.0,28.7
Menstrual,7.0,3,3,1,2,1.0,164.2,264.2,41.3
Early Luteal,8.0,4,3,4,3,0.0,457.8,519.0,50.3
Early Luteal,7.0,1,3,2,2,1.0,272.3,242.6,32.0
Early Luteal,6.4,2,2,3,2,1.6,146.2,48.9,40.5
Follicular,5.6,2,2,3,2,2.4,153.6,253.6,29.5
Follicular,6.4,3,4,5,2,1.6,136.0,37.2,44.6
Early Luteal,6.8,3,3,4,2,1.2,186.2,224.7,43.1
Late Luteal,8.0,4,2,3,2,0.0,63.0,28.5,58.3
Menstrual,8.4,4,4,4,2,0.0,204.1,203.3,66.8
Follicular,7.5,4,3,4,1,0.5,45.7,51.1,68.1
Follicular,7.3,5,4,4,1,0.7,20.0,0.0,71.7
Follicular,6.8,4,4,3,2,1.2,155.2,255.2,56.9
Ovulation,6.9,3,4,4,1,1.1,116.7,45.7,56.2
Early Luteal,6.7,4,3,3,3,1.3,470.5,527.4,44.2
Menstrual,6.1,2,2,2,2,1.9,293.0,208.1,28.5
Follicular,6.3,2,3,3,1,1.7,68.0,36.1,46.0
Late Luteal,5.8,3,2,1,2,2.2,114.5,214.5,33.8
Ovulation,6.3,2,3,4,3,1.7,344.2,217.7,32.4
Menstrual,6.4,3,3,2,2,1.6,212.6,307.0,37.6
Early Luteal,7.2,5,3,3,1,0.8,99.1,62.4,67.6
Early Luteal,7.5,4,4,4,4,0.5,638.9,516.9,42.3
Ovulation,6.4,5,3,4,4,1.6,645.6,700.8,37.7
Late Luteal,5.7,3,2,1,3,2.3,338.2,306.7,20.2
Ovulation,6.7,3,3,4,3,1.3,289.8,275.4,39.7
Follicular,6.8,5,3,4,3,1.2,203.3,106.1,53.3
Menstrual,7.5,5,3,3,2,0.5,219.6,277.4,65.9
Late Luteal,6.6,4,3,2,2,1.4,141.9,5.1,54.0
Follicular,8.0,4,4,4,2,0.0,355.4,367.0,62.3
Follicular,6.6,4,4,3,1,1.4,98.4,68.1,64.5
Late Luteal,5.9,2,2,2,4,2.1,566.0,520.4,10.5
Late Luteal,7.9,4,3,3,1,0.1,96.6,160.6,65.7
Menstrual,7.1,2,2,2,1,0.9,38.4,0.0,45.9
Menstrual,6.7,2,3,2,1,1.3,23.3,0.0,51.6
Follicular,6.8,4,3,3,1,1.2,120.2,97.4,61.8
Early Luteal,6.2,3,3,2,2,1.8,124.9,166.7,38.8
Follicular,8.3,5,4,4,3,0.0,345.1,319.6,65.0
Menstrual,5.5,4,3,3,3,2.5,364.3,358.0,31.8
Early Luteal,8.1,4,3,4,2,0.0,74.2,145.8,62.8
Ovulation,7.3,4,4,4,1,0.7,71.0,75.6,74.7
Early Luteal,5.7,4,3,2,3,2.3,304.6,110.7,41.5
Follicular,5.1,4,3,3,3,2.9,454.9,427.3,25.2
Follicular,7.2,5,4,4,2,0.8,68.8,127.1,74.4
Follicular,6.9,3,4,4,2,1.1,332.1,328.7,44.5
Ovulation,6.5,3,3,4,3,1.5,338.1,260.1,40.4
Early Luteal,7.3,4,3,3,2,0.7,131.8,100.3,62.4
Late Luteal,7.6,3,4,2,2,0.4,353.1,426.0,49.4
Late Luteal,5.4,3,3,3,2,2.6,327.0,333.0,28.0
Late Luteal,3.7,1,1,1,1,4.3,52.4,25.9,9.0
Follicular,8.8,5,3,3,5,0.0,800.0,878.7,47.7
Early Luteal,6.5,3,3,2,3,1.5,346.5,300.3,34.1
Ovulation,7.8,3,4,4,2,0.2,162.7,230.0,64.1
Late Luteal,5.3,3,2,3,2,2.7,156.8,194.2,34.2
Early Luteal,6.2,3,2,2,5,1.8,800.0,900.0,12.7
Follicular,8.5,4,3,4,2,0.0,265.3,282.4,64.5
Late Luteal,6.4,1,2,2,2,1.6,208.7,149.6,26.8
Ovulation,6.2,4,5,5,3,1.8,329.8,401.5,46.5
Early Luteal,6.5,3,2,2,4,1.5,536.6,636.6,23.4
Early Luteal,8.2,4,3,4,2,0.0,239.1,249.3,67.4
Early Luteal,6.9,3,3,4,2,1.1,181.6,124.3,48.2
Late Luteal,8.0,3,3,2,2,0.0,86.7,186.7,54.2
Menstrual,6.9,3,3,2,2,1.1,240.5,212.9,42.9
Follicular,5.8,3,3,5,1,2.2,87.7,0.0,56.5
Late Luteal,6.0,3,3,2,1,2.0,100.5,58.0,43.0
Menstrual,5.8,4,3,4,3,2.2,415.9,345.5,30.3
Late Luteal,6.0,3,3,2,1,2.0,71.0,96.0,44.5
Late Luteal,5.9,2,2,1,3,2.1,428.9,418.1,19.1
Follicular,7.7,5,4,4,2,0.3,85.3,120.3,71.2
Late Luteal,7.0,3,2,1,3,1.0,354.7,198.6,36.5
Ovulation,7.4,5,4,4,1,0.6,112.5,103.3,79.6
Early Luteal,7.5,4,3,4,2,0.5,115.3,148.2,63.3
Late Luteal,7.3,4,3,2,2,0.7,301.5,286.6,49.8
Late Luteal,8.2,5,3,3,5,0.0,788.3,797.9,38.3
Follicular,5.0,1,2,1,1,3.0,3.8,0.0,30.0
Follicular,5.4,3,3,4,4,2.6,578.0,595.1,20.9
Follicular,7.4,4,3,4,2,0.6,231.7,224.7,60.6
Follicular,5.6,3,3,3,4,2.4,499.9,547.7,24.7
Early Luteal,8.5,4,4,4,1,0.0,23.3,120.9,77.2
Follicular,8.1,4,4,3,2,0.0,321.2,130.6,71.8
Follicular,6.5,4,3,3,3,1.5,355.7,455.7,38.7
Follicular,7.5,4,4,3,1,0.5,109.1,60.2,68.8
Follicular,6.9,2,3,3,2,1.1,121.4,182.6,38.4
Early Luteal,6.5,4,2,3,2,1.5,95.8,31.1,49.3
Late Luteal,6.2,3,3,2,4,1.8,419.1,433.2,22.7
Late Luteal,6.2,2,2,2,2,1.8,173.0,174.1,37.3
Follicular,6.6,2,3,3,3,1.4,421.3,413.5,27.4
Follicular,7.5,4,4,4,4,0.5,442.9,429.2,43.2
Menstrual,6.8,2,2,2,3,1.2,287.9,208.4,28.1
Ovulation,6.7,2,3,3,2,1.3,207.7,275.1,46.4
Late Luteal,8.6,4,3,4,3,0.0,420.2,415.3,51.8
Ovulation,8.0,4,4,5,2,0.0,212.9,162.4,69.7
Menstrual,6.9,3,4,3,1,1.1,17.1,26.5,59.5
Late Luteal,6.9,2,3,1,2,1.1,249.5,285.7,41.5
Menstrual,7.0,3,2,3,2,1.0,88.1,21.1,45.3
Late Luteal,8.6,5,4,3,1,0.0,64.0,7.7,73.4
Late Luteal,5.8,2,1,2,4,2.2,493.4,476.6,11.3
Follicular,7.9,4,3,4,2,0.1,76.2,84.7,66.3
Early Luteal,5.8,3,3,4,2,2.2,213.0,239.1,42.5
Early Luteal,6.8,2,2,2,4,1.2,553.0,427.4,21.2
Follicular,7.1,4,4,3,2,0.9,236.1,246.5,58.4
Menstrual,5.1,3,3,3,2,2.9,212.8,235.8,30.4
Follicular,8.3,5,3,4,3,0.0,376.2,235.7,59.3
Early Luteal,6.4,2,3,3,3,1.6,402.8,333.3,29.3
Menstrual,6.7,2,2,2,3,1.3,291.0,391.0,30.0
Menstrual,6.3,3,3,3,2,1.7,274.8,293.0,38.9
Menstrual,7.8,3,3,1,1,0.2,174.9,164.7,56.2
Follicular,6.2,4,3,4,2,1.8,247.2,237.2,49.6
Follicular,7.4,4,3,4,3,0.6,325.5,416.3,52.5
Early Luteal,8.6,4,4,3,1,0.0,57.1,9.3,81.0
Menstrual,7.4,4,3,4,1,0.6,13.0,0.0,66.5
Menstrual,6.5,3,2,2,2,1.5,220.0,213.9,41.6
Late Luteal,5.7,2,1,1,3,2.3,288.2,294.5,17.9
Late Luteal,7.3,3,4,2,1,0.7,55.6,132.7,54.1
Early Luteal,6.1,3,2,3,3,1.9,458.2,526.9,27.6
Early Luteal,8.6,4,3,3,3,0.0,352.2,184.1,55.1
Early Luteal,6.2,3,2,3,2,1.8,121.6,198.5,44.9
Early Luteal,7.1,4,4,4,2,0.9,208.2,123.7,54.3
Follicular,6.8,3,3,4,3,1.2,376.0,393.2,38.1
Late Luteal,6.0,3,2,2,1,2.0,111.5,29.0,45.9
Late Luteal,6.4,3,2,2,2,1.6,57.6,48.4,41.0
Early Luteal,6.6,4,2,2,2,1.4,97.8,0.0,49.5
Early Luteal,7.4,3,4,4,1,0.6,128.0,159.5,63.3
Follicular,8.0,4,4,3,2,0.0,154.0,68.2,67.8
Menstrual,7.0,3,2,3,3,1.0,353.1,453.1,37.8
Follicular,6.7,3,3,3,2,1.3,63.4,0.3,47.0
Follicular,6.8,4,3,3,3,1.2,322.7,345.5,47.9
Late Luteal,7.0,2,3,3,2,1.0,291.7,351.9,34.9
Menstrual,4.8,2,1,2,4,3.2,465.6,521.2,4.2
Ovulation,6.5,2,3,2,2,1.5,176.2,256.6,41.2
Late Luteal,5.1,3,3,1,1,2.9,57.4,143.7,32.8
Early Luteal,6.3,3,3,2,2,1.7,207.2,180.9,43.6
Early Luteal,8.2,4,4,4,2,0.0,185.4,228.7,60.6
Menstrual,5.8,3,3,2,3,2.2,288.8,251.4,24.8
Ovulation,7.1,4,3,3,2,0.9,342.0,391.6,57.0
Follicular,7.5,4,4,5,2,0.5,296.8,352.1,62.7
Late Luteal,6.1,2,3,2,2,1.9,203.8,209.0,29.1
Follicular,6.1,3,3,3,3,1.9,538.8,571.6,31.5
Late Luteal,6.6,3,3,2,1,1.4,103.1,67.0,45.9
Early Luteal,7.7,4,2,2,3,0.3,509.0,431.3,38.8
Follicular,8.2,5,3,4,3,0.0,350.2,187.6,60.3
Follicular,7.9,4,3,4,2,0.1,217.6,137.9,60.3
Early Luteal,8.1,5,3,3,3,0.0,209.5,309.5,64.1
Menstrual,8.4,4,3,3,3,0.0,306.8,281.9,51.8
Follicular,6.6,4,4,4,1,1.4,85.7,10.2,67.2
Follicular,5.4,3,3,2,2,2.6,94.7,194.7,37.6
Menstrual,5.9,3,2,2,4,2.1,594.3,485.8,12.3
Ovulation,6.3,3,4,4,3,1.7,375.9,271.2,38.9
Follicular,6.6,3,4,5,3,1.4,317.7,213.7,41.7
Early Luteal,5.9,4,3,4,1,2.1,69.1,139.6,55.8
Menstrual,6.0,3,2,2,2,2.0,117.4,25.8,40.1
Late Luteal,5.6,3,2,1,1,2.4,35.0,0.0,45.3
Follicular,6.3,3,3,3,4,1.7,608.7,708.7,26.6
Early Luteal,6.5,3,3,4,3,1.5,424.1,378.8,32.9
Follicular,7.3,4,3,3,5,0.7,738.2,759.5,29.7
Follicular,7.4,4,4,4,3,0.6,411.3,336.3,50.6
Menstrual,6.4,3,3,2,3,1.6,489.1,528.9,27.0
Early Luteal,8.3,4,3,3,4,0.0,658.5,586.2,45.6
Follicular,5.7,3,3,3,2,2.3,164.4,165.0,41.3
Early Luteal,8.2,4,3,2,2,0.0,226.2,113.7,63.7
Follicular,8.3,3,4,4,2,0.0,76.5,98.7,61.9
Early Luteal,7.0,3,3,3,1,1.0,72.2,0.0,56.4
Follicular,9.0,5,4,5,1,0.0,54.3,77.5,90.9
Follicular,7.5,4,4,4,2,0.5,143.9,177.7,70.7
Late Luteal,6.5,2,3,3,2,1.5,85.6,22.4,42.9
Late Luteal,6.2,3,3,3,3,1.8,340.0,393.9,28.3
Late Luteal,7.7,3,2,2,2,0.3,29.7,18.3,50.4
Early Luteal,6.6,3,2,2,4,1.4,539.4,496.4,25.8
Follicular,6.9,3,4,3,1,1.1,15.0,0.0,61.2
Ovulation,6.6,3,3,2,1,1.4,80.9,109.3,55.5
Early Luteal,6.3,4,4,3,2,1.7,161.7,29.6,52.5
Late Luteal,5.4,4,2,2,1,2.6,115.2,41.4,46.9
Ovulation,7.9,4,4,4,2,0.1,252.0,208.6,62.7
Follicular,7.3,4,4,3,1,0.7,60.5,51.8,68.8
Ovulation,7.4,4,3,4,2,0.6,220.9,320.9,59.9
Early Luteal,6.6,3,3,3,3,1.4,478.9,504.2,39.8
Late Luteal,5.3,3,2,3,4,2.7,673.7,628.2,14.3
Menstrual,8.0,3,4,4,1,0.0,2.2,0.0,65.4
Early Luteal,7.9,5,4,3,2,0.1,164.7,264.7,71.4
Follicular,7.4,5,3,3,5,0.6,800.0,900.0,40.5
Early Luteal,7.7,4,4,3,2,0.3,123.7,148.8,63.4
Follicular,9.1,4,4,3,3,0.0,372.2,472.2,55.2
Early Luteal,7.6,4,3,3,2,0.4,223.5,201.5,57.0
Menstrual,6.7,3,3,2,3,1.3,308.9,320.1,33.4
Late Luteal,6.5,3,3,2,1,1.5,65.4,11.3,55.4
Early Luteal,8.5,4,4,5,2,0.0,163.8,116.7,66.5
Late Luteal,7.6,3,2,2,4,0.4,590.3,559.8,29.6
Ovulation,7.1,4,3,4,3,0.9,337.4,415.3,49.6
Follicular,6.7,3,4,4,1,1.3,0.1,0.0,59.2
Late Luteal,7.8,3,2,2,2,0.2,186.0,127.2,49.2
Early Luteal,7.4,4,4,3,1,0.6,90.6,32.8,63.8
Follicular,8.3,4,4,4,1,0.0,94.2,97.6,76.8
Follicular,7.1,4,4,5,2,0.9,275.5,333.0,61.0
Follicular,6.3,3,3,3,2,1.7,41.9,105.3,46.1
Follicular,8.2,4,4,4,2,0.0,215.7,259.5,62.3
Menstrual,6.4,3,2,2,2,1.6,161.0,69.8,42.1
Follicular,6.1,3,3,2,3,1.9,423.1,507.1,35.4
Menstrual,7.2,4,5,4,1,0.8,108.1,123.1,63.7
Follicular,6.9,2,3,4,2,1.1,140.0,53.4,46.0
Menstrual,7.1,4,2,2,3,0.9,337.4,437.4,41.3
Follicular,9.0,5,4,4,2,0.0,126.0,226.0,82.7
Late Luteal,4.6,2,2,1,3,3.4,442.5,416.7,8.2
Follicular,8.4,5,4,3,2,0.0,339.6,406.3,72.1
Menstrual,4.6,2,1,3,1,3.4,69.5,30.1,21.1
Late Luteal,6.8,3,3,2,3,1.2,363.5,453.5,35.0
Follicular,7.2,4,3,4,1,0.8,56.0,8.1,67.7
Early Luteal,6.8,2,3,2,2,1.2,221.7,269.5,42.8
Late Luteal,6.0,2,1,1,4,2.0,441.9,315.5,10.7
Follicular,6.7,3,2,3,4,1.3,491.4,531.6,26.2
Late Luteal,5.0,2,2,2,1,3.0,36.0,7.0,29.8
Follicular,6.3,2,2,2,3,1.7,381.4,375.0,26.6
Early Luteal,6.4,3,3,4,1,1.6,38.0,51.5,60.3
Early Luteal,6.4,3,2,3,3,1.6,341.2,276.8,34.5
Late Luteal,5.7,2,3,1,2,2.3,175.3,118.0,32.7
Late Luteal,5.1,2,3,2,1,2.9,83.1,0.0,33.4
Menstrual,6.3,3,3,3,1,1.7,27.4,0.0,47.5
Menstrual,6.1,3,3,2,1,1.9,69.2,72.2,44.3
Menstrual,8.2,3,3,3,2,0.0,241.4,202.8,50.0
Ovulation,6.8,3,3,3,2,1.2,271.2,305.1,48.0
Early Luteal,5.6,4,3,3,1,2.4,118.8,44.6,49.4
Ovulation,6.4,2,3,3,3,1.6,456.0,506.2,32.0
Follicular,8.3,5,5,5,1,0.0,146.8,0.0,79.3
Follicular,6.1,4,4,4,2,1.9,273.3,364.6,51.3
Early Luteal,5.3,4,4,4,1,2.7,77.8,31.4,55.0
Follicular,7.5,4,3,3,3,0.5,385.3,374.2,47.3
Early Luteal,7.5,4,3,4,2,0.5,226.2,225.4,57.4
Follicular,8.5,4,5,5,1,0.0,69.5,35.3,78.8
Early Luteal,6.7,3,2,2,4,1.3,610.6,571.7,27.3
Follicular,6.3,3,3,2,1,1.7,4.1,13.8,53.3
Late Luteal,8.1,4,3,3,3,0.0,341.4,307.7,48.8
Ovulation,7.2,3,4,4,2,0.8,287.3,137.1,55.4
Late Luteal,6.7,3,3,2,2,1.3,229.9,283.7,46.0
Menstrual,7.6,5,3,3,2,0.4,228.3,255.3,67.8
Late Luteal,6.3,3,4,4,1,1.7,30.6,0.0,55.8
Early Luteal,7.0,4,3,3,4,1.0,419.0,397.1,43.5
Late Luteal,7.1,4,3,3,3,0.9,353.3,291.8,42.7
Menstrual,7.3,4,4,4,2,0.7,219.2,208.5,56.4
Follicular,7.8,5,5,4,2,0.2,207.7,193.1,74.3
Menstrual,8.3,4,3,2,3,0.0,319.4,179.9,57.4
Early Luteal,6.6,3,4,3,3,1.4,339.1,324.8,39.1
Follicular,6.9,4,4,4,2,1.1,241.8,293.4,51.1
Early Luteal,7.6,3,3,3,2,0.4,100.3,144.9,56.7
Late Luteal,5.8,2,3,2,2,2.2,198.8,175.2,31.4
Follicular,7.7,4,3,2,5,0.3,757.4,764.6,38.2
Menstrual,8.4,3,3,2,3,0.0,414.7,504.1,47.5
Menstrual,5.6,3,3,3,2,2.4,250.0,307.3,34.9
Menstrual,6.1,2,3,3,2,1.9,212.7,312.7,28.1
Menstrual,5.3,3,2,3,3,2.7,347.0,286.6,21.6
Ovulation,6.9,4,3,3,3,1.1,446.2,428.7,55.1
Follicular,6.2,4,4,4,2,1.8,129.8,12.6,48.4
Early Luteal,6.8,3,3,3,2,1.2,203.3,152.5,48.6
Menstrual,6.2,3,3,3,2,1.8,31.1,0.0,47.0
Late Luteal,7.5,3,3,3,2,0.5,115.8,121.3,47.2
Menstrual,5.6,3,1,2,4,2.4,601.7,701.7,13.8
Follicular,6.7,2,2,3,2,1.3,355.0,392.8,38.8
Late Luteal,5.8,3,3,2,2,2.2,166.2,204.5,35.3
Follicular,8.5,4,4,4,2,0.0,199.3,105.3,68.7
Menstrual,7.0,3,2,2,3,1.0,344.8,444.8,38.4
Ovulation,5.7,3,4,5,2,2.3,74.9,168.0,46.7
Late Luteal,6.0,3,2,2,2,2.0,203.8,273.6,31.9
Follicular,7.1,5,4,3,2,0.9,258.3,221.2,62.2
Follicular,7.4,4,4,3,1,0.6,62.7,0.0,69.9
Early Luteal,6.8,4,3,4,2,1.2,134.0,114.4,58.1
Follicular,8.2,5,5,5,2,0.0,199.5,299.5,78.9
Menstrual,7.2,4,3,3,2,0.8,93.7,53.6,58.0
Late Luteal,6.5,3,3,2,1,1.5,117.6,138.6,48.9
Late Luteal,5.5,3,2,1,2,2.5,266.7,238.5,30.9
Early Luteal,7.8,4,3,3,3,0.2,283.3,320.3,54.7
Follicular,7.8,5,4,4,1,0.2,39.6,49.6,77.0
Menstrual,6.4,2,3,3,1,1.6,91.0,38.6,39.2
Menstrual,8.6,4,4,2,3,0.0,434.8,507.3,58.1
Menstrual,6.6,3,3,3,3,1.4,464.0,417.8,33.6
Follicular,5.9,3,3,3,1,2.1,55.2,88.1,48.9
Follicular,6.4,3,4,4,1,1.6,103.9,178.7,55.5
Follicular,7.8,5,4,5,1,0.2,26.0,6.0,81.5
Late Luteal,6.7,3,2,2,3,1.3,334.8,376.8,31.7
Early Luteal,5.6,4,2,3,4,2.4,541.7,641.7,30.4
Ovulation,7.3,4,5,3,1,0.7,176.3,192.6,69.1
Follicular,8.0,5,4,4,2,0.0,282.8,219.9,67.9
Late Luteal,6.3,3,3,2,1,1.7,131.6,132.1,42.1
Follicular,6.7,3,4,4,2,1.3,315.3,272.6,49.0
Early Luteal,8.8,5,4,4,2,0.0,252.4,352.4,72.9
Follicular,5.3,3,3,3,2,2.7,284.6,271.4,34.7
Menstrual,6.4,3,2,2,2,1.6,264.4,279.0,37.9
Early Luteal,7.0,3,2,2,3,1.0,297.0,204.7,36.6
Ovulation,8.7,5,4,4,2,0.0,226.4,323.4,75.8
Early Luteal,5.7,3,3,3,3,2.3,399.4,337.7,26.9
Late Luteal,6.8,3,3,3,2,1.2,266.8,256.8,39.0
Early Luteal,7.8,4,2,3,3,0.2,214.8,274.5,53.9
Menstrual,7.7,2,3,1,3,0.3,300.1,345.8,38.6
Late Luteal,6.5,3,1,1,4,1.5,594.3,469.5,18.7
Follicular,6.2,4,2,2,5,1.8,800.0,879.3,22.5
Menstrual,6.1,3,2,3,2,1.9,137.3,55.4,34.4
Early Luteal,6.2,4,4,3,4,1.8,640.8,740.8,29.5
Early Luteal,8.5,4,4,4,2,0.0,163.5,187.3,69.6
Menstrual,5.7,2,1,2,2,2.3,242.8,231.5,21.4
Follicular,6.7,4,4,4,1,1.3,61.6,22.9,61.8
Follicular,7.6,5,4,4,2,0.4,266.7,143.9,68.8
Follicular,8.2,3,5,4,1,0.0,64.5,97.4,76.2
Ovulation,7.2,4,3,3,4,0.8,657.2,616.4,42.9
Follicular,8.6,4,4,4,2,0.0,190.2,85.9,71.1
Follicular,5.8,3,2,3,2,2.2,182.5,51.6,33.2
Early Luteal,6.5,3,2,3,2,1.5,245.1,247.6,40.5
Ovulation,6.9,3,3,4,2,1.1,238.0,184.5,46.0
Follicular,7.1,4,2,2,2,0.9,201.6,275.7,53.6
Follicular,6.6,2,3,4,4,1.4,686.7,759.9,23.6
Early Luteal,7.6,5,3,3,1,0.4,143.4,105.1,73.9
Follicular,6.7,3,3,3,1,1.3,117.9,217.9,51.1
Menstrual,7.0,1,2,2,2,1.0,136.0,236.0,28.7
Menstrual,7.2,2,2,3,3,0.8,354.8,380.9,28.4
Follicular,6.6,3,3,4,1,1.4,114.5,67.7,51.3
Follicular,8.9,4,3,4,1,0.0,50.0,55.5,75.7
Follicular,6.9,3,4,5,2,1.1,125.7,129.6,53.6
Menstrual,5.5,1,1,1,4,2.5,528.2,524.6,2.5
Early Luteal,7.4,4,4,4,2,0.6,163.4,39.4,64.6
Menstrual,6.8,4,2,2,3,1.2,431.8,443.5,38.3
Early Luteal,7.3,3,3,3,2,0.7,297.4,225.2,46.1
Early Luteal,7.7,4,3,3,3,0.3,447.9,461.8,47.6
Menstrual,6.8,3,2,3,3,1.2,301.2,251.7,32.0
Ovulation,9.1,5,4,4,3,0.0,402.1,294.9,76.0
Menstrual,6.1,3,3,3,2,1.9,91.0,16.9,40.8
Late Luteal,6.3,3,2,2,2,1.7,46.4,0.0,44.8
Menstrual,9.1,4,3,4,2,0.0,188.6,75.2,67.7
Late Luteal,7.5,4,2,1,2,0.5,160.4,143.3,54.1
Early Luteal,7.0,3,2,3,3,1.0,463.1,523.1,37.7
Early Luteal,5.6,4,3,4,2,2.4,90.3,184.6,40.8
Early Luteal,7.6,4,3,3,5,0.4,705.4,726.4,38.3
Ovulation,8.8,5,4,5,3,0.0,225.8,149.6,73.7
Follicular,6.6,3,3,2,4,1.4,561.1,605.7,25.5
Late Luteal,8.1,3,3,2,2,0.0,69.2,20.0,52.1
Follicular,7.9,5,4,4,3,0.1,369.4,422.9,59.8
Follicular,6.5,3,3,2,4,1.5,567.5,598.4,26.0
Menstrual,4.8,2,2,2,2,3.2,319.1,320.1,13.5
Follicular,6.4,3,2,2,3,1.6,346.7,425.6,38.1
Early Luteal,6.0,2,3,3,1,2.0,75.8,0.0,41.5
Menstrual,6.4,3,3,3,1,1.6,28.9,88.6,46.0
Follicular,8.4,4,4,4,2,0.0,87.4,0.0,63.8
Menstrual,5.6,3,3,2,1,2.4,13.3,32.0,39.7
Late Luteal,5.6,2,2,1,2,2.4,141.4,200.2,24.6
Late Luteal,6.9,3,2,2,2,1.1,222.6,175.4,40.5
Follicular,7.8,4,4,4,1,0.2,10.0,21.1,72.9
Menstrual,7.3,3,3,4,3,0.7,356.4,453.3,40.5
Menstrual,6.6,3,3,2,2,1.4,167.8,101.7,46.2
Ovulation,9.1,5,4,4,1,0.0,53.5,153.5,87.6
Early Luteal,8.7,4,3,3,3,0.0,410.3,457.9,57.9
Ovulation,8.9,4,4,4,2,0.0,82.8,53.2,75.2
Follicular,8.0,3,3,3,1,0.0,34.8,0.0,65.4
Early Luteal,7.5,3,3,3,2,0.5,336.8,347.8,47.4
Late Luteal,6.9,3,4,3,2,1.1,155.1,158.8,48.5
Late Luteal,4.5,1,2,2,1,3.5,47.7,0.0,18.8
Early Luteal,6.1,3,3,3,1,1.9,103.0,43.1,47.5
Menstrual,6.6,3,2,1,3,1.4,327.8,427.7,27.3
Follicular,7.3,4,3,3,2,0.7,1.9,101.9,61.7
Follicular,5.3,2,3,4,3,2.7,468.1,449.2,19.6
Menstrual,5.4,3,3,3,1,2.6,48.3,22.6,41.3
Early Luteal,8.0,4,3,3,2,0.0,202.2,261.0,57.6
Late Luteal,5.2,4,3,2,2,2.8,124.9,185.9,40.5
Follicular,7.0,2,3,3,4,1.0,585.3,506.0,23.2
Ovulation,5.6,3,3,3,2,2.4,188.0,251.6,42.8
Ovulation,8.4,4,3,3,3,0.0,528.7,423.6,62.1
Follicular,7.0,4,3,3,2,1.0,212.7,276.3,56.1
Menstrual,7.4,3,3,2,3,0.6,500.8,468.7,31.4
Ovulation,7.2,4,4,4,2,0.8,256.3,355.2,59.1
Follicular,8.6,4,4,3,1,0.0,105.1,205.1,77.3
Early Luteal,6.9,2,3,3,1,1.1,89.9,168.0,46.7
Late Luteal,5.8,2,2,2,1,2.2,32.4,23.3,38.3
Follicular,7.0,4,3,3,1,1.0,21.2,0.0,63.1
Early Luteal,6.6,3,3,3,1,1.4,64.1,55.7,50.7
Late Luteal,7.0,3,2,2,1,1.0,187.0,277.6,52.0
Follicular,7.0,2,3,3,2,1.0,70.2,0.0,54.1
Ovulation,7.1,3,3,3,2,0.9,319.4,406.8,50.1
Menstrual,4.9,1,1,1,4,3.1,354.7,423.5,0.0
Follicular,8.3,4,4,3,2,0.0,68.7,44.4,70.5
Ovulation,7.4,4,3,3,2,0.6,254.2,218.1,52.7
Menstrual,7.8,4,3,3,3,0.2,409.8,385.5,41.2
Ovulation,6.5,2,4,4,2,1.5,166.9,129.8,46.0
Early Luteal,6.1,2,2,2,3,1.9,355.7,414.2,26.3
Menstrual,5.8,3,2,2,3,2.2,496.1,334.6,21.8
Menstrual,6.4,3,2,2,2,1.6,314.2,331.4,35.7
Follicular,6.4,3,3,3,1,1.6,97.7,116.8,50.6
Late Luteal,6.9,3,2,1,2,1.1,288.6,302.6,42.3
Late Luteal,5.4,2,3,2,1,2.6,110.8,95.1,32.0
Late Luteal,6.8,3,2,3,3,1.2,229.2,157.4,36.0
Menstrual,6.2,2,2,2,2,1.8,162.8,172.1,35.5
Menstrual,7.0,2,2,1,2,1.0,130.7,134.9,40.6
Ovulation,7.2,4,3,4,3,0.8,343.4,402.3,52.4
Follicular,8.0,5,4,4,2,0.0,131.1,46.5,70.1
Late Luteal,6.1,4,3,2,2,1.9,120.8,212.2,44.1
Follicular,7.3,3,2,2,2,0.7,323.5,245.6,53.1
Early Luteal,7.8,4,3,3,4,0.2,596.4,620.2,51.3
Follicular,5.8,4,3,3,2,2.2,106.8,59.0,46.3
Late Luteal,7.1,4,3,3,2,0.9,237.0,337.0,50.6
Late Luteal,6.6,3,2,2,2,1.4,257.4,357.4,39.5
Follicular,7.1,4,3,3,3,0.9,390.2,377.3,43.9
Late Luteal,6.4,4,3,3,4,1.6,594.5,590.5,23.3
Follicular,6.9,4,4,4,2,1.1,232.1,232.3,51.7
Menstrual,6.8,4,2,1,3,1.2,361.5,415.6,41.1
Menstrual,6.9,2,2,2,3,1.1,241.1,271.4,25.5
Early Luteal,7.0,2,3,3,2,1.0,96.2,36.5,46.1
Follicular,7.0,4,4,3,1,1.0,36.4,76.8,59.9
Follicular,6.7,3,2,3,5,1.3,800.0,799.5,20.4
Early Luteal,8.5,5,4,3,2,0.0,280.1,235.6,72.3
Follicular,8.4,4,3,3,3,0.0,231.9,177.7,65.8
Late Luteal,6.6,3,3,3,2,1.4,305.9,392.9,37.8
Late Luteal,8.1,4,3,2,1,0.0,77.4,31.4,68.5
Follicular,7.7,4,4,3,3,0.3,402.7,410.3,53.0
Menstrual,6.5,2,4,3,1,1.5,59.2,82.0,42.7
Menstrual,7.7,4,3,3,2,0.3,124.3,138.4,57.8
Ovulation,7.4,4,4,3,1,0.6,124.7,124.2,70.5
Menstrual,7.9,3,3,2,2,0.1,148.9,248.9,45.8
Follicular,6.5,3,3,3,1,1.5,143.3,115.2,47.3
Follicular,7.7,5,4,4,2,0.3,143.5,68.5,70.7
Late Luteal,8.3,4,3,3,3,0.0,509.1,390.6,53.9
Follicular,6.3,3,3,3,2,1.7,184.6,147.7,44.3
Follicular,6.5,3,3,3,3,1.5,321.8,325.9,38.0
Menstrual,6.8,2,3,2,2,1.2,240.4,174.2,35.1
Follicular,5.9,3,3,3,1,2.1,72.0,103.8,51.5
Menstrual,6.5,2,1,2,2,1.5,174.1,155.2,31.9
Follicular,8.6,5,3,3,4,0.0,517.8,500.4,55.7
Follicular,8.4,4,3,3,2,0.0,192.0,205.7,65.0
Early Luteal,6.0,2,2,2,4,2.0,506.6,487.6,19.1
Follicular,8.1,4,3,5,2,0.0,260.4,217.7,62.9
Early Luteal,7.6,5,3,4,3,0.4,352.1,436.8,53.3
Early Luteal,7.0,3,4,3,3,1.0,262.4,339.0,42.4
Late Luteal,7.6,4,3,3,2,0.4,43.6,131.5,57.1
Late Luteal,5.8,3,1,2,4,2.2,563.5,632.6,13.5
Late Luteal,7.5,4,4,2,1,0.5,122.3,0.0,69.9
Follicular,7.8,2,3,4,2,0.2,111.0,54.3,53.6
Late Luteal,5.0,1,1,1,4,3.0,496.6,570.9,0.0
Menstrual,9.5,4,3,2,3,0.0,395.8,365.8,50.5
Menstrual,8.0,4,2,2,2,0.0,114.0,214.0,51.1
Early Luteal,4.7,2,3,3,2,3.3,139.0,110.7,25.9
Early Luteal,6.7,2,2,2,2,1.3,337.9,345.5,36.7
Ovulation,5.7,3,4,4,1,2.3,38.1,0.0,52.8
Early Luteal,7.2,3,3,4,2,0.8,211.0,240.2,54.1
Follicular,6.2,3,3,4,1,1.8,71.2,67.3,54.3
Menstrual,6.9,3,3,2,3,1.1,239.2,318.0,34.5
Menstrual,6.3,3,2,1,3,1.7,322.6,228.9,31.1
Menstrual,6.6,2,3,2,1,1.4,19.3,71.6,45.0
Late Luteal,7.6,4,3,3,2,0.4,124.7,196.1,57.0
Follicular,6.7,4,3,3,2,1.3,113.5,120.0,59.2
Follicular,7.7,4,4,4,3,0.3,437.7,390.5,53.0
Early Luteal,7.7,4,4,4,1,0.3,40.7,119.2,70.1
Late Luteal,7.2,3,4,4,1,0.8,151.0,192.0,56.6
Late Luteal,6.2,3,3,2,2,1.8,60.0,160.0,44.3
Menstrual,6.5,3,2,3,1,1.5,27.5,58.7,49.9
Early Luteal,7.9,4,3,3,2,0.1,155.2,217.0,63.6
Early Luteal,7.0,4,3,3,2,1.0,164.6,156.4,54.9
Ovulation,7.2,3,3,3,2,0.8,317.8,291.5,56.8
Early Luteal,7.6,4,3,3,3,0.4,553.3,578.2,45.9
Follicular,6.7,3,4,5,3,1.3,433.5,533.5,41.2
Follicular,6.7,4,4,3,1,1.3,47.7,0.0,60.8
Late Luteal,6.0,3,1,2,2,2.0,224.8,313.7,36.0
Early Luteal,7.9,3,3,4,1,0.1,91.1,0.0,64.0
Follicular,7.8,3,3,3,3,0.2,433.9,494.9,50.2
Early Luteal,6.0,3,3,2,3,2.0,407.4,394.4,28.2
Late Luteal,7.0,3,1,3,3,1.0,427.3,527.3,38.3
Ovulation,6.4,3,3,3,2,1.6,115.8,79.7,50.9
Follicular,7.4,4,4,4,3,0.6,278.7,349.6,54.6
Follicular,6.9,4,4,4,1,1.1,47.3,89.8,69.4
Late Luteal,5.0,2,2,2,2,3.0,213.0,88.4,22.9
Follicular,7.4,4,4,5,2,0.6,358.8,255.3,59.0
Late Luteal,5.3,2,2,2,3,2.7,319.6,303.5,19.7
Early Luteal,6.7,4,3,3,2,1.3,120.0,192.3,57.8
Follicular,5.1,2,3,4,3,2.9,429.2,442.4,21.9
Ovulation,6.9,4,3,3,3,1.1,307.0,383.8,44.9
Ovulation,6.4,3,3,3,5,1.6,800.0,844.3,20.6
Early Luteal,8.1,5,3,3,2,0.0,163.6,32.2,75.1
Menstrual,6.9,3,1,1,3,1.1,398.4,440.5,35.8
Early Luteal,7.6,3,3,4,3,0.4,410.9,431.2,47.9
Menstrual,6.1,3,2,3,1,1.9,104.3,204.3,41.2
Early Luteal,6.2,2,1,2,4,1.8,513.2,533.8,12.4
Early Luteal,6.2,3,2,2,4,1.8,572.8,582.3,24.5
Menstrual,9.5,4,4,3,1,0.0,94.7,194.7,73.9
Menstrual,7.6,4,3,3,3,0.4,405.1,437.4,47.6
Follicular,8.7,5,4,3,1,0.0,135.3,29.7,84.1
Early Luteal,7.1,5,4,4,1,0.9,83.5,122.6,73.5
Late Luteal,6.0,2,1,1,2,2.0,91.7,191.7,29.0
Early Luteal,7.3,4,2,3,5,0.7,737.3,771.3,28.3
Follicular,6.1,3,3,2,2,1.9,205.8,243.9,44.7
Late Luteal,4.4,2,2,3,2,3.6,140.5,99.7,16.5
Early Luteal,7.5,3,3,2,2,0.5,313.5,199.7,50.1
Follicular,6.6,3,4,3,2,1.4,174.3,132.4,47.4
Follicular,7.0,3,3,3,2,1.0,215.5,210.7,48.0
Early Luteal,8.1,3,3,3,3,0.0,302.4,212.4,52.6
Menstrual,3.9,1,1,3,3,4.1,493.6,517.5,0.0
Follicular,7.2,5,3,5,2,0.8,94.8,0.0,63.5
Late Luteal,5.9,2,2,2,4,2.1,665.2,732.3,6.8
Menstrual,4.9,2,2,2,3,3.1,494.3,487.7,14.1
Follicular,6.4,3,4,4,1,1.6,108.6,79.8,59.2
Menstrual,5.9,2,3,4,4,2.1,559.9,626.8,11.3
Menstrual,5.7,2,2,3,2,2.3,149.9,230.3,29.7
Menstrual,7.0,3,4,3,1,1.0,28.7,128.0,61.1
Follicular,6.8,2,4,3,3,1.2,325.7,295.0,35.8
Follicular,6.1,3,2,4,2,1.9,272.9,220.0,36.0
Menstrual,5.0,2,2,2,2,3.0,313.6,413.6,23.0
Early Luteal,7.6,4,3,4,3,0.4,424.5,416.8,47.3
Menstrual,7.5,4,4,3,2,0.5,377.8,462.8,54.3
Follicular,9.1,5,5,5,2,0.0,104.5,49.2,74.5
Late Luteal,7.7,4,3,4,1,0.3,124.1,95.8,68.6
Follicular,6.2,2,3,3,3,1.8,442.7,397.2,25.1
Late Luteal,5.5,2,2,2,3,2.5,402.7,421.7,15.4
Follicular,8.4,4,3,3,1,0.0,89.0,104.1,74.9
Ovulation,6.1,3,3,2,3,1.9,379.1,302.9,37.8
Early Luteal,7.4,4,4,3,4,0.6,477.6,445.5,44.6
Follicular,7.9,4,3,3,2,0.1,273.4,222.3,57.9
Follicular,8.4,5,4,4,3,0.0,268.3,267.8,67.8
Menstrual,8.6,5,3,4,4,0.0,591.9,649.2,49.2
Follicular,5.6,4,4,5,1,2.4,109.9,117.5,54.7
Early Luteal,6.6,3,2,2,2,1.4,275.3,181.0,41.7
Ovulation,5.6,3,2,3,2,2.4,280.2,289.9,42.4
Early Luteal,7.1,5,4,4,1,0.9,18.4,20.9,70.7
Menstrual,7.2,4,2,2,4,0.8,445.7,436.2,37.2
Follicular,6.5,3,3,3,2,1.5,111.0,111.5,49.3
Menstrual,7.0,3,3,2,1,1.0,69.8,115.1,53.5
Follicular,6.8,4,3,3,2,1.2,130.5,180.8,55.0
Early Luteal,7.1,3,3,2,2,0.9,90.0,64.4,58.6
Menstrual,6.3,2,2,3,3,1.7,366.7,329.9,28.9
Early Luteal,5.9,4,4,3,2,2.1,125.4,91.2,45.8
Menstrual,7.1,3,2,3,2,0.9,131.9,0.0,43.4
Follicular,7.7,4,3,3,3,0.3,349.4,354.0,51.1
Follicular,6.6,4,3,3,3,1.4,396.6,452.9,42.5
Menstrual,5.9,2,2,3,2,2.1,223.4,191.3,32.7
Ovulation,7.5,3,4,4,2,0.5,145.4,60.9,63.2
Late Luteal,5.3,3,2,2,2,2.7,145.5,238.9,31.6
Follicular,7.2,5,4,4,5,0.8,738.5,703.7,38.2
Early Luteal,7.2,4,3,3,2,0.8,358.2,324.4,56.1
Early Luteal,7.4,4,3,3,2,0.6,218.8,238.1,57.2
Late Luteal,9.2,5,3,3,2,0.0,247.5,303.8,73.7
Early Luteal,7.3,3,3,3,4,0.7,633.6,599.5,28.6
Menstrual,5.8,4,4,4,1,2.2,42.4,0.5,51.4
Ovulation,6.0,2,2,3,4,2.0,525.1,467.1,24.9
Early Luteal,7.5,4,4,4,1,0.5,116.8,159.2,64.7
Follicular,8.0,4,4,4,2,0.0,13.8,87.0,67.0
Menstrual,6.6,3,3,3,2,1.4,146.4,128.3,41.6
Follicular,6.6,4,3,3,2,1.4,67.9,9.2,52.3
Follicular,6.3,4,3,5,3,1.7,275.2,266.2,47.1
Early Luteal,6.8,3,3,3,2,1.2,141.0,180.4,50.8
Follicular,7.4,5,4,4,2,0.6,73.1,29.8,71.1
Follicular,8.0,4,3,3,3,0.0,282.8,288.2,55.4
Early Luteal,8.1,3,2,2,5,0.0,800.0,881.5,28.0
Early Luteal,7.0,2,3,3,2,1.0,135.5,21.5,48.2
Late Luteal,6.4,3,2,2,2,1.6,162.8,240.8,40.6
Late Luteal,6.4,1,1,1,3,1.6,528.3,547.4,11.9
Late Luteal,6.7,3,3,3,1,1.3,83.0,144.5,49.7
Early Luteal,7.2,3,2,2,1,0.8,56.2,0.0,51.3
Early Luteal,5.6,3,4,4,2,2.4,95.2,0.0,41.9
Late Luteal,7.3,5,4,3,2,0.7,243.6,218.8,53.5
Early Luteal,5.9,2,2,3,5,2.1,688.7,725.1,10.5
Follicular,8.6,4,4,4,4,0.0,528.2,475.7,50.8
Early Luteal,7.1,4,4,2,2,0.9,203.4,86.9,58.7
Late Luteal,6.8,3,3,3,1,1.2,24.0,31.8,53.2
Late Luteal,7.2,3,2,3,2,0.8,148.6,195.6,46.0
Follicular,7.3,3,3,3,4,0.7,603.2,598.1,34.1
Follicular,7.5,4,3,3,3,0.5,376.1,426.3,46.9
Menstrual,5.8,4,3,4,3,2.2,394.4,323.0,30.9
Early Luteal,6.6,3,4,3,2,1.4,132.8,14.5,45.3
Menstrual,6.9,3,3,2,2,1.1,129.9,208.4,48.3
Follicular,7.1,4,3,3,2,0.9,118.8,86.6,57.4
Follicular,5.2,3,3,2,3,2.8,344.3,377.2,22.9
Follicular,7.3,3,4,4,2,0.7,277.5,349.3,56.4
Early Luteal,9.0,4,4,3,2,0.0,131.2,46.8,68.3
Ovulation,7.0,4,3,4,2,1.0,226.2,203.4,53.5
Menstrual,8.0,5,4,4,1,0.0,28.0,128.0,74.1
Menstrual,6.5,3,2,2,2,1.5,145.5,42.6,41.6
Early Luteal,4.5,1,3,2,2,3.5,197.4,116.3,13.7
Ovulation,7.0,3,4,3,2,1.0,145.8,200.8,55.4
Early Luteal,7.6,3,2,2,4,0.4,622.4,547.2,29.5
Late Luteal,7.6,3,2,2,3,0.4,278.1,343.1,35.2
Early Luteal,6.6,2,2,3,2,1.4,182.7,169.2,38.3
Follicular,6.2,4,4,5,2,1.8,114.1,77.8,53.5
Menstrual,5.7,2,2,2,1,2.3,31.8,20.5,36.5
Follicular,7.7,5,5,4,1,0.3,64.4,19.5,78.8
Follicular,8.5,5,3,3,4,0.0,484.5,531.1,58.4
Follicular,6.1,4,3,3,3,1.9,418.4,410.5,36.4
Menstrual,4.9,2,3,2,1,3.1,100.9,21.6,35.1
Follicular,6.3,3,4,3,1,1.7,203.4,190.7,46.4
Early Luteal,7.3,4,3,3,2,0.7,277.1,271.0,53.7
Late Luteal,7.6,4,2,3,2,0.4,274.4,282.3,53.4
Early Luteal,7.5,5,3,3,2,0.5,165.1,151.1,64.4
Early Luteal,6.3,3,3,2,2,1.7,66.9,29.2,45.4
Follicular,7.4,5,3,2,2,0.6,220.3,89.1,71.0
Early Luteal,6.3,3,2,2,3,1.7,360.8,305.2,34.9
Menstrual,6.9,3,2,1,3,1.1,278.0,199.3,40.5
Follicular,8.7,5,5,5,1,0.0,89.0,189.0,82.1
Follicular,6.7,4,4,4,4,1.3,585.2,635.8,38.6
Menstrual,9.0,4,3,3,3,0.0,435.3,428.8,50.9
Follicular,7.6,5,3,4,2,0.4,84.1,98.8,71.4
Late Luteal,7.8,4,3,2,3,0.2,333.5,228.4,46.3
Menstrual,7.4,4,2,2,2,0.6,149.7,123.1,50.1
Early Luteal,7.1,5,4,3,3,0.9,294.7,241.7,55.0
Late Luteal,6.1,2,3,2,2,1.9,237.0,295.8,34.1
Early Luteal,8.2,4,3,3,1,0.0,209.4,144.7,75.1
Follicular,7.4,3,3,3,2,0.6,168.4,162.1,54.0
Late Luteal,6.8,2,1,2,3,1.2,300.7,385.0,26.6
Follicular,6.9,2,2,2,2,1.1,205.1,248.2,40.9
Early Luteal,6.1,2,2,4,2,1.9,103.5,203.5,35.9
Menstrual,8.5,4,4,3,2,0.0,128.8,207.4,64.5
Ovulation,5.9,3,4,4,1,2.1,35.3,0.0,52.7
Menstrual,6.9,3,3,3,2,1.1,236.3,148.5,47.7
Follicular,8.2,4,3,4,5,0.0,800.0,772.6,34.7
Early Luteal,5.4,3,2,3,3,2.6,461.0,497.1,29.0
Late Luteal,6.7,2,2,3,3,1.3,523.2,466.7,26.6
Follicular,8.2,5,4,3,3,0.0,360.6,225.3,64.1
Ovulation,8.5,4,3,3,4,0.0,576.2,569.0,47.4
Follicular,7.5,5,3,4,2,0.5,240.6,178.5,68.5
Early Luteal,7.4,4,4,3,2,0.6,307.1,233.8,59.5
Ovulation,8.6,5,5,5,1,0.0,24.1,26.6,94.8
Ovulation,7.0,4,4,4,1,1.0,96.8,78.4,67.8
Early Luteal,8.3,4,4,4,1,0.0,75.4,60.1,76.5
Menstrual,6.7,3,3,3,2,1.3,90.7,39.2,45.1
Follicular,7.4,4,4,5,2,0.6,273.9,291.2,56.8
Late Luteal,5.0,1,2,2,1,3.0,53.4,65.4,24.2
Follicular,7.1,4,3,4,2,0.9,279.8,247.5,54.7
Follicular,8.7,5,4,3,3,0.0,356.0,444.8,72.4
Follicular,7.8,3,3,3,2,0.2,330.0,413.8,56.1
Late Luteal,8.1,2,2,2,5,0.0,754.4,707.8,25.4
Late Luteal,6.8,3,3,2,2,1.2,179.8,192.7,41.8
Late Luteal,6.3,3,2,2,2,1.7,289.7,200.2,37.9
Early Luteal,7.5,4,3,3,3,0.5,237.9,337.9,53.2
Follicular,7.3,5,4,4,3,0.7,271.7,247.4,58.4
Follicular,8.2,5,4,4,3,0.0,343.7,359.8,69.0
Menstrual,6.1,3,3,3,2,1.9,193.7,198.3,38.9
Early Luteal,8.0,4,4,4,2,0.0,93.1,193.1,66.0
Follicular,7.4,5,4,5,1,0.6,10.0,0.0,73.4
Follicular,8.0,4,3,4,2,0.0,153.5,152.0,66.1
Follicular,8.0,4,4,4,2,0.0,118.7,114.9,63.9
Follicular,5.9,4,3,4,2,2.1,298.9,235.0,47.5
Late Luteal,8.8,5,4,4,2,0.0,176.1,152.3,65.7
Early Luteal,7.5,5,4,4,2,0.5,252.8,334.7,64.9
Follicular,7.3,5,4,4,2,0.7,228.6,95.3,72.1
Late Luteal,8.3,4,3,3,2,0.0,116.8,121.0,68.4
Early Luteal,6.0,3,3,3,1,2.0,111.0,25.1,46.3
Early Luteal,6.4,3,3,3,3,1.6,439.7,342.3,36.2
Late Luteal,6.7,4,3,2,1,1.3,49.5,23.3,59.0
Early Luteal,6.8,3,4,3,1,1.2,68.9,157.3,58.2
Follicular,6.9,3,3,3,3,1.1,226.5,212.5,38.0
Early Luteal,4.0,1,2,3,3,4.0,372.1,419.3,0.2
Early Luteal,6.5,4,3,3,4,1.5,449.0,394.9,27.6
Follicular,8.2,4,4,2,3,0.0,267.9,321.3,69.7
Late Luteal,5.0,1,1,1,2,3.0,187.1,146.0,13.7
Early Luteal,9.0,4,4,4,3,0.0,404.1,410.7,53.5
Ovulation,5.6,2,3,4,2,2.4,110.7,210.7,41.2
Follicular,7.6,4,4,4,2,0.4,325.4,189.8,59.0
Late Luteal,5.9,2,1,1,2,2.1,185.0,270.7,27.6
Follicular,7.7,3,4,3,2,0.3,185.8,81.3,54.2
Follicular,7.9,5,4,4,3,0.1,346.1,252.3,59.2
Early Luteal,5.2,2,2,2,2,2.8,113.6,181.8,32.0
Late Luteal,5.5,3,2,2,2,2.5,248.9,184.2,33.5
Ovulation,7.8,4,4,5,1,0.2,125.2,174.8,74.1
Early Luteal,6.9,3,3,2,3,1.1,312.2,407.7,33.3
Ovulation,6.6,2,4,3,2,1.4,73.7,37.1,45.4
Follicular,6.8,3,3,3,3,1.2,364.0,442.3,40.5
Menstrual,7.8,4,2,3,2,0.2,267.9,339.7,57.0
Late Luteal,3.9,1,3,1,1,4.1,92.2,59.4,14.3
Late Luteal,6.5,3,3,1,1,1.5,135.8,128.8,42.7
Late Luteal,6.3,2,2,1,2,1.7,120.1,145.4,33.0
Menstrual,8.3,4,3,3,3,0.0,460.4,529.2,49.9
Follicular,7.9,3,4,3,2,0.1,201.1,260.4,60.8
Menstrual,7.2,4,3,4,2,0.8,76.7,20.3,51.2
Early Luteal,6.8,3,3,4,2,1.2,218.3,313.7,48.6
Follicular,6.5,3,3,3,2,1.5,196.1,83.7,44.1
Early Luteal,7.6,4,5,4,1,0.4,66.4,145.7,75.6
Follicular,6.7,3,3,3,1,1.3,72.0,73.9,55.1
Follicular,7.0,2,3,1,2,1.0,332.8,366.1,34.4
Follicular,6.5,4,3,2,1,1.5,24.1,0.0,60.8
Follicular,7.5,4,4,4,3,0.5,491.1,591.1,56.2
Follicular,7.5,4,4,4,2,0.5,306.7,300.1,58.1
Ovulation,6.0,3,2,2,3,2.0,434.7,488.7,36.2
Ovulation,9.5,5,4,5,2,0.0,201.9,301.9,82.6
Follicular,8.2,3,3,3,1,0.0,71.7,52.8,69.9
Early Luteal,4.8,3,2,2,3,3.2,397.7,335.4,23.2
Early Luteal,5.9,4,3,3,2,2.1,170.5,256.5,46.9
Late Luteal,7.8,3,2,2,2,0.2,142.5,20.4,47.9
Menstrual,6.5,2,3,2,3,1.5,493.1,438.8,25.9
Late Luteal,7.0,2,3,3,2,1.0,172.4,198.5,37.4
Early Luteal,8.4,4,4,4,2,0.0,290.9,147.0,65.1
Follicular,7.2,5,4,4,3,0.8,316.8,298.0,62.6
Follicular,6.8,3,3,3,2,1.2,133.5,77.3,53.4
Early Luteal,7.7,5,4,4,1,0.3,101.5,141.2,80.4
Late Luteal,5.8,3,3,1,2,2.2,342.0,417.0,34.2
Menstrual,6.1,2,2,2,1,1.9,31.4,82.4,35.8
Menstrual,6.1,3,3,2,2,1.9,207.0,167.4,36.7
Follicular,7.3,4,4,5,1,0.7,21.0,75.2,62.7
Menstrual,5.3,3,2,3,2,2.7,214.7,226.2,31.4
Follicular,7.0,3,4,2,3,1.0,477.4,445.7,41.4
Follicular,8.1,3,3,3,4,0.0,694.3,614.6,44.6
Menstrual,5.6,2,3,3,1,2.4,113.9,77.1,33.1
Early Luteal,7.6,4,4,3,2,0.4,200.0,300.0,62.2
Early Luteal,5.4,3,2,3,2,2.6,93.6,138.4,37.1
Menstrual,5.4,3,3,4,2,2.6,146.2,212.2,28.4
Ovulation,8.7,5,4,4,1,0.0,135.4,235.4,84.7
Early Luteal,5.2,3,3,3,1,2.8,134.9,131.2,41.9
Late Luteal,7.5,3,3,2,2,0.5,342.6,282.8,49.3
Early Luteal,5.3,3,3,3,1,2.7,47.9,146.6,42.7
Menstrual,6.2,4,3,4,3,1.8,515.6,446.9,35.9
Late Luteal,7.0,3,3,2,2,1.0,206.3,106.3,42.3
Menstrual,6.0,2,2,2,3,2.0,380.9,260.7,20.7
Follicular,6.8,3,4,3,2,1.2,130.2,158.4,55.0
Ovulation,8.8,5,4,4,1,0.0,109.4,0.0,92.6
Follicular,5.0,2,3,3,1,3.0,118.5,35.5,30.1
Ovulation,7.0,2,4,4,1,1.0,35.8,50.8,54.4
Follicular,7.0,3,3,3,2,1.0,304.6,404.6,49.2
Early Luteal,8.6,3,3,3,1,0.0,159.1,210.7,68.5
Ovulation,7.3,3,4,3,2,0.7,240.3,226.5,53.8
Follicular,7.2,4,5,4,1,0.8,89.9,30.6,66.8
Follicular,8.1,5,5,4,3,0.0,271.2,360.3,68.0
Ovulation,6.8,3,3,4,2,1.2,233.1,317.7,49.9
Follicular,7.1,5,4,3,3,0.9,363.6,400.2,55.6
Early Luteal,7.5,4,3,3,2,0.5,104.0,44.8,58.1
Early Luteal,5.9,2,3,3,3,2.1,372.0,311.6,25.4
Follicular,6.2,3,3,3,5,1.8,800.0,844.0,10.7
Follicular,7.3,5,4,3,3,0.7,269.1,363.0,61.8
Menstrual,7.3,4,3,3,3,0.7,295.8,214.0,50.7
Follicular,6.4,3,3,3,2,1.6,242.7,233.4,45.4
Early Luteal,9.5,5,4,3,3,0.0,319.8,291.0,77.8
Late Luteal,6.7,2,2,2,2,1.3,137.4,112.2,38.3
Early Luteal,6.2,3,3,3,1,1.8,93.1,170.0,49.3
Late Luteal,7.2,3,2,3,2,0.8,290.2,184.4,48.6
Follicular,8.1,4,5,4,1,0.0,12.9,0.0,75.0
Late Luteal,5.0,2,2,1,2,3.0,120.4,171.9,21.6
Early Luteal,6.8,4,4,3,1,1.2,67.0,0.0,59.3
Late Luteal,4.8,1,2,3,2,3.2,211.5,267.3,14.5
Ovulation,5.9,2,2,3,3,2.1,297.7,261.8,27.8
Early Luteal,8.2,5,3,3,1,0.0,100.9,45.4,79.2
Early Luteal,8.5,4,3,2,3,0.0,329.9,313.8,57.2
Menstrual,8.0,4,4,4,2,0.0,156.2,147.0,66.1
Follicular,7.9,5,4,5,3,0.1,389.0,374.4,64.9
Late Luteal,6.3,2,2,2,2,1.7,191.6,291.6,32.6
Late Luteal,6.4,3,2,2,3,1.6,535.8,543.8,25.4
Early Luteal,6.8,3,3,3,2,1.2,121.6,0.0,50.8
Follicular,7.6,4,5,4,1,0.4,31.9,112.9,76.7
Early Luteal,7.5,4,5,4,1,0.5,72.2,0.0,69.8
Early Luteal,7.5,4,3,3,2,0.5,141.4,0.0,58.2
Ovulation,7.3,3,4,5,1,0.7,24.5,124.5,60.7
Follicular,6.0,4,4,4,3,2.0,400.2,449.2,42.7
Menstrual,7.4,4,3,3,3,0.6,388.8,440.3,46.0
Early Luteal,5.9,2,2,2,3,2.1,304.0,266.4,27.5
Late Luteal,6.7,3,1,1,5,1.3,800.0,766.1,13.5
Early Luteal,5.8,3,3,3,2,2.2,72.7,172.7,41.7
Ovulation,6.6,3,4,3,2,1.4,429.2,341.0,50.3
Early Luteal,5.7,3,3,3,2,2.3,222.9,314.1,32.9
Early Luteal,8.0,4,3,4,2,0.0,37.4,0.0,66.2
Menstrual,8.8,4,4,3,1,0.0,95.2,154.8,74.4
Late Luteal,7.8,4,3,3,2,0.2,198.1,172.7,57.3
Follicular,7.8,5,4,4,2,0.2,106.6,5.0,74.0
Follicular,7.4,4,4,4,2,0.6,186.3,213.6,62.5
Menstrual,6.5,4,3,2,1,1.5,110.8,210.8,53.6
Follicular,7.4,3,4,3,1,0.6,51.5,97.3,62.8
Late Luteal,7.8,5,3,3,1,0.2,74.7,113.4,72.7
Menstrual,7.9,3,2,2,4,0.1,574.2,579.6,31.8
Early Luteal,6.1,3,4,3,2,1.9,60.6,0.0,50.6
Follicular,7.0,4,4,4,2,1.0,331.5,241.7,57.0
Early Luteal,7.8,4,3,3,3,0.2,286.1,225.0,59.4
Early Luteal,7.1,4,4,3,1,0.9,111.8,107.8,65.1
Follicular,6.9,3,3,3,2,1.1,120.2,170.9,55.3
Late Luteal,7.8,3,3,2,2,0.2,128.6,124.0,52.8
Late Luteal,4.1,1,1,1,2,3.9,217.3,221.3,2.9
Early Luteal,6.9,3,3,3,2,1.1,246.6,346.6,47.2
Menstrual,6.2,3,2,2,4,1.8,456.6,386.2,14.2
Early Luteal,7.1,4,4,4,2,0.9,213.4,90.9,52.8
Ovulation,9.0,5,4,4,2,0.0,58.3,0.0,89.9
Menstrual,6.9,2,1,1,5,1.1,765.1,795.2,7.0
Early Luteal,7.6,4,4,3,2,0.4,220.4,199.0,63.3
Early Luteal,6.8,4,3,4,2,1.2,137.6,104.6,56.9
Early Luteal,6.7,3,4,4,2,1.3,353.4,409.2,40.2
Follicular,7.4,4,5,5,3,0.6,340.4,325.7,50.9
Follicular,7.0,3,4,3,2,1.0,92.7,66.2,52.4
Early Luteal,7.5,3,3,3,1,0.5,98.3,0.0,61.7
Ovulation,7.4,4,4,4,2,0.6,90.5,167.5,59.3
Early Luteal,6.1,2,3,4,2,1.9,167.6,172.9,40.8
Follicular,7.2,4,4,4,3,0.8,421.8,405.7,50.8
Follicular,6.6,4,3,5,2,1.4,245.6,215.5,51.5
Early Luteal,6.4,3,4,5,3,1.6,307.1,177.2,40.0
Follicular,6.6,4,3,3,3,1.4,380.4,427.7,40.5
Follicular,7.5,4,4,5,3,0.5,283.1,266.3,57.4
Ovulation,8.6,5,4,4,1,0.0,25.8,6.8,83.7
Follicular,8.3,4,3,3,2,0.0,275.3,268.1,64.4
Late Luteal,7.2,5,3,3,2,0.8,194.2,279.5,59.5
Follicular,7.6,5,3,3,4,0.4,485.7,491.6,52.0
Follicular,6.6,2,2,3,2,1.4,137.1,237.1,45.3
Late Luteal,6.9,3,2,2,2,1.1,131.2,0.0,46.1
Follicular,7.4,4,5,4,2,0.6,150.3,155.6,67.8
Ovulation,7.2,3,3,3,3,0.8,238.5,169.9,43.4
Late Luteal,6.4,2,2,2,4,1.6,674.2,711.0,14.3
Late Luteal,7.3,4,4,4,2,0.7,132.1,232.1,56.6
Follicular,9.1,4,3,3,2,0.0,71.4,0.0,70.6
Late Luteal,7.5,4,2,2,3,0.5,369.3,384.9,48.7
Early Luteal,7.8,5,4,4,2,0.2,313.9,368.7,70.6
Late Luteal,6.2,2,1,2,2,1.8,138.4,87.7,32.6
Follicular,4.6,2,2,3,2,3.4,129.9,79.0,23.0
Follicular,8.1,4,4,3,1,0.0,8.9,0.0,72.7
Follicular,4.2,3,3,2,2,3.8,221.3,321.3,21.6
Menstrual,5.6,2,2,2,2,2.4,73.8,43.5,28.7
Early Luteal,5.7,4,2,3,5,2.3,800.0,793.7,16.3
Early Luteal,6.0,3,2,3,2,2.0,244.6,102.2,36.5
Ovulation,5.1,4,3,4,2,2.9,191.6,200.0,43.9
Late Luteal,3.8,3,2,2,4,4.2,519.3,389.5,0.0
Follicular,7.1,4,5,4,1,0.9,69.4,99.5,63.1
Ovulation,6.4,3,4,3,2,1.6,102.8,35.4,46.6
Follicular,6.3,2,2,3,1,1.7,153.8,79.8,51.1
Ovulation,8.1,4,4,4,2,0.0,103.7,114.8,74.1
Late Luteal,8.1,4,3,2,2,0.0,172.1,234.0,61.9
Early Luteal,6.8,3,3,3,4,1.2,501.9,512.2,25.6
Ovulation,6.3,4,4,4,1,1.7,10.1,12.9,57.5
Late Luteal,6.6,2,2,2,2,1.4,110.9,40.5,36.3
Follicular,7.7,5,4,5,2,0.3,262.6,253.4,67.9
Late Luteal,4.5,1,2,3,2,3.5,124.8,224.8,13.0
Follicular,5.6,3,4,4,2,2.4,132.4,153.3,44.0
Late Luteal,5.9,3,3,2,2,2.1,126.5,132.7,36.7
Ovulation,6.6,2,3,3,4,1.4,628.6,433.3,25.6
Follicular,9.2,5,5,5,1,0.0,13.4,0.0,89.3
Early Luteal,8.4,4,4,4,2,0.0,231.1,236.1,69.9
Follicular,5.9,3,3,3,2,2.1,305.3,323.8,39.7
Late Luteal,6.9,3,2,2,3,1.1,309.1,409.1,34.6
Menstrual,6.8,3,3,2,2,1.2,161.2,126.9,44.6
Late Luteal,7.5,3,3,2,3,0.5,458.7,456.1,41.4
Menstrual,6.7,3,3,3,3,1.3,188.6,257.2,36.3
Early Luteal,7.9,4,4,3,2,0.1,311.1,376.0,67.7
Late Luteal,6.0,3,3,3,1,2.0,54.4,0.0,40.1
Follicular,4.9,2,2,3,3,3.1,508.3,507.0,12.9
Follicular,7.3,4,4,4,1,0.7,99.4,159.4,69.3
Late Luteal,8.4,5,4,3,2,0.0,288.2,388.2,66.7
Follicular,6.2,3,3,1,2,1.8,317.2,417.2,40.7
Early Luteal,5.0,1,3,2,2,3.0,168.6,194.2,21.6
Follicular,8.3,4,4,4,2,0.0,91.5,63.0,69.3
Late Luteal,4.8,1,3,2,2,3.2,154.9,88.1,14.5
Menstrual,7.8,3,3,4,2,0.2,164.5,239.2,54.0
Late Luteal,5.8,4,2,1,2,2.2,114.6,136.3,43.7
Menstrual,6.1,3,3,3,3,1.9,263.1,330.4,30.9
Early Luteal,8.1,5,4,3,2,0.0,303.3,343.5,64.6
Early Luteal,6.6,3,3,4,1,1.4,122.8,53.1,53.6
Early Luteal,6.1,2,2,2,4,1.9,504.1,544.7,14.6
Early Luteal,8.1,4,4,4,2,0.0,149.6,184.6,71.0
Menstrual,6.5,3,3,2,2,1.5,267.6,367.6,42.9
Late Luteal,5.1,2,2,3,3,2.9,296.1,306.8,21.0
Menstrual,6.4,2,3,2,1,1.6,8.7,0.0,41.9
Early Luteal,5.7,2,2,3,2,2.3,254.2,233.7,23.9
Late Luteal,6.0,2,2,2,2,2.0,29.4,129.4,34.9
Late Luteal,7.6,4,4,4,1,0.4,157.0,257.0,61.5
Early Luteal,7.0,2,3,3,3,1.0,471.1,453.8,34.6
Menstrual,6.1,4,3,3,4,1.9,560.5,521.9,25.8
Menstrual,7.3,3,2,2,2,0.7,207.9,182.0,47.4
Early Luteal,7.7,5,3,4,3,0.3,151.7,209.2,71.6
Early Luteal,7.5,4,3,4,2,0.5,166.6,132.7,58.6
Follicular,6.5,4,4,3,2,1.5,146.4,246.4,53.8
Late Luteal,6.5,3,3,2,2,1.5,148.6,81.6,39.8
Follicular,5.8,3,3,3,2,2.2,195.1,229.1,40.2
Follicular,8.2,5,3,4,3,0.0,266.5,355.8,60.8
Late Luteal,7.2,3,4,4,1,0.8,91.1,0.0,57.0
Follicular,5.9,3,2,3,4,2.1,507.3,504.3,17.4
Early Luteal,9.4,3,4,4,2,0.0,90.4,171.2,66.5
Follicular,6.9,3,3,3,3,1.1,409.1,444.5,39.7
Late Luteal,7.7,3,3,2,2,0.3,223.8,139.8,48.3
Late Luteal,7.0,2,2,1,2,1.0,175.5,146.9,35.7
Late Luteal,6.1,3,2,2,3,1.9,315.2,374.5,29.4
Late Luteal,7.0,3,1,2,3,1.0,424.3,437.2,35.6
Menstrual,6.2,3,2,2,1,1.8,35.9,0.0,44.2
Late Luteal,7.3,4,1,2,3,0.7,465.6,436.8,36.6
Menstrual,7.2,4,3,4,1,0.8,94.4,81.4,56.0
Ovulation,7.1,4,4,5,3,0.9,438.7,463.2,51.8
Late Luteal,6.1,3,2,2,2,1.9,58.8,158.8,39.0
Follicular,6.4,4,4,3,3,1.6,325.0,404.0,46.7
Menstrual,6.4,2,2,1,2,1.6,240.1,340.1,30.9
Follicular,7.6,5,4,4,2,0.4,226.7,249.1,71.4
Late Luteal,6.8,3,2,2,1,1.2,15.6,0.0,49.2
Follicular,7.1,3,3,3,4,0.9,498.4,553.5,35.5
Ovulation,5.8,3,4,4,2,2.2,120.3,197.4,49.9
Follicular,6.2,3,3,4,2,1.8,183.2,220.0,44.9
Menstrual,6.4,2,3,3,1,1.6,111.6,34.4,45.0
Follicular,8.5,4,3,3,5,0.0,733.7,708.2,44.5
Follicular,7.2,4,4,5,2,0.8,220.6,158.7,55.3
Late Luteal,7.1,4,3,3,2,0.9,59.8,146.6,55.2
Follicular,7.3,5,4,4,2,0.7,219.0,135.0,66.8
Ovulation,6.6,2,4,4,1,1.4,110.4,75.2,59.5
Early Luteal,6.1,2,2,3,2,1.9,76.6,75.0,37.1
Follicular,6.1,5,3,3,2,1.9,201.9,162.1,57.9
Menstrual,7.5,3,2,1,2,0.5,211.3,291.9,43.9
Follicular,7.4,4,4,3,4,0.6,628.2,598.4,37.1
Early Luteal,7.6,4,4,5,2,0.4,180.1,149.3,66.0
Follicular,7.4,4,4,4,3,0.6,336.9,209.8,56.5
Early Luteal,7.2,4,3,3,2,0.8,324.8,315.0,49.7
Follicular,7.3,4,4,4,2,0.7,114.5,25.0,61.5
Follicular,7.7,4,5,4,1,0.3,37.3,137.3,69.0
Follicular,8.8,5,5,3,2,0.0,263.8,302.7,72.4
Menstrual,7.0,2,1,3,5,1.0,669.6,624.9,7.8
Ovulation,7.3,4,5,5,2,0.7,6.3,0.0,69.3
Late Luteal,5.9,2,3,2,1,2.1,61.1,0.0,39.3
Early Luteal,6.6,3,3,4,2,1.4,174.2,274.2,50.7
Follicular,9.2,4,4,3,2,0.0,179.2,145.5,69.3
Late Luteal,7.1,3,3,2,2,0.9,131.5,126.2,46.2
Late Luteal,6.8,4,1,1,3,1.2,383.3,400.7,36.6
Follicular,7.1,5,4,5,3,0.9,316.1,416.1,53.5
Late Luteal,7.4,4,4,3,1,0.6,3.3,57.2,60.6
Menstrual,6.7,2,2,2,2,1.3,120.5,112.8,32.4
Menstrual,6.3,3,2,2,1,1.7,22.0,0.0,44.5
Follicular,6.5,3,3,3,1,1.5,75.6,20.6,54.2
Menstrual,7.6,3,3,3,3,0.4,365.9,423.3,45.2
Follicular,6.5,4,4,5,2,1.5,213.6,196.9,54.1
Late Luteal,6.0,3,3,3,1,2.0,45.5,13.9,49.3
Follicular,7.8,5,4,4,1,0.2,122.7,111.3,72.7
Follicular,7.1,4,3,2,2,0.9,252.5,352.5,55.4
Early Luteal,8.3,5,4,4,3,0.0,371.3,453.1,70.0
Late Luteal,6.7,3,2,2,4,1.3,624.0,724.0,23.7
Late Luteal,6.0,2,3,2,3,2.0,349.6,335.4,17.8
Late Luteal,5.7,2,2,2,3,2.3,329.7,345.5,18.6
Early Luteal,6.8,2,2,2,4,1.2,623.4,474.1,21.8
Menstrual,6.2,3,3,3,4,1.8,471.6,571.6,23.5
Follicular,8.2,5,4,4,1,0.0,53.2,0.0,77.6
Menstrual,7.5,2,2,1,3,0.5,275.7,235.5,35.7
Late Luteal,5.3,2,2,2,2,2.7,137.0,223.4,26.2
Early Luteal,5.8,3,3,4,2,2.2,162.6,171.7,42.1
Follicular,8.7,5,2,3,5,0.0,770.2,769.3,42.8
Follicular,6.0,2,2,3,4,2.0,599.3,612.0,13.2
Late Luteal,4.6,2,2,3,1,3.4,43.8,0.0,30.9
Menstrual,6.9,2,3,3,2,1.1,138.7,207.9,38.6
Ovulation,7.3,4,3,3,1,0.7,22.6,95.9,64.4
Late Luteal,5.9,4,3,2,1,2.1,45.4,78.2,53.3
Follicular,7.5,4,3,4,4,0.5,720.4,651.8,41.6
Early Luteal,7.2,4,2,3,3,0.8,425.7,525.7,46.8
Early Luteal,7.5,5,3,4,2,0.5,82.9,0.0,62.1
Menstrual,5.1,2,2,2,2,2.9,79.7,76.3,22.6
Ovulation,8.4,4,5,4,3,0.0,442.4,369.6,60.5
Follicular,6.6,3,4,3,1,1.4,23.0,123.0,62.6
Early Luteal,5.7,3,3,4,2,2.3,100.0,0.0,37.3
Follicular,7.2,3,3,3,2,0.8,128.2,159.7,52.8
Early Luteal,5.9,3,3,3,1,2.1,54.2,98.3,51.5
Late Luteal,7.8,3,3,3,1,0.2,38.0,37.6,61.2
Follicular,7.4,4,3,3,2,0.6,131.8,73.0,57.8
Ovulation,5.3,4,3,2,4,2.7,540.3,600.0,22.6
Follicular,8.8,5,5,4,1,0.0,65.1,85.5,83.8
Follicular,7.6,3,2,2,3,0.4,460.1,478.6,49.0
Menstrual,6.3,3,2,3,2,1.7,239.3,331.3,40.0
Early Luteal,7.7,4,3,3,4,0.3,545.1,623.3,40.4
Follicular,8.1,5,4,3,1,0.0,54.1,0.0,77.6
Ovulation,7.3,3,3,3,2,0.7,163.9,149.0,52.2
Early Luteal,5.8,4,3,4,1,2.2,154.7,96.2,56.9
Late Luteal,5.9,3,2,2,2,2.1,127.4,225.5,36.2
Follicular,6.6,4,4,3,2,1.4,286.0,129.5,57.8
Early Luteal,6.0,2,3,4,2,2.0,132.9,232.9,34.4
Early Luteal,9.1,5,4,3,2,0.0,117.5,17.5,81.0
Follicular,6.4,3,2,2,2,1.6,385.6,387.1,43.5
Follicular,6.2,2,3,3,1,1.8,73.9,140.5,46.6
Follicular,9.5,4,3,5,4,0.0,606.8,559.1,54.9
Follicular,7.4,5,4,4,2,0.6,249.4,230.9,71.2
Early Luteal,7.5,4,3,3,1,0.5,91.9,122.3,64.7
Early Luteal,7.0,4,4,4,2,1.0,98.3,0.0,61.5
Menstrual,7.3,5,3,3,2,0.7,118.3,86.4,64.2
Ovulation,6.8,3,3,4,2,1.2,67.0,27.6,49.4
Follicular,9.2,5,3,4,3,0.0,242.7,124.6,70.7
Early Luteal,6.2,3,2,3,2,1.8,246.6,257.9,41.5
Follicular,7.8,3,4,4,1,0.2,180.6,0.0,67.8
Early Luteal,6.6,2,3,3,2,1.4,137.6,137.4,40.4
Ovulation,7.4,4,4,4,1,0.6,61.4,64.4,73.5
Late Luteal,5.8,2,3,4,1,2.2,144.6,33.4,34.4
Menstrual,8.3,4,2,3,4,0.0,619.4,572.5,38.3
Late Luteal,7.8,5,4,4,2,0.2,154.3,64.0,63.0
Ovulation,5.6,3,3,4,3,2.4,404.3,398.4,32.0
Late Luteal,6.1,3,3,2,2,1.9,137.4,110.2,44.1
Follicular,7.1,5,4,3,2,0.9,126.6,204.2,68.3
Late Luteal,6.1,2,2,2,1,1.9,53.2,0.0,35.6
Early Luteal,5.9,3,3,4,2,2.1,186.9,246.9,44.8
Menstrual,5.5,2,2,2,2,2.5,227.9,321.1,27.9
Menstrual,6.8,2,2,2,3,1.2,212.4,215.3,27.9
Late Luteal,6.5,3,3,2,1,1.5,100.7,113.9,55.5
Follicular,5.3,4,3,5,1,2.7,119.8,215.7,51.1
Early Luteal,9.2,5,4,3,3,0.0,364.7,309.2,74.4
Follicular,8.7,5,5,4,1,0.0,63.4,76.3,84.2
Late Luteal,5.1,2,3,3,2,2.9,159.2,0.0,23.3
Late Luteal,8.6,4,3,4,2,0.0,138.2,121.1,62.7
Late Luteal,5.7,2,2,2,3,2.3,305.9,297.8,20.2
Follicular,8.0,4,4,3,4,0.0,728.7,683.5,46.0
Ovulation,6.0,3,3,3,2,2.0,128.4,190.8,45.8
Early Luteal,7.2,5,3,3,3,0.8,251.3,225.1,56.6
Late Luteal,8.5,3,1,1,4,0.0,530.1,491.2,41.5
Late Luteal,6.5,3,2,2,3,1.5,334.8,317.2,36.4
Late Luteal,6.4,3,2,1,2,1.6,164.3,152.7,39.5
Late Luteal,7.6,4,3,3,2,0.4,230.7,160.2,54.6
Follicular,4.9,1,3,2,1,3.1,3.7,64.4,28.5
Follicular,6.5,4,3,3,1,1.5,184.3,121.7,59.9
Ovulation,6.8,4,4,3,4,1.2,525.1,562.5,43.5
Menstrual,7.0,3,2,2,3,1.0,518.7,370.3,38.4
Early Luteal,6.4,3,2,2,5,1.6,800.0,747.0,12.8
Early Luteal,8.2,4,3,3,4,0.0,583.7,588.9,48.3
Late Luteal,5.8,3,2,2,1,2.2,48.8,54.9,40.5
Menstrual,7.5,4,3,3,2,0.5,181.2,170.9,55.5
Early Luteal,7.1,5,4,4,1,0.9,45.4,102.9,72.4
Early Luteal,7.9,5,4,4,2,0.1,163.6,205.2,67.3
Menstrual,8.0,4,4,4,2,0.0,136.3,201.9,64.2
Menstrual,5.8,3,2,2,2,2.2,173.1,42.4,34.7
Early Luteal,5.7,3,3,3,1,2.3,148.1,93.2,45.0
Follicular,6.2,3,4,5,2,1.8,106.5,78.3,45.5
Ovulation,6.6,2,3,3,2,1.4,81.6,0.0,43.7
Follicular,8.8,5,4,3,2,0.0,244.6,344.6,76.9
Late Luteal,6.5,2,1,1,2,1.5,272.4,220.7,27.4
Late Luteal,7.3,3,3,2,2,0.7,128.5,153.3,49.4
Follicular,7.2,4,4,3,2,0.8,195.3,151.7,58.0
Menstrual,7.1,4,3,3,3,0.9,411.7,331.8,39.9
Early Luteal,7.2,4,4,4,1,0.8,148.5,133.3,61.1
Follicular,6.1,2,3,3,1,1.9,78.5,0.0,38.3
Late Luteal,7.0,2,2,2,2,1.0,189.8,114.4,38.2
Menstrual,8.1,4,3,4,3,0.0,276.2,376.2,47.5
Menstrual,7.4,4,3,2,4,0.6,534.6,545.5,35.9
Early Luteal,7.7,3,3,3,2,0.3,141.2,83.9,54.3
Follicular,7.2,5,4,5,1,0.8,148.6,143.3,67.2
Follicular,6.5,4,4,4,1,1.5,54.5,13.0,63.6
Late Luteal,6.4,3,2,2,5,1.6,800.0,900.0,10.8
Ovulation,9.5,4,4,4,2,0.0,117.7,107.7,78.3
Follicular,7.5,4,3,3,5,0.5,776.8,586.0,31.0
Follicular,7.7,4,4,5,2,0.3,157.6,248.6,67.5
Late Luteal,6.0,2,2,2,3,2.0,280.2,360.0,20.0
Ovulation,9.3,5,5,5,1,0.0,133.6,153.3,87.6
Menstrual,7.9,3,3,4,1,0.1,53.1,0.0,60.5
Menstrual,8.3,3,3,3,2,0.0,200.4,125.6,51.2
Menstrual,6.9,2,3,2,2,1.1,340.1,395.2,39.4
Follicular,9.0,5,4,5,2,0.0,150.5,163.7,82.7
Follicular,7.6,5,4,4,1,0.4,77.7,161.6,72.7
Menstrual,6.0,4,2,2,2,2.0,81.5,146.4,37.6
Early Luteal,7.4,4,4,2,2,0.6,147.8,59.9,65.2
Early Luteal,6.0,4,3,4,2,2.0,52.2,103.7,51.0
Menstrual,6.1,3,3,2,3,1.9,320.6,241.5,31.4
Early Luteal,7.5,4,3,3,2,0.5,178.6,156.5,50.9
Follicular,6.8,4,3,3,4,1.2,547.0,514.5,40.2
Menstrual,8.7,4,3,3,3,0.0,503.2,473.7,53.6
Late Luteal,5.9,3,2,3,3,2.1,344.5,225.3,25.0
Follicular,7.1,3,4,4,3,0.9,480.3,508.9,40.3
Late Luteal,5.0,2,1,1,2,3.0,243.0,121.0,21.3
Ovulation,9.4,5,5,4,2,0.0,64.9,97.7,82.0
Late Luteal,7.3,4,4,3,2,0.7,138.5,90.0,62.9
Menstrual,7.8,4,3,2,3,0.2,332.2,224.7,45.1
Late Luteal,6.8,4,2,2,2,1.2,150.0,250.0,48.8
Late Luteal,7.4,4,3,3,2,0.6,242.8,242.5,55.2
Menstrual,5.7,3,2,2,5,2.3,800.0,856.5,1.1
Early Luteal,7.5,3,3,3,2,0.5,170.3,270.3,57.6
Early Luteal,6.1,3,2,2,3,1.9,374.9,249.3,32.1
Menstrual,7.0,3,2,2,1,1.0,16.0,0.0,56.0
Follicular,6.3,3,4,4,2,1.7,168.5,268.5,47.7
Late Luteal,5.6,3,2,2,2,2.4,205.7,305.7,30.6
Early Luteal,7.0,3,2,3,2,1.0,136.4,132.6,51.9
Late Luteal,7.2,3,2,2,2,0.8,149.0,155.5,45.4
Early Luteal,8.6,3,3,3,2,0.0,163.5,202.0,61.6
Follicular,6.6,3,4,3,2,1.4,163.3,263.3,51.7
Follicular,9.5,4,4,4,1,0.0,75.8,62.3,82.0
Follicular,6.3,3,4,4,2,1.7,212.2,225.4,49.6
Follicular,6.1,4,3,3,3,1.9,425.7,470.5,39.9
Early Luteal,7.8,2,2,2,4,0.2,683.8,618.1,31.1
Late Luteal,5.8,3,2,1,4,2.2,541.1,575.2,19.5
Late Luteal,6.6,2,2,3,1,1.4,77.1,93.3,40.9
Early Luteal,5.7,3,3,2,2,2.3,259.8,226.7,41.6
Late Luteal,9.5,5,4,3,1,0.0,82.2,144.1,79.0
Menstrual,6.3,4,4,3,2,1.7,132.2,198.6,46.9
Menstrual,6.2,3,3,3,2,1.8,209.1,309.1,39.2
Late Luteal,5.2,2,2,3,2,2.8,188.4,108.2,25.4
Early Luteal,6.5,3,3,2,2,1.5,77.7,0.0,47.3
Early Luteal,5.6,4,2,3,3,2.4,381.5,356.4,34.0
Ovulation,5.6,2,3,4,2,2.4,137.0,123.1,40.1
Menstrual,5.2,2,1,2,3,2.8,377.0,359.3,10.8
Follicular,7.2,4,4,4,1,0.8,109.5,116.5,71.9
Early Luteal,5.8,2,3,3,2,2.2,361.3,416.1,36.0
Early Luteal,7.3,4,3,3,2,0.7,207.3,198.3,53.4
Early Luteal,6.1,3,3,3,1,1.9,55.4,17.6,54.0
Late Luteal,6.4,3,3,2,2,1.6,291.4,248.1,39.5
Early Luteal,8.1,3,4,4,1,0.0,34.3,0.0,68.3
Early Luteal,5.6,3,2,3,5,2.4,800.0,793.7,11.0
Late Luteal,5.9,3,3,2,4,2.1,472.2,501.1,14.1
Late Luteal,6.3,3,3,3,1,1.7,77.6,107.3,46.7
Early Luteal,6.4,3,2,2,2,1.6,244.4,43.7,39.7
Early Luteal,6.3,4,3,3,2,1.7,337.6,311.7,49.1
Early Luteal,7.9,5,3,3,2,0.1,127.6,86.3,71.2
Early Luteal,8.7,4,4,4,2,0.0,191.0,277.4,71.8
Late Luteal,7.1,5,4,2,2,0.9,137.4,71.9,63.2
Late Luteal,7.5,3,2,1,2,0.5,232.8,217.6,53.5
Early Luteal,6.5,3,3,4,3,1.5,446.3,233.0,30.9
Early Luteal,6.9,3,3,3,1,1.1,69.4,72.5,50.4
Early Luteal,7.3,4,3,3,2,0.7,344.9,353.1,55.4
Follicular,6.4,2,3,3,2,1.6,236.5,170.3,35.2
Follicular,6.8,4,2,4,4,1.2,462.8,444.7,36.0
Ovulation,6.0,3,2,2,3,2.0,388.0,356.3,33.1
Early Luteal,6.6,2,3,3,1,1.4,72.2,0.0,49.4
Late Luteal,5.2,3,2,2,2,2.8,51.2,0.0,39.5
Early Luteal,7.2,4,3,4,1,0.8,32.8,0.0,60.8
Follicular,7.4,5,4,4,2,0.6,298.8,183.3,60.3
Follicular,8.0,5,4,4,3,0.0,407.4,387.7,63.7
Menstrual,8.2,5,3,3,3,0.0,314.0,339.5,56.5
Late Luteal,6.4,3,2,2,2,1.6,332.4,292.8,35.8
Follicular,8.6,5,4,4,1,0.0,121.7,165.8,77.5
Menstrual,8.0,4,3,4,2,0.0,277.2,238.3,59.9
Menstrual,6.2,4,3,4,2,1.8,114.6,63.9,50.7
Early Luteal,8.0,4,4,3,3,0.0,286.5,339.3,56.1
Late Luteal,7.2,3,2,2,2,0.8,127.3,28.9,48.6
Follicular,7.4,4,3,3,1,0.6,107.6,90.3,68.3
Late Luteal,6.7,3,2,2,4,1.3,590.7,462.4,24.9
Early Luteal,6.3,3,3,3,1,1.7,135.6,63.0,57.1
Menstrual,9.4,5,3,4,5,0.0,741.9,749.3,44.7
Follicular,5.1,3,4,3,1,2.9,158.2,251.5,43.0
Menstrual,6.9,4,3,2,3,1.1,495.3,388.4,37.7
Late Luteal,6.9,3,3,2,3,1.1,360.1,209.6,38.7
Late Luteal,6.5,2,2,2,2,1.5,112.2,212.2,34.3
Follicular,6.6,3,3,2,4,1.4,529.4,458.7,29.8
Early Luteal,8.4,5,5,5,2,0.0,138.3,138.3,79.5
Follicular,7.4,5,4,3,3,0.6,294.7,265.4,57.4
Ovulation,7.8,5,3,4,3,0.2,394.4,458.6,60.0
Early Luteal,5.7,4,3,4,2,2.3,194.8,91.9,47.3
Follicular,7.9,4,4,4,2,0.1,144.8,202.0,61.3
Late Luteal,7.2,4,3,2,3,0.8,317.5,338.0,38.8
Ovulation,7.1,4,4,5,2,0.9,231.1,179.5,59.5
Ovulation,7.8,4,3,3,2,0.2,216.7,166.5,64.4
Ovulation,8.2,4,4,5,3,0.0,258.5,329.5,66.0
Follicular,6.4,4,4,3,1,1.6,232.1,178.7,57.1
Follicular,6.6,4,3,3,1,1.4,48.3,43.0,63.6
Early Luteal,7.6,3,3,2,2,0.4,113.0,213.0,56.9
Late Luteal,8.3,4,3,2,3,0.0,528.9,592.5,53.3
Early Luteal,7.5,5,4,4,2,0.5,267.6,171.6,66.4
Menstrual,5.3,3,3,2,2,2.7,140.2,165.6,37.4
Follicular,7.6,5,4,4,3,0.4,272.9,291.9,65.0
Follicular,7.5,4,3,3,4,0.5,665.7,712.4,38.5
Follicular,7.3,5,3,2,3,0.7,303.0,159.7,56.8
Ovulation,6.9,3,3,3,3,1.1,372.2,472.2,42.4
Follicular,7.5,5,4,4,2,0.5,87.0,39.0,70.3
Follicular,7.9,4,3,2,1,0.1,143.1,48.3,68.1
Late Luteal,6.8,3,3,2,1,1.2,86.2,46.6,55.8
Ovulation,7.9,4,4,4,2,0.1,265.8,237.5,64.7
Ovulation,5.7,3,3,3,5,2.3,800.0,682.4,15.8
Early Luteal,6.8,3,3,3,2,1.2,137.8,228.6,51.3
Follicular,7.3,4,4,4,4,0.7,555.4,624.1,41.5
Early Luteal,6.9,3,3,3,2,1.1,149.7,249.7,48.6
Menstrual,5.9,3,2,3,4,2.1,578.1,643.3,17.2
Early Luteal,8.8,5,3,4,2,0.0,143.1,226.5,76.0
Early Luteal,7.0,2,2,1,2,1.0,111.4,64.6,35.2
Early Luteal,7.3,4,2,2,4,0.7,554.6,599.9,37.6
Follicular,7.5,4,4,5,4,0.5,532.9,545.2,47.2
Early Luteal,5.4,3,3,3,2,2.6,285.2,385.2,38.6
Menstrual,6.4,3,2,2,1,1.6,23.7,0.0,47.1
Late Luteal,6.6,3,2,2,2,1.4,410.4,479.1,38.3
Early Luteal,5.1,2,3,3,4,2.9,548.1,393.4,10.5
Late Luteal,5.8,3,2,2,5,2.2,800.0,888.5,7.9
Follicular,7.0,4,3,4,3,1.0,370.5,373.2,51.7
Menstrual,7.9,4,3,2,2,0.1,194.9,294.9,51.5
Late Luteal,6.6,2,2,3,1,1.4,78.6,46.9,45.9
Early Luteal,8.8,5,4,5,3,0.0,403.9,430.2,67.5
Late Luteal,6.3,4,3,2,2,1.7,227.4,305.6,46.1
Menstrual,5.8,2,2,2,2,2.2,127.9,163.2,31.7
Menstrual,7.1,4,3,3,3,0.9,438.8,447.1,40.4
Follicular,6.2,4,4,5,3,1.8,361.6,407.0,44.6
Early Luteal,5.0,1,3,3,3,3.0,380.8,350.9,16.8
Follicular,6.9,3,3,4,2,1.1,223.6,261.3,51.6
Follicular,9.4,4,4,2,1,0.0,57.6,157.6,85.8
Follicular,8.7,5,3,2,3,0.0,306.9,356.5,65.2
Late Luteal,8.9,4,4,3,1,0.0,141.1,98.0,72.9
Early Luteal,5.3,3,3,3,1,2.7,143.1,0.0,41.9
Early Luteal,7.8,4,4,4,3,0.2,309.4,306.5,60.2
Early Luteal,6.1,3,3,3,1,1.9,88.7,142.1,50.5
Menstrual,4.4,2,3,3,1,3.6,142.8,114.2,23.4
Late Luteal,5.8,3,2,2,2,2.2,232.6,195.9,33.7
Follicular,6.2,4,4,3,2,1.8,135.3,84.1,52.1
Follicular,8.0,4,3,3,4,0.0,652.9,537.1,47.7
Early Luteal,6.2,4,3,2,1,1.8,50.2,3.8,53.8
Early Luteal,5.8,3,2,2,3,2.2,294.3,274.4,28.5
Menstrual,7.1,4,3,2,3,0.9,372.8,319.6,43.3
Late Luteal,6.4,3,3,3,1,1.6,37.3,137.3,46.4
Follicular,7.9,5,3,5,2,0.1,78.3,10.2,74.6
Early Luteal,8.4,4,4,4,2,0.0,82.0,116.8,70.2
Follicular,8.1,4,3,4,3,0.0,453.3,538.9,54.8
Late Luteal,5.9,3,2,2,4,2.1,663.2,689.6,17.3
Ovulation,6.4,3,4,4,2,1.6,251.2,288.2,47.2
Ovulation,5.9,3,4,3,1,2.1,0.3,0.0,46.3
Early Luteal,6.9,3,2,1,3,1.1,372.6,396.2,38.8
Menstrual,7.5,3,3,3,2,0.5,147.3,198.2,46.1
Ovulation,8.2,3,3,4,2,0.0,243.0,343.0,57.0
Early Luteal,6.4,3,3,4,3,1.6,447.8,407.0,36.2
Early Luteal,7.3,5,4,4,2,0.7,145.7,245.7,63.2
Follicular,8.4,3,4,4,2,0.0,172.2,257.4,67.8
Follicular,8.1,4,4,4,2,0.0,188.7,200.9,66.8
Follicular,6.7,4,4,4,3,1.3,292.5,392.5,48.9
Follicular,8.0,5,4,4,3,0.0,467.7,506.0,58.8
Early Luteal,5.9,3,3,2,2,2.1,116.9,175.5,39.2
Menstrual,5.5,2,2,2,3,2.5,322.8,375.0,16.8
Late Luteal,6.5,3,1,1,4,1.5,597.5,466.4,15.8
Early Luteal,8.3,5,4,4,2,0.0,77.3,158.7,69.9
Follicular,8.1,5,5,4,3,0.0,480.7,478.4,65.0
Follicular,7.6,4,4,3,1,0.4,125.9,94.3,72.8
Late Luteal,6.1,3,3,2,2,1.9,283.7,383.7,32.3
Ovulation,5.9,4,3,4,2,2.1,250.7,350.7,46.3
Ovulation,6.8,5,4,4,5,1.2,641.0,667.5,41.4
Early Luteal,8.0,4,3,3,2,0.0,142.7,189.8,67.2
Late Luteal,9.2,4,3,3,2,0.0,144.9,191.7,70.3
Menstrual,6.2,3,2,2,1,1.8,79.1,98.7,45.1
Ovulation,6.9,3,4,4,2,1.1,344.7,259.6,50.4
Early Luteal,6.9,2,2,2,2,1.1,149.6,210.6,41.7
Menstrual,6.1,3,3,3,2,1.9,240.5,257.3,43.1
Early Luteal,6.2,3,3,2,2,1.8,150.8,249.7,47.0
Follicular,7.3,5,3,4,5,0.7,800.0,730.9,41.4
Follicular,5.3,4,3,3,4,2.7,485.5,355.4,24.1
Late Luteal,7.2,3,2,2,1,0.8,99.3,105.5,45.1
Late Luteal,7.1,3,2,2,3,0.9,543.6,429.1,38.0
Follicular,8.1,5,4,3,4,0.0,544.5,494.0,57.9
Ovulation,7.0,3,4,3,1,1.0,77.8,45.7,57.2
Late Luteal,5.7,3,2,2,3,2.3,272.5,331.9,27.1
Early Luteal,5.4,4,2,3,4,2.6,673.7,613.3,19.9
Menstrual,6.8,3,3,3,2,1.2,172.9,117.3,40.7
Menstrual,5.1,3,2,2,3,2.9,327.0,360.9,18.4
Follicular,7.7,4,3,4,2,0.3,129.4,166.5,63.8
Late Luteal,8.1,4,3,3,1,0.0,112.9,72.7,64.8
Follicular,5.8,3,3,3,5,2.2,534.1,529.2,17.0
Early Luteal,8.4,4,4,3,1,0.0,18.7,0.0,73.2
Menstrual,6.2,3,3,4,4,1.8,705.5,805.5,18.1
Early Luteal,6.5,3,4,4,1,1.5,211.2,263.3,51.9
Early Luteal,6.6,4,3,4,3,1.4,450.0,524.0,39.2
Late Luteal,4.8,2,3,1,2,3.2,69.8,35.5,23.1
Follicular,6.9,3,4,4,1,1.1,97.1,193.5,55.4
Follicular,7.5,4,3,3,2,0.5,114.8,146.6,54.6
Menstrual,7.5,4,3,4,1,0.5,81.9,124.3,62.7
Late Luteal,5.8,3,2,1,2,2.2,207.3,128.7,35.6
Menstrual,6.9,2,2,2,3,1.1,375.7,469.8,26.4
Follicular,7.8,5,4,3,2,0.2,328.6,270.7,72.1
Follicular,6.8,4,3,5,2,1.2,122.2,122.7,64.1
Follicular,7.6,5,4,3,3,0.4,412.0,324.6,54.6
Follicular,7.1,5,4,4,2,0.9,325.5,425.5,60.8
Follicular,5.8,3,3,4,2,2.2,91.6,64.3,45.5
Follicular,7.2,5,4,4,2,0.8,168.7,169.9,62.3
Early Luteal,7.2,4,3,2,1,0.8,71.1,132.6,64.3
Follicular,7.0,4,3,3,1,1.0,2.4,102.4,66.5
Late Luteal,6.8,2,3,2,2,1.2,223.0,244.9,38.5
Late Luteal,9.5,4,2,2,4,0.0,467.7,375.1,47.9
Early Luteal,5.9,3,3,3,3,2.1,543.0,497.5,28.0
Ovulation,5.6,3,3,4,2,2.4,186.1,142.0,42.0
Follicular,6.4,4,3,3,2,1.6,256.7,288.1,46.6
Ovulation,6.7,3,4,5,2,1.3,107.2,120.8,54.6
Late Luteal,4.9,2,2,2,1,3.1,31.2,0.0,28.6
Follicular,5.9,4,3,4,2,2.1,272.6,278.8,50.1
Follicular,8.0,4,5,5,3,0.0,282.8,231.0,62.1
Menstrual,5.1,3,3,2,1,2.9,43.5,0.0,39.1
Ovulation,6.9,2,3,3,2,1.1,142.7,242.7,43.4
Early Luteal,8.2,4,4,4,2,0.0,174.0,79.7,69.2
Follicular,6.2,3,4,4,2,1.8,257.3,326.9,45.6
Menstrual,6.8,2,1,1,4,1.2,598.2,482.0,15.3
Menstrual,6.0,2,2,2,3,2.0,527.9,627.4,20.7
Menstrual,4.1,2,1,1,2,3.9,336.5,436.5,13.6
Follicular,6.6,3,4,4,3,1.4,371.2,449.1,42.1
Late Luteal,7.5,4,3,3,1,0.5,36.8,64.6,64.9
Menstrual,5.7,3,3,3,3,2.3,296.4,345.4,28.2
Late Luteal,7.1,4,3,2,1,0.9,168.1,112.1,57.5
Menstrual,4.9,1,1,1,2,3.1,142.7,242.7,6.7
Early Luteal,6.0,4,4,3,2,2.0,87.6,0.0,51.2
Follicular,5.5,3,3,4,4,2.5,523.0,401.3,21.6
Early Luteal,7.2,4,4,3,2,0.8,193.5,85.6,59.6
Follicular,6.0,3,3,4,1,2.0,105.6,64.5,46.6
Ovulation,7.7,3,4,4,2,0.3,187.9,166.6,58.1
Early Luteal,4.5,2,3,3,2,3.5,270.3,217.7,20.2
Late Luteal,5.9,1,2,2,3,2.1,384.3,484.3,8.1
Follicular,5.9,3,3,3,3,2.1,456.4,231.5,26.5
Follicular,7.0,3,4,5,2,1.0,271.2,334.1,51.0
Follicular,7.0,4,4,5,3,1.0,357.6,345.7,48.9
Early Luteal,8.1,4,3,3,4,0.0,576.5,650.2,46.2
Follicular,5.9,3,3,3,3,2.1,346.4,227.3,33.1
Menstrual,6.5,3,4,4,1,1.5,29.3,0.0,49.2
Menstrual,7.0,3,3,2,3,1.0,372.1,415.2,35.0
Ovulation,7.4,4,3,3,5,0.6,800.0,870.1,30.9
Follicular,6.6,3,3,3,1,1.4,45.2,0.0,53.2
Early Luteal,7.2,3,2,2,4,0.8,646.9,687.1,32.9
Early Luteal,7.1,3,3,3,1,0.9,111.8,140.2,55.3
Menstrual,6.0,2,3,2,1,2.0,53.8,34.2,41.2
Follicular,6.9,3,3,4,3,1.1,226.4,257.3,45.5
Follicular,7.5,4,5,5,2,0.5,40.7,58.5,64.1
Late Luteal,4.0,2,1,1,4,4.0,483.7,564.3,0.0
Early Luteal,6.2,4,3,4,5,1.8,745.7,610.7,20.6
Menstrual,5.9,3,3,3,2,2.1,178.0,179.2,39.7
Menstrual,6.0,3,3,2,1,2.0,116.3,0.0,43.4
Follicular,6.1,3,4,3,1,1.9,88.4,34.6,49.6
Menstrual,7.6,4,3,2,2,0.4,351.9,334.9,56.8
Follicular,6.8,4,3,4,2,1.2,122.9,216.5,69.3
Late Luteal,7.8,3,3,3,2,0.2,335.4,308.7,49.8
Late Luteal,8.4,3,3,2,1,0.0,158.4,16.0,66.1
Follicular,6.6,4,3,4,1,1.4,48.6,148.6,56.7
Follicular,7.8,4,4,5,1,0.2,124.9,166.9,70.1
Follicular,6.1,3,3,2,4,1.9,690.4,685.8,21.9
Follicular,7.2,4,4,4,3,0.8,226.0,174.9,48.3
Early Luteal,7.0,3,2,2,2,1.0,296.2,356.6,44.4
Follicular,6.5,3,4,4,4,1.5,720.4,658.9,30.6
Ovulation,6.7,3,3,3,2,1.3,205.3,87.4,49.5
Follicular,6.4,4,3,3,3,1.6,297.6,305.6,49.1
Follicular,7.0,3,3,4,3,1.0,345.3,293.1,43.3
Menstrual,6.6,1,2,2,3,1.4,398.3,461.4,19.3
Early Luteal,6.8,2,2,2,3,1.2,397.1,474.7,32.9
Early Luteal,7.4,4,2,3,3,0.6,214.5,142.0,52.9
Follicular,7.9,4,4,2,2,0.1,128.5,69.8,69.0
Menstrual,7.8,5,3,3,3,0.2,368.4,359.6,52.5
Follicular,7.1,4,4,3,1,0.9,16.9,116.9,67.6
Early Luteal,7.8,4,3,3,2,0.2,259.9,286.0,58.0
Early Luteal,6.3,3,3,3,2,1.7,148.9,181.2,43.4
Ovulation,6.8,2,3,3,2,1.2,86.1,80.6,47.0
Menstrual,8.2,5,4,3,1,0.0,62.7,119.5,76.8
Follicular,8.0,4,4,3,1,0.0,24.4,3.5,75.8
Ovulation,7.0,2,3,3,2,1.0,219.2,125.4,43.2
Follicular,7.2,5,4,5,2,0.8,103.0,103.6,64.5
Late Luteal,8.0,4,3,3,1,0.0,110.0,75.6,68.4
Menstrual,6.4,3,2,2,4,1.6,671.9,588.5,13.0
Follicular,6.4,2,4,4,1,1.6,136.1,72.9,48.5
Late Luteal,7.4,4,4,2,1,0.6,15.8,34.4,69.3
Menstrual,6.6,4,3,3,2,1.4,125.4,225.4,46.3
Early Luteal,6.6,3,3,4,2,1.4,264.4,287.7,40.0
Early Luteal,7.2,5,3,3,4,0.8,489.4,476.6,47.5
Early Luteal,6.8,4,3,3,2,1.2,291.9,160.1,53.4
Follicular,7.4,4,5,5,2,0.6,80.7,80.3,66.6
Late Luteal,6.3,4,3,2,2,1.7,283.5,92.4,39.8
Late Luteal,6.8,3,4,3,2,1.2,199.8,34.7,43.1
Menstrual,4.5,2,2,2,3,3.5,215.2,138.2,14.8
Early Luteal,8.4,4,3,2,2,0.0,75.8,0.0,71.9
Follicular,7.0,4,3,3,1,1.0,1.9,55.8,66.2
Menstrual,5.9,3,3,2,1,2.1,64.2,97.1,41.2
Early Luteal,7.1,3,3,1,1,0.9,163.5,174.8,52.8
Early Luteal,6.4,3,2,3,2,1.6,74.2,0.0,44.5
Late Luteal,5.4,2,1,3,3,2.6,427.4,357.1,12.4
Early Luteal,6.6,3,2,3,2,1.4,187.1,76.6,46.3
Follicular,7.2,4,4,4,1,0.8,128.7,127.0,69.5
Early Luteal,6.4,4,3,3,1,1.6,14.9,54.7,61.4
Menstrual,6.2,3,3,3,3,1.8,401.2,274.2,23.0
Early Luteal,7.3,4,3,3,3,0.7,460.9,460.0,40.2
Follicular,6.2,2,4,4,2,1.8,169.8,172.4,43.3
Follicular,6.5,3,3,3,2,1.5,121.6,220.7,45.3
Follicular,9.5,3,4,4,2,0.0,153.4,180.3,68.2
Late Luteal,6.4,3,1,2,5,1.6,800.0,854.2,12.8
Menstrual,7.9,3,3,4,2,0.1,96.9,45.2,58.8
Late Luteal,6.2,2,2,2,1,1.8,154.3,165.9,37.1
Follicular,6.8,4,4,4,3,1.2,412.9,451.1,51.5
Early Luteal,8.0,5,5,4,2,0.0,288.3,192.2,69.6
Late Luteal,5.1,2,2,2,2,2.9,80.9,180.9,25.0
Follicular,7.6,2,4,3,2,0.4,358.0,252.9,48.3
Early Luteal,8.1,5,5,4,1,0.0,36.1,0.0,83.0
Late Luteal,7.1,4,2,2,5,0.9,800.0,693.6,27.7
Menstrual,7.6,2,2,2,3,0.4,387.4,384.9,29.5
Menstrual,6.6,4,3,2,2,1.4,97.5,18.1,51.8
Late Luteal,6.0,3,3,2,2,2.0,306.9,348.8,36.1
Follicular,5.9,3,3,3,3,2.1,371.0,471.0,30.6
Early Luteal,4.6,1,1,1,3,3.4,257.9,287.2,2.3
Early Luteal,7.6,4,4,4,1,0.4,102.8,72.9,71.4
Follicular,7.8,4,4,4,2,0.2,104.0,127.2,68.0
Late Luteal,6.0,3,2,2,3,2.0,375.0,399.2,29.6
Follicular,6.5,3,3,3,2,1.5,196.9,133.1,41.0
Menstrual,5.5,3,3,3,2,2.5,45.3,53.3,41.9
Late Luteal,5.7,3,2,2,3,2.3,354.9,301.0,23.3
Ovulation,8.3,4,5,4,1,0.0,50.2,77.5,76.0
Menstrual,5.3,3,2,1,2,2.7,282.5,382.5,25.7
Early Luteal,6.0,3,3,4,3,2.0,296.6,301.1,38.9
Early Luteal,7.3,5,4,3,2,0.7,97.8,40.1,74.4
Follicular,7.7,5,3,4,5,0.3,685.8,583.0,47.4
Early Luteal,5.3,3,4,3,2,2.7,111.1,168.0,36.1
Follicular,6.1,3,3,2,2,1.9,67.3,129.2,37.0
Follicular,6.3,3,4,3,1,1.7,71.0,52.2,53.2
Follicular,8.5,5,4,3,3,0.0,452.5,423.0,69.2
Menstrual,7.8,4,3,2,2,0.2,121.3,0.0,57.8
Ovulation,7.4,3,3,3,4,0.6,424.6,484.0,43.3
Follicular,6.2,5,2,3,4,1.8,461.8,422.2,44.9
Follicular,7.3,5,2,4,2,0.7,139.3,230.0,70.5
Late Luteal,5.1,2,1,2,4,2.9,655.5,595.9,3.0
Ovulation,8.3,4,3,4,2,0.0,176.5,127.3,70.5
Follicular,5.9,3,3,3,2,2.1,137.9,0.0,42.9
Menstrual,6.3,3,2,3,1,1.7,48.9,69.3,45.7
Early Luteal,5.7,3,4,3,1,2.3,119.8,184.9,48.7
Early Luteal,6.0,3,3,3,2,2.0,243.3,343.3,36.2
Late Luteal,6.2,2,3,2,1,1.8,20.6,0.0,44.0
Follicular,6.5,3,4,3,1,1.5,1.1,0.0,53.2
Late Luteal,7.0,4,4,4,1,1.0,200.0,193.7,58.8
Ovulation,5.9,4,3,3,3,2.1,392.3,281.8,42.2
Follicular,5.8,3,3,3,4,2.2,657.9,600.2,18.3
Late Luteal,7.0,4,2,3,3,1.0,305.9,238.0,39.2
Early Luteal,7.7,3,3,4,1,0.3,51.5,19.4,62.6
Follicular,7.3,4,4,4,1,0.7,122.5,180.1,64.2
Follicular,7.4,4,3,4,4,0.6,507.0,421.4,45.2
Follicular,8.4,3,4,4,2,0.0,100.9,0.0,60.5
Menstrual,8.2,4,3,3,3,0.0,384.0,418.3,47.5
Late Luteal,5.2,3,3,3,1,2.8,54.9,0.0,41.0
Late Luteal,5.5,4,3,3,2,2.5,189.5,159.2,39.6
Late Luteal,7.0,2,2,2,3,1.0,373.2,310.3,29.6
Follicular,6.6,3,4,4,2,1.4,289.6,333.3,50.4
Late Luteal,5.9,4,3,2,1,2.1,35.1,84.1,50.4
Ovulation,7.1,4,4,3,2,0.9,66.7,153.0,62.1
Late Luteal,7.5,4,3,2,1,0.5,66.7,44.4,65.7
Menstrual,7.4,3,3,3,1,0.6,97.6,19.7,54.5
Follicular,6.8,3,3,3,1,1.2,43.4,0.0,57.3
Ovulation,7.3,5,5,5,2,0.7,63.1,0.0,75.3
Early Luteal,5.9,4,3,3,2,2.1,182.6,254.6,45.5
Late Luteal,6.8,2,2,1,2,1.2,223.5,181.9,36.8
Menstrual,5.4,2,2,1,1,2.6,56.1,132.4,35.2
Follicular,7.4,4,4,4,3,0.6,322.3,293.7,55.9
Early Luteal,6.7,3,2,2,5,1.3,661.6,647.5,16.8
Follicular,6.5,2,3,3,2,1.5,191.8,180.9,37.5
Early Luteal,7.7,3,2,3,4,0.3,549.5,496.9,38.5
Follicular,7.4,5,3,3,2,0.6,301.2,363.5,66.6
Menstrual,6.5,3,1,2,3,1.5,446.1,402.8,30.3
Late Luteal,7.0,3,3,3,2,1.0,71.5,120.9,52.7
Follicular,6.7,3,3,2,3,1.3,354.9,370.6,41.0
Late Luteal,5.9,3,3,3,3,2.1,381.3,442.8,28.6
Late Luteal,6.2,3,3,2,3,1.8,356.5,384.4,29.7
Late Luteal,7.4,5,4,3,2,0.6,235.7,298.0,61.8
Early Luteal,6.5,3,3,3,2,1.5,212.8,247.6,46.5
Follicular,7.8,4,3,4,2,0.2,146.5,144.7,64.8
Follicular,7.2,4,4,5,1,0.8,4.1,13.2,72.3
Menstrual,6.8,2,3,2,1,1.2,67.6,42.5,48.5
Follicular,9.4,5,4,4,2,0.0,200.6,126.8,73.4
Early Luteal,7.5,4,3,5,2,0.5,142.9,205.5,59.3
Follicular,5.8,3,4,3,1,2.2,61.1,128.4,51.2
Follicular,8.1,4,3,4,2,0.0,230.0,260.5,67.0
Follicular,7.2,4,3,3,4,0.8,590.7,578.4,31.7
Follicular,6.7,3,3,3,3,1.3,312.9,412.9,41.2
Late Luteal,5.9,2,1,1,2,2.1,132.2,125.8,31.5
Menstrual,6.6,2,3,3,1,1.4,42.9,0.0,45.6
Ovulation,6.1,4,5,4,2,1.9,212.2,206.7,53.6
Menstrual,6.2,3,2,4,5,1.8,694.4,622.5,14.3
Menstrual,4.5,2,2,2,2,3.5,121.3,47.7,15.2
Ovulation,7.9,5,4,4,1,0.1,128.8,122.6,80.8
Follicular,6.1,2,2,3,3,1.9,388.9,337.0,27.8
Menstrual,7.9,5,3,3,2,0.1,273.0,373.0,58.0
Follicular,6.1,3,3,3,2,1.9,128.3,205.6,45.7
Follicular,5.7,3,3,3,4,2.3,462.4,562.4,22.9
Early Luteal,7.2,4,4,3,1,0.8,107.0,122.8,65.6
Ovulation,6.2,3,3,3,2,1.8,51.3,17.6,41.9
Late Luteal,7.5,3,3,3,2,0.5,183.4,116.5,51.7
Menstrual,8.0,3,4,3,1,0.0,90.7,83.0,61.2
Follicular,8.8,4,3,3,1,0.0,3.1,0.0,75.2
Ovulation,6.0,3,3,4,1,2.0,126.6,226.6,53.2
Late Luteal,8.3,3,2,1,3,0.0,433.5,419.2,38.6
Menstrual,6.8,2,2,2,2,1.2,279.2,207.6,33.4
Menstrual,6.1,2,2,2,2,1.9,189.6,163.7,31.5
Early Luteal,6.2,3,2,3,3,1.8,327.2,373.8,38.8
Early Luteal,6.6,4,3,4,2,1.4,94.0,89.7,54.3
Early Luteal,5.9,5,4,3,2,2.1,189.0,173.7,52.9
Ovulation,5.2,3,2,4,2,2.8,54.8,149.3,41.4
Late Luteal,6.8,3,4,3,1,1.2,20.2,0.0,48.7
Follicular,6.5,3,4,3,2,1.5,77.9,0.0,48.3
Follicular,8.1,4,3,3,3,0.0,356.9,423.2,50.7
Ovulation,7.9,4,5,4,1,0.1,20.0,0.0,71.8
Menstrual,6.5,4,3,4,2,1.5,237.8,230.0,50.9
Menstrual,5.7,3,3,3,2,2.3,174.3,273.6,32.5
Follicular,9.2,4,3,3,2,0.0,256.0,356.0,68.8
Late Luteal,6.3,3,2,2,4,1.7,692.7,690.5,19.2
Early Luteal,6.5,3,3,3,2,1.5,134.9,177.4,51.5
Early Luteal,9.1,5,3,3,1,0.0,104.0,164.2,84.5
Late Luteal,6.8,3,3,3,3,1.2,207.1,7.8,39.7
Ovulation,6.2,3,3,3,2,1.8,108.8,135.2,52.5
Ovulation,7.2,5,4,4,1,0.8,9.5,9.3,75.7
Early Luteal,5.6,3,3,4,1,2.4,8.0,0.0,49.1
Late Luteal,8.7,5,3,3,4,0.0,519.9,499.7,57.1
Follicular,7.5,5,4,5,2,0.5,190.5,255.2,65.9
Ovulation,5.4,4,4,5,2,2.6,130.8,161.4,56.8
Follicular,6.3,3,3,4,2,1.7,199.7,179.6,50.2
Late Luteal,5.6,3,2,1,2,2.4,143.5,39.2,36.9
Early Luteal,6.6,3,3,3,2,1.4,82.7,144.2,47.0
Follicular,7.1,3,3,4,3,0.9,333.0,391.6,42.6
Late Luteal,8.3,5,4,4,1,0.0,59.6,39.6,81.4
Menstrual,7.6,4,3,4,2,0.4,135.9,47.2,61.2
Menstrual,4.3,2,2,2,1,3.7,138.4,108.5,20.5
Menstrual,5.2,2,2,3,2,2.8,296.6,315.1,17.5
Follicular,8.5,5,4,4,3,0.0,310.2,400.7,63.7
Early Luteal,6.8,3,3,3,3,1.2,498.9,561.1,37.8
Late Luteal,6.3,4,3,2,1,1.7,168.5,145.9,57.1
Menstrual,7.5,5,3,3,2,0.5,184.3,104.9,60.1
Early Luteal,8.0,4,3,3,2,0.0,149.8,126.5,67.1
Follicular,9.0,4,4,4,2,0.0,271.7,191.3,68.1
Menstrual,6.9,3,3,2,1,1.1,45.5,0.0,54.7
Early Luteal,8.1,4,3,3,2,0.0,167.2,100.6,62.7
Early Luteal,6.2,3,3,3,2,1.8,322.4,416.0,36.9
Early Luteal,7.5,4,3,3,3,0.5,360.6,328.7,46.4
Follicular,9.0,5,5,4,1,0.0,62.3,0.0,79.4
Early Luteal,6.8,2,3,4,1,1.2,83.2,0.0,48.4
Late Luteal,5.6,4,4,3,2,2.4,262.7,362.7,44.5
Ovulation,8.0,5,4,4,2,0.0,213.1,313.1,75.2
Menstrual,6.2,2,2,3,3,1.8,484.5,471.5,19.0
Menstrual,6.7,2,2,1,4,1.3,606.7,706.7,16.5
Menstrual,7.0,2,2,2,1,1.0,36.3,19.2,44.8
Follicular,6.5,4,3,4,2,1.5,144.6,224.4,51.6
Menstrual,7.2,4,3,2,3,0.8,421.1,521.1,39.0
Late Luteal,6.9,2,2,2,3,1.1,451.2,551.2,21.7
Follicular,6.5,3,4,3,3,1.5,396.9,495.5,40.8
Late Luteal,7.4,3,3,3,2,0.6,228.6,296.9,49.3
Follicular,6.6,2,3,3,2,1.4,270.4,370.4,34.4
Early Luteal,7.7,4,3,3,2,0.3,261.6,356.9,54.0
Late Luteal,8.1,4,3,3,2,0.0,145.8,183.9,63.7
Late Luteal,7.2,3,3,2,1,0.8,36.9,136.9,55.2
Menstrual,6.9,3,3,2,2,1.1,179.5,127.8,41.9
Menstrual,6.6,3,3,2,2,1.4,162.1,205.3,45.1
Early Luteal,8.3,4,4,4,2,0.0,280.1,240.7,64.4
Late Luteal,5.7,3,2,2,2,2.3,80.7,0.0,33.6
Late Luteal,8.4,3,3,3,2,0.0,108.9,208.9,55.8
Follicular,5.9,4,4,3,2,2.1,88.1,188.1,52.3
Follicular,7.6,5,4,3,2,0.4,146.2,219.8,72.0
Early Luteal,7.7,3,3,3,1,0.3,33.6,11.1,56.8
Late Luteal,5.7,4,2,3,2,2.3,104.5,37.8,46.8
Late Luteal,6.9,1,1,1,3,1.1,247.2,318.3,25.6
Early Luteal,6.8,2,2,3,2,1.2,149.3,40.0,40.2
Early Luteal,8.4,5,4,4,4,0.0,646.4,733.8,55.0
Early Luteal,6.9,3,3,2,1,1.1,114.7,214.7,59.3
Follicular,7.6,4,4,4,1,0.4,127.7,227.7,63.5
Early Luteal,5.7,3,3,3,1,2.3,92.9,192.9,43.3
Menstrual,5.3,3,2,2,2,2.7,239.0,272.6,35.5
Late Luteal,8.4,3,2,1,4,0.0,532.9,632.9,43.5
Late Luteal,7.5,3,3,3,2,0.5,208.0,289.7,49.4
Late Luteal,5.3,2,3,2,1,2.7,87.9,187.9,34.9
Late Luteal,7.0,3,2,2,3,1.0,376.4,402.2,35.8
Ovulation,6.5,3,3,4,4,1.5,645.0,474.0,30.5
Late Luteal,6.3,2,2,1,2,1.7,237.0,199.9,31.8
Ovulation,6.6,4,4,4,2,1.4,212.3,133.3,56.4
Early Luteal,6.9,3,4,3,2,1.1,156.5,256.5,46.7
Early Luteal,6.2,4,4,4,3,1.8,417.9,436.4,43.4
Follicular,8.5,3,4,4,2,0.0,104.5,100.4,62.6
Menstrual,5.4,3,2,2,2,2.6,190.9,155.3,33.2
Early Luteal,7.2,3,3,3,1,0.8,115.9,0.0,53.1
Early Luteal,7.1,4,3,3,2,0.9,189.3,171.4,54.2
Menstrual,5.2,4,3,3,2,2.8,133.9,82.3,41.1
Menstrual,6.7,3,3,2,2,1.3,82.2,180.0,44.3
Ovulation,7.7,4,4,2,2,0.3,83.9,147.4,65.5
Late Luteal,7.7,4,3,3,3,0.3,330.0,294.0,50.4
Early Luteal,6.0,4,3,4,3,2.0,356.3,345.2,40.4
Follicular,7.2,4,4,4,2,0.8,123.2,223.2,61.3
Late Luteal,6.2,3,2,3,2,1.8,214.6,314.6,35.3
Early Luteal,7.0,4,4,3,4,1.0,688.5,613.7,38.2
Early Luteal,6.7,3,3,2,2,1.3,208.5,259.9,48.7
Menstrual,7.9,4,4,5,2,0.1,125.1,76.2,67.8
Late Luteal,6.1,3,3,2,1,1.9,36.6,66.4,53.8
Early Luteal,6.7,4,3,2,2,1.3,136.9,235.4,52.9
Early Luteal,6.1,2,2,2,2,1.9,146.3,217.3,34.7
Early Luteal,7.3,4,3,3,3,0.7,289.4,321.0,44.0
Late Luteal,7.3,3,3,3,3,0.7,384.4,303.9,36.6
Ovulation,8.3,5,4,4,4,0.0,569.3,635.4,54.8
Late Luteal,7.1,4,4,2,2,0.9,237.7,145.2,50.8
Ovulation,7.0,2,3,3,3,1.0,318.3,233.6,35.6
Follicular,6.8,3,4,4,3,1.2,263.9,339.2,44.1
Late Luteal,5.9,3,3,3,2,2.1,99.9,0.0,35.3
Late Luteal,6.1,3,1,2,2,1.9,191.7,194.9,36.2
Early Luteal,5.8,5,3,3,1,2.2,88.4,83.8,61.6
Follicular,8.1,4,4,4,3,0.0,356.2,395.1,61.3
Follicular,6.9,2,3,3,3,1.1,441.0,336.0,34.4
Follicular,7.0,4,4,4,2,1.0,61.8,0.0,61.0
Late Luteal,7.3,4,3,3,2,0.7,220.3,137.3,49.8
Early Luteal,6.2,4,2,2,4,1.8,496.9,505.2,29.7
Early Luteal,7.0,3,3,3,2,1.0,174.8,98.8,48.2
Follicular,7.0,3,2,2,2,1.0,301.0,209.4,47.8
Late Luteal,6.6,3,2,3,2,1.4,148.8,156.4,39.7
Late Luteal,7.3,3,4,3,1,0.7,126.4,207.0,52.0
Menstrual,8.0,3,3,3,2,0.0,131.7,39.5,58.6
Follicular,7.7,3,3,4,2,0.3,131.2,27.0,51.7
Early Luteal,6.9,3,2,3,3,1.1,307.8,281.8,40.8
Early Luteal,5.9,3,2,2,2,2.1,148.7,248.7,36.2
Early Luteal,6.7,3,3,2,2,1.3,248.9,164.4,46.6
Follicular,7.4,4,2,2,3,0.6,320.5,410.8,45.9
Follicular,7.0,3,4,4,3,1.0,256.9,286.8,43.2
Ovulation,4.9,3,3,3,3,3.1,378.5,478.5,28.9
Early Luteal,8.6,4,3,3,1,0.0,49.3,0.0,79.3
Menstrual,6.5,3,3,3,3,1.5,230.4,217.9,39.0
Follicular,5.8,3,3,3,2,2.2,202.7,171.7,39.8
Follicular,7.2,4,3,3,2,0.8,319.7,292.5,58.1
Menstrual,6.4,3,3,3,2,1.6,202.8,219.7,47.5
Follicular,8.6,3,4,3,1,0.0,25.0,85.6,70.6
Early Luteal,7.6,5,4,3,3,0.4,410.1,436.5,60.8
Early Luteal,7.1,4,3,2,3,0.9,432.0,532.0,47.9
Ovulation,8.0,4,3,3,4,0.0,557.5,548.8,46.3
Follicular,7.2,4,2,3,5,0.8,652.3,534.7,30.6
Follicular,7.4,4,4,4,2,0.6,202.4,279.6,62.6
Late Luteal,5.6,3,3,3,2,2.4,197.1,107.3,38.4
Follicular,5.5,3,3,4,1,2.5,78.9,54.1,49.0
Late Luteal,6.3,3,3,3,1,1.7,107.3,207.3,49.0
Early Luteal,5.2,2,2,3,3,2.8,361.8,384.8,14.7
Ovulation,6.6,3,3,4,3,1.4,423.3,490.9,35.3
Ovulation,7.8,4,5,5,2,0.2,164.4,211.9,63.8
Menstrual,6.5,3,3,3,2,1.5,230.5,212.2,39.4
Late Luteal,7.3,3,3,3,1,0.7,32.5,0.0,57.5
Follicular,5.9,4,2,3,5,2.1,671.3,539.4,21.6
Late Luteal,5.4,3,2,3,1,2.6,49.3,44.8,39.2
Follicular,6.7,3,3,4,2,1.3,187.3,81.8,46.4
Early Luteal,9.0,4,3,2,1,0.0,71.0,0.0,72.4
Follicular,6.1,4,3,3,1,1.9,45.2,17.1,54.4
Ovulation,7.6,5,4,4,2,0.4,145.6,222.8,72.6
Follicular,7.5,4,4,3,2,0.5,223.0,181.0,62.9
Early Luteal,6.3,4,3,4,2,1.7,172.3,232.1,47.5
Follicular,7.5,5,3,4,4,0.5,519.4,499.6,50.0
Late Luteal,8.4,5,5,3,2,0.0,169.8,113.8,72.0
Menstrual,5.8,2,3,2,1,2.2,22.1,103.2,36.2
Ovulation,6.3,3,3,3,4,1.7,541.0,571.9,31.4
Follicular,5.7,3,2,3,3,2.3,267.8,215.7,29.4
Follicular,6.3,3,3,3,2,1.7,292.4,259.3,43.4
Follicular,5.6,2,2,3,2,2.4,165.8,86.6,35.2
Follicular,6.8,4,4,4,3,1.2,479.9,480.0,44.7
Early Luteal,6.6,3,3,3,3,1.4,502.0,521.5,30.2
Follicular,6.3,4,3,5,3,1.7,439.8,341.6,40.9
Late Luteal,7.4,3,2,1,1,0.6,45.4,103.1,48.3
Ovulation,7.9,3,3,3,3,0.1,395.9,468.9,54.6
Early Luteal,7.5,4,3,3,2,0.5,49.0,149.0,63.4
Early Luteal,7.7,4,4,4,2,0.3,99.9,98.6,63.7
Early Luteal,6.5,3,2,3,5,1.5,680.0,674.7,23.4
Early Luteal,5.7,3,4,4,2,2.3,213.0,227.3,41.1
Early Luteal,6.2,2,2,3,3,1.8,200.3,240.3,29.5
Late Luteal,6.3,3,3,3,1,1.7,71.5,0.0,47.1
Follicular,8.3,5,4,4,2,0.0,248.9,348.9,72.1
Ovulation,7.7,3,3,4,1,0.3,6.2,0.0,67.8
Late Luteal,5.9,3,2,2,3,2.1,371.5,423.5,24.0
Menstrual,5.0,2,4,2,1,3.0,95.3,152.1,31.1
Late Luteal,6.4,3,3,3,1,1.6,12.4,0.0,52.3
Follicular,7.6,5,3,4,2,0.4,222.4,238.5,66.2
Follicular,7.5,3,4,4,1,0.5,119.2,0.0,61.2
Menstrual,7.2,3,3,3,2,0.8,95.0,93.7,47.5
Follicular,7.2,4,3,3,2,0.8,243.1,343.1,56.8
Menstrual,7.4,4,3,3,2,0.6,219.2,183.6,52.0
Early Luteal,6.3,3,4,3,3,1.7,425.5,308.6,34.6
Late Luteal,4.6,1,1,2,4,3.4,618.0,650.8,0.0
Late Luteal,8.6,4,2,3,5,0.0,765.0,695.3,36.3
Follicular,7.9,4,4,3,2,0.1,195.4,276.2,61.4
Early Luteal,5.4,3,3,3,2,2.6,274.6,184.1,24.6
Menstrual,7.5,3,3,3,2,0.5,330.5,278.3,48.3
Follicular,7.5,4,4,4,3,0.5,331.9,331.6,58.8
Follicular,5.7,3,3,3,2,2.3,283.9,262.0,36.6
Early Luteal,6.4,2,3,1,2,1.6,127.3,98.1,39.5
Follicular,6.8,4,4,3,1,1.2,8.4,0.0,63.9
Follicular,4.9,3,3,4,2,3.1,236.0,283.0,30.7
Late Luteal,7.2,4,3,2,2,0.8,295.0,368.6,47.6
Early Luteal,7.0,3,2,3,3,1.0,383.2,345.7,38.1
Late Luteal,7.4,4,3,2,2,0.6,260.8,199.1,52.6
Late Luteal,6.5,3,3,2,2,1.5,254.9,354.9,43.4
Follicular,9.0,5,5,4,1,0.0,116.4,161.2,85.4
Late Luteal,5.9,4,2,2,5,2.1,731.6,831.6,15.8
Follicular,7.7,4,3,3,3,0.3,345.9,419.0,51.4
Early Luteal,5.4,3,2,2,3,2.6,481.4,505.6,19.9
Menstrual,7.4,3,3,2,1,0.6,10.1,110.1,54.9
Menstrual,5.0,2,2,2,2,3.0,295.8,281.2,17.3
Late Luteal,5.3,3,1,2,2,2.7,94.3,24.7,30.9
Late Luteal,6.9,2,2,2,3,1.1,283.7,383.7,32.9
Follicular,8.3,4,3,3,5,0.0,800.0,714.2,41.6
Follicular,9.2,5,3,3,4,0.0,504.3,445.8,58.3
Menstrual,7.1,4,3,3,1,0.9,10.7,0.0,61.1
Follicular,8.2,3,3,2,3,0.0,502.3,602.3,48.6
Follicular,8.4,4,4,4,3,0.0,440.2,540.2,55.3
Early Luteal,7.3,4,2,3,5,0.7,732.3,832.3,31.3
Late Luteal,5.3,3,2,2,3,2.7,401.7,387.3,23.7
Ovulation,7.2,4,3,5,2,0.8,341.9,437.5,56.4
Early Luteal,7.0,3,3,3,4,1.0,441.4,408.6,33.9
Follicular,5.9,4,3,2,5,2.1,720.5,640.4,21.9
Ovulation,7.0,3,4,4,2,1.0,134.6,140.4,60.1
Follicular,7.8,4,3,3,3,0.2,417.4,383.1,55.9
Follicular,7.7,5,4,4,3,0.3,429.6,470.3,57.3
Menstrual,7.2,4,3,3,2,0.8,270.8,249.7,52.0
Early Luteal,7.9,5,3,3,3,0.1,452.9,552.9,54.8
Early Luteal,7.9,4,3,3,1,0.1,26.5,55.6,69.9
Early Luteal,8.9,4,3,3,3,0.0,407.5,463.8,59.3
Menstrual,8.4,4,3,3,1,0.0,133.3,159.2,66.9
Follicular,7.9,4,3,4,2,0.1,208.9,308.9,61.8
Menstrual,6.5,3,3,3,1,1.5,110.5,31.4,53.7
Late Luteal,5.8,2,2,2,2,2.2,205.4,249.3,26.0
Follicular,5.3,3,4,4,2,2.7,172.7,153.8,40.5
Follicular,8.2,5,5,4,1,0.0,103.8,160.1,77.1
Follicular,6.6,3,4,4,2,1.4,89.0,59.4,46.6
Ovulation,6.6,2,3,4,2,1.4,165.9,225.2,48.2
Follicular,6.8,3,3,3,2,1.2,159.3,59.9,48.2
Early Luteal,6.5,3,3,3,4,1.5,448.8,529.3,38.5
Ovulation,7.9,4,5,5,2,0.1,190.4,290.4,70.4
Early Luteal,7.4,5,3,4,2,0.6,272.2,289.3,63.2
Late Luteal,6.6,3,2,3,2,1.4,304.4,312.7,41.4
Early Luteal,4.6,2,2,2,3,3.4,380.7,326.2,11.0
Late Luteal,6.4,3,1,2,3,1.6,439.2,372.8,29.9
Early Luteal,7.8,4,4,4,2,0.2,115.0,215.0,68.1
Menstrual,6.3,3,2,2,1,1.7,53.8,0.0,43.1
Early Luteal,5.5,3,3,3,1,2.5,91.7,137.8,42.0
Early Luteal,7.3,3,3,2,2,0.7,348.6,352.3,53.5
Follicular,8.0,4,4,4,1,0.0,103.5,203.5,68.6
Late Luteal,7.0,3,2,2,2,1.0,211.6,116.3,43.7
Follicular,7.5,5,5,4,1,0.5,173.4,228.3,72.1
Early Luteal,8.1,3,3,4,1,0.0,132.9,191.4,60.9
Early Luteal,8.1,4,4,5,2,0.0,144.7,216.7,66.4
Follicular,7.6,4,3,3,4,0.4,481.2,401.0,43.4
Follicular,8.3,3,4,4,3,0.0,390.8,327.3,51.4
Ovulation,6.9,2,3,4,1,1.1,5.5,0.0,53.8
Follicular,7.8,5,3,4,2,0.2,118.5,0.0,68.8
Late Luteal,7.0,2,3,2,3,1.0,322.7,337.7,35.9
Late Luteal,6.8,2,3,4,2,1.2,142.6,125.4,40.7
Ovulation,5.6,4,4,3,1,2.4,18.7,118.7,60.4
Late Luteal,4.7,1,1,1,2,3.3,214.8,248.6,11.8
Follicular,6.2,3,3,4,2,1.8,230.0,330.0,46.9
Menstrual,6.8,4,3,3,4,1.2,491.9,456.7,30.4
Menstrual,7.2,3,4,4,1,0.8,101.2,201.2,56.6
Follicular,6.2,2,3,3,3,1.8,432.9,345.6,34.6
Early Luteal,8.2,4,4,4,1,0.0,3.2,2.4,80.5
Early Luteal,7.6,4,3,4,1,0.4,83.4,0.0,72.3
Early Luteal,7.3,4,3,3,4,0.7,522.8,547.1,39.0
Early Luteal,7.5,5,3,3,2,0.5,280.1,231.9,66.8
Follicular,8.5,5,5,4,2,0.0,140.8,240.8,75.5
Ovulation,7.8,3,2,3,3,0.2,303.5,308.2,53.7
Ovulation,6.2,3,3,3,4,1.8,500.2,439.2,29.8
Follicular,9.5,3,3,3,1,0.0,50.0,148.7,76.9
Early Luteal,9.1,4,4,4,1,0.0,3.2,0.0,83.2
Early Luteal,8.1,4,4,4,1,0.0,20.1,0.0,77.8
Late Luteal,7.2,2,2,3,2,0.8,221.2,157.1,44.9
Late Luteal,5.6,2,2,3,1,2.4,87.3,187.3,32.9
Ovulation,7.3,3,3,3,4,0.7,666.0,738.4,32.2
Follicular,7.2,5,4,3,2,0.8,127.0,26.2,67.0
Follicular,7.0,3,4,3,1,1.0,93.3,49.1,60.5
Late Luteal,5.6,2,2,1,3,2.4,362.6,372.0,23.2
Early Luteal,9.5,5,4,3,1,0.0,74.4,9.7,86.6
Follicular,7.1,4,4,3,1,0.9,19.3,27.2,61.4
Late Luteal,6.3,3,3,2,1,1.7,61.4,0.0,46.4
Menstrual,6.3,3,2,3,1,1.7,55.9,0.0,44.8
Late Luteal,7.8,3,2,2,3,0.2,517.5,468.7,42.4
Early Luteal,5.0,2,1,1,5,3.0,793.5,713.7,0.6
Early Luteal,7.2,5,2,3,4,0.8,529.2,541.2,46.6
Early Luteal,6.9,3,2,2,3,1.1,304.6,211.3,39.2
Late Luteal,5.6,2,2,3,3,2.4,400.8,462.2,22.5
Follicular,7.3,4,3,4,3,0.7,459.6,344.3,44.2
Follicular,6.9,3,3,3,2,1.1,92.4,192.4,43.9
Late Luteal,5.4,2,2,3,2,2.6,62.0,77.4,32.7
Early Luteal,7.0,3,3,4,3,1.0,337.8,352.2,44.3
Early Luteal,7.5,3,2,2,2,0.5,103.6,71.1,56.7
Early Luteal,7.1,3,3,2,3,0.9,294.3,270.5,43.5
Early Luteal,6.7,4,4,4,2,1.3,262.0,257.3,54.1
Early Luteal,5.6,3,3,2,3,2.4,191.4,291.4,32.0
Late Luteal,4.6,1,1,1,3,3.4,505.6,604.6,0.0
Follicular,6.1,4,4,4,2,1.9,266.0,228.4,49.1
Follicular,7.3,4,4,3,2,0.7,222.8,80.5,56.7
Early Luteal,8.1,4,3,4,5,0.0,800.0,677.1,35.3
Early Luteal,7.5,3,2,3,5,0.5,800.0,692.0,20.1
Follicular,7.6,3,4,4,2,0.4,347.7,336.4,53.8
Late Luteal,7.9,3,2,3,3,0.1,433.4,358.7,44.0
Follicular,6.9,4,3,4,4,1.1,533.6,523.4,42.0
Menstrual,7.8,3,2,3,3,0.2,465.3,565.3,41.6
Early Luteal,7.0,4,3,3,2,1.0,273.1,369.5,52.1
Late Luteal,7.2,5,3,3,1,0.8,50.4,75.2,67.9
Ovulation,6.6,3,3,3,3,1.4,326.4,297.2,44.4
Late Luteal,7.3,4,3,3,1,0.7,48.9,0.0,61.9
Follicular,9.5,4,4,3,3,0.0,389.4,473.5,68.2
Follicular,7.3,4,3,4,3,0.7,448.4,429.3,50.2
Ovulation,5.6,3,3,2,1,2.4,2.1,0.0,50.4
Follicular,8.1,4,4,4,4,0.0,494.1,582.9,47.8
Ovulation,6.2,3,4,4,1,1.8,149.4,115.6,53.9
Late Luteal,7.5,3,3,1,3,0.5,444.8,294.0,39.1
Follicular,6.4,4,4,4,3,1.6,374.6,286.8,44.8
Late Luteal,8.1,4,3,3,2,0.0,108.6,111.5,61.9
Follicular,8.4,4,4,4,2,0.0,164.3,264.3,68.2
Menstrual,6.1,3,2,2,3,1.9,341.3,391.1,25.6
Follicular,7.7,4,4,4,3,0.3,375.3,377.9,59.7
Ovulation,5.5,2,3,4,1,2.5,10.8,0.0,40.0
Menstrual,6.7,3,3,3,3,1.3,411.9,411.3,37.1
Ovulation,9.1,5,4,4,1,0.0,51.6,69.4,84.5
Follicular,7.8,3,3,3,2,0.2,43.3,134.8,62.5
Early Luteal,7.4,4,4,4,2,0.6,157.1,184.8,63.9
Early Luteal,7.5,3,3,3,1,0.5,119.4,0.0,62.9
Follicular,8.2,5,4,2,3,0.0,413.8,395.7,72.1
Early Luteal,6.5,4,3,3,2,1.5,203.1,221.9,49.9
Menstrual,8.0,5,3,3,3,0.0,408.9,383.1,53.9
Late Luteal,7.4,4,2,2,2,0.6,211.8,148.2,54.0
Follicular,7.1,4,3,4,2,0.9,153.8,120.1,58.3
Menstrual,4.9,2,1,2,3,3.1,349.7,400.1,6.8
Follicular,8.5,4,4,3,2,0.0,311.9,376.0,63.1
Early Luteal,8.4,4,4,4,3,0.0,348.6,315.6,58.6
Ovulation,6.9,3,4,4,1,1.1,98.4,177.7,66.1
Late Luteal,6.2,3,2,2,1,1.8,82.4,113.9,43.8
Menstrual,5.6,3,2,3,3,2.4,449.9,509.4,17.2
Early Luteal,6.7,4,3,3,2,1.3,291.8,324.3,53.7
Follicular,7.0,2,3,3,1,1.0,49.6,104.7,51.7
Early Luteal,9.0,5,4,4,2,0.0,334.5,337.7,77.7
Early Luteal,7.8,4,3,3,4,0.2,551.6,646.8,41.9
Ovulation,6.9,3,3,3,2,1.1,109.7,46.8,56.8
Ovulation,6.1,3,4,5,2,1.9,36.8,2.1,50.7
Ovulation,6.7,2,3,3,2,1.3,312.7,318.2,39.3
Early Luteal,6.4,3,3,3,2,1.6,132.5,76.7,51.1
Early Luteal,8.0,4,4,4,2,0.0,218.6,167.1,62.7
Late Luteal,6.9,2,3,3,2,1.1,115.5,12.1,41.5
Follicular,8.8,5,4,5,2,0.0,233.5,297.0,74.5
Follicular,6.9,3,4,3,2,1.1,271.1,264.9,43.1
Follicular,8.0,5,5,5,2,0.0,153.5,164.6,79.0
Early Luteal,9.5,5,3,3,1,0.0,4.9,51.8,85.4
Late Luteal,6.2,3,2,3,3,1.8,387.3,281.7,35.0
Follicular,7.3,5,4,3,1,0.7,97.6,79.9,72.0
Early Luteal,8.9,5,3,2,2,0.0,258.9,218.1,72.4
Late Luteal,5.0,1,4,3,2,3.0,210.7,200.3,17.1
Early Luteal,7.8,5,4,4,1,0.2,32.4,132.4,73.6
Follicular,5.9,3,3,3,3,2.1,453.6,536.9,33.8
Menstrual,7.0,2,3,3,1,1.0,98.3,80.0,46.5
Early Luteal,5.6,2,3,4,1,2.4,164.7,153.9,42.7
Late Luteal,6.0,3,2,2,1,2.0,106.4,33.1,36.1
Late Luteal,7.4,4,2,2,2,0.6,304.4,378.0,58.0
Ovulation,5.6,3,3,3,2,2.4,97.6,197.6,45.3
Follicular,6.8,3,3,3,1,1.2,104.9,131.6,50.7
Follicular,6.4,4,3,3,2,1.6,211.7,101.8,49.2
Early Luteal,7.8,3,3,4,3,0.2,341.3,398.1,45.2
Early Luteal,7.2,4,3,3,2,0.8,236.0,194.9,56.6
Ovulation,7.2,4,4,4,2,0.8,205.2,305.0,64.4
Early Luteal,6.7,3,3,4,1,1.3,52.0,152.0,53.2
Follicular,6.2,3,3,4,1,1.8,130.9,207.5,50.8
Follicular,7.0,3,3,2,2,1.0,65.8,0.0,53.1
Follicular,7.9,4,3,3,2,0.1,215.2,291.8,60.6
Early Luteal,6.5,2,3,2,2,1.5,136.6,7.6,39.4
Early Luteal,4.6,2,2,3,3,3.4,402.2,463.5,12.0
Follicular,7.4,4,4,4,2,0.6,132.5,20.7,65.9
Early Luteal,6.4,3,3,2,2,1.6,257.9,357.9,47.3
Late Luteal,6.3,2,3,1,1,1.7,7.7,71.7,41.7
Menstrual,7.1,4,3,3,2,0.9,157.3,236.7,56.2
Follicular,7.7,4,4,3,1,0.3,103.1,62.1,67.1
Early Luteal,9.5,5,3,5,5,0.0,800.0,762.2,51.7
Follicular,7.6,5,4,4,1,0.4,11.3,91.6,83.8
Early Luteal,6.1,3,3,3,4,1.9,528.1,613.7,25.1
Ovulation,7.6,5,4,5,3,0.4,381.3,419.3,66.8
Ovulation,8.1,2,3,4,2,0.0,304.2,342.8,52.4
Follicular,6.9,4,3,3,2,1.1,342.9,297.2,53.2
Early Luteal,7.8,3,2,3,3,0.2,486.2,435.8,44.9
Early Luteal,6.8,2,3,3,2,1.2,86.5,115.9,42.5
Follicular,8.2,5,5,5,2,0.0,211.5,163.0,70.5
Menstrual,6.5,2,1,1,4,1.5,489.7,456.3,16.3
Late Luteal,5.6,3,1,1,5,2.4,707.8,708.3,6.8
Menstrual,7.3,4,4,3,1,0.7,98.6,176.3,62.6
Follicular,6.1,3,2,4,4,1.9,540.2,503.7,25.2
Early Luteal,7.9,4,3,3,5,0.1,800.0,799.8,35.9
Follicular,6.9,2,4,3,1,1.1,32.9,52.5,54.5
Early Luteal,6.7,3,3,3,3,1.3,361.3,404.6,39.7
Menstrual,6.3,4,3,3,1,1.7,52.6,0.0,50.6
Follicular,6.5,3,4,4,2,1.5,210.0,214.4,50.9
Follicular,6.4,3,2,3,5,1.6,800.0,682.3,14.5
Follicular,6.4,4,3,4,3,1.6,415.7,456.6,40.6
Early Luteal,8.5,4,4,3,2,0.0,154.8,143.9,63.4
Ovulation,5.9,3,4,4,3,2.1,285.0,222.5,31.1
Late Luteal,6.4,2,3,2,1,1.6,6.6,2.7,45.6
Late Luteal,5.4,2,3,3,1,2.6,80.1,123.2,36.8
Follicular,6.0,2,3,3,1,2.0,113.9,88.4,48.6
Late Luteal,6.7,2,3,3,1,1.3,80.9,180.9,45.3
Menstrual,6.5,3,3,3,2,1.5,269.5,278.2,42.9
Follicular,5.4,4,4,3,1,2.6,93.8,161.7,54.1
Early Luteal,7.3,4,3,3,1,0.7,38.7,97.1,63.3
Menstrual,6.2,3,3,4,2,1.8,143.0,165.7,41.3
Ovulation,8.0,4,3,3,2,0.0,212.1,234.1,60.5
Late Luteal,5.6,2,2,2,2,2.4,232.0,223.8,29.0
Menstrual,7.4,3,3,4,2,0.6,234.0,334.0,45.4
Late Luteal,6.4,3,2,2,2,1.6,139.0,0.0,43.6
Early Luteal,6.7,3,2,3,1,1.3,106.9,157.3,57.6
Ovulation,6.4,2,3,3,1,1.6,41.6,141.6,51.9
Follicular,5.8,3,4,3,2,2.2,135.6,193.5,38.8
Menstrual,6.2,2,3,3,2,1.8,192.3,286.4,28.8
Follicular,9.4,5,5,5,2,0.0,327.8,262.1,77.4
Follicular,8.1,4,3,4,2,0.0,125.9,79.4,65.1
Follicular,6.3,3,3,3,1,1.7,50.4,141.4,51.2
Menstrual,6.3,3,2,2,5,1.7,800.0,871.9,13.0
Menstrual,6.2,3,2,1,4,1.8,479.8,411.7,21.5
Follicular,7.5,4,4,4,2,0.5,172.8,96.6,59.1
Follicular,7.3,4,5,3,1,0.7,26.7,44.1,69.8
Follicular,7.5,4,3,4,2,0.5,134.0,49.2,63.0
Follicular,6.2,3,3,3,3,1.8,415.8,385.1,39.6
Early Luteal,6.2,2,2,3,2,1.8,360.4,395.9,34.5
Ovulation,6.6,3,3,3,1,1.4,10.5,100.5,62.3
Early Luteal,7.5,4,3,1,2,0.5,280.2,244.5,56.8
Early Luteal,9.0,5,5,5,2,0.0,147.9,196.2,81.3
Follicular,8.8,5,4,4,4,0.0,599.3,490.2,62.9
Early Luteal,6.5,2,3,3,3,1.5,293.0,224.8,28.8
Early Luteal,6.2,3,3,3,2,1.8,110.1,82.7,42.8
Menstrual,6.4,3,2,2,2,1.6,49.4,149.4,45.3
Menstrual,5.6,3,1,2,4,2.4,677.6,737.0,8.3
Ovulation,8.5,4,4,4,2,0.0,12.6,0.0,70.8
Early Luteal,6.4,3,3,2,2,1.6,84.8,125.1,48.1
Follicular,7.0,2,3,3,1,1.0,83.1,83.9,55.7
Menstrual,7.3,4,3,3,2,0.7,249.7,259.1,54.2
Menstrual,6.7,3,3,3,1,1.3,67.7,140.5,53.8
Ovulation,8.3,3,3,3,2,0.0,83.9,57.7,64.1
Early Luteal,7.8,3,5,4,1,0.2,97.8,29.8,64.0
Menstrual,7.2,4,2,3,5,0.8,800.0,900.0,29.4
Follicular,7.7,5,4,4,3,0.3,352.4,363.3,65.1
Ovulation,6.9,3,4,3,1,1.1,135.9,133.4,59.3
Late Luteal,5.4,3,3,3,3,2.6,284.5,330.6,32.1
Follicular,8.2,3,3,3,2,0.0,134.4,156.6,65.7
Late Luteal,5.6,3,3,3,1,2.4,80.6,146.1,38.7
Follicular,6.9,4,3,4,4,1.1,729.4,794.4,37.7
Late Luteal,5.2,2,3,4,1,2.8,65.2,30.0,34.6
Early Luteal,7.1,3,3,3,1,0.9,74.2,116.8,59.1
Menstrual,8.2,5,3,2,5,0.0,777.4,645.8,40.9
Late Luteal,8.0,4,3,2,1,0.0,5.2,0.0,65.0
Early Luteal,6.4,5,3,2,4,1.6,606.5,606.8,38.4
Early Luteal,9.1,5,4,2,1,0.0,10.0,0.0,82.1
Late Luteal,5.9,2,2,2,2,2.1,220.9,211.3,23.5
Follicular,7.2,3,3,4,3,0.8,316.1,255.7,49.5
Early Luteal,6.6,3,3,4,2,1.4,226.8,117.4,43.8
Early Luteal,8.0,4,4,3,2,0.0,172.2,110.8,66.7
Follicular,8.7,5,4,4,1,0.0,74.7,174.7,80.0
Ovulation,6.2,3,3,3,5,1.8,800.0,747.4,23.5
Menstrual,5.8,3,3,3,1,2.2,49.3,0.0,40.8
Menstrual,4.9,3,2,2,2,3.1,201.2,193.7,22.3
Early Luteal,7.1,4,3,2,1,0.9,135.3,134.7,64.5
Follicular,7.1,4,4,3,2,0.9,122.5,222.5,56.8
Follicular,5.9,3,2,3,3,2.1,375.4,324.6,35.8
Late Luteal,6.1,3,3,2,2,1.9,213.0,230.5,34.8
Ovulation,6.6,4,4,3,3,1.4,481.8,503.3,46.9
Ovulation,6.6,3,3,4,1,1.4,61.5,99.7,57.8
Follicular,6.5,2,2,2,5,1.5,787.1,817.8,6.9
Early Luteal,5.6,3,3,4,4,2.4,704.7,715.7,15.3
Early Luteal,7.4,4,3,3,1,0.6,109.9,117.9,64.0
Menstrual,7.2,5,2,1,2,0.8,170.7,153.9,55.0
Early Luteal,8.8,5,5,4,1,0.0,154.7,136.2,80.0
Menstrual,9.1,5,3,2,2,0.0,312.2,342.6,72.9
Follicular,8.3,4,4,4,2,0.0,167.3,240.4,72.2
Early Luteal,7.4,4,3,3,3,0.6,358.5,286.0,50.1
Follicular,6.3,2,2,2,4,1.7,621.7,601.9,17.3
Menstrual,5.9,2,2,2,2,2.1,218.9,244.6,23.9
Early Luteal,6.8,3,3,4,1,1.2,125.8,153.0,51.5
Early Luteal,6.3,3,3,3,2,1.7,261.7,292.3,40.7
Late Luteal,6.1,2,3,2,2,1.9,104.7,204.7,37.8
Early Luteal,6.0,3,3,3,1,2.0,49.9,149.9,51.2
Follicular,8.0,4,4,3,2,0.0,117.9,55.9,69.2
Late Luteal,6.5,3,2,1,1,1.5,7.7,67.8,55.0
Follicular,8.6,5,4,5,2,0.0,133.3,45.5,74.6
Late Luteal,7.4,4,3,2,3,0.6,486.7,586.7,45.5
Early Luteal,7.0,3,2,2,2,1.0,189.0,289.0,49.9
Late Luteal,8.3,5,4,2,2,0.0,72.0,124.3,71.5
Follicular,7.4,4,3,3,3,0.6,285.6,281.5,47.4
Menstrual,6.5,3,2,1,3,1.5,264.2,301.4,29.8
Ovulation,7.5,4,3,3,4,0.5,634.0,566.5,51.8
Late Luteal,5.0,1,2,3,3,3.0,450.4,437.1,9.5
Late Luteal,7.2,5,2,2,5,0.8,765.1,789.4,31.8
Follicular,7.9,4,2,3,4,0.1,450.7,369.9,50.7
Late Luteal,7.3,4,3,3,5,0.7,676.6,497.4,26.0
Late Luteal,6.6,2,2,3,2,1.4,216.9,250.3,36.3
Late Luteal,7.1,3,3,3,1,0.9,77.1,97.1,49.5
Late Luteal,6.3,2,3,2,1,1.7,16.6,19.3,41.6
Ovulation,8.0,4,4,4,2,0.0,92.7,163.8,74.5
Menstrual,8.3,4,2,2,3,0.0,320.5,420.5,59.8
Late Luteal,8.0,2,2,1,1,0.0,11.6,0.0,51.2
Follicular,8.3,5,4,4,5,0.0,683.4,596.5,47.6
Follicular,6.9,4,3,3,2,1.1,206.1,257.0,59.3
Menstrual,6.7,3,2,2,2,1.3,235.0,335.0,39.7
Late Luteal,5.7,2,1,2,2,2.3,15.0,0.0,29.9
Follicular,7.0,4,4,4,1,1.0,119.3,40.3,63.3
Late Luteal,7.4,3,3,3,1,0.6,125.8,214.6,59.3
Follicular,5.9,4,4,3,3,2.1,327.5,192.2,36.2
Menstrual,6.1,2,3,3,2,1.9,166.7,266.7,28.4
Ovulation,6.7,3,4,4,2,1.3,137.1,237.1,52.9
Menstrual,7.3,4,3,3,2,0.7,148.3,22.9,55.0
Ovulation,6.0,4,3,4,3,2.0,348.9,92.6,40.4
Ovulation,9.0,5,5,5,2,0.0,97.1,172.2,89.4
Early Luteal,8.1,5,3,4,4,0.0,529.7,555.8,58.7
Early Luteal,7.1,3,4,3,2,0.9,192.3,261.3,55.1
Follicular,7.5,4,4,3,2,0.5,179.0,118.9,59.1
Late Luteal,5.4,3,3,3,2,2.6,293.6,299.1,38.3
Ovulation,6.6,3,3,3,1,1.4,82.4,108.6,54.6
Follicular,8.1,3,3,3,2,0.0,231.9,280.2,55.1
Menstrual,6.8,3,3,2,3,1.2,377.2,403.7,27.7
Late Luteal,7.3,3,3,2,1,0.7,64.1,164.1,53.5
Menstrual,8.8,5,4,4,2,0.0,137.0,167.1,68.3
Early Luteal,7.1,4,3,4,3,0.9,276.9,257.6,51.3
Follicular,5.3,3,3,4,2,2.7,69.4,0.0,40.6
Menstrual,6.5,2,2,2,1,1.5,125.2,225.2,41.7
Follicular,6.7,3,2,4,4,1.3,598.5,507.4,31.4
Follicular,7.1,4,3,4,3,0.9,262.6,209.6,47.1
Early Luteal,6.4,4,3,3,1,1.6,16.2,0.0,58.4
Early Luteal,8.3,3,2,1,4,0.0,536.9,478.4,36.7
Follicular,7.9,4,3,4,2,0.1,247.9,255.3,61.0
Menstrual,6.8,3,3,2,2,1.2,152.7,190.5,46.4
Early Luteal,5.7,3,3,3,2,2.3,148.7,197.3,38.9
Follicular,7.4,3,3,4,4,0.6,499.7,525.9,41.6
Follicular,8.3,4,3,2,2,0.0,136.2,158.9,69.2
Follicular,5.7,3,2,2,4,2.3,606.0,654.4,22.2
Menstrual,5.6,2,2,1,3,2.4,299.2,229.8,18.9
Follicular,7.1,4,3,3,3,0.9,303.2,254.6,51.9
Early Luteal,7.6,4,3,3,3,0.4,380.1,320.8,51.6
Early Luteal,7.6,4,3,3,4,0.4,419.1,325.4,41.5
Menstrual,6.2,3,2,2,2,1.8,236.0,162.2,35.2
Ovulation,7.4,4,4,3,3,0.6,409.0,503.1,59.5
Late Luteal,7.2,4,3,2,4,0.8,365.0,268.0,35.8
Follicular,8.6,4,3,3,4,0.0,494.6,443.3,51.1
Early Luteal,7.5,5,4,3,2,0.5,210.6,91.1,66.8
Menstrual,6.9,2,1,2,5,1.1,633.8,628.4,13.9
Ovulation,6.1,4,4,3,2,1.9,227.7,187.1,43.9
Early Luteal,9.3,5,3,3,4,0.0,629.0,549.7,52.1
Follicular,6.1,3,3,4,3,1.9,401.5,439.1,31.1
Late Luteal,7.4,3,3,3,2,0.6,185.1,40.1,49.6
Follicular,9.5,5,5,4,3,0.0,361.1,416.5,73.8
Follicular,5.4,3,3,3,2,2.6,184.7,164.1,34.5
Menstrual,7.7,4,3,3,4,0.3,509.2,410.5,38.3
Menstrual,7.1,4,2,4,2,0.9,178.3,109.6,52.0
Menstrual,7.0,3,2,3,4,1.0,657.0,661.5,27.7
Menstrual,6.0,2,3,2,2,2.0,294.1,394.1,28.7
Late Luteal,4.6,2,2,3,1,3.4,46.4,48.0,26.9
Menstrual,6.5,3,2,2,4,1.5,615.8,629.4,12.4
Menstrual,6.0,3,3,2,2,2.0,261.9,201.8,36.6
Early Luteal,7.0,2,3,3,1,1.0,139.8,219.3,50.3
Follicular,7.1,5,5,5,2,0.9,241.6,180.5,66.9
Late Luteal,6.2,3,3,3,1,1.8,124.1,140.5,44.9
Early Luteal,7.0,2,4,4,1,1.0,113.4,124.5,53.1
Late Luteal,6.8,3,3,2,1,1.2,28.6,0.0,55.1
Menstrual,6.9,2,2,3,3,1.1,392.4,429.1,29.9
Late Luteal,5.7,4,3,2,1,2.3,115.2,107.0,46.2
Late Luteal,5.6,2,3,2,1,2.4,106.5,0.0,32.3
Menstrual,6.8,3,2,1,2,1.2,131.6,9.5,42.5
Follicular,6.9,3,3,3,1,1.1,128.6,0.0,51.3
Follicular,6.9,4,4,4,1,1.1,106.7,206.7,63.9
Early Luteal,7.0,4,2,2,5,1.0,782.3,862.3,29.7
Follicular,6.8,4,3,3,2,1.2,282.9,340.2,49.9
Follicular,7.1,5,4,4,2,0.9,210.6,250.9,60.5
Ovulation,6.8,4,3,4,3,1.2,275.6,290.3,56.6
Early Luteal,7.6,4,4,3,1,0.4,87.3,74.0,66.7
Follicular,6.9,2,3,4,2,1.1,128.6,142.1,44.4
Early Luteal,6.8,3,2,2,2,1.2,75.6,26.1,45.3
Early Luteal,7.1,5,4,3,1,0.9,70.1,49.5,67.9
Follicular,6.7,2,2,2,3,1.3,352.5,255.9,27.7
Follicular,5.8,4,3,4,3,2.2,476.6,485.8,40.3
Late Luteal,4.2,1,1,1,3,3.8,511.1,611.1,0.0
Late Luteal,6.9,2,3,2,2,1.1,255.1,237.8,37.7
Early Luteal,7.5,4,4,3,3,0.5,350.8,410.2,56.5
Follicular,5.5,3,3,3,2,2.5,130.4,138.4,39.4
Early Luteal,8.2,4,3,4,1,0.0,80.6,96.1,68.0
Follicular,6.6,3,3,4,2,1.4,294.8,218.1,42.4
Follicular,7.4,5,4,5,3,0.6,317.2,338.5,65.2
Menstrual,6.9,3,4,3,1,1.1,47.3,130.2,55.9
Follicular,7.1,4,3,4,2,0.9,222.8,200.9,55.5
Early Luteal,7.1,4,4,3,1,0.9,95.6,50.6,65.7
Ovulation,6.2,3,3,4,2,1.8,93.9,193.9,44.8
Follicular,5.0,2,2,3,1,3.0,99.8,83.1,34.5
Follicular,7.3,4,4,4,2,0.7,312.2,411.5,57.7
Ovulation,7.0,4,5,5,2,1.0,91.4,138.7,67.0
Late Luteal,5.0,2,2,2,2,3.0,80.7,38.5,26.9
Early Luteal,8.4,5,3,4,2,0.0,181.3,184.3,66.4
Follicular,7.0,3,4,3,2,1.0,112.9,121.5,56.4
Menstrual,6.5,3,2,2,4,1.5,547.7,426.2,26.5
Early Luteal,6.1,3,4,4,2,1.9,230.8,316.0,42.1
Follicular,7.3,4,4,3,4,0.7,671.9,724.0,38.1
Late Luteal,7.0,2,3,3,3,1.0,389.5,488.2,27.4
Follicular,7.0,2,2,3,4,1.0,618.6,477.7,22.3
Follicular,6.7,3,3,3,3,1.3,491.5,487.4,33.2
Early Luteal,5.4,3,3,3,3,2.6,389.4,419.4,27.1
Follicular,8.9,5,4,4,2,0.0,119.0,153.0,76.4
Late Luteal,6.1,4,2,2,2,1.9,217.3,192.2,46.4
Follicular,5.9,4,4,3,2,2.1,140.9,17.8,51.0
Follicular,7.1,5,4,4,1,0.9,46.9,146.9,75.2
Late Luteal,6.0,3,3,2,2,2.0,162.4,223.5,43.5
Follicular,7.4,4,4,3,1,0.6,39.0,105.3,71.7
Early Luteal,7.4,3,3,3,2,0.6,190.6,185.1,55.2
Early Luteal,7.9,5,4,4,2,0.1,132.9,232.9,69.9
Follicular,7.3,5,3,4,1,0.7,75.3,0.0,71.2
Early Luteal,7.7,3,3,3,3,0.3,321.2,290.7,51.1
Ovulation,6.4,2,3,4,1,1.6,74.7,87.8,53.8
Menstrual,6.9,3,2,1,3,1.1,336.1,268.2,32.1
Early Luteal,6.3,2,2,4,3,1.7,323.9,205.5,27.9
Follicular,6.8,3,3,3,2,1.2,97.2,128.6,53.8
Follicular,7.0,4,3,3,3,1.0,320.4,327.1,48.9
Follicular,7.5,4,3,4,2,0.5,123.3,157.8,65.5
Early Luteal,8.0,3,3,1,2,0.0,78.7,31.1,54.7
Follicular,7.6,5,5,4,2,0.4,140.7,211.5,74.8
Late Luteal,4.4,2,2,2,1,3.6,42.9,49.8,25.7
Ovulation,6.2,2,2,2,3,1.8,271.8,233.3,32.3
Late Luteal,6.2,2,2,1,2,1.8,114.9,169.7,30.9
Early Luteal,7.2,4,3,3,3,0.8,263.5,283.7,44.3
Follicular,6.4,4,3,4,2,1.6,189.0,238.1,49.8
Menstrual,5.6,2,3,2,1,2.4,57.4,107.9,35.3
Early Luteal,5.9,3,3,2,2,2.1,242.7,235.4,38.5
Early Luteal,7.0,3,3,3,2,1.0,233.0,333.0,50.6
Follicular,8.0,4,4,3,2,0.0,80.9,146.4,63.5
Menstrual,5.5,2,3,3,1,2.5,55.0,36.0,33.6
Ovulation,5.9,3,4,4,1,2.1,90.5,62.3,50.5
Early Luteal,5.9,2,2,2,2,2.1,200.3,289.0,31.7
Follicular,6.9,4,5,4,1,1.1,52.7,0.0,66.7
Ovulation,7.8,5,5,5,2,0.2,109.3,127.9,73.3
Ovulation,9.5,5,4,4,1,0.0,45.0,40.2,85.0
Ovulation,5.3,3,3,3,2,2.7,198.8,298.8,42.3
Early Luteal,5.3,3,3,2,1,2.7,73.8,64.8,42.4
Early Luteal,7.4,4,4,4,2,0.6,207.0,302.0,61.0
Menstrual,7.3,4,3,3,2,0.7,185.0,133.5,50.8
Late Luteal,6.3,3,2,2,3,1.7,378.8,395.4,27.9
Menstrual,6.7,3,2,3,5,1.3,800.0,788.9,11.3
Menstrual,6.5,3,3,3,1,1.5,98.6,31.2,48.2
Late Luteal,6.0,2,2,3,2,2.0,264.6,233.5,32.2
Early Luteal,6.3,3,2,2,4,1.7,625.2,664.4,31.1
Follicular,5.8,3,3,3,1,2.2,30.0,53.3,45.8
Menstrual,8.3,4,4,4,1,0.0,36.0,61.5,69.8
Late Luteal,7.6,4,4,3,2,0.4,178.8,37.8,58.5
Menstrual,7.6,3,2,3,2,0.4,298.7,398.7,45.9
Menstrual,6.4,3,2,3,2,1.6,258.0,168.1,34.9
Early Luteal,4.8,2,2,1,2,3.2,72.0,39.4,26.6
Menstrual,5.9,3,2,3,5,2.1,800.0,762.7,6.4
Ovulation,7.8,4,4,3,1,0.2,44.3,93.1,74.5
Early Luteal,7.7,4,3,4,2,0.3,98.5,198.5,63.9
Follicular,6.8,4,4,4,2,1.2,59.3,7.4,64.3
Menstrual,7.2,3,2,2,2,0.8,128.3,193.1,40.7
Menstrual,6.2,3,3,3,1,1.8,62.6,5.7,49.3
Follicular,7.8,5,4,4,3,0.2,333.4,111.1,55.9
Menstrual,7.8,3,4,4,2,0.2,147.5,70.7,53.7
Early Luteal,6.4,3,3,2,2,1.6,179.4,72.0,47.5
Menstrual,6.9,3,3,3,3,1.1,213.9,138.7,37.0
Menstrual,7.5,3,2,3,4,0.5,449.9,337.1,31.5
Early Luteal,8.0,4,3,4,1,0.0,44.5,0.0,74.5
Early Luteal,7.8,4,3,4,3,0.2,451.7,473.3,51.7
Late Luteal,6.9,2,2,2,3,1.1,272.5,273.7,36.9
Follicular,9.0,5,4,4,1,0.0,90.5,9.7,79.9
Early Luteal,7.3,3,3,3,3,0.7,322.8,366.6,42.8
Follicular,6.1,3,2,3,4,1.9,536.5,632.4,27.8
Late Luteal,5.5,3,2,2,2,2.5,353.4,230.0,28.1
Early Luteal,6.5,3,1,4,4,1.5,591.6,641.4,20.8
Follicular,7.5,4,3,4,2,0.5,244.0,310.3,59.3
Menstrual,6.2,3,3,3,1,1.8,127.7,227.7,39.3
Early Luteal,8.0,4,3,3,3,0.0,341.9,365.9,54.5
Early Luteal,5.1,2,3,2,1,2.9,118.0,28.6,31.1
Late Luteal,5.5,3,3,2,1,2.5,3.9,0.0,43.6
Follicular,6.9,4,4,4,1,1.1,44.4,0.0,71.4
Follicular,6.4,2,3,3,2,1.6,205.7,96.7,40.9
Follicular,6.5,4,3,3,2,1.5,251.9,234.8,50.3
Early Luteal,5.6,3,2,3,2,2.4,186.5,256.6,35.9
Late Luteal,7.5,4,3,2,1,0.5,132.6,94.5,61.2
Follicular,7.4,4,3,3,3,0.6,355.9,310.0,47.9
Late Luteal,5.3,3,3,2,1,2.7,81.1,83.0,36.8
Early Luteal,7.4,4,3,4,2,0.6,90.3,74.7,59.7
Early Luteal,7.0,3,4,3,1,1.0,102.3,89.3,54.9
Early Luteal,6.7,3,2,2,3,1.3,306.7,379.9,35.6
Follicular,5.6,3,3,3,3,2.4,415.7,356.6,31.7
Follicular,8.5,4,5,5,1,0.0,83.0,38.8,79.2
Early Luteal,7.9,3,4,4,3,0.1,409.2,318.8,48.5
Menstrual,7.5,3,2,2,2,0.5,145.5,10.7,47.2
Early Luteal,5.6,3,2,4,3,2.4,331.8,418.7,26.9
Follicular,8.0,4,3,3,2,0.0,287.9,219.0,62.5
Follicular,6.2,3,3,3,3,1.8,472.3,451.8,34.0
Follicular,6.8,3,4,3,1,1.2,68.9,109.0,57.3
Late Luteal,6.4,3,3,3,2,1.6,260.7,318.8,38.9
Follicular,6.8,3,3,3,2,1.2,212.4,154.1,49.9
Early Luteal,8.7,4,3,4,2,0.0,191.3,291.3,70.0
Ovulation,6.1,2,3,4,3,1.9,270.6,290.7,34.1
Ovulation,6.2,3,3,3,3,1.8,474.7,494.9,35.7
Early Luteal,8.3,4,4,4,3,0.0,291.5,259.1,60.5
Follicular,8.8,4,4,4,2,0.0,231.3,323.8,66.3
Follicular,7.5,4,3,4,3,0.5,398.9,310.0,44.9
Ovulation,6.0,2,2,3,2,2.0,317.1,293.9,38.9
Early Luteal,5.7,3,3,3,3,2.3,295.9,266.0,33.5
Follicular,7.0,2,3,2,1,1.0,48.2,0.0,46.6
Menstrual,6.1,3,2,2,4,1.9,524.8,596.9,19.6
Menstrual,7.4,4,4,3,2,0.6,133.3,141.9,61.3
Late Luteal,7.7,3,3,2,1,0.3,89.9,156.3,59.0
Ovulation,6.5,3,3,3,3,1.5,317.7,290.4,40.8
Late Luteal,5.3,2,2,2,3,2.7,537.9,453.2,12.6
Early Luteal,6.8,3,3,3,1,1.2,80.9,148.4,59.9
Ovulation,6.8,3,4,3,2,1.2,46.9,105.5,54.1
Follicular,5.9,4,4,3,2,2.1,192.5,104.7,47.8
Ovulation,8.1,4,4,4,3,0.0,251.5,162.3,65.1
Early Luteal,7.0,3,3,3,2,1.0,136.4,201.4,50.4
Follicular,6.3,3,3,3,2,1.7,231.8,294.9,44.5
Late Luteal,6.2,2,2,2,2,1.8,12.2,30.8,32.4
Follicular,6.7,3,4,4,2,1.3,219.8,102.7,53.4
Follicular,9.0,5,3,3,4,0.0,528.5,617.9,61.7
Late Luteal,5.3,2,2,2,1,2.7,110.0,79.1,31.8
Follicular,7.1,3,3,3,3,0.9,339.5,319.4,38.6
Early Luteal,8.5,5,4,3,3,0.0,500.6,500.6,62.7
Follicular,7.1,5,4,4,2,0.9,124.4,224.4,66.7
Menstrual,8.3,4,4,3,2,0.0,102.6,88.0,64.5
Early Luteal,9.0,3,4,3,2,0.0,211.5,153.1,62.7
Late Luteal,7.0,3,3,2,2,1.0,136.9,197.3,38.6
Follicular,6.4,3,3,3,3,1.6,432.8,343.3,40.3
Follicular,7.4,4,2,3,4,0.6,545.4,545.4,38.1
Menstrual,8.8,4,3,1,2,0.0,151.8,149.1,67.4
Ovulation,6.2,3,3,4,3,1.8,308.1,408.1,34.8
Late Luteal,7.5,3,2,1,1,0.5,28.0,0.0,51.7
Early Luteal,9.0,5,3,3,2,0.0,119.5,131.0,79.3
Follicular,8.1,4,4,4,2,0.0,75.4,26.2,74.7
Follicular,6.6,3,3,3,1,1.4,84.7,138.1,50.6
Follicular,6.2,3,4,5,2,1.8,333.5,394.9,44.9
Menstrual,7.0,3,3,4,3,1.0,264.4,343.0,43.2
Follicular,8.9,5,4,4,1,0.0,66.7,38.7,84.7
Late Luteal,6.1,2,2,2,2,1.9,217.5,181.2,35.2
Follicular,5.6,3,3,4,2,2.4,98.1,118.7,43.8
Follicular,7.8,4,3,3,5,0.2,800.0,891.5,34.2
Menstrual,6.6,4,3,2,2,1.4,60.9,20.3,45.0
Follicular,7.3,4,3,3,2,0.7,165.9,265.9,55.1
Menstrual,7.6,3,3,3,2,0.4,187.3,0.0,44.7
Follicular,7.6,3,3,3,3,0.4,340.6,311.6,47.6
Follicular,6.8,3,4,4,1,1.2,124.3,169.9,55.5
Late Luteal,5.8,4,3,1,2,2.2,185.3,164.5,41.0
Menstrual,7.5,5,3,4,2,0.5,115.5,215.5,65.8
Ovulation,7.1,5,4,5,3,0.9,387.7,394.1,63.3
Late Luteal,6.2,2,2,3,1,1.8,68.0,72.9,37.3
Late Luteal,4.8,2,2,2,2,3.2,52.6,0.0,25.2
Early Luteal,5.3,4,4,4,2,2.7,322.1,337.5,42.8
Follicular,7.0,2,4,3,1,1.0,75.4,140.7,57.8
Late Luteal,8.5,4,4,3,1,0.0,61.9,161.9,71.6
Menstrual,6.7,3,2,1,1,1.3,65.4,98.3,47.0
Late Luteal,8.3,4,2,2,2,0.0,206.6,193.4,58.8
Menstrual,6.9,3,3,2,1,1.1,20.5,0.0,54.3
Follicular,6.4,3,3,3,2,1.6,216.4,208.8,50.1
Late Luteal,9.4,5,3,2,2,0.0,186.0,103.5,69.8
Follicular,7.6,3,3,3,3,0.4,222.1,269.6,54.0
Follicular,8.6,5,4,4,1,0.0,95.2,57.2,80.2
Follicular,8.6,4,4,4,2,0.0,175.6,275.6,77.3
Late Luteal,6.4,1,2,2,3,1.6,374.0,281.7,19.1
Follicular,5.0,2,3,2,2,3.0,329.6,256.7,28.5
Late Luteal,5.5,3,2,2,4,2.5,590.7,657.3,12.6
Menstrual,7.5,4,3,3,2,0.5,171.7,211.7,54.9
Late Luteal,6.7,3,3,4,2,1.3,243.3,244.2,47.2
Late Luteal,7.2,4,3,3,3,0.8,448.7,548.7,46.0
Ovulation,7.4,4,4,4,2,0.6,106.9,140.0,70.4
Follicular,6.8,3,3,3,3,1.2,456.9,402.2,41.2
Early Luteal,6.0,3,2,4,4,2.0,661.1,643.0,24.1
Menstrual,6.3,3,2,3,2,1.7,135.6,158.0,41.2
Menstrual,6.4,2,3,2,3,1.6,366.2,436.2,24.1
Late Luteal,5.6,3,3,2,2,2.4,238.1,234.6,36.4
Late Luteal,6.8,2,1,2,3,1.2,374.7,375.0,27.4
Late Luteal,5.5,2,1,2,4,2.5,581.6,524.7,6.6
Follicular,8.5,4,4,3,1,0.0,15.7,0.0,74.3
Follicular,9.0,5,4,4,3,0.0,437.2,486.7,69.8
Menstrual,7.2,4,2,2,2,0.8,184.1,67.9,49.0
Early Luteal,6.1,3,2,3,3,1.9,329.1,252.1,33.5
Late Luteal,6.3,2,1,2,3,1.7,362.5,350.9,24.4
Early Luteal,7.8,5,4,4,3,0.2,411.2,511.2,61.1
Late Luteal,6.3,3,1,1,3,1.7,335.4,262.2,32.8
Follicular,7.2,4,3,1,3,0.8,306.4,230.5,52.3
Early Luteal,8.8,4,4,3,1,0.0,73.5,0.0,78.0
Follicular,6.6,3,3,3,3,1.4,299.4,246.8,38.5
Follicular,7.9,3,2,3,4,0.1,658.8,699.4,35.2
Follicular,6.7,3,4,4,4,1.3,512.4,407.8,27.8
Follicular,6.7,4,4,4,1,1.3,13.1,113.1,65.9
Late Luteal,6.1,3,2,2,2,1.9,210.4,229.4,37.0
Late Luteal,7.9,5,3,3,2,0.1,189.6,137.1,63.8
Ovulation,7.0,2,3,4,4,1.0,460.4,446.1,30.2
Follicular,5.6,3,3,2,1,2.4,90.8,16.2,47.6
Early Luteal,6.0,3,2,3,2,2.0,281.8,260.9,37.4
Late Luteal,5.9,3,2,3,2,2.1,222.9,217.2,31.8
Follicular,6.4,4,4,4,2,1.6,236.9,251.5,53.5
Early Luteal,6.4,2,2,3,2,1.6,244.4,339.6,32.0
Follicular,7.5,4,4,5,1,0.5,123.6,223.6,73.3
Follicular,7.2,4,4,4,3,0.8,351.2,319.5,51.6
Follicular,6.7,3,3,3,3,1.3,272.1,208.0,39.9
Follicular,7.4,4,4,5,1,0.6,78.1,90.8,70.0
Late Luteal,5.8,3,1,3,4,2.2,523.4,485.2,14.4
Menstrual,4.3,1,1,2,2,3.7,334.2,434.2,2.6
Ovulation,7.2,3,5,4,2,0.8,372.3,339.3,53.7
Early Luteal,6.5,3,2,1,2,1.5,203.4,87.3,38.8
Follicular,7.8,5,4,4,1,0.2,167.3,122.8,77.0
Ovulation,6.9,3,3,3,2,1.1,119.6,94.0,57.3
Follicular,6.5,3,2,2,2,1.5,120.3,207.1,45.8
Follicular,6.3,2,2,3,4,1.7,519.4,544.2,26.5
Follicular,7.6,5,4,4,2,0.4,327.1,365.7,70.4
Early Luteal,7.5,4,4,4,1,0.5,78.1,0.0,69.3
Follicular,8.1,4,3,4,2,0.0,156.0,59.5,64.3
Late Luteal,6.7,3,2,1,1,1.3,144.0,123.8,45.4
Early Luteal,8.9,5,3,2,3,0.0,401.7,404.8,66.3
Ovulation,6.4,4,4,5,1,1.6,71.2,160.8,67.3
Ovulation,7.2,4,3,4,4,0.8,523.6,475.7,44.9
Early Luteal,6.5,4,4,3,1,1.5,114.6,0.0,63.1
Follicular,7.3,4,3,4,3,0.7,348.8,427.9,50.2
Late Luteal,6.9,3,4,3,2,1.1,274.8,369.9,45.9
Follicular,8.0,3,3,3,2,0.0,356.7,216.0,46.4
Menstrual,7.2,4,2,1,4,0.8,598.5,625.3,32.9
Follicular,6.3,3,2,3,5,1.7,800.0,829.7,17.2
Follicular,7.4,5,4,4,3,0.6,240.1,225.2,64.2
Ovulation,7.8,5,5,3,3,0.2,363.1,452.6,61.7
Late Luteal,6.7,2,2,1,1,1.3,64.1,9.9,43.0
Menstrual,5.4,3,2,2,3,2.6,532.1,549.2,16.1
Follicular,5.6,4,3,3,2,2.4,244.3,275.4,48.4
Early Luteal,8.7,5,3,3,4,0.0,583.8,607.1,54.8
Follicular,8.0,3,3,4,2,0.0,69.5,89.8,61.5
Early Luteal,7.5,3,2,3,4,0.5,710.0,810.0,32.7
Menstrual,8.1,3,3,3,2,0.0,209.3,174.5,59.3
Follicular,8.4,4,4,4,2,0.0,87.4,57.9,73.3
Late Luteal,6.5,3,2,2,1,1.5,32.7,132.7,47.1
Ovulation,5.3,3,3,3,3,2.7,540.0,509.5,26.6
Menstrual,7.3,5,4,3,2,0.7,212.4,162.8,62.0
Early Luteal,6.0,3,3,3,3,2.0,391.8,373.8,32.7
Early Luteal,5.4,2,3,3,2,2.6,130.0,129.6,32.6
Ovulation,6.5,3,2,3,4,1.5,566.6,555.7,30.0
Follicular,5.9,3,3,4,2,2.1,25.4,125.4,49.9
Late Luteal,6.3,3,2,3,4,1.7,690.2,734.4,17.3
Menstrual,6.8,2,3,3,3,1.2,392.2,352.8,28.2
Follicular,6.2,3,4,4,3,1.8,347.8,307.1,34.1
Late Luteal,7.8,3,4,3,1,0.2,98.1,166.9,60.3
Late Luteal,7.1,4,3,3,3,0.9,512.5,474.4,40.3
Menstrual,8.0,4,3,3,2,0.0,144.5,172.7,55.5
Menstrual,5.7,2,3,2,2,2.3,212.7,82.6,30.5
Follicular,6.6,2,2,3,2,1.4,164.7,71.1,41.8
Early Luteal,8.7,4,3,4,3,0.0,445.0,508.0,58.4
Ovulation,7.3,5,5,3,2,0.7,115.2,82.9,75.4
Menstrual,6.7,3,2,3,4,1.3,505.4,460.7,27.8
Early Luteal,7.1,4,4,4,2,0.9,164.8,9.9,58.3
Late Luteal,6.5,3,3,3,2,1.5,121.7,177.0,45.8
Late Luteal,6.2,2,2,2,3,1.8,513.2,419.5,21.0
Follicular,7.6,4,4,3,1,0.4,22.5,12.3,74.9
Ovulation,6.5,3,3,3,2,1.5,171.4,271.4,47.1
Ovulation,6.1,3,4,4,1,1.9,13.0,84.6,55.0
Early Luteal,7.4,4,2,4,5,0.6,800.0,799.4,31.3
Menstrual,7.6,3,2,2,4,0.4,530.3,592.5,33.5
Menstrual,6.5,3,1,2,4,1.5,554.4,598.7,17.2
Early Luteal,5.7,2,2,3,1,2.3,55.5,80.2,34.5
Ovulation,8.0,4,4,4,4,0.0,606.0,673.6,49.0
Menstrual,6.6,2,3,2,2,1.4,117.7,217.7,35.8
Menstrual,5.6,3,2,2,2,2.4,96.1,150.6,29.1
Early Luteal,6.9,3,3,4,3,1.1,285.8,169.9,40.8
Follicular,6.9,4,4,4,2,1.1,158.1,92.5,62.2
Early Luteal,7.5,5,3,1,3,0.5,413.7,471.7,59.5
Late Luteal,7.2,3,2,3,2,0.8,161.3,0.0,48.3
Early Luteal,6.3,3,3,3,1,1.7,126.6,115.4,48.1
Ovulation,8.0,4,5,5,3,0.0,313.7,345.9,68.9
Late Luteal,5.0,2,3,2,3,3.0,449.9,368.6,12.8
Follicular,5.7,3,3,4,1,2.3,48.3,0.7,45.0
Late Luteal,7.0,3,2,2,2,1.0,85.5,138.1,45.6
Early Luteal,5.6,3,3,2,3,2.4,411.8,321.0,30.2
Early Luteal,7.0,3,3,3,2,1.0,232.7,213.2,50.3
Menstrual,6.4,3,3,3,3,1.6,497.4,540.2,23.3
Early Luteal,5.9,3,4,3,1,2.1,9.6,0.0,46.1
Follicular,7.7,5,4,3,2,0.3,146.6,206.1,70.8
Late Luteal,4.9,2,3,2,1,3.1,105.3,142.4,25.3
Follicular,7.9,4,4,4,2,0.1,155.4,81.6,64.7
Early Luteal,6.7,3,4,3,2,1.3,91.5,0.0,49.5
Menstrual,5.8,3,3,3,1,2.2,16.3,64.6,49.0
Early Luteal,8.1,4,4,3,1,0.0,9.6,0.0,76.3
Follicular,6.9,3,3,4,3,1.1,437.6,404.9,39.0
Early Luteal,7.2,4,3,4,1,0.8,160.6,151.1,64.2
Menstrual,7.1,3,3,3,4,0.9,523.2,386.7,28.3
Menstrual,7.2,3,2,2,3,0.8,467.1,505.0,35.8
Early Luteal,9.5,5,4,4,2,0.0,272.8,182.8,79.0
Follicular,7.4,5,3,4,2,0.6,84.2,16.4,69.4
Menstrual,7.8,3,4,3,3,0.2,345.3,387.7,42.2
Follicular,8.3,5,5,5,3,0.0,422.3,475.6,64.8
Follicular,9.0,5,4,3,3,0.0,416.0,481.1,67.4
Early Luteal,7.8,4,4,3,2,0.2,189.1,136.2,57.1
Follicular,6.2,4,4,3,2,1.8,113.1,36.0,51.4
Menstrual,4.8,1,2,1,3,3.2,361.3,405.0,6.2
Follicular,7.5,4,4,4,1,0.5,113.1,213.1,69.3
Late Luteal,6.4,2,2,1,2,1.6,300.6,261.4,29.7
Menstrual,6.7,4,2,3,3,1.3,460.1,450.7,31.8
Ovulation,8.1,3,4,5,3,0.0,259.6,222.6,61.2
Ovulation,6.4,3,3,4,3,1.6,344.5,444.5,40.6
Early Luteal,6.6,2,2,3,3,1.4,323.2,246.8,32.6
Early Luteal,6.3,4,3,3,1,1.7,91.5,0.0,51.6
Early Luteal,6.9,2,3,3,1,1.1,35.3,0.0,55.0
Early Luteal,8.2,4,3,3,2,0.0,283.9,256.3,69.1
Early Luteal,6.4,4,4,4,3,1.6,304.6,273.7,43.8
Early Luteal,9.1,4,4,4,1,0.0,31.5,80.3,79.7
Early Luteal,6.4,3,3,2,1,1.6,262.3,266.8,50.4
Early Luteal,8.6,5,3,3,2,0.0,346.8,446.8,72.2
Late Luteal,6.4,2,2,3,2,1.6,315.4,415.4,33.3
Early Luteal,7.7,4,3,3,3,0.3,349.0,346.6,57.1
Follicular,9.0,5,4,5,3,0.0,289.6,234.0,72.3
Early Luteal,8.0,3,3,3,3,0.0,436.8,457.0,44.6
Ovulation,8.2,4,4,4,2,0.0,259.1,228.2,66.2
Follicular,7.4,5,5,5,2,0.6,343.6,289.0,64.4
Early Luteal,6.8,3,3,2,2,1.2,240.1,154.1,43.6
Early Luteal,7.0,3,3,2,2,1.0,134.4,118.0,51.8
Late Luteal,5.9,3,3,2,3,2.1,441.1,441.3,23.9
Follicular,9.3,5,5,5,3,0.0,404.7,378.4,73.0
Early Luteal,5.7,3,3,2,2,2.3,251.9,278.2,35.8
Late Luteal,6.4,3,2,3,2,1.6,113.5,59.9,42.9
Early Luteal,5.2,2,2,3,3,2.8,456.7,390.2,15.5
Late Luteal,6.3,3,3,2,2,1.7,296.8,272.0,34.7
Early Luteal,4.8,3,2,3,2,3.2,223.2,224.5,29.8
Follicular,6.4,3,3,3,3,1.6,451.9,379.4,39.1
Early Luteal,7.2,4,3,3,3,0.8,324.2,359.1,48.2
Early Luteal,6.6,4,4,4,1,1.4,65.2,21.5,66.0
Menstrual,5.2,3,3,3,3,2.8,317.2,234.4,21.5
Late Luteal,5.6,3,3,4,2,2.4,255.5,307.4,30.4
Late Luteal,6.2,2,2,2,3,1.8,418.6,518.6,20.7
Follicular,5.9,3,3,3,2,2.1,276.8,309.2,45.4
Late Luteal,5.8,3,3,3,1,2.2,69.2,99.7,42.3
Follicular,7.4,4,3,3,1,0.6,72.9,58.0,68.4
Follicular,8.7,3,4,3,3,0.0,209.3,208.9,57.2
Early Luteal,8.7,4,3,3,2,0.0,197.8,149.1,70.5
Menstrual,6.1,2,2,3,3,1.9,345.0,413.2,28.2
Menstrual,6.5,3,2,3,2,1.5,286.4,289.6,27.8
Late Luteal,5.7,4,2,2,2,2.3,141.3,69.3,41.8
Late Luteal,5.4,3,3,2,2,2.6,217.8,132.8,29.5
Early Luteal,7.7,4,4,4,2,0.3,291.5,296.9,63.8
Follicular,6.5,4,3,4,3,1.5,441.9,541.9,41.9
Late Luteal,5.9,3,2,1,2,2.1,234.8,250.5,37.7
Late Luteal,6.9,2,2,3,3,1.1,342.8,216.5,25.1
Ovulation,6.1,3,3,3,4,1.9,618.8,494.2,26.8
Follicular,6.3,3,3,3,3,1.7,225.3,317.0,39.7
Ovulation,6.0,2,3,3,2,2.0,99.6,113.2,38.7
Ovulation,7.3,3,4,3,2,0.7,110.2,210.2,60.1
Menstrual,7.3,3,2,1,3,0.7,457.8,370.9,35.4
Follicular,7.4,4,4,4,2,0.6,138.3,25.3,61.9
Follicular,6.8,3,3,4,3,1.2,338.4,259.0,37.1
Late Luteal,8.1,4,3,3,2,0.0,181.9,266.6,60.3
Late Luteal,5.3,3,2,2,2,2.7,64.8,61.6,31.4
Menstrual,6.2,3,3,3,3,1.8,357.8,314.6,30.0
Menstrual,5.3,3,2,3,3,2.7,440.2,395.8,22.5
Follicular,8.0,3,3,2,2,0.0,98.1,0.2,60.2
Late Luteal,7.5,3,3,2,1,0.5,123.7,38.4,59.1
Late Luteal,7.2,5,3,3,4,0.8,493.5,492.3,45.4
Follicular,6.3,4,3,4,3,1.7,475.2,532.4,44.1
Follicular,6.7,3,3,3,4,1.3,423.1,404.4,33.9
Ovulation,7.6,2,4,5,1,0.4,13.1,0.0,60.7
Late Luteal,6.6,3,3,4,2,1.4,76.9,176.9,41.3
Follicular,8.1,4,4,4,1,0.0,37.9,16.0,79.2
Menstrual,6.0,4,2,3,2,2.0,313.1,307.6,38.0
Follicular,8.6,5,4,3,3,0.0,437.0,517.5,68.0
Late Luteal,6.0,2,2,2,2,2.0,148.7,118.4,29.4
Follicular,8.6,5,3,4,4,0.0,621.9,642.8,52.3
Follicular,8.8,4,4,4,3,0.0,362.8,338.0,62.4
Ovulation,6.8,3,3,5,4,1.2,695.5,659.8,31.4
Late Luteal,6.4,3,2,3,2,1.6,345.6,321.0,41.3
Follicular,7.8,4,4,4,2,0.2,147.3,144.8,62.6
Menstrual,9.0,5,4,3,1,0.0,106.9,146.8,79.3
Ovulation,7.3,5,4,5,3,0.7,435.2,419.6,62.4
Late Luteal,5.8,3,2,2,3,2.2,319.8,320.7,24.7
Follicular,7.8,4,3,3,5,0.2,603.0,658.8,44.1
Ovulation,6.4,2,4,5,2,1.6,245.0,316.7,45.7
Ovulation,7.7,4,3,4,5,0.3,800.0,766.9,36.8
Menstrual,7.5,4,3,3,1,0.5,9.5,49.5,65.8
Ovulation,7.1,4,4,4,3,0.9,439.3,410.0,47.5
Follicular,5.5,3,3,4,2,2.5,262.5,231.0,39.3
Early Luteal,7.4,4,3,4,1,0.6,32.7,8.0,69.8
Follicular,7.0,4,3,3,2,1.0,257.9,219.2,54.9
Early Luteal,8.1,4,3,4,4,0.0,539.5,606.1,46.4
Early Luteal,7.1,4,3,2,4,0.9,461.1,339.2,44.0
Follicular,6.5,4,3,3,2,1.5,115.3,188.3,52.5
Late Luteal,7.2,4,4,4,2,0.8,310.5,237.8,56.9
Late Luteal,6.7,2,3,2,1,1.3,74.6,174.6,42.9
Follicular,7.5,5,4,4,3,0.5,367.6,412.3,56.3
Ovulation,6.1,3,3,3,2,1.9,126.1,55.7,43.1
Follicular,7.8,4,4,4,1,0.2,27.4,0.0,70.4
Follicular,8.3,4,4,4,2,0.0,236.4,294.9,63.4
Late Luteal,6.7,3,3,3,1,1.3,87.9,30.9,54.1
Ovulation,7.1,4,4,4,2,0.9,82.4,72.4,61.7
Follicular,8.5,4,4,4,2,0.0,323.6,423.6,64.6
Late Luteal,7.0,5,2,2,2,1.0,109.2,194.4,59.1
Follicular,7.8,4,4,4,3,0.2,205.3,218.9,58.7
Follicular,6.1,4,4,3,2,1.9,70.2,129.4,50.4
Follicular,7.6,4,4,5,3,0.4,331.0,403.4,55.0
Follicular,7.9,3,3,3,3,0.1,307.5,406.3,55.5
Follicular,6.4,3,4,5,2,1.6,86.2,62.9,50.4
Ovulation,6.1,3,4,4,1,1.9,35.9,65.4,53.0
Late Luteal,7.5,4,3,3,2,0.5,109.0,151.4,60.0
Early Luteal,7.0,4,3,3,3,1.0,468.7,508.1,43.0
Early Luteal,7.1,4,4,3,3,0.9,451.7,401.1,47.3
Ovulation,7.3,5,4,5,2,0.7,108.6,24.2,70.0
Menstrual,7.1,4,3,3,3,0.9,455.8,555.8,40.7
Follicular,7.3,4,4,4,2,0.7,102.1,61.5,63.9
Early Luteal,5.3,4,4,4,1,2.7,138.2,49.9,49.6
Early Luteal,4.8,2,3,3,2,3.2,226.5,242.0,17.6
Menstrual,7.1,4,3,4,5,0.9,773.4,758.0,23.7
Early Luteal,6.0,4,3,2,3,2.0,259.1,292.7,46.3
Early Luteal,6.0,3,3,3,3,2.0,200.3,300.3,34.7
Late Luteal,6.5,3,2,2,4,1.5,612.7,610.5,21.3
Late Luteal,5.2,2,2,3,1,2.8,126.8,53.0,34.6
Ovulation,8.3,4,4,3,2,0.0,237.9,190.5,65.9
Late Luteal,5.3,3,3,3,2,2.7,314.9,349.8,30.9
Early Luteal,7.6,3,4,4,2,0.4,226.0,196.6,55.0
Follicular,6.1,4,4,4,1,1.9,75.2,63.7,59.8
Ovulation,7.5,4,4,4,1,0.5,61.1,83.3,70.4
Late Luteal,7.1,3,2,2,2,0.9,205.7,125.4,44.6
Early Luteal,7.3,5,4,3,1,0.7,130.9,176.9,69.3
Follicular,6.6,3,4,4,2,1.4,161.3,163.0,50.5
Late Luteal,6.4,3,3,3,1,1.6,30.6,130.6,47.2
Follicular,6.9,4,4,4,1,1.1,53.6,39.7,66.8
Ovulation,8.4,3,4,5,2,0.0,75.8,28.0,69.2
Early Luteal,7.1,4,3,4,2,0.9,289.9,205.0,52.4
Follicular,7.3,4,3,3,5,0.7,771.4,773.8,30.2
Follicular,5.4,4,3,3,2,2.6,230.0,193.2,42.0
Ovulation,7.0,3,3,4,3,1.0,302.3,349.9,49.8
Menstrual,7.3,4,3,3,3,0.7,497.8,388.4,36.0
Late Luteal,6.6,2,2,1,2,1.4,209.9,8.2,33.4
Early Luteal,7.5,4,2,2,2,0.5,200.1,121.2,57.1
Follicular,7.3,3,3,4,2,0.7,267.8,168.9,51.1
Menstrual,6.5,3,2,3,2,1.5,124.3,174.5,36.0
Ovulation,8.3,3,4,3,2,0.0,271.5,80.5,59.0
Early Luteal,6.1,4,3,3,2,1.9,102.5,61.0,47.0
Ovulation,7.5,4,4,4,2,0.5,156.3,207.6,63.7
Ovulation,8.1,5,4,4,2,0.0,66.5,0.0,76.4
Late Luteal,7.3,3,2,2,2,0.7,160.8,100.9,44.0
Follicular,6.6,4,3,3,3,1.4,317.7,131.2,47.3
Early Luteal,6.4,2,3,3,1,1.6,61.9,51.9,42.6
Menstrual,5.8,3,2,3,2,2.2,83.9,40.6,35.2
Late Luteal,5.7,1,1,1,2,2.3,310.1,286.6,20.2
Early Luteal,8.4,4,3,3,2,0.0,142.8,204.6,67.4
Follicular,6.0,3,2,3,1,2.0,117.7,98.9,41.6
Late Luteal,6.8,4,4,5,1,1.2,41.3,97.3,64.2
Ovulation,8.9,5,4,4,2,0.0,122.2,0.0,80.8
Early Luteal,8.8,5,4,4,4,0.0,456.0,556.0,60.5
Menstrual,8.0,3,2,4,1,0.0,53.0,0.0,61.7
Ovulation,6.9,2,3,3,1,1.1,57.6,0.0,45.4
Late Luteal,6.1,2,2,2,2,1.9,196.7,207.3,31.8
Ovulation,6.1,2,4,4,1,1.9,58.2,0.0,51.0
Early Luteal,7.2,5,3,3,2,0.8,268.0,303.1,58.7
Follicular,8.6,5,3,4,4,0.0,508.8,519.9,61.9
Follicular,6.0,3,3,4,2,2.0,236.8,154.1,37.8
Early Luteal,6.7,3,2,3,2,1.3,115.4,84.5,48.5
Late Luteal,5.6,2,1,1,4,2.4,663.4,624.3,4.8
Menstrual,7.3,3,3,3,3,0.7,242.7,100.6,41.7
Early Luteal,6.8,3,3,3,3,1.2,349.3,428.7,34.9
Follicular,5.8,4,3,4,2,2.2,185.7,246.1,47.9
Follicular,6.2,4,3,4,2,1.8,98.4,80.8,55.7
Follicular,6.6,3,4,4,2,1.4,305.8,339.8,50.1
Ovulation,6.5,3,4,4,2,1.5,220.7,279.4,48.6
Follicular,8.2,4,4,4,1,0.0,112.3,139.9,75.9
Early Luteal,7.1,3,3,2,3,0.9,393.4,346.4,40.6
Late Luteal,7.3,3,2,3,3,0.7,377.0,301.2,40.0
Ovulation,6.8,3,4,4,4,1.2,647.8,549.9,32.7
Late Luteal,7.8,4,4,3,1,0.2,133.5,233.5,67.4
Late Luteal,5.6,3,2,2,2,2.4,221.4,321.4,29.7
Late Luteal,8.2,4,3,3,3,0.0,433.8,295.1,43.7
Menstrual,5.8,4,2,1,3,2.2,134.2,112.2,33.1
Menstrual,7.4,4,3,3,1,0.6,100.7,130.1,61.2
Menstrual,6.0,4,2,3,4,2.0,584.3,683.3,23.2
Late Luteal,4.4,1,1,1,2,3.6,227.7,249.7,4.2
Follicular,5.9,2,3,3,2,2.1,174.6,170.4,34.6
Menstrual,6.5,3,2,2,1,1.5,2.4,89.0,47.1
Follicular,8.7,5,4,4,2,0.0,98.1,117.8,80.6
Early Luteal,8.0,5,5,4,2,0.0,118.3,0.0,76.3
Early Luteal,7.7,3,3,3,2,0.3,232.9,332.9,61.3
Follicular,5.9,3,3,3,1,2.1,143.3,89.3,44.8
Late Luteal,6.2,2,2,2,3,1.8,386.6,477.3,20.4
Early Luteal,6.3,2,4,4,2,1.7,176.9,210.8,42.6
Follicular,9.4,5,4,4,2,0.0,261.7,224.0,75.2
Follicular,7.0,3,4,2,1,1.0,154.4,51.8,60.5
Late Luteal,5.3,4,2,2,2,2.7,179.1,67.7,39.6
Follicular,9.1,4,5,4,1,0.0,89.7,189.7,84.7
Late Luteal,5.8,3,2,2,4,2.2,519.4,594.5,20.7
Menstrual,5.5,3,2,2,2,2.5,165.4,119.4,33.1
Follicular,8.4,5,4,4,2,0.0,123.1,136.7,75.8
Follicular,6.4,3,3,3,2,1.6,176.3,176.7,51.0
Follicular,9.1,5,4,3,2,0.0,228.8,147.6,70.3
Early Luteal,7.0,3,3,3,2,1.0,130.0,230.0,53.6
Ovulation,7.2,5,3,4,4,0.8,545.4,560.6,50.4
Ovulation,7.6,3,3,4,2,0.4,272.4,133.4,58.3
Follicular,8.1,5,3,3,4,0.0,628.0,532.8,47.2
Early Luteal,6.5,3,3,2,1,1.5,73.4,0.0,47.7
Ovulation,6.8,5,5,4,1,1.2,28.3,106.6,74.6
Follicular,9.3,5,3,3,2,0.0,154.4,132.9,81.8
Early Luteal,7.5,3,3,3,2,0.5,225.4,135.1,50.3
Ovulation,6.9,4,4,4,3,1.1,344.2,288.8,45.1
Ovulation,8.0,5,4,4,2,0.0,241.7,50.9,76.8
Follicular,6.9,4,3,4,3,1.1,333.0,182.7,51.0
Late Luteal,4.7,2,2,1,1,3.3,4.7,33.1,25.5
Late Luteal,8.3,4,5,3,2,0.0,207.4,58.8,65.4
Late Luteal,7.0,2,3,3,3,1.0,313.8,181.1,32.9
Early Luteal,6.6,3,3,2,1,1.4,10.7,101.4,54.5
Ovulation,4.5,1,2,1,1,3.5,43.3,96.3,26.3
Late Luteal,8.2,4,2,3,4,0.0,515.3,392.1,47.2
Ovulation,7.9,5,4,4,1,0.1,33.0,0.0,83.6
Late Luteal,7.8,4,3,2,3,0.2,390.5,332.1,49.6
Late Luteal,7.8,4,2,3,5,0.2,800.0,784.7,29.1
Early Luteal,6.0,4,2,2,2,2.0,200.6,203.5,46.8
Menstrual,6.5,3,2,2,5,1.5,736.3,691.8,15.0
Follicular,7.9,4,3,3,2,0.1,259.9,351.9,63.6
Late Luteal,5.4,2,2,3,4,2.6,484.6,414.0,8.8
Early Luteal,4.9,2,2,2,2,3.1,249.9,91.8,25.8
Ovulation,6.9,3,4,4,1,1.1,139.8,145.7,57.9
Follicular,8.7,5,4,5,2,0.0,71.2,0.0,83.0
Late Luteal,5.4,3,3,3,1,2.6,199.3,135.1,37.2
Follicular,6.7,3,3,3,2,1.3,282.6,272.3,43.9
Early Luteal,7.1,5,4,3,3,0.9,321.5,363.1,55.5
Late Luteal,7.2,3,2,2,1,0.8,10.0,22.2,57.9
Early Luteal,9.2,5,3,4,4,0.0,439.6,335.2,66.7
Follicular,8.2,5,4,5,1,0.0,52.5,140.0,78.4
Late Luteal,8.2,3,2,3,2,0.0,183.5,194.2,54.9
Ovulation,4.9,2,3,3,3,3.1,340.1,440.1,18.5
Follicular,6.2,2,3,2,2,1.8,172.3,240.9,34.0
Menstrual,7.2,4,3,2,1,0.8,147.3,170.2,56.3
Late Luteal,6.5,1,3,3,2,1.5,93.4,0.0,33.0
Follicular,9.0,5,4,4,1,0.0,77.6,0.0,85.3
Late Luteal,7.4,4,3,2,2,0.6,160.5,180.2,53.9
Ovulation,4.3,1,2,2,5,3.7,663.4,618.3,0.0
Menstrual,6.4,4,4,3,3,1.6,356.5,300.8,42.8
Ovulation,7.4,4,4,2,2,0.6,292.5,315.4,57.4
Early Luteal,8.5,4,4,2,2,0.0,232.9,214.8,66.6
Ovulation,7.4,5,5,4,2,0.6,237.3,337.3,66.4
Early Luteal,6.2,2,3,3,2,1.8,62.2,64.6,38.0
Follicular,7.8,4,5,4,2,0.2,214.9,210.8,69.2
Follicular,7.7,4,3,3,2,0.3,247.0,197.8,59.2
Late Luteal,6.4,3,2,2,5,1.6,800.0,676.4,14.5
Late Luteal,6.5,2,2,1,2,1.5,306.7,219.4,27.1
Follicular,7.1,4,3,3,4,0.9,566.8,586.2,44.0
Follicular,7.0,3,3,3,3,1.0,387.9,467.5,42.4
Late Luteal,6.2,2,2,2,3,1.8,257.0,291.1,27.2
Follicular,5.3,4,4,3,3,2.7,353.9,362.0,37.8
Late Luteal,5.3,3,2,1,1,2.7,87.3,78.7,32.9
Follicular,5.9,4,3,3,2,2.1,196.2,122.2,48.4
Ovulation,8.1,4,4,4,3,0.0,334.7,260.4,61.0
Follicular,5.8,4,3,3,2,2.2,231.4,113.9,40.6
Follicular,8.6,4,3,3,3,0.0,390.8,333.6,57.3
Late Luteal,5.5,2,2,3,1,2.5,82.9,52.4,32.9
Follicular,9.5,5,5,4,1,0.0,2.7,0.0,93.2
Early Luteal,7.3,5,4,3,2,0.7,103.5,31.6,65.0
Early Luteal,8.1,4,2,3,1,0.0,62.8,9.5,73.1
Menstrual,5.9,3,3,3,1,2.1,74.2,0.0,46.5
Menstrual,7.5,4,4,3,2,0.5,274.0,257.9,58.7
Follicular,7.6,5,4,4,3,0.4,495.5,400.8,56.9
Menstrual,8.1,4,3,3,3,0.0,312.1,227.0,50.0
Late Luteal,5.7,2,3,3,2,2.3,167.3,128.7,27.6
Ovulation,6.5,3,3,3,1,1.5,22.9,0.0,51.7
Early Luteal,5.9,3,3,2,1,2.1,24.3,16.7,49.1
Late Luteal,6.1,2,3,2,1,1.9,13.0,9.3,41.9
Early Luteal,5.2,3,3,3,2,2.8,284.1,305.4,30.0
Follicular,6.4,3,3,3,1,1.6,19.1,0.0,51.2
Menstrual,6.3,2,2,2,2,1.7,265.5,150.6,26.7
Early Luteal,7.3,5,2,2,4,0.7,529.9,464.9,41.8
Follicular,5.8,3,3,3,2,2.2,206.8,306.8,39.2
Menstrual,6.5,3,2,3,3,1.5,353.7,357.7,32.6
Follicular,7.4,5,5,4,3,0.6,304.9,153.4,61.7
Late Luteal,6.5,2,2,2,5,1.5,712.1,757.4,6.7
Late Luteal,6.7,4,3,3,2,1.3,118.6,132.6,51.4
Menstrual,5.0,1,1,2,1,3.0,74.8,74.3,23.7
Menstrual,6.9,3,3,3,2,1.1,146.8,206.9,44.3
Menstrual,5.1,2,2,1,3,2.9,334.2,341.9,14.7
Early Luteal,5.6,3,4,3,1,2.4,118.1,61.8,43.2
Follicular,6.8,4,2,4,4,1.2,534.4,496.0,34.2
Early Luteal,7.5,4,4,3,3,0.5,376.9,471.7,49.3
Menstrual,6.7,3,3,2,3,1.3,311.3,137.5,35.5
Late Luteal,7.0,2,2,2,3,1.0,458.0,548.4,28.5
Late Luteal,6.9,2,2,1,2,1.1,137.9,96.0,42.8
Follicular,7.9,4,3,3,2,0.1,203.3,303.3,65.9
Follicular,7.6,3,4,4,1,0.4,82.8,170.5,62.8
Follicular,6.1,2,3,4,1,1.9,55.5,141.1,44.8
Follicular,6.4,3,3,4,1,1.6,74.9,46.1,52.4
Follicular,6.4,3,3,4,3,1.6,431.5,352.1,34.2
Early Luteal,5.4,2,3,3,2,2.6,220.4,225.8,33.9
Follicular,7.4,4,4,4,1,0.6,127.0,227.0,69.3
Late Luteal,6.8,2,2,2,2,1.2,203.4,303.4,38.3
Follicular,6.8,3,2,3,5,1.2,800.0,805.3,23.7
Late Luteal,4.6,1,1,2,2,3.4,124.6,219.3,12.1
Early Luteal,9.3,5,4,4,1,0.0,125.9,218.6,81.6
Follicular,5.4,3,4,4,3,2.6,346.8,275.9,28.7
Follicular,7.7,4,3,3,3,0.3,409.8,509.8,54.9
Early Luteal,7.8,3,3,3,3,0.2,525.7,449.0,50.6
Early Luteal,6.4,3,3,2,2,1.6,253.1,304.0,42.3
Follicular,7.7,4,3,3,5,0.3,800.0,809.8,35.0
Follicular,5.7,3,3,3,1,2.3,69.1,0.0,49.1
Follicular,6.7,3,4,4,2,1.3,85.7,0.0,52.0
Ovulation,7.6,5,4,4,2,0.4,264.4,320.0,67.3
Follicular,7.4,3,3,3,2,0.6,132.0,64.9,55.2
Late Luteal,6.0,3,2,2,4,2.0,471.0,409.4,19.4
Ovulation,7.5,5,5,5,1,0.5,75.3,22.0,80.5
Follicular,9.5,5,4,4,5,0.0,800.0,765.8,54.9
Follicular,7.3,4,4,4,1,0.7,52.0,45.0,72.4
Follicular,7.3,5,4,3,2,0.7,245.2,183.2,63.9
Early Luteal,5.9,4,4,4,1,2.1,35.1,135.1,57.9
Follicular,7.5,5,4,4,2,0.5,260.5,199.3,66.0
Late Luteal,5.7,4,3,3,2,2.3,184.1,137.9,38.8
Follicular,7.2,5,4,4,2,0.8,99.3,42.9,68.3
Follicular,7.2,5,4,5,2,0.8,147.1,247.1,66.3
Follicular,6.4,4,3,3,2,1.6,287.9,60.3,54.0
Follicular,6.7,4,3,4,4,1.3,573.3,647.5,38.7
Follicular,6.4,3,4,5,1,1.6,93.0,0.9,55.6
Early Luteal,7.4,4,3,4,5,0.6,800.0,771.3,27.6
Follicular,7.5,4,3,4,3,0.5,276.0,242.4,51.1
Follicular,6.0,4,4,4,2,2.0,114.2,160.5,43.9
Early Luteal,6.8,3,4,3,1,1.2,34.6,43.6,54.7
Follicular,8.7,4,3,4,2,0.0,313.0,315.1,64.0
Ovulation,6.5,4,3,5,3,1.5,452.0,488.2,44.3
Menstrual,6.4,2,2,2,2,1.6,195.9,286.0,26.8
Menstrual,7.2,4,3,2,2,0.8,94.9,132.0,51.2
Follicular,8.4,3,3,3,3,0.0,353.5,453.5,51.4
Follicular,5.7,4,4,4,2,2.3,39.0,89.6,46.2
Ovulation,6.6,3,3,3,4,1.4,461.2,484.8,34.5
Early Luteal,5.9,2,2,2,2,2.1,124.6,197.0,35.9
Late Luteal,7.7,5,3,3,4,0.3,735.4,799.0,41.1
Late Luteal,6.0,2,2,1,4,2.0,503.7,408.0,18.1
Menstrual,6.3,3,2,1,1,1.7,84.5,61.8,40.1
Early Luteal,7.3,4,3,4,4,0.7,520.4,523.2,41.0
Late Luteal,7.7,3,3,3,1,0.3,74.7,0.0,62.6
Early Luteal,8.4,4,4,3,2,0.0,198.9,142.7,69.5
Follicular,7.2,4,4,4,2,0.8,122.4,108.6,63.4
Menstrual,9.5,5,3,3,2,0.0,178.8,278.8,75.2
Early Luteal,7.1,5,3,3,2,0.9,176.1,219.8,66.6
Late Luteal,5.3,2,3,1,2,2.7,139.0,198.3,32.8
Follicular,9.4,5,4,4,2,0.0,220.2,202.1,77.0
Ovulation,7.8,4,4,4,1,0.2,39.1,124.7,73.2
Menstrual,4.7,2,1,3,3,3.3,356.2,363.4,12.1
Menstrual,8.5,4,3,2,3,0.0,432.3,426.4,51.4
Early Luteal,7.0,2,3,2,2,1.0,326.2,397.1,43.4
Ovulation,5.8,3,3,3,3,2.2,318.9,291.9,32.2
Follicular,9.4,4,4,4,2,0.0,117.2,93.8,78.7
Follicular,5.8,4,3,3,2,2.2,239.0,238.0,47.6
Menstrual,7.3,4,3,2,1,0.7,107.0,73.8,60.3
Follicular,8.4,4,4,3,2,0.0,303.7,288.7,67.5
Early Luteal,5.0,1,1,2,2,3.0,218.7,248.1,18.1
Late Luteal,6.4,2,2,1,4,1.6,519.5,552.6,18.7
Late Luteal,8.2,3,3,1,2,0.0,286.2,227.9,48.6
Ovulation,6.3,2,3,3,2,1.7,154.9,222.2,40.6
Early Luteal,5.3,3,1,3,5,2.7,800.0,863.4,0.4
Early Luteal,8.5,4,2,3,3,0.0,350.7,381.4,56.1
Late Luteal,6.1,4,3,3,3,1.9,297.8,397.8,36.3
Follicular,6.4,2,3,3,2,1.6,82.6,0.0,41.0
Ovulation,7.7,5,5,5,1,0.3,169.1,113.7,78.9
Menstrual,7.1,5,4,3,1,0.9,71.1,29.3,63.6
Early Luteal,6.9,4,3,3,2,1.1,83.0,112.5,53.9
Ovulation,5.4,3,4,4,1,2.6,39.8,0.0,50.7
Ovulation,5.8,3,2,3,2,2.2,231.2,122.2,42.1
Follicular,8.2,5,4,4,2,0.0,250.3,135.3,66.2
Late Luteal,7.3,4,3,3,2,0.7,140.8,240.8,54.4
Late Luteal,6.3,2,1,1,3,1.7,310.5,238.5,15.8
Late Luteal,8.1,3,2,2,2,0.0,130.0,146.8,58.7
Follicular,6.7,4,4,3,3,1.3,186.2,85.5,46.2
Early Luteal,6.8,3,3,3,2,1.2,262.0,313.1,47.4
Follicular,7.6,4,3,3,4,0.4,681.3,658.3,46.1
Late Luteal,6.1,3,2,3,4,1.9,633.3,653.6,18.9
Late Luteal,6.5,2,2,1,4,1.5,673.0,602.1,14.7
Follicular,7.7,3,3,3,2,0.3,223.7,161.5,49.8
Early Luteal,7.3,4,3,4,2,0.7,149.1,74.7,62.3
Menstrual,6.8,4,3,2,4,1.2,707.7,761.6,25.4
Late Luteal,7.0,3,2,1,1,1.0,58.5,141.6,45.5
Menstrual,6.5,3,2,3,3,1.5,297.4,239.4,29.4
Menstrual,7.2,4,3,3,1,0.8,136.8,230.3,55.9
Follicular,7.5,4,3,2,2,0.5,179.5,155.2,59.1
Late Luteal,5.9,3,1,2,2,2.1,163.6,30.6,36.6
Early Luteal,6.3,3,2,3,2,1.7,269.3,369.3,39.7
Menstrual,5.9,4,3,3,1,2.1,58.0,36.9,46.1
Late Luteal,6.2,1,3,2,1,1.8,9.1,109.1,40.6
Early Luteal,5.7,3,2,3,2,2.3,184.4,120.3,36.2
Follicular,8.2,4,4,4,1,0.0,84.8,0.0,75.1
Ovulation,7.5,4,4,3,2,0.5,234.0,187.2,60.9
Follicular,7.5,4,4,3,2,0.5,151.9,0.0,63.8
Follicular,7.5,3,3,3,3,0.5,312.3,284.6,50.3
Early Luteal,6.8,4,3,3,2,1.2,218.4,96.6,52.2
Follicular,8.0,4,3,5,2,0.0,331.9,372.1,60.9
Late Luteal,7.6,4,2,3,4,0.4,506.8,422.9,39.8
Ovulation,6.6,3,4,4,3,1.4,404.4,331.6,37.6
Follicular,7.0,3,3,3,2,1.0,89.0,98.2,51.2
Menstrual,6.2,4,3,4,3,1.8,277.2,319.0,38.3
Early Luteal,7.9,4,4,4,2,0.1,127.7,157.8,63.8
Late Luteal,7.4,4,3,3,2,0.6,198.6,196.9,54.7
Late Luteal,6.5,3,2,2,2,1.5,252.5,232.7,37.8
Early Luteal,7.1,4,3,3,3,0.9,319.3,373.8,56.7
Late Luteal,6.9,3,3,3,1,1.1,5.4,26.6,54.9
Late Luteal,6.5,2,2,2,3,1.5,467.7,481.6,28.4
Follicular,7.6,3,3,4,2,0.4,220.2,86.1,50.3
Late Luteal,6.2,2,2,2,4,1.8,447.7,473.0,15.2
Follicular,5.0,1,3,3,1,3.0,109.9,94.6,33.2
Menstrual,8.3,4,4,2,3,0.0,341.5,314.8,51.5
Early Luteal,7.6,3,3,2,1,0.4,84.7,121.8,59.4
Follicular,9.2,4,2,3,4,0.0,544.0,635.5,52.4
Follicular,6.3,3,4,4,1,1.7,131.6,28.8,54.6
Follicular,5.6,3,4,4,1,2.4,75.6,0.0,44.5
Ovulation,8.2,3,4,4,1,0.0,10.6,0.0,70.9
Follicular,7.4,4,3,2,2,0.6,204.9,138.5,57.5
Late Luteal,6.8,3,3,3,2,1.2,256.2,319.2,41.5
Late Luteal,6.5,3,2,3,2,1.5,61.4,77.0,43.5
Follicular,6.7,3,4,4,2,1.3,116.5,216.5,50.8
Ovulation,6.4,3,4,4,2,1.6,194.0,188.9,52.2
Menstrual,9.0,4,4,3,2,0.0,185.2,123.3,68.3
Late Luteal,5.5,2,1,1,2,2.5,129.8,199.8,30.7
Ovulation,7.5,4,4,3,2,0.5,147.9,137.5,67.0
Menstrual,7.7,5,3,4,1,0.3,74.9,174.9,74.0
Early Luteal,6.7,3,3,3,2,1.3,155.0,197.3,51.1
Menstrual,6.5,2,2,3,1,1.5,180.0,46.3,38.7
Menstrual,5.2,3,3,3,2,2.8,156.1,198.2,28.5
Early Luteal,6.9,3,1,1,5,1.1,800.0,900.0,21.1
Follicular,7.3,4,4,4,2,0.7,291.7,177.1,55.5
Early Luteal,7.1,4,2,2,3,0.9,521.9,394.4,44.5
Menstrual,6.5,2,2,3,2,1.5,229.0,329.0,31.0
Late Luteal,7.0,3,4,3,1,1.0,22.8,0.0,55.8
Menstrual,7.5,4,3,3,3,0.5,355.7,366.1,48.4
Ovulation,7.5,4,3,4,1,0.5,112.7,131.8,72.5
Late Luteal,6.3,2,3,2,2,1.7,59.6,23.6,32.7
Follicular,8.9,5,4,3,2,0.0,248.0,348.0,75.2
Follicular,5.7,3,4,5,1,2.3,115.6,144.8,48.1
Late Luteal,7.6,4,3,1,3,0.4,436.6,520.6,48.7
Early Luteal,7.3,4,4,5,3,0.7,384.2,373.5,49.0
Follicular,7.6,4,3,3,4,0.4,563.8,622.5,45.6
Menstrual,6.1,3,3,2,2,1.9,178.6,135.2,35.3
Late Luteal,6.3,3,3,2,3,1.7,399.5,439.6,31.8
Late Luteal,6.8,2,2,2,3,1.2,302.7,402.7,29.2
Early Luteal,6.2,3,3,3,3,1.8,304.6,329.0,34.4
Follicular,7.2,4,4,4,2,0.8,133.1,154.4,61.8
Ovulation,7.4,4,3,4,2,0.6,238.7,201.2,65.5
Early Luteal,5.7,3,2,3,3,2.3,235.8,335.8,31.9
Follicular,7.4,4,4,3,1,0.6,92.8,0.0,65.8
Menstrual,6.0,3,2,2,1,2.0,30.6,54.0,44.4
Ovulation,8.2,4,5,4,2,0.0,222.3,289.3,66.7
Follicular,7.2,3,3,2,1,0.8,115.2,93.0,59.5
Follicular,7.4,4,4,4,2,0.6,202.8,214.5,62.5
Late Luteal,6.8,4,4,3,2,1.2,121.0,221.0,51.3
Early Luteal,6.9,4,3,4,3,1.1,451.5,551.5,47.7
Follicular,7.4,4,3,3,2,0.6,376.4,476.4,54.4
Menstrual,7.6,4,3,2,2,0.4,112.5,72.3,58.2
Late Luteal,6.7,3,4,3,1,1.3,186.0,262.7,48.3
Menstrual,6.0,2,2,2,2,2.0,128.2,100.2,28.9
Early Luteal,7.4,4,3,2,3,0.6,349.0,300.6,54.1
Early Luteal,7.5,4,3,4,2,0.5,257.5,148.0,56.4
Menstrual,5.0,1,3,1,2,3.0,136.3,175.1,11.9
Menstrual,6.6,2,3,3,2,1.4,176.2,215.5,37.0
Follicular,6.7,4,3,3,5,1.3,800.0,860.2,29.3
Follicular,6.2,4,4,4,2,1.8,202.5,132.3,53.3
Late Luteal,7.2,4,2,1,2,0.8,97.7,197.7,50.9
Menstrual,8.3,4,4,3,2,0.0,99.1,120.2,61.7
Early Luteal,6.3,3,4,3,1,1.7,70.2,0.0,50.0
Follicular,7.9,4,3,3,5,0.1,747.7,847.7,39.2
Follicular,5.8,3,3,3,1,2.2,124.4,158.2,47.8
Early Luteal,5.3,3,2,3,5,2.7,800.0,601.7,10.7
Follicular,7.9,3,3,3,3,0.1,317.7,376.1,50.3
Late Luteal,5.4,2,1,1,3,2.6,315.6,284.4,16.6
Early Luteal,6.7,3,3,3,1,1.3,34.9,21.5,57.1
Menstrual,6.8,3,2,1,1,1.2,157.8,231.6,46.4
Early Luteal,7.3,4,3,4,3,0.7,437.0,439.3,52.0
Menstrual,5.4,4,3,3,1,2.6,91.0,11.5,44.7
Late Luteal,6.7,3,3,2,2,1.3,110.7,156.7,44.8
Menstrual,9.3,4,4,3,1,0.0,3.8,3.9,76.5
Late Luteal,6.6,3,3,1,2,1.4,223.5,143.7,44.2
Ovulation,9.3,5,4,4,3,0.0,388.4,233.1,74.1
Menstrual,6.8,3,3,3,2,1.2,194.9,172.2,43.3
Ovulation,7.8,5,4,5,2,0.2,194.9,234.1,68.1
Late Luteal,9.5,4,3,3,2,0.0,228.9,152.9,67.0
Follicular,9.0,4,4,4,2,0.0,215.2,121.2,71.5
Follicular,7.2,4,3,4,3,0.8,515.2,570.2,43.9
Late Luteal,6.7,3,3,3,3,1.3,343.7,442.0,39.5
Late Luteal,6.6,2,2,2,2,1.4,51.1,37.2,33.0
Late Luteal,6.7,2,2,2,3,1.3,256.5,230.0,28.2
Menstrual,8.1,4,3,2,3,0.0,516.4,466.5,47.9
Early Luteal,7.3,5,4,3,2,0.7,185.0,235.3,65.0
Late Luteal,7.2,3,2,2,2,0.8,127.0,86.5,45.8
Early Luteal,8.6,4,2,4,3,0.0,400.1,443.6,55.3
Menstrual,6.9,4,4,3,2,1.1,45.7,135.7,52.1
Early Luteal,7.4,4,4,4,2,0.6,133.5,99.0,58.4
Menstrual,9.1,5,3,2,2,0.0,19.9,84.0,72.0
Menstrual,6.8,3,3,2,1,1.2,194.5,133.6,50.4
Ovulation,6.9,2,2,3,5,1.1,800.0,822.2,18.1
Late Luteal,7.6,4,3,2,2,0.4,311.1,325.9,54.0
Follicular,7.5,4,3,3,2,0.5,158.1,74.3,52.9
Follicular,9.1,4,4,4,3,0.0,387.6,439.3,61.8
Late Luteal,5.2,3,2,1,2,2.8,97.0,97.3,26.3
Ovulation,7.5,4,3,4,3,0.5,346.1,345.4,54.7
Menstrual,9.1,5,3,3,2,0.0,173.0,127.5,71.4
Late Luteal,5.5,3,2,2,2,2.5,94.3,78.9,31.6
Early Luteal,7.5,3,3,3,4,0.5,686.1,620.1,36.4
Follicular,7.3,3,4,4,1,0.7,4.5,0.0,62.1
Ovulation,7.9,4,4,4,2,0.1,13.4,47.4,65.3
Early Luteal,6.3,4,3,2,1,1.7,99.6,0.0,54.8
Late Luteal,7.8,4,4,3,3,0.2,422.0,412.1,47.7
Follicular,8.0,4,4,4,2,0.0,178.4,68.9,67.5
Early Luteal,8.8,4,3,4,3,0.0,283.4,229.2,64.1
Menstrual,6.6,3,2,3,3,1.4,390.4,427.5,37.4
Late Luteal,4.9,1,2,2,1,3.1,129.7,199.5,20.9
Menstrual,6.6,3,2,3,3,1.4,417.6,409.1,36.2
Late Luteal,6.4,3,2,2,2,1.6,127.5,92.2,40.6
Follicular,6.1,2,3,5,3,1.9,418.3,493.6,23.2
Follicular,7.6,4,3,3,2,0.4,140.8,65.0,66.1
Early Luteal,6.4,3,3,3,2,1.6,242.5,183.9,43.1
Menstrual,6.3,3,2,2,4,1.7,574.0,590.5,18.0
Menstrual,6.3,3,3,4,1,1.7,36.2,23.6,43.8
Early Luteal,9.3,5,3,3,2,0.0,95.4,92.6,74.2
Late Luteal,6.9,4,2,2,3,1.1,205.2,44.0,45.6
Late Luteal,7.1,3,3,3,1,0.9,103.0,203.0,58.7
Menstrual,8.1,4,3,3,2,0.0,215.2,175.5,61.0
Follicular,7.0,4,3,3,2,1.0,83.8,84.5,61.2
Follicular,7.4,4,4,3,1,0.6,136.8,79.4,62.1
Early Luteal,7.7,4,3,3,3,0.3,422.7,440.2,47.8
Follicular,7.1,4,3,4,2,0.9,115.5,215.5,58.2
Ovulation,6.6,2,4,3,1,1.4,38.7,92.2,56.5
Follicular,7.4,3,4,4,1,0.6,1.6,74.2,62.6
Late Luteal,5.2,2,3,2,2,2.8,93.8,30.7,23.9
Follicular,6.7,2,2,4,4,1.3,564.2,491.6,22.5
Late Luteal,6.3,3,2,2,3,1.7,409.7,448.2,27.8
Menstrual,6.9,2,1,2,1,1.1,55.2,0.0,44.2
Late Luteal,8.4,4,3,2,1,0.0,175.5,172.0,69.5
Follicular,7.7,3,3,3,2,0.3,103.9,85.8,55.4
Late Luteal,4.9,1,1,2,2,3.1,264.8,266.8,13.2
Follicular,6.9,3,3,2,1,1.1,31.1,0.0,52.7
Early Luteal,7.1,4,4,3,1,0.9,117.6,66.9,66.6
Follicular,6.5,3,3,4,2,1.5,120.6,24.1,48.5
Early Luteal,7.8,4,3,3,5,0.2,764.8,728.4,36.2
Follicular,8.3,5,5,5,2,0.0,285.4,320.5,78.9
Follicular,8.1,4,4,3,3,0.0,369.6,279.1,59.5
Late Luteal,6.9,4,3,4,4,1.1,551.3,564.6,36.7
Follicular,8.5,4,3,3,3,0.0,479.0,390.0,51.6
Late Luteal,6.9,3,4,3,1,1.1,98.9,158.6,54.4
Early Luteal,6.0,3,2,2,3,2.0,224.8,188.8,34.6
Follicular,7.2,4,4,3,1,0.8,11.1,0.0,68.3
Early Luteal,6.7,2,2,3,4,1.3,672.1,697.6,18.9
Follicular,7.5,5,4,3,4,0.5,653.7,600.5,55.3
Late Luteal,7.2,4,3,3,2,0.8,344.4,231.4,47.1
Late Luteal,4.9,1,2,2,2,3.1,144.9,89.8,16.5
Ovulation,6.7,2,3,4,4,1.3,481.5,271.0,27.8
Follicular,7.9,5,4,3,2,0.1,238.7,212.0,68.3
Follicular,8.2,5,5,4,2,0.0,146.7,98.9,79.0
Menstrual,7.4,4,3,3,2,0.6,174.8,233.6,50.4
Late Luteal,8.3,3,1,2,5,0.0,782.6,738.2,26.6
Menstrual,5.6,3,3,3,2,2.4,83.9,67.9,38.4
Follicular,6.6,3,3,4,2,1.4,174.1,190.4,46.5
Ovulation,6.5,3,5,4,1,1.5,78.7,0.0,57.3
Menstrual,6.6,3,2,2,4,1.4,616.4,621.6,23.6
Ovulation,6.7,3,3,2,2,1.3,126.7,76.3,56.2
Early Luteal,7.6,3,2,3,4,0.4,553.9,539.4,35.2
Follicular,6.0,4,4,4,3,2.0,298.7,398.7,46.7
Follicular,5.8,3,3,3,2,2.2,135.1,181.6,37.8
Late Luteal,6.4,3,3,2,3,1.6,255.3,246.7,33.1
Early Luteal,5.2,2,2,2,3,2.8,485.5,386.6,11.4
Follicular,7.5,4,4,3,2,0.5,241.2,244.1,57.0
Early Luteal,8.2,4,3,2,3,0.0,283.4,201.1,55.9
Follicular,7.7,5,4,4,4,0.3,566.0,648.7,48.8
Early Luteal,6.9,3,3,4,4,1.1,693.4,707.4,28.2
Early Luteal,5.5,2,3,3,1,2.5,63.6,163.6,38.5
Late Luteal,6.5,3,2,1,1,1.5,82.4,34.7,45.7
Late Luteal,5.8,2,2,1,3,2.2,453.6,497.1,19.0
Follicular,6.4,3,3,4,3,1.6,485.5,585.5,35.8
Late Luteal,6.8,3,3,3,1,1.2,149.9,80.4,50.1
Follicular,7.5,4,4,5,2,0.5,17.4,57.2,66.7
Ovulation,9.1,4,4,4,3,0.0,500.9,546.3,62.6
Late Luteal,6.0,3,3,2,3,2.0,504.6,455.6,24.4
Menstrual,5.7,3,3,2,2,2.3,188.7,244.1,35.7
Late Luteal,8.1,4,3,2,4,0.0,552.5,463.6,47.1
Follicular,7.5,4,2,2,3,0.5,469.5,283.3,45.1
Late Luteal,6.9,3,3,3,3,1.1,294.8,292.8,41.5
Follicular,7.5,5,3,4,3,0.5,370.3,400.5,58.7
Late Luteal,5.8,3,3,3,1,2.2,59.9,69.4,45.6
Late Luteal,6.6,3,2,2,2,1.4,281.1,228.2,36.4
Menstrual,6.4,2,2,3,4,1.6,677.2,625.8,13.7
Early Luteal,5.0,2,3,2,2,3.0,100.8,200.8,28.2
Follicular,6.2,3,3,3,3,1.8,232.3,134.5,30.8
Follicular,8.9,5,4,4,1,0.0,39.9,139.9,79.8
Early Luteal,7.3,4,3,4,2,0.7,214.1,178.4,62.3
Follicular,7.3,4,3,3,3,0.7,355.5,400.2,50.0
Follicular,7.8,5,3,3,2,0.2,91.3,125.0,74.7
Follicular,8.1,4,3,4,4,0.0,489.4,589.4,52.6
Follicular,6.0,3,4,4,2,2.0,132.9,0.0,45.7
Follicular,6.3,3,3,3,4,1.7,639.3,655.6,24.3
Early Luteal,7.9,4,3,4,3,0.1,303.3,258.4,60.3
Early Luteal,5.5,3,3,3,3,2.5,362.1,420.3,30.4
Ovulation,7.5,3,3,4,4,0.5,567.3,601.1,43.6
Early Luteal,7.2,3,3,4,2,0.8,68.8,0.0,51.9
Menstrual,7.1,2,3,2,2,0.9,255.3,349.6,43.2
Late Luteal,7.7,3,2,2,2,0.3,214.3,124.5,50.5
Follicular,7.9,3,4,3,2,0.1,108.6,100.2,58.4
Follicular,7.8,4,3,3,2,0.2,259.2,359.2,57.3
Follicular,7.7,4,4,4,4,0.3,647.6,556.7,45.2
Menstrual,6.0,4,3,3,2,2.0,117.6,62.0,44.1
Late Luteal,6.8,3,3,2,2,1.2,94.3,31.4,41.7
Follicular,7.7,5,3,4,4,0.3,682.3,672.8,47.8
Early Luteal,7.8,4,3,3,2,0.2,141.6,68.4,62.5
Menstrual,7.2,4,3,3,2,0.8,190.3,97.2,50.7
Ovulation,9.4,5,3,4,3,0.0,439.8,348.4,73.4
Follicular,6.5,3,4,4,2,1.5,240.2,224.9,42.7
Menstrual,6.8,4,3,4,2,1.2,183.9,283.9,50.1
Menstrual,6.9,2,2,2,2,1.1,223.9,79.5,34.9
Late Luteal,6.2,3,2,2,2,1.8,113.8,55.4,37.0
Menstrual,6.3,3,2,2,2,1.7,232.8,106.0,39.6
Follicular,8.6,4,4,4,1,0.0,53.7,153.7,74.0
Follicular,7.2,4,4,5,3,0.8,371.5,436.4,52.1
Follicular,7.9,3,3,3,2,0.1,208.3,308.3,50.6
Follicular,7.9,4,3,3,2,0.1,139.1,154.8,64.3
Late Luteal,6.7,3,2,3,2,1.3,190.0,194.2,42.3
Early Luteal,6.3,3,3,3,1,1.7,117.0,127.0,47.6
Early Luteal,7.2,4,3,2,2,0.8,205.1,136.4,56.7
Late Luteal,6.8,4,2,3,3,1.2,393.6,493.6,39.6
Follicular,6.5,3,3,4,2,1.5,200.5,269.6,52.1
Late Luteal,6.7,3,2,2,3,1.3,285.0,214.5,35.2
Menstrual,3.5,2,3,3,1,4.5,95.4,50.0,17.9
Follicular,5.9,4,4,4,1,2.1,155.1,161.6,63.2
Early Luteal,7.3,4,3,2,3,0.7,356.6,391.6,48.9
Menstrual,6.9,3,2,2,3,1.1,320.0,367.0,38.7
Early Luteal,6.4,3,2,3,2,1.6,185.8,265.2,48.4
Ovulation,8.2,4,4,3,1,0.0,153.4,89.1,75.5
Late Luteal,8.0,4,3,2,5,0.0,800.0,789.6,33.2
Follicular,7.4,4,4,4,1,0.6,16.3,0.0,67.9
Follicular,7.4,4,4,4,2,0.6,148.5,55.5,63.8
Follicular,7.7,4,4,5,2,0.3,222.5,296.0,64.5
Ovulation,6.5,4,4,4,1,1.5,91.8,23.8,61.4
Follicular,7.1,5,4,4,2,0.9,340.8,381.1,58.4
Early Luteal,6.3,3,2,3,3,1.7,218.6,66.8,36.8
Follicular,7.6,4,4,3,2,0.4,289.6,299.6,60.4
Menstrual,4.7,2,1,1,3,3.3,328.5,285.5,5.4
Early Luteal,7.2,3,3,3,1,0.8,51.0,47.4,56.5
Menstrual,6.1,3,2,4,1,1.9,78.7,36.2,42.5
Follicular,7.2,4,4,5,1,0.8,32.0,31.1,73.3
Late Luteal,6.8,3,2,3,2,1.2,340.0,353.5,44.0
Follicular,7.4,4,3,2,1,0.6,23.2,0.0,64.6
Early Luteal,6.8,4,3,4,1,1.2,51.5,0.0,64.0
Early Luteal,5.8,2,1,1,4,2.2,699.9,743.5,5.2
Early Luteal,6.3,4,3,3,2,1.7,92.1,114.3,54.8
Follicular,8.8,4,4,4,2,0.0,197.6,215.5,69.3
Menstrual,6.5,3,3,4,2,1.5,202.5,137.8,37.0
Late Luteal,7.4,4,3,3,3,0.6,224.5,177.3,50.2
Early Luteal,5.6,5,4,4,1,2.4,57.8,52.2,56.2
Late Luteal,8.8,4,3,3,3,0.0,456.7,524.2,54.9
Late Luteal,6.7,3,2,2,2,1.3,198.7,144.8,45.0
Ovulation,7.5,4,4,5,2,0.5,172.2,238.1,63.6
Late Luteal,5.7,3,2,3,3,2.3,429.3,385.4,20.6
Late Luteal,7.7,3,4,2,2,0.3,135.0,159.4,50.1
Early Luteal,6.2,3,2,2,2,1.8,142.2,88.7,37.1
Follicular,8.5,3,3,3,3,0.0,343.6,175.8,49.4
Early Luteal,6.5,3,2,2,3,1.5,285.0,258.6,38.3
Follicular,6.4,4,5,3,1,1.6,65.6,65.4,58.8
Ovulation,6.4,3,4,4,3,1.6,390.9,393.7,36.4
Ovulation,6.3,3,3,2,1,1.7,34.8,0.0,56.5
Follicular,7.6,5,4,4,3,0.4,463.6,501.9,62.7
Follicular,8.2,4,3,3,2,0.0,269.1,256.6,65.0
Follicular,7.4,4,5,4,2,0.6,343.7,398.3,60.9
Early Luteal,8.0,4,3,3,3,0.0,225.5,141.2,57.5
Late Luteal,5.2,3,2,3,3,2.8,249.4,349.4,24.1
Ovulation,7.3,4,3,4,3,0.7,326.8,262.2,50.6
Follicular,7.4,4,4,4,1,0.6,74.7,167.6,71.2
Early Luteal,8.7,5,4,4,1,0.0,149.5,239.5,85.6
Ovulation,7.3,4,4,3,2,0.7,224.6,324.6,64.9
Late Luteal,7.5,4,4,4,1,0.5,131.5,82.5,64.4
Menstrual,7.8,5,3,3,2,0.2,237.4,230.8,60.6
Late Luteal,6.4,3,2,2,3,1.6,326.8,383.1,31.3
Follicular,6.8,4,3,4,4,1.2,473.9,573.9,42.7
Menstrual,6.3,3,2,3,3,1.7,516.0,525.9,24.0
Late Luteal,4.5,1,1,2,3,3.5,366.1,363.0,1.3
Late Luteal,7.2,3,2,2,2,0.8,267.8,335.9,43.7
Ovulation,7.4,4,4,3,2,0.6,145.8,15.2,62.1
Menstrual,6.0,3,3,3,1,2.0,74.5,91.1,50.0
Follicular,6.2,4,3,3,4,1.8,605.9,635.5,33.2
Follicular,6.8,3,3,2,3,1.2,317.0,312.6,37.3
Menstrual,6.9,3,2,2,4,1.1,607.4,565.7,27.1
Early Luteal,6.4,3,2,3,2,1.6,112.9,76.5,48.7
Early Luteal,6.4,4,4,3,2,1.6,180.2,146.9,51.8
Ovulation,8.0,4,4,3,1,0.0,25.1,0.0,73.2
Early Luteal,8.4,4,3,3,1,0.0,52.7,33.5,69.6
Early Luteal,6.3,3,3,3,2,1.7,227.8,283.2,46.9
Menstrual,6.3,4,2,3,3,1.7,394.4,362.9,37.8
Early Luteal,6.1,3,2,1,4,1.9,652.7,706.7,19.1
Follicular,8.2,4,4,3,1,0.0,89.5,130.3,77.2
Follicular,8.1,4,4,5,2,0.0,259.3,211.2,65.7
Late Luteal,5.6,3,2,2,2,2.4,240.0,195.7,31.7
Follicular,7.9,4,3,3,5,0.1,800.0,798.0,40.5
Late Luteal,8.7,5,3,3,2,0.0,171.0,113.1,70.1
Early Luteal,6.3,4,5,4,1,1.7,129.8,54.9,60.0
Early Luteal,7.9,4,3,2,3,0.1,485.3,441.6,47.2
Menstrual,7.8,4,3,4,2,0.2,186.6,126.6,51.0
Menstrual,7.3,4,4,3,1,0.7,72.8,111.3,64.2
Early Luteal,7.8,3,3,4,1,0.2,55.9,129.3,63.4
Early Luteal,6.0,2,3,3,2,2.0,240.6,245.8,38.4
Early Luteal,9.2,5,4,3,3,0.0,381.6,433.4,64.1
Follicular,6.0,4,3,4,5,2.0,738.7,724.0,23.0
Follicular,5.7,4,2,3,3,2.3,429.9,414.2,30.9
Late Luteal,6.2,2,3,2,2,1.8,165.1,231.4,27.1
Early Luteal,6.6,2,2,3,3,1.4,388.1,488.1,28.8
Follicular,8.3,5,5,4,2,0.0,241.2,309.4,69.4
Follicular,7.7,5,3,5,3,0.3,435.2,535.2,62.4
Menstrual,6.5,3,2,2,3,1.5,376.1,319.4,37.0
Late Luteal,6.9,2,2,1,2,1.1,120.5,149.4,40.2
Early Luteal,7.3,4,4,4,4,0.7,449.0,460.3,47.0
Early Luteal,6.3,4,3,3,2,1.7,274.8,115.9,43.3
Late Luteal,5.8,3,3,2,1,2.2,15.1,21.8,47.0
Early Luteal,7.5,4,3,4,2,0.5,129.5,229.5,63.7
Late Luteal,6.5,3,2,1,2,1.5,304.6,278.9,36.1
Menstrual,5.8,3,3,2,2,2.2,179.6,279.6,30.8
Follicular,8.6,4,4,4,1,0.0,40.1,0.0,77.8
Menstrual,6.5,3,2,2,3,1.5,480.9,383.8,28.4
Early Luteal,7.0,3,2,3,2,1.0,276.6,192.1,47.0
Early Luteal,6.4,3,3,2,3,1.6,513.9,518.7,37.4
Early Luteal,6.1,3,3,3,1,1.9,31.4,31.1,51.6
Late Luteal,7.6,4,3,2,1,0.4,65.2,83.6,63.1
Ovulation,6.5,4,3,4,4,1.5,726.9,722.2,34.4
Late Luteal,7.2,4,3,5,2,0.8,159.3,0.3,52.3
Menstrual,6.3,2,2,1,4,1.7,507.0,490.5,16.5
Early Luteal,8.3,4,2,3,2,0.0,105.4,94.8,66.3
Late Luteal,6.2,3,2,1,3,1.8,416.6,395.5,25.5
Early Luteal,6.4,2,3,4,2,1.6,228.3,214.8,36.6
Early Luteal,7.2,4,4,4,2,0.8,221.8,91.4,56.5
Follicular,7.7,4,3,3,3,0.3,341.3,155.5,57.9
Follicular,6.1,2,2,4,4,1.9,410.0,438.3,23.2
Late Luteal,7.7,4,3,2,3,0.3,238.3,200.9,53.7
Ovulation,7.0,3,4,3,2,1.0,165.4,156.3,49.6
Follicular,8.5,4,4,4,1,0.0,127.7,127.4,68.2
Ovulation,7.3,4,4,4,2,0.7,140.0,101.2,64.8
Early Luteal,6.2,3,2,3,2,1.8,136.9,71.7,42.7
Early Luteal,6.8,4,4,3,1,1.2,21.1,0.0,63.9
Late Luteal,5.4,3,2,2,3,2.6,459.8,426.7,18.2
Late Luteal,5.7,2,2,1,3,2.3,318.5,418.5,19.6
Early Luteal,5.4,4,3,3,2,2.6,138.9,208.4,43.7
Follicular,7.2,5,3,4,3,0.8,395.5,392.1,55.9
Menstrual,6.0,3,1,2,5,2.0,800.0,900.0,2.3
Ovulation,7.6,4,2,2,5,0.4,800.0,773.9,30.5
Follicular,6.4,3,3,4,2,1.6,303.2,284.0,39.5
Early Luteal,8.0,5,4,4,3,0.0,446.4,419.8,54.3
Follicular,8.6,3,3,3,1,0.0,4.6,42.4,68.5
Follicular,6.7,4,4,4,2,1.3,225.1,263.2,57.4
Ovulation,8.7,5,4,4,2,0.0,161.9,79.2,78.8
Early Luteal,7.9,4,4,4,2,0.1,171.0,131.3,63.8
Follicular,7.8,3,3,2,3,0.2,367.6,364.6,49.7
Late Luteal,6.9,3,2,4,2,1.1,167.4,267.4,48.1
Early Luteal,8.0,4,4,3,2,0.0,209.2,254.9,61.9
Follicular,6.8,3,4,4,2,1.2,203.3,303.3,56.4
Menstrual,6.8,2,2,3,3,1.2,345.7,340.7,26.3
Late Luteal,7.1,4,2,2,4,0.9,572.4,563.0,32.6
Ovulation,5.8,2,3,3,2,2.2,271.8,288.4,33.6
Ovulation,6.7,4,5,4,1,1.3,99.9,104.3,67.6
Early Luteal,8.2,3,3,3,1,0.0,62.2,0.0,66.7
Late Luteal,6.8,3,3,3,2,1.2,193.1,127.7,43.9
Early Luteal,6.1,3,4,4,3,1.9,444.6,394.5,32.5
Late Luteal,6.4,3,2,1,3,1.6,423.6,403.1,28.5
Ovulation,5.9,2,3,3,1,2.1,140.2,0.0,44.8
Follicular,7.1,5,3,4,5,0.9,745.5,770.1,35.1
Early Luteal,6.0,3,3,2,3,2.0,455.1,555.1,33.2
Late Luteal,7.5,4,3,3,3,0.5,440.7,458.3,46.8
Late Luteal,5.5,2,2,2,3,2.5,422.5,448.7,13.6
Menstrual,6.9,2,2,2,4,1.1,484.6,575.0,16.8
Late Luteal,4.3,2,2,2,4,3.7,698.3,798.3,0.0
Ovulation,7.4,4,4,4,1,0.6,42.9,32.2,70.0
Early Luteal,6.9,3,3,2,3,1.1,525.5,483.9,37.2
Follicular,6.7,3,4,4,2,1.3,111.0,211.0,50.5
Menstrual,5.6,3,2,3,2,2.4,232.4,193.8,30.9
Follicular,7.0,3,4,4,2,1.0,292.8,282.7,50.9
Late Luteal,6.2,3,2,2,2,1.8,256.9,185.5,34.8
Early Luteal,8.2,4,4,3,2,0.0,87.7,81.5,70.8
Late Luteal,6.6,2,4,3,1,1.4,15.7,0.0,48.5
Early Luteal,5.9,3,3,3,1,2.1,60.6,142.6,44.4
Follicular,8.4,4,3,3,3,0.0,295.4,365.1,52.2
Follicular,6.0,3,4,4,3,2.0,451.3,545.8,36.3
Follicular,7.5,4,4,4,2,0.5,157.7,79.2,63.4
Ovulation,5.9,3,3,3,3,2.1,442.0,438.4,36.5
Early Luteal,7.1,4,3,3,3,0.9,486.6,521.1,42.9
Early Luteal,5.7,3,3,3,3,2.3,265.6,181.3,30.8
Menstrual,7.9,4,3,4,3,0.1,322.0,308.4,47.8
Follicular,8.5,4,4,5,3,0.0,300.6,195.1,63.9
Follicular,8.6,5,4,4,2,0.0,220.6,220.3,72.4
Follicular,8.1,3,4,3,3,0.0,354.5,368.7,51.7
Menstrual,5.2,3,3,3,2,2.8,91.0,141.6,31.3
Late Luteal,7.4,3,3,3,1,0.6,46.7,34.0,60.6
Follicular,6.8,3,4,4,2,1.2,53.6,111.9,55.7
Follicular,7.7,4,4,5,2,0.3,90.6,24.6,62.6
Early Luteal,5.4,3,4,3,1,2.6,99.0,65.0,48.7
Late Luteal,6.7,2,2,2,2,1.3,224.9,299.6,34.7
Menstrual,6.5,4,3,3,2,1.5,101.9,131.8,46.4
Menstrual,7.1,5,3,2,4,0.9,507.1,597.1,43.4
Ovulation,7.6,4,3,4,3,0.4,111.2,121.3,58.1
Follicular,6.2,2,3,4,2,1.8,113.0,69.9,39.2
Late Luteal,7.4,4,3,3,2,0.6,305.9,326.1,59.7
Follicular,8.3,4,3,4,2,0.0,289.2,384.3,67.7
Menstrual,7.4,4,3,3,3,0.6,450.9,428.1,49.7
Early Luteal,6.6,4,4,3,2,1.4,186.5,218.1,57.9
Early Luteal,7.2,3,3,3,2,0.8,114.7,33.3,48.1
Early Luteal,6.4,3,3,3,2,1.6,154.9,59.8,44.4
Late Luteal,6.6,2,2,2,4,1.4,500.8,600.8,18.0
Follicular,6.6,4,4,4,1,1.4,116.2,12.4,56.8
Follicular,8.5,3,4,3,2,0.0,353.5,387.6,60.7
Early Luteal,7.6,4,3,3,3,0.4,237.9,255.7,51.9
Early Luteal,6.6,3,3,3,1,1.4,38.8,0.0,55.4
Early Luteal,5.1,4,3,3,3,2.9,364.2,382.5,32.2
Follicular,7.9,5,4,4,1,0.1,92.7,134.7,78.6
Follicular,9.4,4,5,4,1,0.0,116.5,73.9,89.7
Follicular,6.2,3,3,3,2,1.8,171.7,271.7,40.1
Menstrual,7.8,3,3,2,1,0.2,81.6,110.6,60.8
Early Luteal,9.3,5,4,4,3,0.0,288.8,195.1,68.1
Follicular,9.5,5,5,4,1,0.0,115.5,96.4,89.0
Early Luteal,4.1,2,2,3,2,3.9,232.4,148.7,16.6
Ovulation,6.1,4,3,3,2,1.9,116.6,23.3,53.7
Follicular,6.3,5,3,3,2,1.7,289.1,351.2,57.9
Late Luteal,7.5,4,3,4,2,0.5,146.9,218.0,55.5
Follicular,7.3,3,4,4,1,0.7,68.3,157.0,60.9
Early Luteal,5.8,2,3,3,2,2.2,108.5,182.6,35.5
Ovulation,6.4,4,3,4,3,1.6,487.5,523.0,41.3
Late Luteal,7.2,4,3,3,3,0.8,409.8,382.0,46.5
Late Luteal,6.6,3,2,1,3,1.4,361.6,363.5,35.8
Early Luteal,8.2,4,3,4,4,0.0,502.6,507.5,47.4
Early Luteal,6.8,3,2,3,2,1.2,353.6,219.3,43.9
Follicular,6.3,3,3,3,2,1.7,232.5,253.5,47.0
Early Luteal,6.7,3,2,3,4,1.3,598.9,575.2,24.5
Follicular,8.2,5,4,3,1,0.0,145.7,183.9,80.1
Ovulation,6.5,4,3,4,2,1.5,61.9,101.3,55.6
Follicular,7.2,3,2,3,3,0.8,280.4,329.8,44.5
Late Luteal,6.1,3,4,2,1,1.9,72.3,114.0,47.8
Late Luteal,6.0,2,2,2,2,2.0,149.0,6.1,33.5
Late Luteal,6.1,3,3,2,3,1.9,270.4,249.9,35.3
Early Luteal,5.7,3,3,3,1,2.3,101.3,126.3,47.2
Late Luteal,6.3,3,3,3,1,1.7,73.8,124.4,48.8
Ovulation,7.7,5,4,5,1,0.3,16.5,0.4,79.1
Follicular,8.8,5,4,5,2,0.0,65.4,165.4,82.0
Early Luteal,8.1,3,4,3,1,0.0,144.8,110.4,67.2
Follicular,7.0,3,3,4,2,1.0,103.6,118.7,52.1
Menstrual,6.6,3,3,3,2,1.4,348.5,448.5,40.6
Follicular,7.3,5,3,4,2,0.7,196.9,15.5,64.9
Follicular,7.2,4,3,5,4,0.8,525.0,625.0,45.2
Late Luteal,5.0,2,3,3,1,3.0,94.4,118.8,34.4
Follicular,9.4,5,4,5,2,0.0,73.0,173.0,77.8
Menstrual,6.0,2,3,2,1,2.0,163.8,114.2,36.0
Early Luteal,7.0,3,3,4,3,1.0,328.5,375.7,41.6
Ovulation,7.2,4,4,3,1,0.8,109.1,78.4,68.5
Menstrual,5.9,2,3,3,2,2.1,129.7,100.3,28.1
Menstrual,8.4,4,3,3,2,0.0,112.9,109.0,68.4
Early Luteal,8.0,3,4,3,2,0.0,158.7,40.4,64.8
Follicular,7.1,5,4,3,2,0.9,376.6,309.7,60.8
Late Luteal,6.3,2,2,2,2,1.7,145.0,148.1,33.6
Follicular,6.9,4,4,4,2,1.1,183.5,280.3,52.0
Follicular,9.3,3,4,3,4,0.0,480.2,486.3,53.0
Late Luteal,7.1,4,3,3,3,0.9,444.1,409.0,40.9
Menstrual,7.3,3,3,3,2,0.7,171.9,204.6,49.6
Follicular,7.3,5,4,3,3,0.7,478.8,486.5,61.1
Menstrual,7.9,5,3,3,3,0.1,402.3,400.3,59.9
Early Luteal,6.8,3,4,3,1,1.2,51.3,53.2,56.5
Late Luteal,7.9,3,2,2,5,0.1,800.0,719.6,25.1
Ovulation,6.5,3,3,3,2,1.5,67.6,108.1,53.6
Early Luteal,5.2,3,2,2,1,2.8,27.1,110.1,42.3
Early Luteal,6.5,3,3,3,2,1.5,157.0,227.9,40.6
Early Luteal,7.1,5,3,3,3,0.9,403.6,453.7,57.7
Follicular,7.0,3,4,3,1,1.0,170.3,116.1,61.5
Early Luteal,7.5,4,4,3,2,0.5,249.5,309.9,61.6
Early Luteal,7.6,5,3,3,5,0.4,800.0,795.9,39.0
Follicular,6.6,4,4,3,2,1.4,196.0,264.2,52.5
Follicular,7.9,4,4,3,4,0.1,560.9,561.1,46.9
Ovulation,7.6,5,4,4,2,0.4,221.1,126.5,71.9
Late Luteal,6.8,3,2,2,2,1.2,193.4,216.7,43.8
Follicular,8.0,3,4,3,2,0.0,185.1,232.4,59.6
Ovulation,8.7,5,4,5,1,0.0,67.3,0.0,82.3
Follicular,7.9,4,3,3,4,0.1,512.0,510.2,44.2
Ovulation,8.2,4,4,5,2,0.0,192.9,281.6,68.0
Menstrual,6.7,2,2,2,1,1.3,34.1,0.0,44.6
Ovulation,7.7,4,3,4,2,0.3,178.4,278.4,60.0
Early Luteal,5.3,3,3,3,2,2.7,155.6,168.8,33.5
Menstrual,7.9,4,3,3,2,0.1,109.5,85.4,60.7
Late Luteal,8.7,5,3,3,3,0.0,436.5,321.4,56.2
Follicular,8.4,4,4,3,2,0.0,174.1,157.6,67.0
Menstrual,7.3,5,3,2,2,0.7,85.6,75.2,59.6
Early Luteal,5.8,4,2,3,3,2.2,356.7,275.6,38.1
Late Luteal,6.4,3,3,3,4,1.6,707.1,703.8,25.2
Early Luteal,7.8,3,4,4,1,0.2,120.1,220.1,68.5
Early Luteal,7.5,4,3,4,2,0.5,12.1,112.1,59.3
Ovulation,5.9,2,3,3,2,2.1,138.6,132.4,38.3
Menstrual,7.6,4,2,2,2,0.4,306.3,291.0,50.0
Follicular,6.4,4,5,4,1,1.6,29.8,42.0,64.8
Follicular,7.3,4,4,4,1,0.7,190.7,290.7,67.0
Menstrual,6.2,3,2,2,1,1.8,99.3,199.3,42.5
Late Luteal,5.9,4,3,2,1,2.1,14.2,0.0,44.7
Menstrual,6.4,3,2,3,1,1.6,107.1,207.1,46.7
Menstrual,7.8,3,3,3,3,0.2,358.2,383.4,40.7
Late Luteal,8.7,4,3,3,2,0.0,246.0,346.0,59.1
Follicular,5.1,3,2,4,3,2.9,246.5,164.6,29.6
Follicular,6.8,3,4,4,1,1.2,92.6,91.8,59.0
Ovulation,7.4,4,3,3,3,0.6,577.7,559.4,51.2
Ovulation,6.4,3,3,3,1,1.6,102.8,24.6,61.4
Follicular,7.7,3,3,4,2,0.3,119.1,128.3,59.4
Late Luteal,7.3,4,2,3,3,0.7,316.6,266.3,47.7
Follicular,9.5,4,4,3,1,0.0,30.6,71.9,74.4
Late Luteal,5.9,3,1,2,3,2.1,452.2,435.6,20.2
Late Luteal,5.3,3,2,3,1,2.7,164.3,79.4,36.9
Menstrual,7.0,2,2,2,3,1.0,332.6,432.6,30.7
Early Luteal,5.7,3,2,3,1,2.3,169.0,238.4,44.6
Ovulation,8.0,4,4,4,3,0.0,479.1,579.1,53.7
Late Luteal,5.5,3,2,1,2,2.5,170.7,214.6,33.7
Late Luteal,4.9,2,2,2,2,3.1,228.8,328.8,24.3
Menstrual,6.5,2,1,2,2,1.5,206.0,31.4,30.1
Ovulation,7.1,4,3,4,4,0.9,502.0,542.2,39.9
Late Luteal,6.4,3,2,2,4,1.6,530.1,519.1,21.2
Follicular,8.2,4,4,4,2,0.0,83.3,80.1,67.1
Follicular,8.9,4,5,4,2,0.0,147.4,233.2,73.3
Menstrual,7.1,4,3,3,2,0.9,74.4,40.1,58.5
Follicular,6.3,3,3,3,2,1.7,215.5,256.3,41.0
Follicular,6.7,3,3,3,3,1.3,251.0,351.0,39.0
Follicular,7.6,4,4,4,3,0.4,459.0,527.2,51.2
Ovulation,6.5,3,3,3,3,1.5,484.9,540.4,37.4
Follicular,7.3,4,4,3,2,0.7,277.2,216.4,58.4
Ovulation,6.6,2,3,4,3,1.4,225.6,311.0,32.9
Late Luteal,7.7,3,3,3,1,0.3,164.9,139.2,57.5
Late Luteal,7.2,4,4,3,1,0.8,146.5,246.5,60.3
Early Luteal,6.4,3,2,2,2,1.6,97.3,170.4,51.7
Early Luteal,7.3,4,3,3,2,0.7,207.3,240.2,56.3
Follicular,7.6,4,4,4,3,0.4,320.0,372.6,55.9
Menstrual,5.5,2,1,3,4,2.5,538.2,577.4,2.0
Menstrual,7.0,3,3,3,3,1.0,262.4,179.9,43.8
Follicular,7.9,4,4,4,3,0.1,227.9,206.9,57.7
Follicular,7.3,4,4,4,3,0.7,343.8,409.3,51.4
Follicular,6.7,3,3,4,2,1.3,211.2,107.7,45.7
Late Luteal,5.0,1,3,2,1,3.0,22.9,76.2,23.9
Late Luteal,5.6,4,2,2,3,2.4,411.4,386.0,28.5
Follicular,5.9,3,2,3,3,2.1,471.1,422.8,26.4
Follicular,6.0,3,3,3,2,2.0,183.9,255.6,46.3
Menstrual,7.9,3,3,2,1,0.1,118.3,117.4,56.6
Early Luteal,4.3,1,2,1,2,3.7,249.9,349.9,13.4
Ovulation,6.6,4,4,4,3,1.4,457.9,463.3,45.1
Follicular,6.1,3,3,4,3,1.9,272.9,205.7,33.5
Early Luteal,7.2,4,4,3,2,0.8,131.7,231.7,62.5
Late Luteal,5.7,3,2,2,2,2.3,272.8,291.0,34.2
Menstrual,6.9,2,1,1,2,1.1,64.1,67.4,32.4
Ovulation,8.0,4,4,5,2,0.0,27.1,0.0,67.3
Menstrual,6.9,4,3,2,1,1.1,37.0,29.6,57.6
Follicular,7.0,4,3,4,3,1.0,479.8,416.0,43.9
Early Luteal,5.1,3,3,2,2,2.9,202.2,80.9,32.8
Menstrual,7.0,3,3,3,5,1.0,768.3,784.1,17.8
Menstrual,6.3,3,2,3,2,1.7,268.7,250.8,36.0
Late Luteal,6.3,3,2,1,2,1.7,148.4,190.2,38.3
Follicular,7.7,4,4,3,3,0.3,506.8,606.8,48.8
Ovulation,6.0,3,3,3,2,2.0,172.4,128.4,48.8
Early Luteal,7.3,4,2,3,4,0.7,491.0,548.6,40.1
Follicular,6.5,4,4,4,1,1.5,202.2,244.7,58.8
Follicular,7.7,3,3,4,4,0.3,364.6,366.5,44.7
Follicular,7.5,4,4,4,1,0.5,148.5,127.7,67.9
Menstrual,6.1,3,3,4,1,1.9,21.2,121.2,47.1
Menstrual,6.3,4,2,1,2,1.7,239.2,263.3,40.0
Follicular,9.3,5,4,4,2,0.0,219.5,23.0,78.6
Early Luteal,6.5,2,2,3,2,1.5,150.5,119.2,36.8
Menstrual,8.1,3,3,3,2,0.0,131.1,231.1,57.1
Early Luteal,6.7,3,3,3,3,1.3,317.1,323.6,37.5
Early Luteal,5.8,3,3,3,3,2.2,343.0,376.1,24.8
Follicular,8.9,5,4,4,2,0.0,129.0,26.3,77.9
Menstrual,5.5,3,2,2,1,2.5,83.6,85.5,39.5
Menstrual,6.6,2,3,3,2,1.4,241.5,259.8,31.6
Ovulation,7.0,3,3,4,2,1.0,144.9,94.0,55.0
Early Luteal,6.1,4,3,2,2,1.9,105.9,182.8,49.2
Follicular,6.8,3,4,3,5,1.2,800.0,751.0,18.5
Late Luteal,6.2,3,2,2,3,1.8,437.3,495.5,31.7
Follicular,7.5,4,3,3,3,0.5,445.2,439.8,56.2
Menstrual,7.6,5,3,3,1,0.4,60.4,24.9,73.6
Early Luteal,8.0,3,3,2,2,0.0,337.1,437.1,57.3
Ovulation,6.5,3,4,4,2,1.5,107.5,63.3,52.3
Late Luteal,6.4,2,2,2,3,1.6,281.7,195.0,28.5
Menstrual,6.4,5,3,4,2,1.6,311.9,293.5,48.3
Menstrual,7.2,5,3,4,3,0.8,206.4,246.3,54.0
Follicular,7.1,3,4,4,1,0.9,36.4,90.2,63.1
Late Luteal,5.4,3,2,2,2,2.6,148.8,69.0,33.8
Ovulation,7.1,5,4,3,2,0.9,40.5,41.7,70.1
Follicular,8.8,4,5,4,2,0.0,379.3,479.3,66.4
Follicular,8.7,5,4,4,2,0.0,260.6,206.4,75.2
Early Luteal,6.6,3,3,3,2,1.4,249.5,232.4,44.4
Menstrual,7.2,3,2,3,2,0.8,112.5,199.2,43.8
Early Luteal,6.4,3,3,3,3,1.6,345.5,445.5,37.6
Follicular,6.5,3,3,4,3,1.5,407.0,354.9,38.1
Menstrual,6.7,3,2,2,1,1.3,77.4,49.1,48.0
Follicular,8.1,4,5,4,1,0.0,96.5,21.2,70.5
Early Luteal,6.1,3,3,3,2,1.9,246.8,247.6,40.1
Late Luteal,7.4,4,4,4,2,0.6,234.9,103.7,61.9
Follicular,6.3,2,4,4,1,1.7,64.7,0.0,47.6
Follicular,6.8,3,3,4,2,1.2,223.6,323.6,44.8
Early Luteal,7.1,4,4,4,2,0.9,256.7,281.6,56.2
Late Luteal,5.6,2,2,2,1,2.4,111.0,9.2,27.9
Follicular,5.8,4,3,3,2,2.2,141.6,241.6,47.8
Late Luteal,4.9,1,2,1,2,3.1,183.6,175.9,13.1
Menstrual,5.9,3,2,1,2,2.1,104.5,121.4,32.9
Early Luteal,7.6,4,2,2,4,0.4,594.3,487.7,38.8
Ovulation,8.0,5,3,3,1,0.0,105.0,4.2,69.4
Early Luteal,5.8,3,3,2,2,2.2,219.6,64.2,36.5
Ovulation,6.2,3,3,3,2,1.8,147.0,172.7,54.9
Follicular,5.4,4,3,4,2,2.6,244.2,189.1,42.4
Follicular,7.2,4,4,4,3,0.8,445.8,491.9,54.8
Follicular,6.4,4,3,3,3,1.6,272.8,284.1,45.1
Early Luteal,5.7,3,3,3,3,2.3,491.6,591.6,24.5
Follicular,8.3,4,4,4,2,0.0,102.5,154.3,65.4
Early Luteal,7.9,5,3,4,2,0.1,127.4,203.5,70.4
Follicular,6.7,2,2,2,3,1.3,463.9,431.3,29.8
Ovulation,7.7,4,4,4,2,0.3,174.3,93.3,61.4
Late Luteal,6.2,3,3,2,2,1.8,100.2,65.5,41.3
Ovulation,8.0,3,3,4,4,0.0,525.3,574.7,48.0
Follicular,7.7,4,3,3,1,0.3,51.7,125.4,69.1
Follicular,7.6,4,4,4,4,0.4,517.9,597.9,42.5
Menstrual,7.4,4,4,3,1,0.6,93.6,58.6,59.9
Early Luteal,9.0,5,4,3,5,0.0,800.0,709.1,49.4
Follicular,5.3,4,4,4,1,2.7,165.8,130.6,45.8
Follicular,8.2,5,5,4,2,0.0,165.0,200.3,75.7
Menstrual,5.4,2,3,3,1,2.6,91.1,53.3,36.3
Late Luteal,9.0,4,4,3,1,0.0,39.4,41.2,72.2
Follicular,6.7,3,3,3,2,1.3,215.7,307.2,52.3
Follicular,6.3,3,3,3,3,1.7,282.5,320.7,35.9
Ovulation,6.7,3,4,4,3,1.3,319.5,419.5,43.6
Early Luteal,4.5,1,1,2,2,3.5,264.9,330.7,11.3
Late Luteal,4.8,2,2,3,3,3.2,352.5,452.5,12.1
Follicular,5.9,3,3,2,4,2.1,477.8,337.7,24.5
Menstrual,7.5,3,3,4,2,0.5,246.1,346.1,55.0
Follicular,6.6,3,5,4,1,1.4,35.1,47.2,56.3
Follicular,6.0,3,2,3,2,2.0,115.0,97.1,46.3
Early Luteal,6.6,3,3,3,1,1.4,36.7,96.2,55.0
Follicular,7.3,4,4,3,3,0.7,397.3,451.2,54.4
Early Luteal,5.9,3,3,3,2,2.1,300.7,169.8,34.6
Follicular,7.7,5,4,4,3,0.3,158.3,145.4,69.7
Early Luteal,7.8,4,4,4,2,0.2,233.6,207.2,63.3
Ovulation,7.1,4,4,4,1,0.9,31.7,0.0,67.5
Early Luteal,7.3,4,2,3,4,0.7,732.4,691.3,39.0
Follicular,7.4,4,3,3,2,0.6,146.0,53.5,59.9
Menstrual,5.8,2,2,2,3,2.2,472.8,491.5,20.6
Follicular,7.8,4,5,5,1,0.2,46.6,0.0,74.5
Early Luteal,7.0,3,3,3,2,1.0,196.8,296.8,46.6
Follicular,8.7,4,4,4,2,0.0,202.8,302.8,68.7
Early Luteal,6.1,4,4,3,2,1.9,173.6,239.9,52.6
Early Luteal,6.4,4,3,4,1,1.6,9.5,0.0,66.4
Menstrual,6.1,2,2,1,2,1.9,55.9,0.0,32.2
Menstrual,6.0,3,3,3,3,2.0,212.2,224.0,34.5
Follicular,6.2,4,3,2,1,1.8,190.3,57.5,53.3
Follicular,8.1,4,4,4,3,0.0,434.7,405.1,65.3
Follicular,7.2,4,4,4,1,0.8,96.5,0.0,70.4
Late Luteal,5.5,3,3,2,1,2.5,53.4,52.1,44.6
Ovulation,7.0,3,3,3,1,1.0,63.5,0.0,59.5
Late Luteal,7.3,3,3,3,2,0.7,163.6,263.6,44.6
Late Luteal,5.9,3,3,3,1,2.1,9.8,11.0,47.3
Ovulation,7.1,4,4,5,2,0.9,132.0,133.8,61.0
Follicular,9.0,4,4,4,2,0.0,149.9,95.0,73.3
Ovulation,5.6,2,3,4,1,2.4,55.7,0.0,47.1
Follicular,7.5,4,4,4,1,0.5,50.9,147.9,67.1
Menstrual,6.5,3,2,2,2,1.5,99.0,181.0,39.9
Ovulation,6.7,2,3,3,3,1.3,372.0,287.7,35.7
Menstrual,6.4,2,2,2,1,1.6,73.9,173.9,38.3
Early Luteal,6.9,3,2,2,1,1.1,187.6,232.6,48.3
Early Luteal,6.1,4,3,4,1,1.9,62.5,2.4,52.4
Late Luteal,7.2,4,3,3,3,0.8,328.6,340.8,45.3
Follicular,7.1,5,3,3,3,0.9,438.9,434.0,52.2
Late Luteal,6.5,2,2,2,3,1.5,447.3,484.4,20.7
Follicular,6.1,3,3,4,2,1.9,242.4,224.0,41.3
Early Luteal,6.1,2,2,2,2,1.9,147.1,40.6,39.3
Late Luteal,5.8,3,2,2,4,2.2,464.2,376.7,20.0
Late Luteal,5.9,3,3,3,2,2.1,79.8,123.5,49.2
Early Luteal,7.4,5,3,4,4,0.6,442.8,455.1,51.2
Ovulation,7.9,4,4,4,2,0.1,198.2,250.6,69.3
Early Luteal,4.4,2,2,3,1,3.6,44.5,0.0,26.0
Late Luteal,7.9,4,3,2,1,0.1,31.8,0.0,70.9
Menstrual,6.2,2,3,2,1,1.8,76.1,128.2,42.3
Follicular,7.1,5,4,5,2,0.9,74.0,64.7,67.6
Follicular,7.0,3,3,2,1,1.0,47.0,69.7,54.3
Follicular,9.3,5,4,4,1,0.0,79.4,179.4,90.1
Early Luteal,7.4,4,4,3,3,0.6,214.0,154.2,55.1
Follicular,7.2,4,4,4,2,0.8,125.1,0.0,63.2
Follicular,6.4,4,3,3,2,1.6,267.3,367.3,47.1
Early Luteal,7.2,4,3,3,3,0.8,337.7,311.6,43.2
Follicular,8.3,5,4,4,2,0.0,42.1,82.2,83.0
Ovulation,6.5,2,2,3,2,1.5,149.9,206.2,45.0
Follicular,7.3,3,4,3,3,0.7,504.7,538.5,41.0
Follicular,9.1,4,4,3,2,0.0,272.3,263.8,66.6
Follicular,6.9,4,2,3,2,1.1,131.4,196.1,55.7
Early Luteal,7.1,4,3,3,3,0.9,275.0,268.9,51.2
Early Luteal,6.1,2,2,2,2,1.9,169.1,112.3,33.2
Early Luteal,6.6,3,3,3,2,1.4,220.1,240.4,43.6
Early Luteal,7.5,4,4,4,2,0.5,196.6,129.6,59.6
Follicular,7.0,3,3,4,5,1.0,800.0,687.2,20.4
Follicular,7.4,4,4,4,1,0.6,123.8,51.7,63.0
Menstrual,6.8,2,2,2,3,1.2,316.1,373.6,30.8
Menstrual,6.1,3,3,3,2,1.9,92.1,92.6,40.4
Early Luteal,7.3,3,3,2,1,0.7,82.9,145.8,53.8
Late Luteal,7.4,3,2,2,2,0.6,289.3,302.5,44.8
Ovulation,7.6,4,3,4,3,0.4,291.8,248.8,53.1
Menstrual,6.7,3,2,1,5,1.3,666.5,685.1,20.1
Early Luteal,6.9,2,3,3,1,1.1,12.2,0.0,52.6
Late Luteal,7.7,4,4,3,2,0.3,142.8,205.2,60.0
Follicular,6.3,3,3,3,2,1.7,197.4,271.4,49.5
Follicular,7.9,4,3,3,3,0.1,356.0,456.0,60.4
Early Luteal,8.4,4,3,2,3,0.0,347.9,412.1,63.7
Late Luteal,6.9,3,2,2,4,1.1,654.1,657.3,21.1
Follicular,7.6,4,4,3,2,0.4,176.3,172.7,63.5
Late Luteal,6.4,3,3,3,2,1.6,184.3,150.9,40.1
Ovulation,5.6,4,2,2,5,2.4,800.0,695.0,19.3
Follicular,6.8,2,3,2,1,1.2,45.4,0.0,46.2
Late Luteal,7.1,3,3,3,2,0.9,194.0,242.0,44.9
Follicular,9.5,5,4,4,2,0.0,409.8,261.3,76.0
Late Luteal,7.5,4,3,2,3,0.5,389.4,451.4,47.1
Early Luteal,6.6,4,3,3,2,1.4,120.7,98.0,59.0
Menstrual,6.0,2,3,3,1,2.0,11.6,14.3,38.2
Menstrual,6.7,3,1,1,3,1.3,205.0,234.8,36.3
Early Luteal,9.5,5,4,4,2,0.0,25.6,87.5,87.0
Early Luteal,6.5,4,4,4,3,1.5,395.4,314.3,48.0
Menstrual,5.9,3,2,2,3,2.1,216.3,180.3,29.8
Menstrual,5.7,3,2,3,3,2.3,421.2,441.6,21.1
Late Luteal,6.9,3,2,3,2,1.1,237.2,282.2,46.1
Follicular,7.6,4,4,4,1,0.4,128.3,0.0,68.7
Late Luteal,6.9,4,2,3,2,1.1,263.7,363.7,48.5
Follicular,6.4,4,3,3,2,1.6,25.8,81.4,57.5
Follicular,6.5,4,3,3,4,1.5,532.9,596.0,37.4
Follicular,6.8,3,3,4,3,1.2,264.7,354.9,42.9
Early Luteal,8.3,5,4,3,2,0.0,101.7,186.3,79.8
Late Luteal,5.9,2,1,2,4,2.1,487.2,587.2,11.0
Early Luteal,5.7,3,3,3,3,2.3,369.6,469.6,29.1
Early Luteal,7.7,3,4,3,3,0.3,321.0,199.1,52.1
Ovulation,6.0,4,3,3,3,2.0,286.1,386.1,44.6
Early Luteal,7.0,2,1,2,4,1.0,645.5,578.0,23.4
Follicular,8.4,4,4,5,1,0.0,15.2,85.6,76.4
Follicular,7.9,5,4,4,2,0.1,290.9,305.1,64.4
Late Luteal,5.9,2,2,2,3,2.1,230.6,222.3,23.0
Early Luteal,6.7,3,4,3,3,1.3,457.6,467.4,38.6
Early Luteal,7.8,3,2,3,4,0.2,564.3,487.7,32.3
Menstrual,6.3,2,3,2,2,1.7,216.5,136.6,30.1
Ovulation,8.1,4,4,4,2,0.0,178.0,127.9,71.9
Late Luteal,4.2,1,2,2,3,3.8,439.2,391.0,2.0
Early Luteal,7.8,3,3,3,2,0.2,247.7,172.9,53.0
Follicular,7.1,5,5,4,2,0.9,297.3,393.3,59.5
Follicular,7.3,4,4,4,2,0.7,217.1,245.8,60.8
Follicular,7.7,4,3,3,4,0.3,638.2,584.4,39.6
Menstrual,5.3,3,2,2,3,2.7,428.3,480.4,18.6
Follicular,8.3,5,4,5,2,0.0,133.6,206.9,72.9
Late Luteal,5.0,3,3,2,1,3.0,61.2,85.5,36.9
Follicular,6.4,2,4,3,1,1.6,139.4,106.6,51.1
Follicular,7.3,4,4,3,3,0.7,467.4,404.0,50.6
Late Luteal,5.5,3,3,3,3,2.5,316.1,285.2,28.9
Follicular,7.1,4,4,3,2,0.9,149.6,200.3,61.6
Ovulation,6.1,4,2,3,3,1.9,371.8,298.3,42.3
Late Luteal,6.4,3,3,3,2,1.6,147.7,220.8,42.1
Follicular,8.1,4,4,4,1,0.0,100.6,6.3,65.7
Follicular,5.5,3,4,3,2,2.5,305.9,352.3,37.3
Ovulation,7.9,5,4,4,1,0.1,143.3,103.8,82.9
Late Luteal,4.9,1,1,3,2,3.1,229.0,228.4,12.6
Late Luteal,5.7,3,1,2,5,2.3,800.0,843.8,0.0
Follicular,9.1,5,5,5,2,0.0,206.9,83.9,81.5
Early Luteal,6.7,3,2,3,4,1.3,507.7,475.0,29.1
Early Luteal,6.2,4,3,3,3,1.8,227.6,151.6,43.9
Ovulation,7.6,4,5,4,1,0.4,86.9,52.8,70.1
Late Luteal,6.9,3,2,2,2,1.1,195.9,126.9,44.5
Follicular,9.5,5,4,4,2,0.0,217.2,295.0,76.6
Follicular,5.1,3,4,5,1,2.9,81.3,181.3,45.1
Follicular,8.4,4,4,5,2,0.0,193.7,253.2,71.8
Follicular,7.5,4,3,3,2,0.5,199.8,159.8,56.8
Late Luteal,6.5,2,2,2,3,1.5,258.2,325.2,33.1
Early Luteal,6.9,3,2,3,2,1.1,242.3,232.0,46.0
Follicular,6.6,4,4,3,2,1.4,120.4,87.5,54.9
Late Luteal,6.4,3,1,1,2,1.6,266.7,242.3,34.5
Late Luteal,7.6,3,4,4,2,0.4,123.9,87.6,54.9
Menstrual,7.1,3,3,2,2,0.9,38.5,14.3,47.0
Menstrual,6.7,3,3,3,2,1.3,210.3,234.8,39.6
Menstrual,8.5,4,2,2,2,0.0,31.2,0.0,57.5
Late Luteal,8.2,4,2,2,3,0.0,408.1,256.4,49.0
Ovulation,5.4,3,2,2,2,2.6,129.8,121.7,38.3
Menstrual,5.3,3,3,2,3,2.7,364.7,256.9,25.4
Follicular,7.8,4,3,3,3,0.2,248.9,348.9,54.1
Follicular,7.3,5,4,3,2,0.7,260.6,316.3,63.9
Follicular,7.9,4,3,2,4,0.1,644.8,620.2,46.2
Menstrual,5.9,2,2,2,2,2.1,293.5,244.5,29.2
Late Luteal,6.5,3,2,1,4,1.5,667.7,617.0,20.5
Follicular,7.3,3,3,3,3,0.7,407.2,378.5,41.7
Ovulation,8.7,5,4,4,1,0.0,105.4,167.5,84.4
Ovulation,7.8,4,3,3,3,0.2,352.9,452.9,52.9
Follicular,7.5,4,4,4,2,0.5,213.2,159.9,59.2
Ovulation,7.3,4,4,4,2,0.7,76.0,81.9,65.2
Follicular,7.1,5,4,4,2,0.9,264.4,364.4,61.1
Menstrual,6.6,2,2,1,3,1.4,357.1,302.8,23.5
Early Luteal,7.4,3,3,3,3,0.6,375.9,311.9,39.1
Menstrual,7.7,5,3,2,2,0.3,65.7,37.5,65.8
Follicular,7.2,4,4,4,1,0.8,10.4,14.9,64.1
Ovulation,7.0,4,3,4,3,1.0,312.5,299.2,50.7
Follicular,7.1,4,4,5,2,0.9,197.4,98.1,66.6
Early Luteal,5.8,3,3,3,3,2.2,383.3,336.3,29.8
Follicular,6.5,3,4,3,1,1.5,55.6,71.3,57.0
Menstrual,6.1,3,2,2,2,1.9,228.4,328.4,38.4
Follicular,8.5,5,4,3,4,0.0,638.9,574.5,55.1
Menstrual,7.1,3,2,3,4,0.9,678.0,778.0,29.2
Early Luteal,8.6,5,3,4,2,0.0,96.5,0.0,69.1
Follicular,5.6,4,4,3,2,2.4,143.5,209.6,47.1
Early Luteal,6.1,3,3,3,1,1.9,51.4,0.0,46.2
Menstrual,7.3,4,2,2,2,0.7,173.0,151.3,48.8
Ovulation,7.3,3,4,4,2,0.7,168.7,261.8,63.0
Follicular,6.7,3,4,4,2,1.3,117.1,94.9,52.6
Menstrual,5.1,2,2,2,3,2.9,250.6,350.6,19.5
Early Luteal,6.4,4,3,4,2,1.6,234.3,192.7,47.6
Follicular,7.5,5,4,4,1,0.5,137.4,184.8,78.1
Follicular,5.8,3,3,2,2,2.2,148.4,194.1,40.5
Late Luteal,5.2,3,3,2,2,2.8,253.9,315.4,28.8
Late Luteal,5.5,3,3,3,1,2.5,77.5,0.0,38.4
Menstrual,5.9,2,2,3,2,2.1,359.2,349.3,23.2
Ovulation,7.0,4,4,5,1,1.0,103.2,172.1,70.4
Menstrual,4.9,2,2,3,2,3.1,359.7,308.2,21.4
Follicular,6.7,2,3,3,2,1.3,136.6,34.1,40.5
Menstrual,5.3,3,3,3,3,2.7,292.4,351.6,27.5
Early Luteal,6.5,3,2,2,2,1.5,201.8,35.9,43.1
Follicular,7.9,4,4,4,2,0.1,73.2,143.8,70.7
Early Luteal,5.8,3,2,3,3,2.2,402.3,502.3,29.0
Follicular,7.6,4,3,3,3,0.4,341.2,381.1,53.5
Early Luteal,6.0,3,3,2,4,2.0,568.6,668.6,23.8
Late Luteal,8.8,3,2,2,2,0.0,273.8,332.0,55.3
Menstrual,7.4,5,3,4,4,0.6,645.9,640.9,41.6
Late Luteal,6.8,3,3,3,1,1.2,136.2,145.2,48.4
Menstrual,5.8,4,3,3,1,2.2,122.3,159.5,44.8
Menstrual,8.1,3,3,2,3,0.0,430.2,369.8,42.2
Late Luteal,5.7,2,2,2,1,2.3,60.1,147.9,33.2
Early Luteal,7.5,4,4,4,2,0.5,225.7,285.6,60.3
Late Luteal,6.8,3,2,1,2,1.2,199.6,122.5,41.6
Early Luteal,8.5,4,5,5,1,0.0,125.7,217.0,73.9
Ovulation,6.5,3,4,4,2,1.5,195.0,267.2,49.3
Late Luteal,7.9,3,3,2,1,0.1,30.1,105.9,61.6
Menstrual,4.8,2,1,1,1,3.2,50.0,0.0,25.3
Follicular,7.4,4,3,3,2,0.6,168.9,188.9,60.3
Menstrual,7.1,4,3,3,2,0.9,96.2,196.2,56.3
Late Luteal,5.7,2,2,3,3,2.3,463.0,563.0,15.1
Menstrual,5.6,3,3,3,2,2.4,163.0,97.5,34.9
Menstrual,5.8,3,1,1,4,2.2,718.2,592.0,14.1
Early Luteal,5.6,4,3,3,5,2.4,800.0,825.5,18.9
Early Luteal,7.9,5,4,4,1,0.1,21.3,0.0,80.1
Menstrual,6.5,3,2,2,2,1.5,179.6,256.5,33.6
Menstrual,6.6,1,2,1,1,1.4,88.1,185.6,31.0
Menstrual,7.0,3,3,3,2,1.0,128.6,218.9,48.1
Late Luteal,5.8,2,2,2,2,2.2,117.8,36.5,30.9
Follicular,8.4,3,4,3,2,0.0,280.5,313.3,59.7
Follicular,7.8,4,2,3,5,0.2,728.3,726.3,34.8
Late Luteal,6.6,3,2,2,3,1.4,470.0,532.2,25.5
Ovulation,8.7,4,3,4,2,0.0,134.0,25.4,72.2
Follicular,6.6,2,3,3,2,1.4,119.4,162.9,44.2
Menstrual,6.4,3,3,2,2,1.6,112.3,98.9,36.7
Late Luteal,6.2,3,2,3,4,1.8,675.7,644.8,19.0
Follicular,7.9,3,3,3,4,0.1,556.0,590.1,39.3
Early Luteal,8.0,4,3,3,2,0.0,68.0,33.4,68.5
Follicular,5.8,2,3,3,3,2.2,470.1,476.4,24.4
Follicular,7.3,4,4,3,2,0.7,260.6,257.7,61.3
Early Luteal,6.5,3,4,3,1,1.5,83.5,115.8,54.4
Follicular,7.7,4,4,4,1,0.3,92.8,130.5,71.2
Late Luteal,7.2,5,3,3,2,0.8,170.5,190.1,59.3
Ovulation,6.3,4,3,3,2,1.7,62.8,0.0,55.3
Follicular,8.6,5,5,5,2,0.0,214.0,155.7,77.3
Late Luteal,6.4,3,3,3,2,1.6,243.7,343.7,41.1
Ovulation,8.6,4,5,5,1,0.0,82.0,182.0,80.2
Follicular,7.3,5,2,2,3,0.7,418.3,394.9,46.7
Menstrual,6.5,2,2,2,1,1.5,121.8,71.8,41.5
Late Luteal,7.4,4,2,2,4,0.6,800.0,658.7,34.5
Late Luteal,7.5,3,3,2,1,0.5,40.8,35.3,55.3
Follicular,6.9,3,4,3,2,1.1,241.2,265.2,52.8
Early Luteal,8.0,4,3,3,2,0.0,87.3,183.8,66.4
Menstrual,6.8,3,2,3,2,1.2,136.5,36.2,42.1
Menstrual,6.9,3,2,2,3,1.1,456.8,490.3,36.4
Menstrual,6.1,3,2,3,2,1.9,224.3,274.3,34.2
Ovulation,6.6,2,3,3,2,1.4,178.3,278.3,48.4
Menstrual,6.0,2,4,3,2,2.0,133.1,104.5,32.1
Early Luteal,6.5,2,3,3,2,1.5,186.2,150.6,37.3
Ovulation,6.6,3,3,3,2,1.4,127.5,18.8,52.5
Follicular,8.0,4,3,4,4,0.0,509.6,501.0,48.2
Early Luteal,7.8,4,3,2,3,0.2,381.3,436.2,57.9
Ovulation,8.6,4,4,4,2,0.0,234.9,136.2,73.1
Early Luteal,7.4,4,2,2,3,0.6,451.4,551.4,52.3
Late Luteal,6.9,2,2,2,1,1.1,50.9,88.6,43.4
Late Luteal,6.1,2,3,3,2,1.9,151.1,251.1,36.8
Late Luteal,6.3,3,2,2,4,1.7,484.0,418.5,23.2
Late Luteal,7.1,3,2,2,3,0.9,519.7,508.8,36.0
Early Luteal,5.9,2,2,2,3,2.1,398.6,358.1,29.1
Early Luteal,6.6,3,3,3,3,1.4,481.9,480.2,31.8
Early Luteal,5.3,3,4,3,1,2.7,29.9,43.9,44.2
Follicular,6.4,3,3,3,1,1.6,13.6,113.6,60.9
Follicular,9.2,5,4,4,2,0.0,140.9,204.0,81.8
Menstrual,7.8,5,3,4,1,0.2,73.8,129.6,73.7
Early Luteal,7.7,4,3,3,1,0.3,143.5,76.8,64.6
Ovulation,6.1,2,3,3,2,1.9,178.0,278.0,38.3
Follicular,8.4,4,2,3,3,0.0,311.6,338.7,57.7
Late Luteal,5.4,3,2,1,3,2.6,377.0,477.0,25.7
Follicular,8.8,5,3,4,2,0.0,285.6,317.4,74.6
Ovulation,6.6,3,4,3,2,1.4,228.5,285.5,56.4
Follicular,7.6,4,4,4,1,0.4,69.8,80.5,65.3
Late Luteal,5.7,2,2,1,3,2.3,424.0,440.7,14.8
Late Luteal,7.3,4,4,4,1,0.7,104.1,111.8,67.7
Late Luteal,9.3,4,3,3,2,0.0,218.3,318.3,69.4
Late Luteal,7.0,3,3,2,2,1.0,173.9,38.7,41.1
Early Luteal,7.0,3,2,3,3,1.0,531.8,484.7,35.3
Ovulation,8.9,5,3,4,3,0.0,480.4,580.4,66.5
Early Luteal,6.8,4,3,3,2,1.2,266.7,342.4,51.3
Menstrual,6.2,3,4,4,1,1.8,70.0,25.3,48.5
Menstrual,6.6,3,3,3,2,1.4,139.0,148.3,46.1
Early Luteal,7.7,5,4,4,2,0.3,48.8,41.4,75.6
Early Luteal,6.9,3,3,3,2,1.1,252.4,278.3,51.9
Ovulation,7.7,5,3,4,5,0.3,706.5,656.3,44.0
Follicular,7.8,3,3,3,2,0.2,126.1,172.7,54.1
Late Luteal,9.5,4,4,3,3,0.0,257.5,247.0,55.8
Ovulation,7.0,2,4,3,1,1.0,77.3,53.0,49.8
Late Luteal,6.7,2,1,1,3,1.3,487.6,357.1,26.7
Ovulation,8.7,5,5,5,3,0.0,422.4,338.2,74.4
Follicular,6.6,3,3,3,1,1.4,193.8,133.8,55.5
Early Luteal,6.4,3,2,2,1,1.6,134.7,136.5,49.1
Late Luteal,6.0,2,3,2,1,2.0,83.4,0.0,32.5
Follicular,7.6,4,3,3,2,0.4,265.3,348.5,59.1
Menstrual,5.6,3,3,3,2,2.4,206.0,260.2,36.4
Late Luteal,5.5,2,2,2,1,2.5,75.9,107.7,34.9
Late Luteal,8.5,4,4,3,2,0.0,240.1,234.4,63.5
Early Luteal,6.4,2,2,2,2,1.6,241.2,247.0,39.0
Late Luteal,7.0,3,2,3,3,1.0,412.5,424.5,36.1
Menstrual,5.9,2,2,3,3,2.1,281.8,199.4,25.4
Early Luteal,7.8,3,2,3,2,0.2,189.7,111.4,54.0
Menstrual,7.4,3,3,3,3,0.6,417.0,374.0,35.8
Early Luteal,6.9,3,3,3,1,1.1,85.5,162.5,58.4
Ovulation,5.7,3,2,3,2,2.3,280.5,201.0,35.7
Follicular,6.9,3,3,3,2,1.1,106.0,99.8,53.0
Late Luteal,5.1,3,3,3,1,2.9,97.7,197.7,40.3
Menstrual,6.8,3,1,2,5,1.2,800.0,900.0,8.3
Early Luteal,4.1,1,2,3,3,3.9,409.5,379.2,5.5
Menstrual,6.1,2,2,4,2,1.9,107.4,165.5,35.7
Ovulation,6.7,2,4,3,2,1.3,105.6,38.2,48.3
Follicular,8.3,3,4,4,1,0.0,47.5,0.0,71.0
Early Luteal,6.2,4,4,3,2,1.8,370.1,357.8,46.9
Follicular,7.9,4,4,5,1,0.1,61.1,82.2,70.9
Late Luteal,6.9,3,2,3,4,1.1,534.0,431.2,27.0
Early Luteal,7.1,5,4,3,2,0.9,184.2,177.2,64.2
Follicular,7.3,4,3,4,3,0.7,457.1,532.3,47.5
Menstrual,6.8,3,2,3,2,1.2,259.3,139.0,50.0
Late Luteal,8.0,5,3,3,1,0.0,142.8,181.2,68.5
Late Luteal,6.8,2,2,2,3,1.2,318.1,302.9,30.2
Ovulation,6.0,3,3,4,1,2.0,74.2,82.9,50.6
Ovulation,9.0,4,3,3,5,0.0,693.8,773.5,48.2
Follicular,5.7,3,3,2,3,2.3,351.4,451.4,33.3
Late Luteal,7.8,4,3,4,4,0.2,417.6,385.2,47.5
Ovulation,6.1,3,3,3,1,1.9,139.6,103.9,49.6
Ovulation,7.8,4,4,4,1,0.2,130.4,230.4,72.8
Late Luteal,5.7,2,2,2,2,2.3,291.0,246.1,25.4
Ovulation,7.7,4,3,3,2,0.3,270.5,235.7,60.2
Early Luteal,5.8,3,2,3,4,2.2,593.2,442.7,25.1
Follicular,7.6,3,3,3,2,0.4,353.0,453.0,48.4
Menstrual,7.2,4,2,3,2,0.8,66.1,57.3,57.4
Menstrual,6.6,2,2,2,1,1.4,71.3,53.0,44.5
Early Luteal,9.4,5,4,5,3,0.0,370.2,395.7,67.1
Follicular,6.3,4,3,3,3,1.7,462.7,519.9,37.6
Ovulation,6.4,5,4,4,3,1.6,550.8,650.8,51.2
Menstrual,4.8,1,2,2,3,3.2,310.9,317.0,0.0
Early Luteal,6.8,3,3,2,2,1.2,305.7,344.4,43.3
Follicular,4.9,3,3,3,2,3.1,198.1,180.0,30.4
Follicular,6.5,3,2,3,4,1.5,522.3,622.3,29.6
Menstrual,7.8,3,2,4,4,0.2,518.1,558.8,29.3
Menstrual,6.6,2,2,2,3,1.4,421.5,429.5,20.3
Early Luteal,5.7,3,2,4,4,2.3,562.6,567.9,21.2
Follicular,5.8,3,3,3,3,2.2,439.2,373.2,33.6
Late Luteal,5.9,3,3,1,1,2.1,62.8,0.0,40.3
Follicular,7.2,4,3,2,2,0.8,191.0,149.3,56.9
Early Luteal,8.1,4,4,3,2,0.0,178.4,146.3,71.5
Late Luteal,7.3,4,3,2,2,0.7,226.2,312.8,54.7
Follicular,6.5,4,3,5,2,1.5,74.6,0.0,54.7
Menstrual,7.5,3,3,2,2,0.5,306.2,215.6,44.0
Follicular,8.1,3,3,3,2,0.0,215.0,63.1,55.7
Follicular,7.5,4,5,4,3,0.5,282.7,336.3,56.3
Follicular,7.4,5,5,5,2,0.6,128.5,44.5,71.8
Menstrual,6.0,3,2,3,2,2.0,54.8,0.0,39.9
Late Luteal,7.0,2,2,2,2,1.0,175.5,216.4,39.3
Late Luteal,7.5,4,3,4,4,0.5,504.7,492.6,40.7
Early Luteal,6.8,3,2,3,2,1.2,153.5,135.2,48.9
Late Luteal,6.4,3,2,3,4,1.6,633.1,648.3,16.7
Early Luteal,6.4,2,2,1,1,1.6,145.7,165.6,34.1
Menstrual,7.3,3,3,4,2,0.7,99.4,67.3,53.7
Early Luteal,5.9,4,3,3,2,2.1,133.7,50.1,52.6
Menstrual,7.6,4,4,4,1,0.4,187.5,110.2,62.8
Menstrual,8.8,3,3,3,1,0.0,94.4,194.4,64.6
Follicular,8.8,4,4,3,2,0.0,133.1,209.2,73.5
Menstrual,4.6,2,3,2,1,3.4,86.8,14.2,25.2
Follicular,5.7,3,4,3,1,2.3,48.6,2.6,49.9
Late Luteal,7.4,3,2,3,1,0.6,97.0,187.2,55.1
Late Luteal,6.6,3,2,2,4,1.4,553.4,531.3,25.4
Early Luteal,7.2,4,4,3,2,0.8,274.6,292.1,59.9
Early Luteal,7.2,5,3,2,3,0.8,386.6,378.3,53.9
Late Luteal,8.3,4,3,3,1,0.0,177.7,230.5,68.0
Early Luteal,7.0,4,4,3,2,1.0,133.2,150.2,59.7
Menstrual,6.8,3,3,2,3,1.2,435.2,508.1,32.5
Follicular,7.2,4,4,5,3,0.8,280.3,203.4,57.1
Late Luteal,6.3,3,2,3,2,1.7,168.4,231.3,42.0
Follicular,7.7,5,4,5,4,0.3,597.8,619.9,51.9
Late Luteal,6.6,2,1,1,2,1.4,122.3,124.7,32.8
Menstrual,6.3,3,3,3,1,1.7,119.7,186.1,43.8
Menstrual,7.8,3,2,2,2,0.2,149.9,249.9,53.8
Menstrual,8.9,5,3,2,2,0.0,256.3,275.2,66.9
Ovulation,7.3,4,4,4,3,0.7,284.4,252.5,56.8
Early Luteal,7.4,4,3,3,3,0.6,526.6,575.0,44.9
Follicular,7.7,4,4,4,2,0.3,124.9,111.0,64.3
Follicular,9.1,5,4,4,1,0.0,47.2,10.7,81.0
Menstrual,7.1,4,2,3,5,0.9,763.3,577.5,25.5
Menstrual,6.7,3,2,3,2,1.3,203.3,183.0,38.6
Early Luteal,6.7,2,2,1,2,1.3,107.3,24.1,40.2
Follicular,7.7,4,3,3,4,0.3,468.4,405.5,50.1
Menstrual,7.0,4,3,4,3,1.0,404.3,494.6,41.3
Early Luteal,8.4,4,2,3,4,0.0,442.0,542.0,49.3
Menstrual,5.7,3,3,2,2,2.3,266.4,366.4,25.5
Late Luteal,7.8,4,2,2,4,0.2,567.5,581.6,39.5
Follicular,8.5,4,4,4,2,0.0,226.4,54.8,68.3
Follicular,8.5,3,4,2,1,0.0,89.0,45.7,68.1
Menstrual,6.2,2,3,3,1,1.8,86.8,89.6,34.8
Follicular,6.6,4,4,5,1,1.4,96.4,82.4,62.1
Late Luteal,6.9,2,3,3,3,1.1,276.4,376.4,34.2
Menstrual,6.4,3,2,2,2,1.6,184.7,123.3,36.2
Follicular,7.4,4,4,4,2,0.6,102.0,48.0,69.9
Ovulation,6.6,3,3,4,3,1.4,366.2,374.5,40.4
Follicular,6.5,3,2,3,3,1.5,471.4,447.5,38.5
Late Luteal,6.8,2,3,3,2,1.2,137.7,237.7,42.7
Follicular,7.5,4,3,3,2,0.5,141.4,160.1,55.6
Early Luteal,6.0,3,3,3,2,2.0,77.6,31.0,45.4
Follicular,7.3,4,4,4,2,0.7,197.8,190.4,60.6
Early Luteal,6.3,3,3,3,2,1.7,60.6,82.6,52.0
Follicular,6.5,2,3,3,2,1.5,346.0,286.7,35.8
Menstrual,6.6,3,3,3,2,1.4,270.8,129.1,42.2
Menstrual,6.3,2,3,3,2,1.7,141.1,0.0,37.9
Follicular,8.9,4,4,4,2,0.0,81.1,56.3,73.7
Follicular,7.6,5,4,4,2,0.4,222.6,15.5,69.8
Menstrual,6.0,2,2,2,3,2.0,309.4,128.0,22.0
Early Luteal,7.7,4,3,2,1,0.3,66.3,0.0,68.2
Late Luteal,6.6,2,3,2,2,1.4,112.0,110.7,39.2
Follicular,8.2,4,5,3,1,0.0,102.7,0.0,71.9
Follicular,5.4,3,2,2,5,2.6,709.6,635.0,6.7
Ovulation,7.4,3,4,3,1,0.6,9.0,72.2,68.8
Late Luteal,7.1,4,3,3,2,0.9,99.8,119.9,52.8
Early Luteal,8.4,3,3,2,4,0.0,623.2,464.2,36.1
Follicular,6.6,4,3,3,1,1.4,44.9,67.0,57.7
Follicular,9.5,5,4,4,4,0.0,450.1,291.5,62.5
Late Luteal,5.5,4,2,2,2,2.5,189.2,90.4,37.4
Follicular,8.0,4,4,4,1,0.0,117.9,141.8,68.6
Early Luteal,7.0,2,4,3,1,1.0,151.3,225.4,52.5
Follicular,6.9,3,3,3,2,1.1,325.7,422.1,49.8
Late Luteal,5.1,3,2,2,3,2.9,384.0,484.0,23.7
Early Luteal,6.5,3,3,3,3,1.5,298.4,279.7,40.5
Late Luteal,6.5,3,3,2,2,1.5,86.2,85.2,45.6
Late Luteal,5.0,1,1,1,2,3.0,43.2,50.5,20.4
Follicular,6.4,4,4,3,5,1.6,610.1,444.2,33.9
Early Luteal,9.2,5,5,5,2,0.0,294.3,97.7,80.3
Early Luteal,7.7,5,3,3,5,0.3,685.8,726.7,48.3
Early Luteal,7.3,5,3,4,3,0.7,410.1,292.3,54.4
Menstrual,5.0,2,2,2,4,3.0,682.4,632.8,0.0
Late Luteal,6.5,3,2,1,2,1.5,33.7,0.0,38.6
Late Luteal,7.5,3,2,2,5,0.5,740.0,723.8,22.9
Follicular,7.3,4,4,5,4,0.7,627.1,719.6,36.2
Late Luteal,5.8,2,2,1,1,2.2,147.3,107.6,36.7
Ovulation,7.7,4,4,3,2,0.3,115.1,47.8,62.0
Follicular,6.5,4,4,5,1,1.5,31.2,47.5,60.1
Follicular,7.2,5,5,5,1,0.8,100.7,0.0,74.1
Menstrual,5.5,3,3,2,1,2.5,67.7,19.9,35.2
Early Luteal,7.7,4,4,3,2,0.3,82.1,35.5,66.0
Late Luteal,7.5,5,3,3,2,0.5,91.6,131.0,63.4
Follicular,7.0,5,4,4,1,1.0,107.7,57.9,64.5
Follicular,4.6,3,3,4,1,3.4,125.8,82.6,40.6
Menstrual,7.1,3,3,3,2,0.9,306.0,406.0,37.3
Late Luteal,8.5,3,3,2,3,0.0,467.6,493.7,45.5
Early Luteal,6.8,2,3,2,2,1.2,232.4,216.9,43.5
Early Luteal,7.1,5,3,3,3,0.9,249.1,349.1,57.2
Follicular,7.8,4,4,3,4,0.2,508.8,457.1,48.4
Late Luteal,6.2,2,2,1,2,1.8,457.0,557.0,23.8
Menstrual,5.3,3,2,2,4,2.7,545.1,499.0,12.9
Ovulation,8.7,5,4,4,2,0.0,49.8,55.0,79.8
Menstrual,6.8,3,3,3,2,1.2,293.7,283.9,43.1
Late Luteal,7.1,2,2,2,2,0.9,248.4,98.5,36.4
Late Luteal,7.7,3,3,3,1,0.3,78.9,178.9,55.9
Follicular,7.6,4,4,4,3,0.4,401.7,447.3,55.2
Ovulation,8.1,4,5,5,2,0.0,252.2,184.0,68.0
Ovulation,8.4,5,4,4,3,0.0,320.9,299.8,66.6
Menstrual,8.0,4,2,3,4,0.0,592.0,606.6,43.5
Early Luteal,6.4,2,3,3,3,1.6,451.6,397.9,30.1
Menstrual,6.0,3,2,2,2,2.0,235.3,94.6,35.7
Follicular,6.7,3,4,4,1,1.3,38.5,0.0,56.2
Early Luteal,7.4,3,4,5,1,0.6,57.2,0.0,60.7
Follicular,7.7,4,4,5,2,0.3,104.8,162.6,68.5
Early Luteal,9.5,4,5,4,1,0.0,89.4,0.0,81.6
Early Luteal,8.9,5,4,4,2,0.0,268.1,206.5,77.2
Follicular,7.4,5,4,3,2,0.6,211.8,305.6,62.3
Early Luteal,7.6,5,4,3,3,0.4,334.9,370.0,59.9
Follicular,7.2,3,2,2,3,0.8,429.0,292.5,45.7
Late Luteal,5.2,2,2,2,2,2.8,122.0,163.2,23.2
Early Luteal,6.8,3,2,3,3,1.2,332.4,317.7,39.9
Follicular,7.9,4,4,4,2,0.1,326.0,241.3,69.4
Late Luteal,7.8,4,3,2,2,0.2,90.2,40.7,69.2
Follicular,8.4,3,2,3,3,0.0,394.7,494.7,52.8
Follicular,6.4,4,4,3,1,1.6,75.9,88.2,63.8
Early Luteal,6.3,4,2,3,3,1.7,292.7,188.1,42.8
Early Luteal,6.3,4,2,3,2,1.7,158.6,181.7,49.8
Follicular,6.8,3,3,3,2,1.2,141.8,126.9,52.1
Late Luteal,7.0,3,2,2,3,1.0,431.6,411.6,31.1
Late Luteal,7.4,3,2,2,3,0.6,373.6,384.7,35.4
Follicular,7.6,5,3,3,4,0.4,606.0,679.8,45.2
Early Luteal,7.4,4,4,4,1,0.6,34.9,108.8,70.8
Menstrual,7.8,4,3,3,2,0.2,220.7,320.7,53.0
Follicular,6.4,4,3,2,2,1.6,115.4,184.7,50.2
Follicular,6.9,3,4,3,1,1.1,142.6,217.2,60.9
Follicular,7.5,5,3,4,3,0.5,346.1,373.1,61.7
Early Luteal,8.2,3,3,3,5,0.0,800.0,786.6,30.8
Early Luteal,6.2,3,3,3,3,1.8,283.8,160.8,33.6
Late Luteal,7.6,3,2,2,3,0.4,343.4,272.2,41.5
Follicular,8.0,4,4,5,2,0.0,77.6,83.6,65.6
Menstrual,6.0,2,2,2,2,2.0,46.3,74.6,33.0
Menstrual,6.4,2,3,3,2,1.6,317.4,293.0,34.7
Early Luteal,6.6,3,3,3,3,1.4,278.2,295.2,33.8
Follicular,7.8,4,3,3,2,0.2,129.7,140.7,62.9
Follicular,6.5,3,2,3,3,1.5,396.4,319.1,34.3
Follicular,5.9,3,2,3,4,2.1,579.3,557.4,22.8
Late Luteal,6.9,3,3,2,3,1.1,364.3,272.1,32.4
Early Luteal,7.0,4,4,4,2,1.0,88.0,44.9,66.2
Follicular,6.4,3,4,4,2,1.6,244.6,162.6,45.9
Ovulation,6.3,3,4,3,1,1.7,2.4,0.0,61.2
Follicular,8.4,5,4,4,4,0.0,636.7,627.9,54.0
Late Luteal,5.0,3,3,3,2,3.0,318.6,325.7,29.4
Late Luteal,6.0,3,3,2,1,2.0,144.6,42.3,40.8
Early Luteal,7.6,4,3,3,5,0.4,717.2,817.2,34.6
Early Luteal,5.9,4,3,2,1,2.1,11.8,54.0,53.5
Late Luteal,7.7,4,4,3,2,0.3,229.2,329.2,57.4
Menstrual,6.1,3,3,3,3,1.9,324.8,338.2,28.6
Late Luteal,6.8,4,3,1,2,1.2,198.2,66.4,51.0
Menstrual,6.8,3,2,2,4,1.2,599.9,478.2,19.5
Ovulation,8.0,3,4,3,3,0.0,495.2,509.2,47.8
Late Luteal,6.8,2,2,2,1,1.2,30.4,54.2,43.6
Late Luteal,4.4,1,2,1,2,3.6,278.8,188.1,6.8
Menstrual,6.8,3,3,3,2,1.2,176.6,276.6,44.1
Follicular,7.6,5,3,4,5,0.4,774.5,786.6,37.5
Menstrual,7.0,3,3,2,2,1.0,198.7,298.7,46.9
Early Luteal,7.3,4,3,3,2,0.7,290.5,390.5,51.6
Follicular,7.8,5,4,3,4,0.2,589.8,672.9,47.5
Late Luteal,5.1,3,2,2,4,2.9,544.5,629.6,11.5
Follicular,8.0,3,4,4,3,0.0,273.5,297.1,50.3
Follicular,6.0,2,3,2,2,2.0,347.4,433.7,29.7
Follicular,7.3,3,3,2,1,0.7,12.3,0.0,62.3
Early Luteal,6.1,3,2,3,3,1.9,439.6,474.5,28.3
Follicular,7.2,4,3,3,5,0.8,800.0,744.6,36.4
Follicular,8.3,4,2,3,5,0.0,800.0,767.9,34.5
Late Luteal,6.1,2,1,1,5,1.9,681.0,765.4,7.0
Ovulation,6.8,4,3,4,3,1.2,357.2,241.6,47.7
Ovulation,7.0,4,5,5,2,1.0,167.4,267.4,60.7
Early Luteal,7.3,5,4,4,2,0.7,97.2,197.2,66.4
Follicular,7.9,4,4,5,2,0.1,124.9,68.4,65.5
Menstrual,8.6,4,2,2,3,0.0,362.0,382.7,50.1
Ovulation,7.6,4,3,4,4,0.4,541.2,620.4,46.2
Follicular,8.7,5,4,4,2,0.0,104.5,163.1,79.8
Follicular,8.9,5,4,3,3,0.0,596.6,412.8,61.2
Ovulation,6.2,4,3,5,2,1.8,34.3,0.0,54.5
Early Luteal,7.0,4,5,4,1,1.0,77.9,133.0,66.8
Follicular,7.9,4,3,2,1,0.1,78.4,135.4,70.4
Early Luteal,8.0,3,3,3,3,0.0,470.5,500.2,43.7
Menstrual,6.0,3,3,3,1,2.0,64.4,157.1,45.0
Ovulation,8.4,5,5,4,2,0.0,121.1,42.4,83.0
Ovulation,6.8,3,4,4,2,1.2,108.0,106.0,52.9
Early Luteal,6.0,3,4,4,1,2.0,126.8,51.0,50.5
Late Luteal,9.0,4,3,3,3,0.0,316.0,267.0,54.1
Follicular,8.1,4,4,3,2,0.0,259.3,169.8,60.8
Menstrual,5.6,3,2,2,2,2.4,135.6,91.7,37.6
Follicular,7.5,4,3,4,1,0.5,49.1,60.9,68.1
Early Luteal,7.4,4,4,3,3,0.6,490.6,546.6,53.1
Late Luteal,6.6,3,2,2,1,1.4,44.1,0.0,48.3
Follicular,7.1,4,4,4,3,0.9,375.2,326.4,58.8
Follicular,4.8,3,3,4,3,3.2,451.5,489.5,22.2
Follicular,7.7,5,5,5,1,0.3,81.0,138.9,81.9
Menstrual,8.0,4,3,2,4,0.0,599.5,616.8,35.7
Follicular,6.5,4,3,2,3,1.5,329.6,284.0,46.6
Early Luteal,6.5,3,3,4,4,1.5,520.7,324.5,32.5
Late Luteal,6.1,2,3,2,2,1.9,196.9,260.1,32.5
Follicular,5.0,1,3,4,3,3.0,464.1,407.9,10.2
Ovulation,7.9,4,3,4,2,0.1,293.3,350.9,64.0
Early Luteal,4.4,2,3,4,1,3.6,92.6,64.1,27.5
Follicular,6.7,4,3,4,4,1.3,515.7,381.4,42.8
Follicular,9.3,4,4,4,2,0.0,167.3,140.8,73.1
Early Luteal,7.1,4,3,3,3,0.9,346.9,297.1,47.9
Follicular,7.9,4,4,3,1,0.1,87.1,50.0,70.9
Late Luteal,7.3,4,2,3,2,0.7,327.8,427.8,53.3
Follicular,5.6,3,3,4,1,2.4,35.9,87.1,49.6
Menstrual,7.2,4,3,2,1,0.8,48.4,50.7,65.8
Early Luteal,7.1,2,3,3,2,0.9,130.8,64.5,47.9
Early Luteal,5.9,3,3,3,2,2.1,206.1,138.4,39.5
Follicular,5.8,3,4,4,3,2.2,321.6,252.5,34.9
Early Luteal,5.2,4,4,2,1,2.8,28.6,66.5,48.3
Late Luteal,7.3,3,3,2,1,0.7,52.2,23.5,55.1
Early Luteal,8.2,5,4,5,1,0.0,1.0,54.4,81.8
Menstrual,7.5,5,3,4,3,0.5,410.2,497.9,55.4
Late Luteal,7.7,3,4,3,1,0.3,17.0,0.0,61.0
Late Luteal,7.9,3,3,3,2,0.1,235.1,335.1,51.8
Follicular,9.1,4,4,3,2,0.0,171.0,137.4,71.4
Follicular,8.2,3,3,3,2,0.0,188.6,259.4,55.0
Follicular,7.7,5,4,3,2,0.3,244.1,176.7,62.2
Menstrual,6.2,2,2,2,5,1.8,687.9,662.4,3.9
Follicular,9.1,5,4,4,4,0.0,547.1,640.7,64.4
Early Luteal,6.5,3,3,2,3,1.5,356.8,328.3,31.4
Follicular,5.7,4,2,3,2,2.3,239.0,109.4,46.4
Ovulation,6.9,3,3,3,2,1.1,243.9,343.9,53.9
Follicular,7.3,4,4,4,3,0.7,291.7,328.3,50.2
Follicular,7.1,3,3,3,5,0.9,747.8,767.6,28.4
Follicular,7.2,4,4,3,2,0.8,189.0,240.6,58.9
Follicular,7.0,3,3,3,3,1.0,523.8,552.6,34.5
Follicular,7.0,3,3,3,3,1.0,372.6,463.2,42.7
Late Luteal,6.7,2,2,3,3,1.3,386.7,395.7,26.4
Late Luteal,7.8,4,3,2,3,0.2,499.8,585.3,44.5
Follicular,7.2,5,4,3,1,0.8,8.4,0.0,79.3
Follicular,5.6,5,3,4,2,2.4,257.6,272.1,50.7
Late Luteal,6.7,2,2,1,2,1.3,142.7,242.7,35.1
Menstrual,6.7,3,3,2,1,1.3,79.0,88.6,47.7
Follicular,4.9,3,3,2,1,3.1,151.1,118.5,39.5
Follicular,5.9,4,2,2,2,2.1,204.2,136.4,45.5
Follicular,6.7,3,4,3,3,1.3,290.5,214.9,35.5
Follicular,6.7,3,4,3,2,1.3,140.5,114.2,49.5
Late Luteal,7.5,5,3,3,1,0.5,55.4,77.6,69.8
Follicular,6.6,4,3,3,2,1.4,170.9,135.2,51.5
Follicular,9.0,4,3,4,5,0.0,661.3,670.2,44.1
Menstrual,7.2,3,4,4,2,0.8,153.3,185.7,55.5
Follicular,6.1,3,3,3,2,1.9,264.2,82.1,41.8
Late Luteal,6.3,3,3,2,1,1.7,76.5,94.1,51.1
Menstrual,7.4,4,4,3,1,0.6,84.4,0.0,60.8
Menstrual,6.3,2,2,2,1,1.7,16.0,0.0,35.2
Follicular,6.9,4,3,2,1,1.1,169.0,159.5,68.9
Menstrual,7.5,5,3,3,3,0.5,319.7,258.0,55.1
Follicular,8.0,5,4,4,2,0.0,359.3,361.8,70.8
Follicular,5.4,4,4,4,2,2.6,251.8,161.8,50.1
Menstrual,6.4,2,2,1,2,1.6,244.5,153.8,25.4
Late Luteal,7.1,3,2,2,2,0.9,142.4,136.8,45.5
Early Luteal,5.7,3,3,3,2,2.3,442.8,382.0,33.0
Early Luteal,8.5,4,4,5,1,0.0,98.2,7.7,81.0
Late Luteal,6.5,3,3,2,1,1.5,3.8,0.0,56.9
Follicular,8.6,5,4,5,1,0.0,98.3,67.5,78.9
Ovulation,6.7,4,4,3,1,1.3,180.7,138.5,61.9
Ovulation,6.8,2,3,3,2,1.2,181.1,95.3,46.6
Ovulation,7.3,4,5,5,1,0.7,71.5,45.0,72.8
Early Luteal,7.9,4,4,3,2,0.1,213.3,226.2,63.8
Late Luteal,7.0,3,2,2,4,1.0,637.0,618.7,21.1
Ovulation,8.1,3,3,4,2,0.0,99.7,92.2,61.9
Ovulation,7.7,4,4,4,3,0.3,356.5,321.5,61.9
Early Luteal,7.2,4,2,2,4,0.8,583.5,602.1,39.3
Menstrual,5.2,4,2,2,3,2.8,346.1,410.2,26.0
Ovulation,7.4,4,5,4,1,0.6,1.0,57.4,72.4
Late Luteal,7.9,4,3,4,2,0.1,200.9,41.7,60.2
Late Luteal,7.1,4,3,3,1,0.9,71.1,147.9,60.5
Early Luteal,7.2,4,3,3,2,0.8,153.3,150.6,56.7
Menstrual,6.5,3,2,3,2,1.5,258.4,118.1,35.5
Late Luteal,6.0,2,2,2,2,2.0,149.8,234.3,27.6
Late Luteal,5.3,3,1,1,1,2.7,118.1,101.3,37.5
Early Luteal,6.6,3,3,4,5,1.4,800.0,877.6,19.8
Early Luteal,8.6,5,3,3,2,0.0,208.6,146.3,68.0
Early Luteal,7.0,3,4,3,1,1.0,83.4,158.8,60.9
Late Luteal,7.3,4,3,3,2,0.7,115.9,46.0,58.6
Menstrual,6.8,3,2,2,3,1.2,446.2,473.2,37.2
Follicular,8.1,5,4,3,1,0.0,124.1,116.6,76.3
Menstrual,4.6,2,3,2,2,3.4,180.2,240.9,24.1
Follicular,7.7,4,4,3,1,0.3,90.1,73.6,69.5
Follicular,8.0,4,2,4,4,0.0,389.9,325.1,53.4
Follicular,7.1,5,4,3,1,0.9,124.0,105.7,73.7
Menstrual,6.7,3,3,2,3,1.3,361.4,259.1,35.0
Early Luteal,7.8,4,3,4,3,0.2,269.2,286.6,51.0
Early Luteal,5.8,2,3,3,2,2.2,225.2,90.6,30.4
Early Luteal,7.2,5,3,4,2,0.8,298.3,268.3,60.2
Late Luteal,6.0,3,2,2,1,2.0,35.1,0.0,41.2
Late Luteal,6.0,3,2,2,2,2.0,126.1,191.4,33.9
Ovulation,5.8,3,4,2,3,2.2,321.8,337.8,36.0
Late Luteal,7.1,4,3,3,2,0.9,116.1,0.0,61.5
Early Luteal,6.8,3,3,2,2,1.2,216.2,316.2,42.0
Early Luteal,7.8,4,3,3,3,0.2,226.3,177.4,53.2
Early Luteal,7.4,4,4,4,2,0.6,23.4,0.0,64.9
Follicular,8.7,4,3,4,2,0.0,233.6,332.7,65.5
Follicular,8.3,3,3,3,1,0.0,75.2,123.4,64.9
Early Luteal,5.7,3,3,3,2,2.3,106.4,167.5,39.0
Late Luteal,6.4,4,4,3,2,1.6,181.8,281.8,41.7
Late Luteal,7.8,4,2,2,2,0.2,116.5,108.2,57.4
Early Luteal,8.2,4,4,4,1,0.0,35.6,96.5,71.9
Follicular,7.1,4,4,5,2,0.9,121.9,194.4,64.4
Late Luteal,5.9,3,4,4,1,2.1,12.7,66.0,45.4
Ovulation,6.8,4,3,3,5,1.2,800.0,845.0,31.4
Late Luteal,6.6,2,2,2,1,1.4,147.4,172.5,44.2
Early Luteal,4.8,3,2,3,2,3.2,188.8,166.7,33.2
Early Luteal,6.9,3,4,3,1,1.1,5.2,64.2,61.4
Late Luteal,6.3,3,3,2,1,1.7,48.5,70.1,43.5
Early Luteal,4.0,1,2,2,3,4.0,418.2,468.9,2.3
Early Luteal,7.8,5,5,4,2,0.2,177.1,77.0,68.9
Ovulation,8.4,4,4,4,2,0.0,269.8,160.0,66.8
Late Luteal,6.4,3,2,1,1,1.6,9.3,56.0,46.8
Ovulation,7.1,4,4,4,2,0.9,229.9,255.4,56.5
Late Luteal,7.7,4,4,3,2,0.3,256.0,151.4,60.0
Late Luteal,7.8,4,2,1,3,0.2,473.3,573.3,43.8
Early Luteal,6.1,4,2,3,5,1.9,676.7,772.9,20.4
Follicular,6.4,3,3,3,2,1.6,197.5,105.7,48.5
Late Luteal,5.7,2,2,2,3,2.3,232.5,226.1,24.7
Early Luteal,8.6,5,4,3,3,0.0,345.5,404.5,66.1
Ovulation,6.2,3,3,3,2,1.8,102.7,129.4,49.0
Follicular,8.6,4,4,3,1,0.0,95.8,80.8,77.0
Ovulation,8.0,3,3,3,3,0.0,255.1,218.3,53.5
Follicular,6.6,3,4,4,2,1.4,240.3,131.8,43.3
Follicular,7.5,4,4,4,3,0.5,412.0,463.1,50.0
Early Luteal,5.9,3,3,2,2,2.1,148.5,248.5,42.7
Early Luteal,6.4,4,3,4,2,1.6,167.7,140.1,50.4
Early Luteal,4.8,2,3,4,1,3.2,23.9,42.4,36.7
Menstrual,7.1,4,4,3,3,0.9,244.1,328.3,49.9
Ovulation,8.7,4,4,4,1,0.0,109.6,178.1,80.0
Follicular,7.7,5,5,4,1,0.3,98.0,127.0,75.5
Follicular,5.8,4,3,4,4,2.2,461.7,464.3,33.8
Early Luteal,5.0,3,3,3,1,3.0,28.3,0.0,45.8
Follicular,6.2,4,3,3,4,1.8,433.5,430.5,31.3
Late Luteal,7.4,3,3,4,2,0.6,163.0,190.0,51.9
Menstrual,7.0,3,3,3,2,1.0,189.2,229.0,45.7
Early Luteal,7.9,4,4,5,1,0.1,73.1,173.1,71.5
Late Luteal,6.0,2,3,2,1,2.0,119.2,169.6,35.7
Menstrual,7.3,4,2,3,3,0.7,484.7,558.8,40.2
Early Luteal,7.4,5,4,3,2,0.6,208.7,225.0,68.4
Early Luteal,7.0,3,3,4,3,1.0,352.2,357.2,43.5
Follicular,4.7,4,3,4,2,3.3,110.4,49.2,42.2
Menstrual,8.0,4,3,3,2,0.0,303.9,391.1,56.1
Early Luteal,8.3,4,4,3,1,0.0,136.9,79.5,68.4
Late Luteal,6.1,3,3,2,1,1.9,29.5,1.8,48.8
Follicular,8.3,4,4,3,1,0.0,135.8,142.5,74.8
Menstrual,6.5,3,3,2,2,1.5,127.6,52.7,40.6
Menstrual,5.2,2,3,3,1,2.8,82.0,89.0,28.3
Follicular,6.9,3,4,3,1,1.1,65.3,20.0,56.6
Follicular,6.1,4,2,3,5,1.9,800.0,870.4,19.2
Follicular,9.5,4,4,3,3,0.0,368.3,329.3,63.3
Late Luteal,4.6,1,1,1,4,3.4,517.2,420.6,0.0
Early Luteal,6.7,2,2,3,3,1.3,419.8,365.9,28.1
Follicular,5.8,3,3,3,4,2.2,523.6,463.2,24.3
Late Luteal,6.7,2,3,2,2,1.3,343.7,352.0,34.2
Late Luteal,8.1,3,3,3,3,0.0,335.1,197.5,49.1
Follicular,7.8,4,4,5,2,0.2,171.9,187.0,71.5
Late Luteal,7.4,3,3,2,1,0.6,183.5,120.4,53.5
Late Luteal,5.3,2,2,1,3,2.7,309.2,330.1,15.0
Menstrual,7.3,5,4,3,1,0.7,77.0,119.5,68.9
Follicular,5.6,4,5,4,1,2.4,124.0,132.9,57.0
Menstrual,5.8,3,2,2,4,2.2,628.9,621.1,16.6
Follicular,6.7,4,3,4,3,1.3,290.0,390.0,48.1
Late Luteal,6.9,3,2,2,5,1.1,651.2,608.9,18.6
Early Luteal,7.3,3,4,3,2,0.7,120.5,136.1,53.2
Early Luteal,7.4,5,1,2,5,0.6,692.3,610.9,38.2
Early Luteal,6.3,4,3,4,2,1.7,181.5,217.2,43.9
Early Luteal,6.7,2,2,3,2,1.3,327.7,419.3,38.6
Follicular,7.1,5,3,3,4,0.9,523.1,535.7,45.0
Follicular,7.8,5,4,3,1,0.2,119.2,90.9,75.5
Late Luteal,5.1,3,2,2,2,2.9,118.9,197.7,27.3
Early Luteal,6.4,3,3,2,4,1.6,521.0,614.4,25.5
Menstrual,6.7,4,3,3,3,1.3,364.9,399.5,38.5
Menstrual,7.5,3,3,2,2,0.5,219.5,136.9,44.6
Early Luteal,7.5,4,3,2,2,0.5,206.5,176.7,58.3
Menstrual,5.7,2,2,2,3,2.3,328.2,338.6,18.1
Menstrual,6.4,3,3,3,1,1.6,84.0,0.0,49.0
Menstrual,6.7,2,2,3,2,1.3,198.3,154.5,36.0
Early Luteal,8.1,4,4,3,2,0.0,92.3,173.3,68.1
Follicular,8.3,4,4,3,2,0.0,167.2,28.4,61.6
Late Luteal,6.4,2,2,2,2,1.6,77.8,67.3,34.3
Menstrual,6.8,3,2,2,3,1.2,485.7,278.0,38.4
Menstrual,5.9,3,2,2,3,2.1,487.4,437.4,19.8
Ovulation,8.2,4,4,5,1,0.0,72.0,94.5,74.5
Ovulation,7.1,5,5,5,2,0.9,261.1,284.6,67.6
Follicular,7.1,3,4,4,2,0.9,159.1,162.8,53.1
Late Luteal,5.8,2,2,1,2,2.2,190.9,262.5,25.4
Menstrual,7.4,3,2,2,3,0.6,310.0,218.0,38.9
Follicular,7.1,3,3,3,2,0.9,212.9,242.2,48.3
Late Luteal,6.9,2,2,2,2,1.1,205.0,183.8,39.4
Late Luteal,6.0,3,1,2,2,2.0,128.7,87.2,33.9
Ovulation,6.2,3,2,3,5,1.8,800.0,900.0,15.3
Early Luteal,6.8,2,2,2,3,1.2,454.7,554.7,29.1
Early Luteal,8.2,4,5,4,3,0.0,387.9,306.7,59.1
Menstrual,6.0,3,2,2,2,2.0,256.1,268.8,33.6
Follicular,7.6,4,5,4,1,0.4,5.2,8.5,72.6
Follicular,7.5,5,3,4,3,0.5,383.1,398.5,60.2
Early Luteal,6.9,3,4,3,1,1.1,34.9,0.0,57.3
Late Luteal,6.5,2,2,3,2,1.5,129.2,151.1,34.4
Early Luteal,8.3,5,2,3,3,0.0,431.6,530.6,58.8
Ovulation,6.0,4,4,4,1,2.0,83.2,0.0,63.1
Late Luteal,7.8,3,3,2,1,0.2,90.1,60.6,59.4
Early Luteal,7.3,3,3,2,4,0.7,487.7,550.4,40.5
Follicular,6.3,4,3,4,2,1.7,133.6,31.5,52.3
Early Luteal,7.3,3,3,3,3,0.7,391.4,416.4,37.7
Early Luteal,6.9,3,3,3,1,1.1,40.3,28.7,64.9
Ovulation,8.8,5,4,4,4,0.0,495.5,363.6,63.4
Late Luteal,7.1,3,3,3,2,0.9,138.1,127.0,50.3
Early Luteal,7.9,4,3,4,2,0.1,69.7,138.0,70.3
Early Luteal,6.5,3,3,3,1,1.5,70.2,0.0,47.6
Early Luteal,6.4,3,3,3,1,1.6,89.0,44.9,57.2
Follicular,6.2,2,4,3,1,1.8,136.0,16.5,42.8
Early Luteal,7.4,4,4,4,2,0.6,224.1,214.1,58.8
Early Luteal,8.2,4,3,3,3,0.0,448.5,350.6,58.3
Follicular,6.4,3,3,3,2,1.6,331.5,231.8,47.0
Menstrual,6.1,3,3,4,1,1.9,195.2,220.1,41.1
Follicular,5.3,3,3,3,3,2.7,376.4,244.3,25.7
Late Luteal,7.1,3,3,3,1,0.9,30.4,82.0,53.8
Menstrual,8.2,4,3,3,2,0.0,163.0,196.8,58.0
Early Luteal,6.8,2,2,3,3,1.2,455.4,408.9,27.9
Follicular,9.5,4,4,3,3,0.0,495.2,384.0,63.6
Menstrual,9.5,4,2,1,5,0.0,800.0,773.2,37.4
Late Luteal,6.9,3,1,1,4,1.1,642.0,742.0,22.0
Follicular,7.3,3,3,2,3,0.7,449.1,478.6,44.0
Follicular,6.4,3,4,3,2,1.6,253.9,312.7,48.3
Follicular,7.1,4,4,4,2,0.9,162.7,126.7,51.7
Follicular,6.7,2,3,4,2,1.3,164.7,235.7,45.8
Late Luteal,6.5,3,2,1,2,1.5,141.8,37.6,41.5
Early Luteal,7.0,3,3,4,1,1.0,4.8,0.0,54.2
Menstrual,7.2,5,4,4,2,0.8,88.0,18.8,65.9
Follicular,6.6,3,3,3,1,1.4,106.8,163.7,54.7
Late Luteal,7.9,4,3,2,2,0.1,123.9,223.9,63.4
Follicular,8.4,5,4,5,3,0.0,394.9,350.2,66.5
Early Luteal,8.7,4,4,4,3,0.0,344.9,404.6,57.5
Early Luteal,8.9,3,3,3,1,0.0,128.8,209.6,68.4
Early Luteal,7.1,4,4,4,2,0.9,133.5,188.2,59.9
Follicular,7.6,5,3,4,4,0.4,560.7,408.9,49.2
Menstrual,7.8,4,3,3,1,0.2,147.1,211.5,64.6
Late Luteal,8.1,3,1,1,5,0.0,800.0,782.8,22.2
Ovulation,7.7,4,4,4,3,0.3,321.4,370.7,62.0
Early Luteal,8.2,4,3,4,4,0.0,800.0,741.1,45.9
Menstrual,6.8,3,2,2,3,1.2,528.9,541.4,31.2
Menstrual,7.2,3,2,1,3,0.8,332.5,432.5,34.4
Late Luteal,4.5,2,2,2,3,3.5,460.3,515.5,7.6
Early Luteal,6.0,2,3,2,1,2.0,103.5,42.4,39.9
Late Luteal,7.0,3,2,2,3,1.0,260.8,181.7,37.7
Late Luteal,4.6,1,2,2,2,3.4,174.2,189.7,18.7
Early Luteal,5.5,3,2,3,2,2.5,52.2,0.0,36.9
Early Luteal,7.0,3,4,2,1,1.0,141.4,150.9,52.5
Follicular,6.3,2,3,2,1,1.7,46.1,0.0,43.0
Late Luteal,6.7,3,2,2,3,1.3,454.0,397.8,26.3
Follicular,6.3,3,4,3,2,1.7,265.1,365.1,43.7
Follicular,7.1,5,4,4,2,0.9,152.9,94.2,62.6
Ovulation,5.9,3,3,3,2,2.1,133.8,47.6,40.1
Menstrual,6.6,4,3,2,2,1.4,201.8,272.1,49.1
Late Luteal,6.3,3,2,2,3,1.7,340.7,440.7,29.5
Early Luteal,7.5,4,3,3,2,0.5,162.2,103.1,60.2
Menstrual,7.4,2,2,2,2,0.6,236.4,329.7,38.9
Menstrual,6.3,3,2,2,3,1.7,417.5,517.5,29.6
Late Luteal,8.0,4,3,2,3,0.0,282.8,251.4,52.1
Menstrual,8.5,3,2,2,4,0.0,553.6,500.2,40.5
Early Luteal,5.9,4,3,3,3,2.1,254.2,327.5,45.3
Follicular,7.8,5,4,3,2,0.2,220.2,142.7,71.1
Late Luteal,4.9,2,1,2,4,3.1,609.3,709.3,2.5
Follicular,7.9,4,4,4,1,0.1,49.3,89.1,74.8
Early Luteal,6.3,3,3,3,1,1.7,117.2,178.0,51.8
Ovulation,7.4,5,5,4,1,0.6,122.0,209.6,77.3
Follicular,7.7,4,3,4,4,0.3,547.9,647.9,47.6
Late Luteal,4.7,2,2,2,4,3.3,474.9,403.3,0.0
Late Luteal,5.4,3,3,2,1,2.6,153.4,63.2,40.2
Follicular,6.7,3,3,3,1,1.3,81.9,133.8,57.9
Ovulation,5.8,2,4,3,1,2.2,98.5,50.8,49.9
Late Luteal,7.9,2,2,2,2,0.1,237.7,305.7,40.8
Follicular,6.9,3,4,4,3,1.1,219.7,267.8,46.6
Follicular,8.1,4,4,4,2,0.0,145.7,38.4,62.5
Follicular,7.3,5,5,5,2,0.7,129.8,126.0,63.9
Follicular,7.1,4,4,5,2,0.9,161.4,202.5,59.2
Late Luteal,7.1,4,3,2,2,0.9,180.0,233.1,58.0
Follicular,5.6,4,3,4,2,2.4,205.2,136.9,43.9
Follicular,6.4,4,4,4,4,1.6,523.2,611.0,36.6
Ovulation,8.4,4,3,4,2,0.0,285.0,170.2,66.5
Late Luteal,6.8,2,2,2,2,1.2,256.3,348.3,31.9
Follicular,6.0,3,3,3,3,2.0,358.7,424.2,36.8
Late Luteal,6.1,3,2,3,1,1.9,13.4,0.0,46.7
Early Luteal,7.8,3,3,3,3,0.2,472.1,411.8,45.9
Menstrual,7.6,3,3,3,2,0.4,170.4,212.3,46.8
Follicular,7.0,3,4,4,2,1.0,216.5,264.0,49.8
Early Luteal,6.1,4,3,4,4,1.9,428.3,452.0,39.2
Early Luteal,6.2,4,4,3,2,1.8,167.6,267.6,52.2
Late Luteal,6.6,3,2,2,4,1.4,458.5,558.5,28.5
Menstrual,5.4,4,2,2,2,2.6,126.6,152.1,37.1
Menstrual,5.9,2,2,2,3,2.1,251.9,172.2,22.6
Follicular,7.1,4,3,2,2,0.9,143.6,196.6,55.7
Ovulation,8.6,5,4,4,4,0.0,506.9,606.9,63.3
Early Luteal,9.2,5,3,4,2,0.0,103.7,0.0,78.6
Early Luteal,6.7,2,2,2,3,1.3,339.6,283.7,28.5
Follicular,6.2,4,4,5,1,1.8,106.0,124.6,58.7
Early Luteal,7.2,4,4,4,2,0.8,116.3,76.8,57.7
Early Luteal,6.3,3,3,3,2,1.7,88.3,118.5,50.2
Early Luteal,5.0,2,3,2,2,3.0,386.8,288.8,24.6
Late Luteal,4.4,2,1,1,3,3.6,435.0,414.1,6.9
Late Luteal,6.2,4,3,3,1,1.8,53.2,124.4,48.7
Ovulation,8.2,3,3,4,2,0.0,294.9,357.1,61.8
Early Luteal,7.4,4,3,4,1,0.6,71.6,53.3,65.2
Follicular,7.4,4,4,4,3,0.6,403.4,503.4,52.2
Menstrual,7.6,4,4,3,1,0.4,142.5,142.6,67.0
Early Luteal,5.0,2,3,3,3,3.0,309.4,362.4,19.9
Follicular,6.7,3,3,3,5,1.3,800.0,826.2,18.0
Follicular,6.6,3,3,2,2,1.4,265.2,289.6,46.9
Follicular,6.7,3,3,3,2,1.3,267.3,253.7,48.6
Menstrual,5.1,3,2,2,3,2.9,355.3,383.1,19.3
Late Luteal,5.6,3,2,2,3,2.4,247.5,212.6,28.5
Early Luteal,6.3,3,3,3,2,1.7,172.1,88.2,42.8
Ovulation,7.3,3,3,4,3,0.7,428.2,453.5,46.2
Late Luteal,6.6,3,2,2,3,1.4,319.2,298.0,32.8
Early Luteal,6.2,2,2,3,2,1.8,54.7,0.0,39.5
Late Luteal,7.2,4,3,2,2,0.8,239.7,216.0,53.5
Late Luteal,6.6,3,3,2,2,1.4,188.4,83.7,41.6
Follicular,6.8,3,3,3,2,1.2,218.6,220.2,45.4
Late Luteal,5.7,3,3,2,3,2.3,328.7,383.2,29.7
Late Luteal,4.5,1,2,1,3,3.5,420.5,393.3,0.0
Follicular,7.3,5,3,3,2,0.7,218.6,193.2,64.9
Early Luteal,6.2,3,4,4,2,1.8,161.2,116.5,47.8
Menstrual,8.3,5,4,3,2,0.0,172.7,272.7,60.7
Early Luteal,8.6,5,4,3,2,0.0,232.4,332.4,70.9
Late Luteal,5.5,4,3,3,2,2.5,102.5,40.3,36.1
Follicular,6.6,3,3,3,2,1.4,200.4,134.4,44.4
Early Luteal,5.6,3,2,4,4,2.4,522.5,449.1,19.9
Late Luteal,6.2,3,3,3,3,1.8,232.5,281.8,37.4
Early Luteal,7.5,3,4,3,1,0.5,78.2,99.3,68.0
Follicular,7.4,5,4,4,3,0.6,350.0,361.6,51.3
Late Luteal,6.0,3,2,2,2,2.0,84.0,70.5,36.6
Ovulation,6.9,4,4,4,2,1.1,129.8,163.2,59.0
Ovulation,7.5,3,2,3,2,0.5,55.2,110.5,59.3
Follicular,8.5,4,4,5,2,0.0,224.4,284.5,71.9
Early Luteal,8.4,4,3,3,2,0.0,199.5,158.7,63.8
Follicular,7.6,4,4,3,5,0.4,800.0,696.6,35.3
Follicular,8.1,4,4,4,3,0.0,373.4,430.3,59.5
Ovulation,8.6,5,4,3,4,0.0,546.1,611.5,58.1
Menstrual,6.7,3,2,2,1,1.3,75.3,120.8,47.5
Late Luteal,5.2,2,3,2,3,2.8,469.5,569.5,9.0
Follicular,7.8,3,4,4,3,0.2,253.0,293.2,55.2
Late Luteal,7.6,3,2,2,3,0.4,326.2,278.8,41.0
Ovulation,8.0,4,3,4,2,0.0,251.7,229.5,64.0
Follicular,6.8,3,3,3,3,1.2,245.3,200.2,42.3
Late Luteal,7.3,4,2,2,3,0.7,260.9,309.6,50.2
Menstrual,7.3,3,2,3,3,0.7,349.7,389.2,36.1
Early Luteal,6.1,3,3,3,3,1.9,415.0,471.4,34.5
Early Luteal,7.4,5,4,3,1,0.6,65.8,113.5,77.8
Follicular,7.3,4,4,3,2,0.7,131.1,231.1,65.7
Follicular,7.0,2,2,2,2,1.0,126.3,212.6,43.6
Follicular,6.9,3,3,3,2,1.1,252.9,274.7,45.3
Follicular,9.4,5,5,5,1,0.0,169.0,42.2,87.2
Follicular,7.4,5,4,4,2,0.6,200.1,117.7,66.3
Ovulation,7.4,4,4,3,2,0.6,171.6,221.2,59.5
Follicular,6.3,3,3,3,2,1.7,139.0,239.0,41.9
Menstrual,6.8,2,2,4,2,1.2,255.3,259.3,40.2
Early Luteal,5.8,3,2,2,3,2.2,548.9,392.2,26.5
Early Luteal,7.0,3,1,3,3,1.0,275.6,353.2,48.9
Late Luteal,7.2,4,2,2,3,0.8,255.8,231.9,43.8
Menstrual,8.4,4,4,3,1,0.0,20.1,26.1,67.9
Follicular,6.8,5,3,3,2,1.2,344.7,319.4,57.2
Late Luteal,4.5,1,1,2,2,3.5,109.8,140.5,9.8
Late Luteal,5.9,3,3,3,1,2.1,140.8,222.8,36.4
Late Luteal,7.0,2,2,2,2,1.0,262.1,243.3,38.4
Late Luteal,6.2,3,3,2,2,1.8,201.2,198.7,43.2
Early Luteal,7.7,3,2,4,3,0.3,251.2,343.3,45.2
Follicular,6.8,2,3,4,2,1.2,63.0,63.5,45.8
Follicular,7.2,3,3,3,2,0.8,224.6,221.6,50.3
Ovulation,5.5,4,3,4,3,2.5,485.2,437.9,33.2
Late Luteal,5.4,3,1,1,3,2.6,271.7,224.5,22.6
Menstrual,5.8,3,2,3,3,2.2,357.7,284.8,24.3
Follicular,8.6,5,4,4,2,0.0,219.8,149.8,77.4
Menstrual,7.3,4,2,2,2,0.7,191.2,90.3,55.9
Follicular,7.2,3,3,3,3,0.8,351.1,410.8,43.7
Follicular,5.7,4,4,4,2,2.3,129.6,208.4,47.0
Late Luteal,4.7,2,3,1,2,3.3,91.6,47.0,19.6
Late Luteal,5.5,2,2,1,1,2.5,76.0,123.2,36.8
Late Luteal,7.0,2,3,2,4,1.0,610.8,553.9,25.7
Follicular,5.4,3,4,4,2,2.6,167.4,117.3,40.2
Follicular,7.5,3,3,3,1,0.5,44.7,107.3,60.9
Ovulation,8.7,5,4,3,2,0.0,73.5,106.8,78.7
Follicular,8.1,4,4,3,4,0.0,630.6,500.5,48.6
Follicular,7.6,4,3,3,2,0.4,188.4,288.4,62.1
Menstrual,7.3,4,4,3,2,0.7,161.9,225.5,52.6
Follicular,8.1,5,4,4,2,0.0,187.5,63.6,70.9
Early Luteal,7.3,4,2,2,5,0.7,800.0,739.9,27.9
Follicular,6.2,2,4,4,1,1.8,28.6,128.6,49.6
Follicular,7.4,4,3,2,3,0.6,442.9,437.9,45.1
Follicular,7.0,3,3,4,2,1.0,165.8,212.4,45.7
Early Luteal,8.3,3,2,2,2,0.0,190.0,115.1,55.4
Menstrual,5.2,3,3,3,2,2.8,279.9,300.6,32.6
Menstrual,7.0,3,1,1,2,1.0,287.9,342.9,41.6
Follicular,7.9,3,5,5,2,0.1,334.3,278.8,57.7
Menstrual,4.5,2,1,2,3,3.5,325.9,296.4,9.7
Late Luteal,6.9,3,3,2,2,1.1,149.0,212.7,46.5
Late Luteal,6.2,3,2,3,1,1.8,91.2,191.2,46.2
Follicular,7.0,4,3,3,2,1.0,193.0,114.7,57.7
Follicular,7.9,4,3,4,2,0.1,139.7,16.7,65.8
Late Luteal,6.7,3,2,2,4,1.3,507.6,301.0,22.5
Menstrual,7.8,2,2,3,2,0.2,280.8,170.7,38.1
Late Luteal,6.3,2,2,2,3,1.7,275.8,342.0,23.5
Menstrual,6.8,4,3,2,2,1.2,101.9,110.2,53.6
Late Luteal,8.2,3,3,2,2,0.0,156.1,228.2,61.6
Late Luteal,7.1,4,3,2,2,0.9,147.3,231.2,56.7
Late Luteal,7.6,4,3,2,2,0.4,277.2,329.8,53.5
Menstrual,5.8,2,3,3,2,2.2,30.3,0.0,35.6
Late Luteal,5.5,2,2,2,3,2.5,425.9,470.7,14.8
Follicular,8.1,4,3,3,5,0.0,691.3,629.7,41.9
Follicular,6.7,3,3,4,1,1.3,47.9,0.0,54.5
Follicular,6.3,4,5,5,1,1.7,71.4,25.0,63.8
Late Luteal,6.7,2,1,1,5,1.3,800.0,857.0,13.1
Menstrual,6.5,3,4,4,2,1.5,58.9,34.9,45.4
Follicular,7.3,4,4,4,2,0.7,119.5,205.2,61.6
Follicular,5.6,3,2,3,3,2.4,525.6,478.1,27.7
Follicular,6.2,3,3,2,1,1.8,32.6,45.8,55.2
Follicular,7.7,5,3,3,3,0.3,362.2,419.0,61.9
Late Luteal,5.3,3,3,3,4,2.7,569.5,603.1,18.0
Early Luteal,6.8,4,3,3,2,1.2,145.2,206.7,50.9
Menstrual,8.0,4,3,2,3,0.0,370.6,469.1,50.6
Follicular,8.0,4,4,4,1,0.0,170.8,245.5,69.0
Early Luteal,8.3,4,4,4,2,0.0,144.7,187.7,67.2
Menstrual,5.0,1,2,1,4,3.0,355.1,278.8,1.2
Early Luteal,6.4,2,2,3,1,1.6,99.3,87.6,40.2
Menstrual,7.6,4,2,3,3,0.4,553.5,574.0,42.9
Early Luteal,7.9,4,3,3,2,0.1,52.1,79.6,69.8
Early Luteal,7.5,4,3,1,2,0.5,239.6,169.8,55.7
Follicular,7.4,3,3,3,2,0.6,224.2,209.8,56.0
Follicular,7.4,4,3,3,3,0.6,454.3,554.3,51.3
Menstrual,6.6,2,2,2,2,1.4,56.0,156.0,42.0
Menstrual,6.2,3,2,3,5,1.8,800.0,822.2,12.3
Late Luteal,6.7,3,3,3,2,1.3,173.2,183.7,49.0
Menstrual,6.5,3,2,2,3,1.5,379.0,335.8,33.0
Menstrual,7.8,3,2,2,2,0.2,225.7,234.8,52.0
Early Luteal,5.1,3,3,4,4,2.9,584.8,666.3,17.2
Early Luteal,4.4,2,3,3,2,3.6,200.7,181.8,22.6
Early Luteal,7.4,4,3,3,1,0.6,146.5,165.1,66.5
Follicular,8.0,4,3,3,1,0.0,132.5,40.6,73.8
Follicular,6.9,3,4,3,1,1.1,190.9,244.8,52.6
Follicular,6.5,3,3,4,4,1.5,501.9,498.2,36.2
Early Luteal,8.0,4,4,3,1,0.0,122.6,0.0,71.0
Follicular,7.9,4,4,4,3,0.1,368.9,219.9,58.6
Late Luteal,7.6,4,3,3,1,0.4,84.2,140.7,63.1
Early Luteal,6.9,4,3,3,1,1.1,82.4,133.7,68.6
Follicular,6.6,3,3,4,1,1.4,73.9,0.0,53.4
Menstrual,5.9,2,1,2,4,2.1,549.2,549.6,12.0
Follicular,6.7,3,3,4,3,1.3,351.5,330.9,44.1
Menstrual,6.5,4,2,2,4,1.5,652.9,752.9,28.2
Ovulation,6.9,3,3,5,1,1.1,97.4,91.6,57.6
Follicular,7.1,5,4,4,1,0.9,4.7,21.7,74.9
Follicular,8.7,5,3,3,1,0.0,192.4,106.9,77.6
Late Luteal,6.1,4,2,3,5,1.9,800.0,688.2,20.9
Menstrual,7.0,2,2,2,3,1.0,385.7,485.7,30.9
Menstrual,6.1,2,2,2,2,1.9,153.6,253.6,32.6
Follicular,8.8,5,4,4,2,0.0,136.4,123.0,78.3
Ovulation,6.1,2,4,4,1,1.9,73.8,0.0,53.6
Follicular,8.4,4,5,5,1,0.0,77.5,0.0,79.1
Early Luteal,8.1,5,3,3,3,0.0,365.4,360.4,60.2
Follicular,8.6,5,5,4,2,0.0,216.5,230.6,75.3
Follicular,7.6,4,4,4,1,0.4,79.5,18.0,66.0
Menstrual,5.9,3,3,2,3,2.1,406.2,429.4,25.9
Follicular,6.3,4,3,3,2,1.7,264.4,290.2,47.8
Late Luteal,8.1,3,3,1,2,0.0,130.0,202.4,51.9
Follicular,7.9,4,3,3,2,0.1,123.2,154.3,65.5
Follicular,7.3,4,3,5,3,0.7,377.3,368.5,53.4
Menstrual,6.3,4,3,3,3,1.7,619.8,616.8,35.8
Early Luteal,7.3,4,3,4,3,0.7,371.4,409.4,50.1
Early Luteal,7.6,4,3,3,5,0.4,800.0,872.6,34.1
Follicular,7.8,5,4,3,1,0.2,109.8,174.6,73.0
Late Luteal,5.3,3,2,2,2,2.7,321.3,323.0,27.8
Follicular,8.3,3,4,3,2,0.0,272.1,372.1,57.1
Early Luteal,7.2,4,4,4,2,0.8,162.1,59.9,55.4
Follicular,6.3,3,2,3,4,1.7,477.9,443.6,25.7
Early Luteal,5.8,4,3,3,3,2.2,401.3,384.1,30.1
Late Luteal,5.0,1,2,3,1,3.0,25.4,0.0,22.6
Menstrual,6.9,3,2,3,3,1.1,460.3,457.9,34.7
Follicular,7.0,4,2,3,1,1.0,192.1,262.0,61.3
Menstrual,6.9,2,3,2,3,1.1,365.2,438.8,24.1
Follicular,6.6,4,4,4,2,1.4,143.2,0.0,59.4
Late Luteal,7.6,4,4,3,2,0.4,161.2,181.9,56.8
Menstrual,6.6,3,2,3,4,1.4,495.7,595.7,21.9
Late Luteal,6.7,3,2,2,1,1.3,117.7,137.1,51.8
Follicular,7.9,5,5,4,1,0.1,217.9,87.7,77.0
Late Luteal,7.0,4,2,2,3,1.0,282.8,105.3,40.1
Follicular,7.8,4,4,3,3,0.2,356.9,275.9,56.1
Menstrual,5.2,4,3,3,4,2.8,690.9,700.0,16.3
Early Luteal,6.4,3,3,3,2,1.6,285.6,175.0,37.8
Ovulation,6.4,3,3,2,3,1.6,533.0,497.6,32.0
Follicular,7.4,4,4,3,1,0.6,26.3,87.9,70.1
Early Luteal,7.0,2,2,2,4,1.0,669.8,688.5,23.1
Early Luteal,6.8,3,3,3,2,1.2,68.6,93.3,52.4
Follicular,8.1,4,4,3,1,0.0,121.6,41.9,78.2
Follicular,8.9,5,5,5,2,0.0,223.2,297.0,79.6
Menstrual,5.7,2,3,2,3,2.3,208.8,126.9,18.2
Follicular,7.6,4,4,4,2,0.4,71.1,0.0,68.6
Menstrual,6.4,4,2,2,3,1.6,374.4,345.4,38.1
Early Luteal,7.3,3,2,2,3,0.7,491.0,427.0,36.7
Follicular,6.1,3,4,3,2,1.9,140.7,179.4,43.0
Follicular,5.0,2,3,2,4,3.0,623.9,723.9,8.7
Early Luteal,6.1,3,3,2,3,1.9,323.6,384.7,31.7
Follicular,5.9,3,4,4,2,2.1,171.2,259.4,40.0
Late Luteal,7.0,3,3,3,1,1.0,111.3,86.0,58.8
Ovulation,8.5,3,4,5,3,0.0,368.1,438.2,54.2
Early Luteal,7.9,4,4,3,2,0.1,318.0,337.1,60.4
Ovulation,6.4,3,3,3,3,1.6,300.7,254.0,41.5
Late Luteal,6.9,4,3,3,3,1.1,301.9,401.9,46.6
Late Luteal,5.3,3,1,3,4,2.7,489.7,480.2,17.2
Ovulation,6.9,3,2,3,2,1.1,149.3,138.0,48.1
Follicular,7.5,4,4,3,2,0.5,94.4,177.5,59.4
Ovulation,8.4,4,3,4,4,0.0,583.0,683.0,53.5
Follicular,6.5,2,3,2,2,1.5,153.0,253.0,39.7
Late Luteal,6.3,2,2,1,3,1.7,240.4,86.0,22.6
Late Luteal,6.5,3,2,3,2,1.5,210.3,184.0,40.5
Follicular,8.2,4,4,3,1,0.0,61.6,0.0,71.0
Ovulation,7.5,4,4,5,2,0.5,263.1,257.9,62.1
Late Luteal,6.0,1,2,1,5,2.0,800.0,678.7,0.0
Late Luteal,7.0,2,2,1,2,1.0,144.1,16.4,36.6
Follicular,6.7,3,2,3,5,1.3,800.0,810.8,16.8
Menstrual,6.8,2,2,1,2,1.2,139.9,134.2,33.3
Follicular,7.9,4,4,4,1,0.1,17.0,79.2,72.2
Follicular,6.9,3,4,5,1,1.1,127.0,105.3,57.8
Menstrual,6.3,4,2,3,2,1.7,188.6,210.6,45.6
Early Luteal,7.8,4,4,4,2,0.2,316.8,284.9,59.4
Late Luteal,6.0,3,2,2,3,2.0,484.1,383.0,26.7
Follicular,7.4,5,3,3,4,0.6,640.9,740.9,50.0
Follicular,8.1,5,5,3,1,0.0,115.3,105.7,80.8
Early Luteal,6.5,3,3,2,2,1.5,227.0,223.9,42.6
Late Luteal,4.9,2,3,3,2,3.1,59.5,0.0,22.4
Early Luteal,7.1,4,3,3,5,0.9,800.0,790.9,33.4
Follicular,6.6,3,3,4,2,1.4,169.6,269.6,44.9
Late Luteal,6.9,2,3,3,2,1.1,115.1,90.9,38.8
Late Luteal,7.2,4,3,3,2,0.8,129.8,172.1,50.4
Menstrual,6.0,3,3,2,2,2.0,149.6,221.2,41.1
Follicular,8.0,4,3,4,2,0.0,108.1,174.4,68.3
Follicular,6.7,3,2,3,3,1.3,300.7,387.1,41.4
Late Luteal,7.1,3,2,1,1,0.9,37.3,117.9,55.6
Ovulation,7.6,4,3,3,3,0.4,358.7,367.3,52.6
Ovulation,6.2,3,4,4,2,1.8,140.4,85.1,49.2
Follicular,5.9,3,3,3,1,2.1,2.4,0.0,47.6
Follicular,7.8,4,3,4,2,0.2,156.6,222.4,63.6
Late Luteal,7.3,3,2,2,2,0.7,97.6,197.6,49.0
Early Luteal,7.1,4,2,3,5,0.9,774.5,792.8,28.6
Menstrual,7.1,3,2,3,3,0.9,364.1,327.5,37.1
Early Luteal,6.8,2,2,3,3,1.2,507.9,522.8,24.5
Follicular,8.8,5,3,4,4,0.0,412.8,387.6,59.5
Follicular,8.9,5,4,4,3,0.0,359.2,313.3,61.5
Early Luteal,5.0,2,3,3,2,3.0,310.6,286.2,28.9
Late Luteal,7.0,3,3,3,2,1.0,208.2,140.1,41.7
Menstrual,8.1,5,3,2,2,0.0,113.6,39.6,69.3
Follicular,6.2,3,3,3,2,1.8,181.4,164.8,42.7
Menstrual,7.7,4,3,3,2,0.3,120.1,12.6,53.9
Menstrual,7.7,3,2,2,2,0.3,257.5,357.5,41.5
Early Luteal,6.7,2,3,3,2,1.3,261.0,225.8,39.6
Follicular,8.3,4,4,5,3,0.0,452.4,320.1,58.5
Follicular,8.0,4,3,3,3,0.0,412.2,488.5,52.0
Follicular,7.5,4,3,4,2,0.5,124.1,63.5,63.0
Menstrual,6.8,2,2,3,2,1.2,243.6,257.1,33.7
Early Luteal,6.5,3,3,3,2,1.5,166.2,266.2,49.4
Late Luteal,5.1,3,2,1,4,2.9,375.6,383.8,16.7
Early Luteal,6.6,3,3,2,2,1.4,158.8,171.6,47.5
Late Luteal,7.0,3,3,2,2,1.0,137.8,237.8,49.0
Follicular,5.1,3,2,2,3,2.9,405.5,505.5,24.3
Menstrual,6.8,2,2,2,2,1.2,132.0,183.3,36.4
Early Luteal,8.2,4,4,4,2,0.0,36.2,39.2,71.4
Follicular,7.1,4,4,4,2,0.9,353.5,328.1,57.2
Follicular,8.0,4,3,4,2,0.0,195.3,110.8,65.4
Late Luteal,8.5,4,3,2,1,0.0,103.7,187.7,74.3
Early Luteal,8.5,4,4,3,1,0.0,133.5,82.8,74.4
Early Luteal,5.0,1,3,3,1,3.0,110.0,112.1,31.2
Late Luteal,7.3,3,2,3,1,0.7,117.6,187.0,46.5
Early Luteal,7.3,4,2,2,4,0.7,684.2,588.6,33.5
Ovulation,6.7,3,3,4,2,1.3,322.2,304.4,45.1
Menstrual,7.1,4,4,4,2,0.9,214.1,314.1,49.3
Follicular,5.3,4,3,4,2,2.7,284.2,352.4,36.4
Late Luteal,8.1,4,3,3,2,0.0,285.4,385.4,58.6
Late Luteal,7.7,4,3,2,2,0.3,192.6,239.0,58.0
Late Luteal,8.0,4,3,2,2,0.0,170.3,258.9,59.2
Follicular,9.1,4,4,4,1,0.0,115.8,21.8,77.0
Menstrual,6.5,2,2,3,3,1.5,325.4,370.8,31.6
Early Luteal,6.5,3,3,2,3,1.5,323.0,376.9,34.2
Late Luteal,8.3,3,3,2,1,0.0,115.6,170.6,63.5
Follicular,9.0,5,4,5,2,0.0,111.3,0.0,80.4
Follicular,8.1,4,4,3,1,0.0,22.8,0.0,75.4
Follicular,7.9,5,5,4,1,0.1,33.2,12.5,78.4
Late Luteal,5.7,2,1,1,3,2.3,349.0,281.3,23.5
Menstrual,5.3,3,3,3,2,2.7,270.2,257.1,35.6
Follicular,7.6,5,4,3,3,0.4,414.1,364.7,60.2
Ovulation,7.7,4,4,4,4,0.3,660.4,654.5,40.2
Ovulation,7.6,5,4,3,2,0.4,232.5,114.6,71.5
Late Luteal,6.7,3,3,1,2,1.3,110.0,197.2,46.1
Menstrual,7.2,4,4,3,2,0.8,117.7,108.5,54.1
Follicular,8.5,4,5,5,1,0.0,87.6,0.0,79.2
Menstrual,9.2,4,4,2,2,0.0,321.9,223.6,66.4
Follicular,7.1,5,4,3,3,0.9,183.3,205.5,59.2
Ovulation,5.6,3,4,3,4,2.4,616.7,543.4,21.8
Early Luteal,7.1,3,3,3,3,0.9,395.2,314.9,43.8
Menstrual,6.1,3,3,3,2,1.9,94.1,133.8,42.2
Menstrual,6.3,3,2,3,4,1.7,483.6,506.2,25.0
Menstrual,6.2,3,3,3,2,1.8,329.3,404.7,40.0
Ovulation,8.7,4,4,4,2,0.0,242.2,200.7,69.5
Early Luteal,6.0,3,3,4,1,2.0,17.5,5.3,43.8
Late Luteal,6.5,3,3,2,1,1.5,14.1,0.0,49.9
Late Luteal,5.4,3,3,2,2,2.6,151.5,251.5,35.7
Menstrual,6.3,3,2,2,4,1.7,552.6,526.6,18.4
Late Luteal,4.7,2,2,3,2,3.3,6.6,56.8,22.1
Late Luteal,7.4,4,3,2,1,0.6,75.1,44.9,60.9
Follicular,8.0,4,5,4,1,0.0,102.8,27.4,74.6
Menstrual,5.9,3,2,1,1,2.1,153.3,228.5,37.7
Early Luteal,6.9,4,3,3,2,1.1,101.7,161.8,64.5
Early Luteal,6.8,3,4,4,1,1.2,92.3,111.6,53.6
Menstrual,6.5,3,3,2,1,1.5,34.0,57.1,49.0
Follicular,4.6,1,1,1,4,3.4,507.2,519.6,3.2
Follicular,8.5,5,5,3,2,0.0,282.9,258.0,74.2
Early Luteal,7.2,3,3,3,4,0.8,664.7,700.0,38.0
Late Luteal,7.8,5,4,4,1,0.2,37.8,61.0,80.2
Follicular,8.9,4,4,3,2,0.0,199.6,299.6,71.6
Menstrual,8.4,3,2,3,2,0.0,26.1,0.0,58.5
Menstrual,6.6,2,2,2,1,1.4,33.4,126.0,41.3
Early Luteal,5.7,3,2,2,2,2.3,322.0,317.6,34.4
Late Luteal,7.2,4,4,3,1,0.8,159.6,79.5,60.2
Follicular,8.2,4,3,3,3,0.0,388.3,273.0,56.4
Late Luteal,5.8,2,2,2,3,2.2,351.8,290.9,17.5
Early Luteal,7.3,4,4,4,3,0.7,200.0,136.0,57.2
Early Luteal,8.5,3,3,3,2,0.0,268.9,218.2,58.8
Follicular,6.5,3,4,3,1,1.5,100.3,120.9,54.8
Menstrual,7.3,4,3,3,3,0.7,340.1,369.8,42.4
Early Luteal,7.5,4,4,4,1,0.5,165.1,265.1,66.6
Early Luteal,7.0,3,2,2,2,1.0,122.3,37.2,47.3
Ovulation,8.3,4,4,4,3,0.0,527.7,538.5,55.1
Follicular,5.9,3,4,3,3,2.1,535.4,524.5,25.1
Early Luteal,6.8,2,3,3,2,1.2,139.2,239.2,45.8
Late Luteal,7.4,4,2,4,5,0.6,800.0,897.9,30.3
Late Luteal,6.0,3,3,2,1,2.0,2.0,68.4,50.1
Early Luteal,7.6,3,4,5,1,0.4,48.6,0.0,63.8
Ovulation,6.7,3,4,3,1,1.3,34.6,0.0,57.0
Early Luteal,5.3,2,2,3,2,2.7,271.4,339.4,26.0
Late Luteal,7.2,4,3,4,4,0.8,512.8,583.9,37.7
Menstrual,8.0,4,2,2,4,0.0,485.2,483.1,37.3
Follicular,9.5,5,4,4,2,0.0,140.3,192.3,81.6
Late Luteal,8.4,4,2,3,5,0.0,800.0,684.3,33.8
Ovulation,6.6,4,4,4,1,1.4,78.2,158.5,66.4
Ovulation,6.2,2,2,3,5,1.8,800.0,759.4,11.0
Follicular,7.2,5,5,5,1,0.8,86.9,0.0,74.4
Early Luteal,6.6,2,2,2,5,1.4,707.2,678.3,8.6
Follicular,6.8,3,3,4,2,1.2,317.0,307.8,50.7
Late Luteal,8.1,3,3,3,1,0.0,145.9,245.9,60.0
Follicular,7.2,4,4,4,2,0.8,176.0,86.7,58.2
Menstrual,7.5,4,3,2,4,0.5,700.5,763.6,31.2
Ovulation,8.1,3,4,3,1,0.0,75.7,143.1,71.0
Follicular,7.3,4,4,4,2,0.7,213.9,224.2,59.1
Menstrual,5.2,4,3,2,3,2.8,225.4,276.7,29.4
Early Luteal,6.7,3,2,3,1,1.3,81.6,135.8,53.7
Menstrual,7.0,2,4,2,1,1.0,34.5,0.0,47.9
Follicular,8.7,5,4,4,2,0.0,210.2,310.2,74.0
Late Luteal,5.1,3,2,2,2,2.9,227.5,288.5,30.7
Early Luteal,6.4,3,3,3,2,1.6,129.0,0.0,41.3
Menstrual,7.0,3,3,3,2,1.0,285.7,322.7,45.2
Follicular,5.4,3,4,4,2,2.6,118.9,30.5,40.9
Menstrual,8.4,4,4,4,1,0.0,72.2,0.0,71.6
Late Luteal,6.8,3,3,3,2,1.2,196.5,192.5,45.1
Ovulation,7.8,3,4,5,3,0.2,449.5,447.6,53.0
Early Luteal,6.8,3,3,4,1,1.2,62.8,162.8,58.0
Ovulation,7.1,4,4,3,2,0.9,119.3,105.0,61.9
Menstrual,7.7,3,2,3,4,0.3,626.2,540.0,27.0
Ovulation,8.5,4,3,4,2,0.0,169.0,269.0,68.5
Follicular,6.7,3,3,3,3,1.3,433.3,434.9,40.6
Menstrual,7.5,4,4,4,1,0.5,72.6,0.0,66.0
Follicular,7.6,5,4,4,2,0.4,128.0,136.9,64.3
Late Luteal,6.6,2,2,2,2,1.4,245.3,222.8,32.8
Follicular,5.5,3,4,4,2,2.5,125.5,201.4,36.9
Late Luteal,6.5,3,3,2,1,1.5,67.1,11.7,50.8
Follicular,6.8,3,3,3,1,1.2,22.7,0.1,58.4
Early Luteal,6.3,3,3,4,2,1.7,158.6,197.8,48.2
Follicular,7.1,5,5,4,1,0.9,114.8,137.5,73.4
Late Luteal,6.0,2,2,2,2,2.0,39.3,27.7,30.6
Early Luteal,7.9,4,3,3,2,0.1,185.5,178.1,62.2
Follicular,7.1,4,4,5,2,0.9,219.9,240.7,58.1
Late Luteal,5.4,2,1,2,4,2.6,547.4,639.1,3.1
Menstrual,6.3,3,2,2,2,1.7,247.6,134.0,37.1
Early Luteal,6.8,3,3,2,1,1.2,122.2,97.2,53.0
Follicular,7.4,5,4,4,2,0.6,87.8,107.0,71.8
Menstrual,6.3,2,3,3,2,1.7,199.1,241.4,31.2
Follicular,5.9,3,3,3,2,2.1,73.0,173.0,40.3
Early Luteal,6.1,4,3,3,4,1.9,623.9,643.0,25.2
Early Luteal,8.1,4,3,4,2,0.0,192.3,103.8,64.1
Late Luteal,4.8,2,2,3,2,3.2,139.4,149.9,22.7
Late Luteal,6.4,3,3,2,2,1.6,278.7,374.9,39.2
Follicular,7.4,5,3,3,2,0.6,193.3,45.5,64.6
Menstrual,7.0,3,3,3,2,1.0,115.4,178.2,50.9
Early Luteal,7.3,5,4,4,2,0.7,94.2,120.8,67.1
Follicular,8.2,5,5,4,2,0.0,152.7,134.3,77.9
Follicular,8.6,5,5,4,2,0.0,102.4,0.0,79.7
Menstrual,7.2,4,3,3,2,0.8,193.8,141.0,57.1
Early Luteal,6.4,3,3,3,3,1.6,364.2,334.3,41.0
Late Luteal,7.5,4,3,2,2,0.5,223.5,144.9,55.8
Ovulation,7.6,5,4,4,2,0.4,149.7,49.7,72.4
Early Luteal,6.8,2,1,1,4,1.2,748.9,749.5,16.2
Late Luteal,6.5,3,2,2,2,1.5,186.8,278.8,34.2
Ovulation,7.5,5,5,5,2,0.5,367.6,377.9,68.5
Ovulation,6.1,2,4,3,1,1.9,26.2,65.6,47.2
Late Luteal,7.1,3,3,2,2,0.9,151.8,143.4,48.4
Follicular,6.9,3,4,3,2,1.1,185.9,184.8,49.9
Menstrual,6.4,2,2,1,2,1.6,214.7,175.5,29.5
Early Luteal,7.0,3,3,4,3,1.0,381.8,411.7,34.9
Follicular,7.2,4,3,4,2,0.8,253.7,237.7,54.2
Follicular,7.3,5,5,4,1,0.7,153.5,123.1,73.6
Late Luteal,7.5,4,4,3,2,0.5,313.3,290.0,48.6
Follicular,6.9,3,4,4,1,1.1,51.6,118.6,62.3
Follicular,6.5,4,4,4,2,1.5,253.6,336.0,54.0
Follicular,7.9,3,4,4,4,0.1,505.5,319.7,39.3
Early Luteal,7.3,4,3,3,1,0.7,101.1,0.1,66.0
Menstrual,9.3,4,3,4,3,0.0,295.9,313.5,52.8
Early Luteal,6.6,4,4,4,1,1.4,90.3,7.8,62.8
Follicular,7.1,5,3,4,2,0.9,25.0,95.3,70.5
Follicular,7.7,3,3,4,3,0.3,448.5,526.9,46.7
Ovulation,5.1,3,3,4,2,2.9,124.3,135.1,41.3
Follicular,6.1,4,3,3,2,1.9,79.7,45.4,48.7
Menstrual,4.5,1,1,1,4,3.5,759.8,856.5,0.0
Follicular,5.7,3,3,3,2,2.3,74.5,59.4,36.4
Early Luteal,5.5,3,2,3,1,2.5,48.6,148.6,45.0
Early Luteal,8.4,3,3,3,5,0.0,800.0,714.1,28.0
Follicular,6.1,4,4,4,2,1.9,124.2,0.0,44.9
Late Luteal,6.7,1,2,1,2,1.3,138.2,152.3,29.4
Menstrual,7.8,4,3,2,2,0.2,115.3,38.7,61.5
Ovulation,4.4,1,2,3,1,3.6,159.4,116.8,22.9
Follicular,6.7,4,4,4,2,1.3,247.4,296.0,49.0
Follicular,6.1,4,4,4,1,1.9,49.5,35.2,58.4
Ovulation,7.7,3,4,4,1,0.3,76.1,91.3,66.0
Follicular,7.4,4,4,4,1,0.6,105.0,22.9,68.3
Follicular,7.5,4,4,4,4,0.5,550.1,499.3,44.7
Ovulation,7.5,5,4,5,1,0.5,55.5,0.0,80.9
Follicular,6.9,3,3,3,2,1.1,169.6,189.6,47.3
Follicular,6.1,5,4,4,3,1.9,245.9,220.3,52.0
Follicular,7.1,5,5,4,2,0.9,147.3,138.0,68.4
Early Luteal,8.7,5,4,4,3,0.0,336.5,233.4,72.5
Early Luteal,7.7,4,2,3,3,0.3,435.2,349.8,50.4
Follicular,7.0,4,3,3,2,1.0,216.5,316.5,60.0
Late Luteal,8.4,3,2,2,3,0.0,400.8,457.5,44.7
Late Luteal,5.8,4,2,2,4,2.2,452.1,481.7,19.9
Early Luteal,7.2,3,4,4,1,0.8,111.5,103.1,63.4
Early Luteal,7.6,3,3,3,4,0.4,576.4,672.7,34.8
Menstrual,6.2,3,2,2,2,1.8,161.7,58.8,39.3
Late Luteal,7.0,3,2,2,1,1.0,21.8,93.9,49.7
Follicular,8.4,4,4,4,3,0.0,326.4,297.4,62.2
Follicular,8.4,4,4,4,1,0.0,52.7,138.9,73.8
Menstrual,5.9,2,2,2,2,2.1,131.8,3.5,32.4
Ovulation,6.0,3,4,3,1,2.0,69.4,0.0,52.2
Follicular,5.9,2,3,3,1,2.1,104.7,152.2,41.4
Follicular,8.3,3,3,4,3,0.0,389.6,466.2,48.6
Follicular,6.7,4,3,2,2,1.3,326.9,277.9,50.8
Late Luteal,7.3,3,2,3,1,0.7,29.3,0.0,55.2
Late Luteal,7.9,3,2,3,2,0.1,113.1,116.4,59.2
Late Luteal,6.3,2,2,2,1,1.7,57.1,145.8,40.0
Follicular,8.0,5,3,4,3,0.0,493.9,506.2,55.3
Ovulation,7.5,5,5,5,1,0.5,31.3,39.9,75.5
Follicular,5.9,4,3,3,5,2.1,800.0,800.0,18.7
Early Luteal,7.0,3,3,4,2,1.0,162.1,127.7,47.0
Early Luteal,6.4,3,3,3,2,1.6,333.7,387.9,42.8
Follicular,9.5,5,5,5,1,0.0,124.2,99.2,88.1
Follicular,7.7,4,3,4,3,0.3,417.6,496.0,55.9
Menstrual,7.7,3,3,4,2,0.3,226.6,248.9,52.0
Menstrual,5.6,3,3,3,2,2.4,292.5,373.9,31.1
Menstrual,6.6,3,2,2,1,1.4,75.2,64.2,43.2
Early Luteal,7.4,4,4,4,2,0.6,178.9,42.4,62.7
Early Luteal,8.1,4,3,3,2,0.0,212.7,216.1,55.6
Early Luteal,7.6,4,2,3,3,0.4,371.9,462.2,49.8
Follicular,6.9,3,3,3,4,1.1,516.0,606.2,32.3
Late Luteal,4.9,1,1,1,3,3.1,310.6,183.7,1.8
Early Luteal,7.3,4,3,3,2,0.7,219.9,200.5,56.8
Follicular,6.9,2,3,2,2,1.1,203.7,104.1,41.4
Early Luteal,6.1,4,2,3,3,1.9,372.8,407.9,37.5
Follicular,6.9,3,3,4,5,1.1,721.7,729.6,24.4
Follicular,6.0,4,3,4,2,2.0,201.8,288.8,46.6
Menstrual,4.5,2,3,3,1,3.5,105.4,24.4,25.5
Late Luteal,7.1,3,3,2,3,0.9,453.4,532.5,38.7
Follicular,6.0,3,4,4,1,2.0,135.8,230.0,51.2
Menstrual,5.6,3,1,1,4,2.4,562.8,599.4,11.0
Menstrual,7.1,3,4,4,1,0.9,72.2,125.8,59.2
Follicular,7.7,4,4,4,3,0.3,452.4,464.6,51.0
Late Luteal,5.4,2,2,2,2,2.6,113.8,111.6,25.3
Follicular,6.9,4,4,4,2,1.1,86.9,102.5,61.2
Follicular,7.5,5,3,3,4,0.5,540.9,593.8,49.3
Menstrual,8.1,4,3,4,3,0.0,332.7,354.9,54.8
Follicular,8.1,4,5,5,2,0.0,186.1,237.4,71.2
Ovulation,8.4,4,3,4,1,0.0,47.0,105.5,75.8
Menstrual,4.9,1,1,1,3,3.1,335.6,358.7,8.1
Menstrual,5.2,2,2,2,4,2.8,416.3,303.7,3.1
Menstrual,7.7,5,4,4,2,0.3,240.9,250.6,60.2
Early Luteal,8.0,4,3,3,2,0.0,173.5,273.5,53.8
Late Luteal,6.2,2,1,1,3,1.8,520.5,469.3,13.1
Early Luteal,5.1,4,4,4,1,2.9,50.9,60.8,48.0
Early Luteal,6.6,3,3,3,2,1.4,204.5,109.9,45.8
Ovulation,7.1,4,3,3,3,0.9,441.7,323.2,41.5
Late Luteal,8.3,4,2,3,3,0.0,332.6,431.7,51.6
Late Luteal,6.7,4,3,3,4,1.3,566.1,614.4,35.7
Ovulation,8.4,4,4,5,2,0.0,190.4,290.4,72.0
Follicular,5.8,2,3,3,1,2.2,26.1,0.0,42.7
Late Luteal,6.4,2,2,1,2,1.6,169.7,210.6,33.5
Follicular,7.8,4,3,3,3,0.2,490.1,588.9,51.2
Early Luteal,7.7,4,3,3,2,0.3,80.0,156.7,62.8
Late Luteal,7.0,2,2,3,2,1.0,158.5,44.5,43.2
Menstrual,5.7,2,2,1,2,2.3,105.0,46.5,31.8
Menstrual,4.6,2,1,2,2,3.4,274.7,177.2,15.9
Late Luteal,7.9,4,3,3,1,0.1,131.4,144.6,63.7
Follicular,9.4,4,5,4,1,0.0,140.3,107.3,80.3
Late Luteal,6.7,3,2,2,3,1.3,326.2,363.2,34.9
Early Luteal,6.9,3,4,3,1,1.1,123.1,62.3,56.8
Late Luteal,7.7,4,3,2,2,0.3,125.7,225.7,55.5
Menstrual,5.8,2,2,3,2,2.2,184.8,258.2,31.4
Late Luteal,6.9,2,2,2,3,1.1,363.0,463.0,29.5
Early Luteal,7.9,5,4,4,3,0.1,429.8,483.5,58.0
Ovulation,6.5,2,3,4,2,1.5,287.9,387.9,43.6
Ovulation,6.2,4,4,5,2,1.8,135.0,157.5,55.4
Early Luteal,6.9,3,3,3,3,1.1,445.4,365.7,38.9
Menstrual,6.2,3,2,3,1,1.8,138.7,71.7,41.3
Follicular,7.5,5,4,4,3,0.5,436.1,436.2,58.4
Follicular,8.5,4,5,5,1,0.0,57.2,156.2,70.4
Early Luteal,7.4,4,4,3,1,0.6,10.8,0.0,65.1
Ovulation,7.7,4,5,5,2,0.3,97.1,171.9,70.4
Follicular,6.5,4,3,4,3,1.5,307.4,233.3,45.6
Early Luteal,7.9,3,3,3,3,0.1,316.3,199.7,48.1
Ovulation,7.0,3,4,5,2,1.0,209.5,198.4,54.4
Menstrual,6.1,3,1,2,4,1.9,551.8,651.8,22.5
Early Luteal,8.5,4,4,4,1,0.0,81.0,76.1,74.4
Follicular,5.6,3,3,3,1,2.4,147.9,232.0,45.5
Menstrual,8.0,3,3,2,2,0.0,245.2,345.2,52.2
Follicular,7.6,4,4,4,2,0.4,118.6,149.9,65.0
Late Luteal,7.2,3,2,2,4,0.8,454.1,469.0,32.4
Menstrual,7.0,3,3,2,2,1.0,113.9,173.6,44.0
Follicular,6.3,3,3,4,2,1.7,59.3,27.8,45.9
Late Luteal,7.2,5,3,3,2,0.8,257.7,223.0,63.9
Early Luteal,8.6,4,4,3,1,0.0,31.4,131.4,76.5
Follicular,3.6,2,2,2,4,4.4,494.2,498.1,0.0
Menstrual,5.0,1,2,2,3,3.0,321.7,176.4,8.4
Follicular,6.6,4,5,4,1,1.4,15.2,0.0,61.3
Early Luteal,6.7,3,3,3,1,1.3,16.1,49.6,56.4
Follicular,7.4,4,4,4,3,0.6,436.5,383.3,53.4
Late Luteal,5.9,2,2,2,3,2.1,236.0,325.4,21.6
Follicular,6.8,3,3,3,5,1.2,800.0,833.8,22.0
Late Luteal,5.3,2,1,1,2,2.7,249.6,288.4,23.1
Late Luteal,7.5,3,4,2,2,0.5,113.9,69.7,50.6
Late Luteal,6.2,3,2,3,3,1.8,339.2,249.3,25.0
Follicular,6.6,4,3,3,3,1.4,330.1,391.6,49.0
Late Luteal,6.6,2,3,2,2,1.4,88.8,162.1,38.2
Late Luteal,7.1,4,4,3,2,0.9,348.3,177.2,53.4
Menstrual,7.1,3,2,1,2,0.9,180.5,161.9,41.2
Follicular,5.1,3,3,3,2,2.9,279.4,260.5,35.6
Early Luteal,6.5,4,3,3,2,1.5,127.7,43.8,55.4
Early Luteal,5.9,4,3,3,2,2.1,281.1,370.8,38.7
Follicular,8.6,5,4,3,2,0.0,89.2,38.9,75.5
Ovulation,8.7,5,4,4,2,0.0,153.3,253.3,80.1
Menstrual,8.3,4,3,3,4,0.0,611.4,700.2,43.7
Early Luteal,5.9,3,3,3,3,2.1,392.8,358.0,36.1
Follicular,6.8,2,3,2,3,1.2,354.9,389.3,37.3
Menstrual,7.1,4,3,2,2,0.9,92.1,134.9,52.2
Menstrual,6.7,2,3,3,1,1.3,22.4,33.3,42.9
Menstrual,5.2,2,2,1,2,2.8,130.6,69.1,22.6
Late Luteal,8.8,4,3,3,2,0.0,114.6,159.1,61.3
Early Luteal,5.5,3,3,3,1,2.5,69.7,169.7,44.5
Follicular,6.6,4,3,4,2,1.4,282.5,277.4,55.1
Late Luteal,7.6,4,3,2,3,0.4,455.9,434.4,47.0
Menstrual,5.6,3,3,4,2,2.4,127.1,0.0,34.9
Late Luteal,4.7,2,2,2,4,3.3,554.6,544.6,8.1
Early Luteal,7.3,3,3,2,2,0.7,231.5,185.9,46.2
Late Luteal,5.5,3,3,3,2,2.5,125.4,181.1,32.2
Ovulation,5.1,2,2,3,2,2.9,191.0,145.1,29.2
Early Luteal,6.4,3,3,3,3,1.6,455.7,297.1,41.6
Early Luteal,6.6,3,3,4,3,1.4,352.2,416.2,37.5
Late Luteal,6.8,2,2,2,2,1.2,278.3,378.3,31.9
Late Luteal,7.7,3,2,2,3,0.3,447.0,541.1,44.4
Early Luteal,6.5,3,3,2,1,1.5,259.2,128.0,49.0
Menstrual,7.3,4,2,2,2,0.7,287.6,279.1,47.1
Follicular,6.3,3,3,3,4,1.7,548.2,564.4,31.2
Follicular,8.4,5,4,3,2,0.0,266.9,242.8,71.6
Late Luteal,5.3,3,2,1,4,2.7,494.7,441.5,13.2
Late Luteal,7.1,4,3,2,2,0.9,197.4,83.4,51.4
Late Luteal,4.8,1,1,2,2,3.2,147.8,210.9,11.1
Follicular,8.6,5,4,4,2,0.0,206.0,297.3,76.3
Late Luteal,7.0,2,1,2,4,1.0,626.9,569.0,15.1
Follicular,7.0,4,4,3,2,1.0,137.7,77.5,57.5
Follicular,6.7,3,4,3,1,1.3,132.0,44.2,58.1
Menstrual,8.0,3,3,3,1,0.0,14.5,38.4,62.3
Menstrual,7.1,4,3,2,2,0.9,215.5,120.1,47.3
Late Luteal,8.3,3,3,2,2,0.0,287.7,352.7,46.0
Follicular,8.5,4,5,4,2,0.0,128.4,188.3,73.3
Late Luteal,7.4,5,3,3,3,0.6,347.6,368.3,53.9
Ovulation,7.5,4,4,4,2,0.5,189.1,85.8,65.5
Follicular,7.5,3,4,4,1,0.5,127.4,64.5,61.9
Menstrual,6.9,3,4,3,2,1.1,192.5,50.4,46.5
Late Luteal,6.6,2,3,2,2,1.4,140.6,160.2,34.2
Menstrual,8.8,5,3,2,2,0.0,31.9,54.6,73.1
Follicular,7.2,4,4,4,3,0.8,500.0,439.3,49.6
Menstrual,5.3,2,3,2,2,2.7,178.2,95.8,23.9
Early Luteal,7.4,5,4,4,2,0.6,220.4,305.9,70.1
Follicular,7.7,5,3,3,3,0.3,411.3,352.7,60.9
Follicular,7.0,3,4,4,5,1.0,649.8,491.3,31.6
Menstrual,7.0,2,2,2,1,1.0,4.6,0.0,48.7
Menstrual,7.2,4,3,3,3,0.8,331.5,360.6,44.9
Follicular,7.6,3,2,4,2,0.4,161.7,168.8,51.6
Menstrual,8.9,4,3,3,2,0.0,101.7,0.0,66.9
Menstrual,7.4,4,3,3,1,0.6,61.0,74.3,63.2
Late Luteal,7.3,4,2,3,3,0.7,304.8,346.4,42.2
Late Luteal,6.1,1,2,2,2,1.9,141.4,103.4,26.2
Ovulation,6.5,2,3,3,1,1.5,28.0,119.6,49.5
Early Luteal,8.2,4,4,4,1,0.0,2.7,0.0,79.5
Follicular,8.6,4,3,4,2,0.0,73.9,173.9,62.9
Late Luteal,6.3,2,2,2,1,1.7,86.0,66.8,39.6
Ovulation,6.7,3,3,4,3,1.3,273.3,320.2,45.4
Ovulation,7.6,4,3,3,3,0.4,330.4,237.9,54.5
Ovulation,7.9,4,4,4,3,0.1,292.6,252.0,56.5
Follicular,7.3,4,4,4,3,0.7,502.3,528.2,48.9
Ovulation,8.2,4,4,4,2,0.0,123.2,192.1,72.5
Menstrual,8.8,4,2,2,2,0.0,25.1,62.2,62.5
Ovulation,7.2,4,3,4,4,0.8,577.4,451.5,41.7
Early Luteal,5.7,4,3,3,2,2.3,258.8,358.8,46.2
Early Luteal,7.3,4,4,3,1,0.7,104.7,204.7,65.6
Late Luteal,6.1,2,2,1,3,1.9,312.9,338.5,22.0
Early Luteal,7.0,3,3,3,3,1.0,346.9,406.7,38.5
Follicular,5.8,2,3,4,2,2.2,229.6,100.0,32.4
Late Luteal,9.0,3,2,3,3,0.0,313.0,370.7,47.7
Follicular,7.4,4,3,3,4,0.6,660.6,733.2,43.8
Follicular,7.3,4,4,4,2,0.7,81.1,82.4,61.1
Early Luteal,5.7,2,3,2,3,2.3,249.9,349.9,26.4
Ovulation,9.4,5,4,5,2,0.0,90.4,190.4,80.9
Early Luteal,6.5,4,3,3,4,1.5,491.9,591.9,30.1
Early Luteal,5.4,3,2,2,2,2.6,67.2,148.8,38.8
Follicular,6.5,4,4,4,2,1.5,212.3,218.5,52.7
Ovulation,5.7,3,3,4,2,2.3,154.5,156.4,39.2
Menstrual,5.3,1,2,1,3,2.7,422.1,451.4,4.8
Menstrual,6.2,4,2,2,2,1.8,39.2,0.0,51.1
Follicular,8.0,4,4,5,1,0.0,113.5,91.7,73.8
Follicular,8.1,4,3,4,1,0.0,42.3,0.0,76.3
Follicular,7.9,4,4,3,1,0.1,45.8,0.0,76.2
Late Luteal,5.2,3,3,2,1,2.8,118.3,218.3,43.2
Ovulation,7.2,5,4,5,1,0.8,81.4,62.6,75.6
Late Luteal,6.0,3,2,3,2,2.0,240.7,322.2,36.2
Follicular,4.4,1,3,3,2,3.6,80.8,180.8,19.1
Follicular,8.6,4,3,4,3,0.0,303.5,225.6,57.8
Follicular,7.1,5,3,3,2,0.9,199.7,299.7,58.8
Follicular,6.8,2,2,3,2,1.2,174.1,260.6,47.8
Late Luteal,6.0,3,2,2,2,2.0,167.0,89.5,35.1
Ovulation,5.7,4,3,4,3,2.3,390.3,447.1,41.2
Early Luteal,7.5,5,3,4,2,0.5,43.4,0.0,69.6
Early Luteal,6.1,3,3,2,2,1.9,280.6,252.4,40.5
Early Luteal,6.1,4,4,4,3,1.9,408.4,347.2,40.3
Early Luteal,8.5,3,3,3,5,0.0,704.1,738.2,31.8
Menstrual,7.3,4,2,2,2,0.7,267.2,276.3,46.4
Late Luteal,6.6,3,3,2,3,1.4,451.9,394.3,30.0
Early Luteal,5.5,4,3,3,1,2.5,44.0,0.0,50.2
Follicular,8.6,5,4,4,3,0.0,388.9,407.5,64.4
Follicular,5.7,3,3,3,1,2.3,57.3,100.3,48.8
Ovulation,7.3,4,3,3,2,0.7,131.2,88.9,65.0
Early Luteal,6.9,3,2,4,2,1.1,177.9,272.3,49.0
Follicular,6.8,3,3,3,2,1.2,110.1,50.0,48.8
Ovulation,8.4,4,4,4,1,0.0,39.6,77.6,75.4
Late Luteal,7.2,4,2,3,2,0.8,32.0,59.7,58.0
Early Luteal,8.3,3,3,3,2,0.0,127.2,67.5,61.2
Follicular,6.0,3,3,3,2,2.0,205.4,138.4,41.8
Follicular,8.1,4,4,3,2,0.0,20.1,31.0,68.2
Late Luteal,6.1,3,2,1,4,1.9,593.6,685.4,13.2
Follicular,6.2,2,3,4,2,1.8,243.2,254.3,40.3
Ovulation,7.8,4,4,5,1,0.2,70.5,13.3,74.5
Follicular,7.2,5,4,4,2,0.8,105.7,190.4,68.0
Early Luteal,8.8,5,4,3,3,0.0,345.1,380.0,70.5
Early Luteal,7.9,3,3,3,2,0.1,118.0,145.4,61.7
Late Luteal,7.3,4,3,3,1,0.7,143.7,243.7,62.4
Early Luteal,6.2,4,3,3,3,1.8,219.3,269.4,47.0
Early Luteal,5.2,2,2,2,1,2.8,64.6,0.0,32.6
Ovulation,6.4,4,3,4,2,1.6,157.8,168.7,52.6
Late Luteal,6.7,3,2,3,4,1.3,559.0,659.0,25.6
Late Luteal,6.4,4,3,3,3,1.6,438.8,352.0,40.1
Follicular,6.1,4,3,4,2,1.9,206.4,207.6,45.5
Ovulation,7.1,3,4,5,1,0.9,86.5,105.2,68.9
Early Luteal,7.5,4,3,3,3,0.5,320.7,382.9,50.5
Follicular,6.3,3,2,2,2,1.7,239.5,224.7,43.5
Late Luteal,6.2,3,4,2,1,1.8,102.3,125.0,47.2
Follicular,7.7,4,4,3,1,0.3,70.4,128.6,73.6
Follicular,6.5,4,3,5,1,1.5,54.5,0.0,55.6
Early Luteal,8.5,5,3,4,3,0.0,339.2,279.1,63.6
Ovulation,7.6,4,5,5,2,0.4,263.3,192.2,64.3
Late Luteal,7.0,2,2,1,4,1.0,720.8,666.5,13.9
Ovulation,5.3,2,2,3,4,2.7,491.1,475.1,18.2
Follicular,7.4,5,5,5,1,0.6,73.8,173.8,76.2
Ovulation,6.9,2,3,4,2,1.1,180.7,101.4,44.5
Follicular,6.8,2,3,4,3,1.2,386.6,486.6,31.6
Follicular,6.2,3,3,4,3,1.8,329.3,357.8,37.6
Menstrual,6.2,3,2,3,1,1.8,185.5,146.1,42.4
Late Luteal,6.3,2,2,2,2,1.7,241.7,280.1,32.3
Follicular,6.9,3,4,3,1,1.1,55.3,0.0,54.6
Early Luteal,7.4,4,4,4,3,0.6,292.6,312.4,53.7
Early Luteal,7.0,2,2,2,3,1.0,320.1,352.3,29.1
Follicular,7.2,3,3,3,2,0.8,95.5,82.7,52.7
Menstrual,6.3,3,1,2,5,1.7,800.0,643.4,10.9
Ovulation,9.3,4,4,5,3,0.0,263.3,230.9,70.1
Follicular,6.7,3,2,3,3,1.3,416.8,516.8,36.3
Menstrual,8.1,4,3,3,2,0.0,113.2,213.2,68.0
Early Luteal,7.1,3,2,2,3,0.9,329.9,314.8,37.6
Ovulation,7.9,4,3,4,2,0.1,91.8,109.0,69.1
Follicular,6.7,4,2,3,5,1.3,700.0,652.9,31.9
Early Luteal,7.4,4,4,4,2,0.6,207.4,307.4,61.7
Late Luteal,7.8,3,2,2,3,0.2,363.1,379.4,41.9
Menstrual,8.1,4,3,4,2,0.0,323.1,218.3,55.8
Menstrual,7.6,4,3,3,3,0.4,502.1,495.1,45.2
Follicular,7.0,4,3,3,4,1.0,580.5,412.8,42.6
Follicular,9.3,5,4,4,1,0.0,96.3,196.3,90.0
Early Luteal,6.1,3,3,2,2,1.9,237.7,202.5,37.8
Ovulation,4.6,2,3,3,1,3.4,27.0,0.0,33.9
Menstrual,7.1,4,2,2,4,0.9,446.3,403.2,32.8
Early Luteal,8.3,3,3,4,4,0.0,463.2,457.0,40.8
Menstrual,5.9,3,2,2,3,2.1,251.8,189.3,27.6
Follicular,6.6,3,3,4,2,1.4,78.9,178.9,51.6
Late Luteal,8.3,3,3,4,3,0.0,407.2,441.7,49.2
Late Luteal,4.9,1,2,2,1,3.1,49.5,0.0,27.2
Follicular,7.6,5,4,4,4,0.4,459.1,439.6,52.9
Follicular,6.3,2,2,3,2,1.7,381.3,430.5,31.5
Follicular,6.0,3,3,3,2,2.0,201.7,162.9,41.9
Follicular,7.5,3,2,3,4,0.5,539.7,432.8,35.8
Late Luteal,6.9,3,2,2,2,1.1,267.5,278.0,42.1
Late Luteal,8.2,4,3,3,2,0.0,177.5,193.0,63.2
Menstrual,7.5,3,3,3,1,0.5,18.9,0.0,58.3
Follicular,7.8,4,3,5,2,0.2,174.0,217.3,59.6
Menstrual,6.0,4,3,3,2,2.0,223.4,146.4,45.3
Early Luteal,5.9,2,2,3,2,2.1,235.7,220.1,34.5
Menstrual,5.3,3,2,3,2,2.7,241.7,341.7,20.1
Menstrual,4.9,1,1,2,5,3.1,800.0,806.9,0.0
Ovulation,6.1,3,4,4,1,1.9,25.1,0.0,56.2
Ovulation,7.7,3,4,4,2,0.3,139.0,130.6,57.1
Menstrual,7.2,3,3,2,2,0.8,157.5,204.0,47.4
Follicular,5.5,2,3,2,2,2.5,292.6,229.2,33.8
Late Luteal,7.5,3,3,4,2,0.5,149.6,249.6,54.3
Late Luteal,7.2,4,2,2,4,0.8,568.2,576.8,31.6
Menstrual,8.3,4,2,3,4,0.0,510.8,591.7,35.2
Early Luteal,5.4,5,3,3,3,2.6,358.5,239.3,42.8
Early Luteal,6.9,3,3,3,1,1.1,125.8,144.9,53.0
Menstrual,6.0,3,2,2,3,2.0,447.8,396.7,23.8
Early Luteal,7.4,4,4,3,2,0.6,99.8,91.7,69.5
Follicular,7.1,4,3,5,3,0.9,529.4,570.8,48.2
Ovulation,6.8,2,3,3,2,1.2,329.1,401.4,39.7
Late Luteal,4.9,2,1,3,3,3.1,311.9,411.9,12.9
Menstrual,6.1,4,3,3,2,1.9,173.1,227.1,46.4
Late Luteal,6.8,2,2,2,3,1.2,473.2,401.1,24.6
Follicular,8.2,4,4,4,2,0.0,245.9,231.1,64.5
Follicular,6.5,3,4,3,1,1.5,31.4,80.0,53.8
Early Luteal,8.6,5,4,4,3,0.0,488.9,465.7,63.4
Late Luteal,8.6,4,3,2,2,0.0,78.3,157.4,63.1
Menstrual,6.9,3,2,2,2,1.1,76.4,107.2,50.3
Late Luteal,8.2,3,3,3,1,0.0,27.5,0.0,61.3
Late Luteal,7.2,4,3,3,2,0.8,112.1,123.0,55.2
Follicular,7.3,4,3,4,2,0.7,267.7,276.3,58.0
Late Luteal,7.7,3,3,3,1,0.3,135.6,117.5,61.9
Follicular,7.6,3,3,2,2,0.4,239.0,157.8,50.5
Ovulation,6.8,3,4,3,4,1.2,630.8,551.1,31.2
Menstrual,5.7,2,2,2,2,2.3,251.0,282.5,24.9
Follicular,8.4,3,3,3,2,0.0,334.7,281.4,56.5
Early Luteal,7.2,3,4,4,1,0.8,78.4,178.4,64.3
Follicular,7.0,3,3,3,2,1.0,395.3,408.4,48.8
Late Luteal,5.6,3,3,2,2,2.4,154.1,245.5,38.2
Early Luteal,8.6,3,3,3,3,0.0,333.2,293.3,48.8
Menstrual,6.7,2,2,1,2,1.3,285.7,153.7,36.0
Late Luteal,6.3,2,2,2,4,1.7,611.7,678.0,15.5
Ovulation,6.1,3,4,4,1,1.9,172.4,272.4,50.6
Follicular,8.5,4,3,3,3,0.0,279.4,217.9,56.7
Early Luteal,7.9,5,3,3,1,0.1,51.3,125.0,72.2
Early Luteal,8.7,5,3,3,3,0.0,254.0,140.2,67.2
Follicular,6.7,3,4,4,3,1.3,375.0,299.6,46.2
Late Luteal,6.2,2,2,2,3,1.8,274.5,301.8,24.2
Follicular,6.1,3,4,3,1,1.9,104.7,191.3,52.7
Follicular,4.8,1,3,3,2,3.2,191.8,291.8,18.8
Early Luteal,6.9,3,3,3,2,1.1,153.0,226.3,47.5
Follicular,8.3,5,4,3,1,0.0,56.4,81.7,79.7
Ovulation,6.3,3,3,4,1,1.7,0.2,48.5,55.4
Menstrual,6.0,2,2,3,3,2.0,331.4,255.1,21.8
Ovulation,7.2,5,4,5,2,0.8,252.5,352.5,65.2
Menstrual,5.1,3,3,4,2,2.9,147.0,193.6,30.0
Late Luteal,5.8,3,2,2,1,2.2,44.9,24.6,47.5
Ovulation,7.0,3,3,3,4,1.0,517.2,520.4,31.9
Late Luteal,5.6,3,2,2,4,2.4,592.3,675.5,14.1
Late Luteal,5.5,5,3,3,1,2.5,6.3,0.0,54.6
Menstrual,5.0,2,1,1,5,3.0,795.9,895.9,0.0
Follicular,6.2,3,3,4,4,1.8,525.0,625.0,28.4
Menstrual,6.5,3,3,2,2,1.5,207.6,270.0,39.9
Late Luteal,6.3,3,1,1,2,1.7,204.2,179.0,39.0
Late Luteal,8.7,4,3,3,2,0.0,159.2,121.6,65.0
Ovulation,6.9,3,3,4,3,1.1,421.6,462.6,46.1
Menstrual,5.2,3,1,2,4,2.8,484.1,483.2,9.8
Early Luteal,7.6,4,4,4,1,0.4,136.3,63.1,70.2
Follicular,6.6,3,3,3,1,1.4,118.2,155.8,53.0
Late Luteal,5.8,2,1,2,3,2.2,436.7,388.9,17.9
Ovulation,5.7,4,4,4,2,2.3,234.5,143.2,44.7
Ovulation,7.1,4,5,4,2,0.9,141.9,141.5,61.8
Menstrual,6.8,3,3,3,2,1.2,170.8,51.9,40.7
Early Luteal,6.8,3,2,2,3,1.2,460.8,442.2,38.5
Late Luteal,6.4,3,3,3,2,1.6,122.2,194.7,47.8
Follicular,7.4,5,3,4,2,0.6,77.8,177.8,71.8
Ovulation,8.1,5,4,5,2,0.0,222.2,185.3,73.0
Follicular,6.7,4,3,4,3,1.3,318.5,232.2,47.4
Ovulation,7.3,3,3,4,2,0.7,201.7,152.3,59.2
Late Luteal,7.1,4,3,3,2,0.9,196.3,237.5,51.5
Menstrual,6.9,4,4,4,3,1.1,370.6,302.6,44.1
Follicular,8.4,4,3,3,2,0.0,184.9,124.4,65.4
Menstrual,7.3,4,3,3,4,0.7,748.8,510.5,37.5
Follicular,6.9,1,3,4,1,1.1,39.0,0.0,46.5
Early Luteal,8.9,3,4,3,2,0.0,190.7,102.8,65.6
Follicular,6.0,3,3,3,2,2.0,199.9,161.2,44.2
Early Luteal,6.4,3,3,2,2,1.6,300.3,324.9,38.4
Menstrual,5.6,3,2,3,3,2.4,347.2,289.9,27.5
Follicular,7.1,4,3,3,3,0.9,270.8,258.0,48.7
Menstrual,8.8,5,4,4,2,0.0,136.6,54.1,73.0
Late Luteal,7.8,4,3,1,2,0.2,206.4,306.4,57.8
Menstrual,5.6,3,2,1,3,2.4,416.5,358.3,19.2
Late Luteal,6.1,4,2,2,2,1.9,254.0,239.4,43.7
Early Luteal,6.4,4,4,4,2,1.6,253.9,191.3,48.9
Follicular,7.1,5,4,5,2,0.9,175.8,145.0,67.1
Early Luteal,8.2,3,3,3,2,0.0,286.4,267.9,58.8
Early Luteal,5.3,2,2,2,5,2.7,775.7,866.6,1.5
Late Luteal,6.3,3,3,3,3,1.7,423.3,509.3,34.1
Follicular,6.8,4,4,4,2,1.2,198.7,184.6,51.9
Ovulation,9.1,5,4,4,2,0.0,197.6,221.0,80.2
Late Luteal,6.8,2,3,1,1,1.2,132.9,177.5,44.5
Ovulation,6.0,3,3,4,2,2.0,167.2,208.5,49.8
Early Luteal,8.6,3,3,3,1,0.0,98.4,150.6,64.7
Follicular,5.9,4,4,4,5,2.1,733.0,776.3,29.8
Menstrual,7.4,5,3,3,2,0.6,146.2,113.6,58.2
Menstrual,7.9,3,3,2,1,0.1,91.9,124.5,63.1
Early Luteal,7.3,3,3,3,3,0.7,389.4,410.3,40.1
Follicular,6.6,3,3,3,3,1.4,445.2,437.3,45.4
Early Luteal,8.2,4,3,2,2,0.0,145.7,57.0,64.3
Late Luteal,7.5,3,2,2,2,0.5,270.7,158.7,45.4
Menstrual,7.3,4,2,2,2,0.7,206.3,12.4,47.2
Follicular,7.6,4,4,4,3,0.4,294.6,203.0,50.3
Early Luteal,7.1,5,4,4,1,0.9,114.0,145.7,72.1
Follicular,7.1,4,4,3,2,0.9,185.1,134.8,59.3
Late Luteal,5.9,3,2,1,2,2.1,228.9,159.7,31.4
Follicular,9.0,4,4,3,3,0.0,403.0,382.8,62.1
Early Luteal,6.9,3,3,3,3,1.1,341.4,279.3,38.9
Follicular,7.9,4,3,3,3,0.1,356.3,425.4,56.2
Ovulation,8.1,3,4,4,2,0.0,84.0,17.1,68.7
Early Luteal,6.5,5,3,3,2,1.5,167.8,90.3,59.9
Follicular,7.7,4,4,4,3,0.3,451.0,551.0,53.0
Early Luteal,7.8,5,4,4,2,0.2,134.6,135.3,73.8
Menstrual,4.9,2,3,3,1,3.1,66.4,23.8,26.9
Follicular,7.3,4,3,3,2,0.7,251.9,234.3,54.7
Follicular,7.6,5,4,4,2,0.4,200.8,166.7,73.8
Early Luteal,6.8,2,2,3,4,1.2,462.3,314.3,29.1
Follicular,8.2,3,3,3,3,0.0,348.2,415.0,59.2
Menstrual,7.0,2,2,3,5,1.0,800.0,835.2,13.0
Early Luteal,6.9,3,3,3,1,1.1,61.7,147.4,51.5
Late Luteal,6.6,4,3,2,2,1.4,115.6,52.4,50.0
Follicular,7.1,3,4,4,2,0.9,317.4,417.4,43.4
Early Luteal,4.6,2,2,2,3,3.4,391.9,474.9,13.2
Early Luteal,7.6,4,3,3,1,0.4,66.7,6.1,74.0
Follicular,7.3,5,5,5,2,0.7,136.9,73.6,67.6
Early Luteal,5.7,3,3,2,3,2.3,473.1,494.0,25.6
Follicular,8.3,3,3,2,3,0.0,379.5,358.5,47.4
Early Luteal,7.2,3,4,3,2,0.8,225.1,226.4,52.3
Late Luteal,6.5,3,3,3,1,1.5,75.6,80.7,46.0
Early Luteal,7.6,5,3,3,2,0.4,144.9,160.3,64.3
Ovulation,5.9,3,3,3,3,2.1,307.9,256.6,32.6
Early Luteal,7.6,3,3,3,2,0.4,160.5,36.4,53.3
Early Luteal,6.9,3,2,3,3,1.1,321.6,249.7,43.6
Follicular,7.1,4,4,4,3,0.9,257.6,162.4,54.1
Late Luteal,6.8,2,2,1,2,1.2,123.5,223.5,36.0
Follicular,6.6,3,3,4,1,1.4,23.8,123.8,58.6
Early Luteal,6.3,3,3,4,1,1.7,34.6,97.0,49.8
Late Luteal,5.4,4,4,3,1,2.6,147.2,82.9,48.0
Menstrual,6.9,2,2,2,2,1.1,142.7,213.9,37.0
Early Luteal,7.1,4,4,4,1,0.9,91.4,52.2,69.1
Early Luteal,7.7,4,3,4,4,0.3,507.2,507.6,42.5
Late Luteal,7.0,2,2,1,2,1.0,89.7,147.1,39.9
Follicular,7.7,5,4,4,2,0.3,128.9,1.8,68.5
Follicular,6.9,3,4,4,2,1.1,43.6,48.7,57.0
Follicular,8.9,4,4,4,2,0.0,157.0,174.9,77.0
Early Luteal,5.9,3,3,3,2,2.1,73.6,153.8,44.5
Follicular,8.3,5,5,5,2,0.0,236.8,336.8,78.0
Follicular,6.4,3,3,3,3,1.6,306.3,340.4,37.9
Early Luteal,7.7,4,3,2,3,0.3,340.0,351.7,50.4
Late Luteal,5.4,2,3,2,3,2.6,434.2,315.3,22.4
Late Luteal,6.3,4,2,3,3,1.7,340.9,439.0,34.7
Follicular,7.2,5,4,4,2,0.8,162.4,205.4,63.1
Menstrual,6.1,4,2,1,2,1.9,302.9,390.8,41.0
Follicular,7.8,4,3,4,3,0.2,494.5,408.8,49.5
Follicular,6.4,2,3,2,2,1.6,235.6,2.6,36.4
Menstrual,7.3,3,3,3,2,0.7,215.8,159.4,44.2
Follicular,8.8,4,4,4,2,0.0,202.0,137.8,69.1
Follicular,7.9,5,4,3,1,0.1,50.3,30.0,84.9
Late Luteal,7.2,4,4,3,1,0.8,93.7,62.1,59.5
Late Luteal,5.6,3,2,2,2,2.4,238.8,149.1,31.7
Late Luteal,6.4,3,2,1,2,1.6,167.5,57.0,34.8
Follicular,7.5,5,5,4,3,0.5,351.8,222.9,60.9
Follicular,6.8,3,3,4,2,1.2,190.8,218.8,46.5
Follicular,9.4,5,4,3,2,0.0,164.3,37.0,83.1
Early Luteal,9.5,4,3,4,2,0.0,103.0,140.6,71.6
Follicular,5.0,2,3,4,4,3.0,538.5,604.2,12.0
Follicular,6.7,3,3,3,5,1.3,800.0,842.8,14.7
Menstrual,7.4,4,4,3,2,0.6,239.1,194.0,53.5
Early Luteal,7.2,4,3,3,2,0.8,273.2,264.6,54.5
Follicular,6.0,4,4,3,3,2.0,297.5,213.4,46.5
Ovulation,7.7,4,4,4,2,0.3,183.0,141.4,63.7
Early Luteal,7.9,4,4,4,2,0.1,245.7,187.5,60.1
Ovulation,6.8,4,3,4,3,1.2,317.6,300.6,49.8
Late Luteal,7.3,4,3,3,2,0.7,241.4,234.8,48.1
Ovulation,6.4,4,3,3,3,1.6,251.9,181.0,39.1
Early Luteal,7.1,4,4,3,2,0.9,189.2,171.9,59.9
Late Luteal,7.1,4,2,2,1,0.9,76.7,176.7,57.5
Follicular,8.2,4,4,4,2,0.0,205.1,223.7,73.4
Early Luteal,6.3,2,3,2,1,1.7,83.8,52.7,44.0
Early Luteal,5.7,2,3,3,2,2.3,319.2,419.2,28.7
Late Luteal,6.4,3,3,2,2,1.6,149.2,120.3,42.8
Follicular,7.0,3,4,3,2,1.0,142.5,242.5,51.9
Menstrual,7.1,5,3,3,1,0.9,88.5,188.5,67.7
Follicular,8.9,4,3,3,2,0.0,247.0,200.0,65.9
Early Luteal,7.6,4,3,4,2,0.4,178.6,38.6,63.5
Late Luteal,7.0,2,2,2,4,1.0,412.6,488.2,21.3
Menstrual,8.3,4,3,3,2,0.0,307.6,126.6,59.2
Late Luteal,6.8,2,3,3,2,1.2,229.7,258.5,31.2
Follicular,7.0,4,4,4,2,1.0,231.3,265.4,55.5
Early Luteal,7.4,4,3,2,1,0.6,67.8,167.8,72.7
Late Luteal,6.4,3,2,2,2,1.6,167.8,145.8,38.6
Early Luteal,7.7,4,5,4,2,0.3,104.6,0.0,68.1
Late Luteal,7.7,4,2,2,2,0.3,300.1,246.1,46.8
Follicular,6.9,3,3,3,3,1.1,432.0,444.6,40.3
Follicular,7.1,4,3,4,2,0.9,244.3,244.4,60.2
Early Luteal,7.0,3,3,3,2,1.0,206.7,183.3,40.8
Early Luteal,6.9,3,3,3,2,1.1,211.5,311.5,45.4
Menstrual,7.3,4,3,3,2,0.7,298.3,380.2,48.0
Early Luteal,5.5,3,2,3,2,2.5,196.8,206.8,37.5
Late Luteal,6.9,3,3,2,2,1.1,146.9,136.1,43.0
Ovulation,7.3,4,4,5,3,0.7,369.9,340.3,50.9
Early Luteal,6.6,3,2,3,3,1.4,503.4,511.5,30.1
Late Luteal,6.5,4,2,2,2,1.5,58.2,38.9,48.1
Follicular,7.6,4,4,5,1,0.4,142.3,166.0,69.5
Menstrual,6.4,2,2,3,2,1.6,156.4,256.4,35.4
Follicular,9.5,4,3,3,3,0.0,395.8,402.3,65.3
Follicular,6.4,4,4,4,1,1.6,71.4,161.3,64.0
Menstrual,6.6,2,3,2,3,1.4,359.8,386.7,24.6
Early Luteal,7.7,4,4,3,3,0.3,324.5,283.9,62.8
Late Luteal,6.8,2,2,2,3,1.2,344.7,335.2,27.5
Follicular,7.0,2,3,4,3,1.0,210.3,261.0,45.7
Early Luteal,6.3,2,3,2,2,1.7,216.5,316.5,42.3
Early Luteal,5.8,4,4,4,1,2.2,42.4,112.0,55.7
Late Luteal,5.7,3,2,3,2,2.3,252.1,283.0,30.2
Early Luteal,6.5,3,3,4,1,1.5,23.6,17.6,52.4
Follicular,8.4,4,4,5,4,0.0,461.7,436.3,52.8
Ovulation,5.7,3,4,3,2,2.3,209.6,216.0,41.0
Early Luteal,5.5,3,3,2,1,2.5,71.6,8.0,44.3
Early Luteal,5.2,5,3,3,3,2.8,336.9,261.7,41.5
Ovulation,5.0,1,3,2,2,3.0,127.0,0.0,27.2
Follicular,7.5,4,3,4,1,0.5,95.1,0.0,72.0
Late Luteal,7.0,3,2,2,4,1.0,569.7,456.0,20.5
Follicular,7.0,3,3,4,2,1.0,123.2,169.7,53.9
Early Luteal,5.4,2,4,4,1,2.6,55.4,0.0,42.8
Follicular,7.2,4,4,4,3,0.8,295.1,284.8,53.2
Early Luteal,8.2,2,3,2,1,0.0,30.6,45.2,58.3
Follicular,6.8,4,4,3,2,1.2,207.8,181.9,53.7
Menstrual,6.5,3,2,2,2,1.5,108.4,0.0,46.2
Follicular,7.4,4,3,3,2,0.6,85.3,16.9,61.9
Late Luteal,6.5,3,2,2,3,1.5,235.2,296.9,38.2
Follicular,9.2,5,5,4,2,0.0,109.2,132.1,79.0
Late Luteal,6.2,3,2,2,2,1.8,241.9,241.8,29.4
Late Luteal,6.2,2,3,2,1,1.8,45.2,41.0,40.1
Late Luteal,7.4,4,1,2,4,0.6,734.7,638.0,31.6
Late Luteal,7.0,3,2,2,2,1.0,255.7,291.4,37.4
Menstrual,6.6,3,2,2,3,1.4,458.7,456.4,33.6
Early Luteal,7.8,5,3,4,2,0.2,55.4,0.0,67.1
Ovulation,6.6,3,3,4,2,1.4,120.5,220.5,54.1
Late Luteal,7.4,4,2,3,2,0.6,252.2,352.2,48.2
Ovulation,7.8,4,4,4,1,0.2,87.6,91.9,69.2
Early Luteal,7.2,4,3,4,2,0.8,16.6,116.6,61.5
Early Luteal,7.5,4,3,3,3,0.5,347.7,283.2,54.8
Follicular,7.8,5,4,4,3,0.2,479.1,541.6,59.9
Early Luteal,7.0,3,4,4,1,1.0,49.1,0.0,55.6
Follicular,8.8,5,4,4,2,0.0,230.4,323.9,79.4
Follicular,8.8,5,4,4,1,0.0,44.7,64.5,88.3
Late Luteal,5.1,2,3,2,1,2.9,88.7,124.7,30.0
Follicular,7.2,3,3,4,5,0.8,711.8,811.8,23.9
Late Luteal,6.1,3,3,2,1,1.9,45.6,85.5,46.3
Early Luteal,6.8,3,2,3,3,1.2,371.6,310.0,37.4
Late Luteal,6.1,3,2,2,4,1.9,489.8,516.0,21.1
Follicular,8.0,3,4,4,2,0.0,271.3,292.1,62.5
Late Luteal,5.6,3,2,3,2,2.4,198.2,121.1,32.5
Follicular,7.8,4,3,3,4,0.2,522.0,391.5,45.4
Ovulation,7.3,4,4,4,1,0.7,88.1,0.0,69.9
Late Luteal,5.8,2,1,2,2,2.2,195.1,283.7,23.5
Late Luteal,5.6,3,1,2,3,2.4,263.1,252.6,24.3
Follicular,7.9,4,4,5,3,0.1,351.9,401.0,59.3
Late Luteal,6.5,3,3,2,4,1.5,553.3,610.5,23.2
Follicular,8.2,4,5,5,1,0.0,107.3,207.3,74.0
Follicular,6.1,3,2,2,4,1.9,476.6,487.6,31.2
Late Luteal,9.5,5,3,3,2,0.0,156.6,237.8,72.8
Menstrual,8.0,4,3,4,3,0.0,312.8,301.9,52.7
Follicular,7.1,5,5,4,1,0.9,151.1,203.4,75.4
Menstrual,5.4,3,2,2,2,2.6,109.8,0.0,36.4
Early Luteal,8.9,4,5,5,1,0.0,62.7,38.6,79.8
Early Luteal,7.3,4,4,3,1,0.7,89.8,189.8,65.5
Menstrual,7.7,4,3,3,3,0.3,402.7,502.7,43.6
Follicular,9.2,5,4,5,2,0.0,259.7,198.9,76.7
Follicular,7.4,5,3,3,3,0.6,376.1,360.6,56.3
Menstrual,6.7,3,3,3,2,1.3,106.8,170.3,44.6
Late Luteal,6.8,3,3,3,3,1.2,413.1,410.4,36.5
Follicular,7.8,4,3,4,4,0.2,453.2,298.6,50.3
Early Luteal,7.4,5,2,2,4,0.6,402.7,417.8,49.5
Late Luteal,4.9,1,1,1,1,3.1,4.0,14.7,22.2
Early Luteal,6.8,3,3,3,2,1.2,113.6,100.9,51.1
Late Luteal,8.4,3,2,2,3,0.0,356.0,404.3,45.4
Follicular,6.8,3,2,2,3,1.2,455.4,441.9,42.3
Menstrual,6.5,4,3,3,3,1.5,492.9,506.6,39.4
Follicular,8.2,4,5,5,2,0.0,180.8,154.5,74.3
Follicular,6.8,4,4,4,3,1.2,357.4,454.0,49.8
Ovulation,7.4,4,4,4,1,0.6,58.7,158.7,75.3
Follicular,6.2,2,3,3,1,1.8,19.6,68.0,54.6
Menstrual,8.2,5,3,4,4,0.0,388.3,240.4,51.5
Late Luteal,4.9,2,2,2,3,3.1,369.9,434.7,15.4
Late Luteal,5.8,4,3,4,2,2.2,179.9,132.0,41.3
Early Luteal,7.5,4,3,3,3,0.5,386.2,141.2,46.9
Late Luteal,6.8,2,2,2,3,1.2,352.6,313.9,28.5
Follicular,6.2,3,4,3,3,1.8,475.7,445.1,40.0
Early Luteal,6.4,3,2,2,2,1.6,203.5,209.1,41.5
Follicular,7.4,4,4,4,2,0.6,107.5,60.8,62.6
Early Luteal,7.5,3,4,3,2,0.5,211.4,159.7,54.6
Early Luteal,5.4,1,1,2,4,2.6,453.8,365.1,3.9
Menstrual,6.6,3,2,3,4,1.4,406.4,332.9,26.5
Follicular,8.5,4,4,4,1,0.0,28.5,0.0,76.1
Follicular,7.2,5,4,4,3,0.8,404.4,282.4,56.0
Late Luteal,7.2,4,2,2,4,0.8,527.0,410.6,35.0
Ovulation,5.4,3,3,4,2,2.6,281.4,199.6,39.0
Follicular,7.1,4,3,4,3,0.9,285.4,385.4,49.2
Late Luteal,8.6,4,4,3,2,0.0,233.3,258.0,60.0
Follicular,7.2,4,3,2,2,0.8,243.7,318.2,54.0
Early Luteal,6.7,4,3,3,2,1.3,133.0,46.8,51.2
Late Luteal,7.0,3,3,3,3,1.0,298.7,380.6,36.2
Ovulation,6.1,3,3,3,2,1.9,185.2,162.3,45.3
Early Luteal,6.4,3,2,2,3,1.6,264.4,252.7,40.4
Menstrual,8.6,5,4,3,3,0.0,392.9,441.9,62.2
Late Luteal,5.4,3,2,2,2,2.6,186.0,73.0,28.4
Late Luteal,5.2,3,2,3,3,2.8,409.7,509.7,26.0
Ovulation,5.9,3,3,3,3,2.1,343.8,308.5,35.4
Late Luteal,6.0,4,3,3,3,2.0,323.5,341.0,34.9
Early Luteal,6.0,3,4,3,1,2.0,59.9,96.0,52.9
Follicular,6.1,3,3,3,2,1.9,115.4,122.8,48.8
Late Luteal,5.7,3,2,2,3,2.3,359.1,349.3,28.5
Follicular,8.3,5,4,4,1,0.0,20.1,43.4,78.1
Follicular,6.7,4,4,4,2,1.3,138.8,134.3,56.6
Ovulation,8.6,4,4,4,2,0.0,196.1,77.1,71.4
Early Luteal,7.6,5,5,4,1,0.4,142.4,95.3,76.1
Early Luteal,5.6,4,3,3,3,2.4,391.7,479.4,34.9
Late Luteal,4.8,2,2,3,2,3.2,242.9,273.2,18.7
Follicular,8.1,4,3,3,2,0.0,117.3,212.6,68.4
Late Luteal,5.7,3,2,1,2,2.3,177.0,133.8,34.4
Late Luteal,6.6,3,3,3,3,1.4,395.5,359.7,32.7
Early Luteal,6.4,3,3,3,1,1.6,101.3,0.0,53.1
Follicular,8.6,5,5,4,1,0.0,92.5,135.7,84.5
Late Luteal,6.5,2,2,2,1,1.5,90.8,190.8,34.7
Early Luteal,6.6,2,2,3,2,1.4,185.4,183.9,40.5
Menstrual,7.0,3,2,2,2,1.0,135.7,235.7,41.9
Follicular,6.9,2,3,2,1,1.1,135.1,228.3,45.0
Ovulation,7.6,4,3,3,3,0.4,369.7,458.4,54.1
Early Luteal,5.1,4,3,3,2,2.9,139.1,50.5,39.0
Follicular,7.2,4,4,4,2,0.8,242.5,331.6,55.6
Early Luteal,6.1,3,1,1,4,1.9,645.2,745.2,10.9
Late Luteal,4.8,3,3,3,2,3.2,119.7,185.9,28.6
Follicular,6.6,3,3,4,4,1.4,663.2,662.9,27.2
Follicular,6.6,4,4,5,2,1.4,133.5,218.2,60.3
Late Luteal,7.1,4,3,3,3,0.9,390.2,464.2,44.4
Follicular,7.7,5,4,5,4,0.3,635.9,630.1,49.5
Ovulation,7.0,4,3,3,4,1.0,445.7,479.1,42.9
Late Luteal,7.4,5,3,3,2,0.6,177.3,199.9,62.9
Follicular,6.9,2,3,3,2,1.1,245.3,168.8,44.8
Early Luteal,7.5,3,3,4,3,0.5,256.2,244.0,45.1
Menstrual,7.8,5,4,4,1,0.2,15.7,0.0,75.8
Follicular,6.0,4,4,4,1,2.0,29.1,129.1,66.4
Late Luteal,6.7,3,2,3,4,1.3,626.6,726.6,28.4
Menstrual,6.1,3,1,2,2,1.9,212.2,37.3,32.7
Follicular,8.6,4,3,3,2,0.0,147.9,94.2,74.3
Menstrual,7.3,4,2,2,3,0.7,469.0,397.5,41.2
Late Luteal,6.0,3,2,2,3,2.0,443.0,426.8,31.2
Menstrual,7.4,3,2,1,2,0.6,328.6,428.6,38.9
Ovulation,6.0,3,2,4,1,2.0,55.5,91.6,50.9
Early Luteal,7.7,3,4,3,2,0.3,231.7,331.7,57.4
Early Luteal,9.0,4,4,5,2,0.0,35.3,0.0,70.6
Follicular,9.3,5,4,4,1,0.0,129.0,0.0,86.5
Early Luteal,6.4,4,2,2,2,1.6,244.1,321.7,47.0
Ovulation,7.4,4,4,4,2,0.6,104.6,73.3,65.4
Follicular,7.2,4,3,4,2,0.8,74.8,174.8,59.5
Early Luteal,7.3,4,4,4,2,0.7,236.7,264.1,63.9
Follicular,5.9,3,4,4,1,2.1,50.5,20.1,56.4
Early Luteal,6.4,2,2,2,4,1.6,560.0,458.3,18.8
Follicular,5.9,3,3,3,2,2.1,283.1,355.5,43.9
Late Luteal,6.1,2,1,2,5,1.9,669.5,649.8,0.0
Late Luteal,6.5,4,2,2,2,1.5,212.5,171.5,46.0
Follicular,5.6,3,3,4,1,2.4,61.9,103.0,48.7
Ovulation,7.0,2,4,4,1,1.0,63.3,130.6,55.5
Menstrual,4.9,2,3,2,3,3.1,224.5,324.5,19.3
Follicular,4.9,2,2,3,3,3.1,286.0,258.2,18.6
Late Luteal,7.5,3,3,3,1,0.5,119.5,73.8,61.2
Late Luteal,5.8,2,2,2,2,2.2,322.2,339.6,26.6
Follicular,7.1,4,4,4,2,0.9,239.4,162.8,63.0
Menstrual,6.4,3,2,2,4,1.6,523.8,623.8,22.6
Follicular,8.4,4,3,4,1,0.0,60.9,160.9,80.2
Menstrual,6.2,2,2,3,2,1.8,22.6,108.4,33.5
Ovulation,7.1,3,5,3,1,0.9,147.4,59.6,58.2
Late Luteal,5.2,2,3,1,1,2.8,14.5,109.9,36.2
Ovulation,7.5,4,4,3,4,0.5,495.2,433.5,45.8
Follicular,8.3,3,3,3,3,0.0,308.1,365.7,50.8
Late Luteal,6.8,3,2,1,5,1.2,650.1,750.1,23.2
Ovulation,7.6,4,3,3,2,0.4,88.7,188.7,59.1
Follicular,5.8,4,3,4,2,2.2,280.9,306.1,44.9
Early Luteal,7.4,3,3,2,2,0.6,132.3,0.0,51.6
Ovulation,5.9,4,4,4,2,2.1,241.6,321.7,52.8
Late Luteal,6.2,4,3,3,1,1.8,57.6,144.6,54.3
Early Luteal,6.5,2,3,2,1,1.5,29.9,0.0,50.0
Ovulation,8.2,3,3,4,5,0.0,633.7,673.5,41.5
Menstrual,5.9,3,1,1,3,2.1,311.7,248.7,26.1
Menstrual,6.4,3,2,2,3,1.6,346.6,399.6,36.4
Ovulation,7.4,3,3,3,3,0.6,489.5,377.3,44.7
Follicular,7.8,4,3,3,5,0.2,800.0,747.4,34.4
Early Luteal,5.1,3,3,4,1,2.9,114.5,214.5,39.8
Menstrual,7.7,4,2,2,3,0.3,479.4,505.7,40.3
Follicular,6.6,3,3,4,3,1.4,399.8,487.3,40.1
Menstrual,8.0,3,3,3,3,0.0,421.0,423.2,47.2
Late Luteal,7.2,3,3,3,1,0.8,100.6,105.9,54.6
Menstrual,5.4,2,2,2,2,2.6,133.6,75.6,24.9
Follicular,9.5,4,5,4,1,0.0,6.6,71.7,90.2
Late Luteal,5.8,3,2,2,3,2.2,563.2,485.4,22.1
Follicular,7.2,5,3,4,3,0.8,301.4,266.9,55.8
Follicular,8.4,4,4,3,2,0.0,93.3,193.3,66.9
Menstrual,7.4,4,3,4,2,0.6,82.5,0.0,56.4
Follicular,8.2,5,5,4,1,0.0,140.1,133.9,82.8
Menstrual,4.9,1,2,2,2,3.1,224.5,96.9,15.7
Menstrual,7.2,2,2,2,2,0.8,142.4,67.2,39.2
Late Luteal,7.1,4,2,2,3,0.9,439.0,490.2,43.2
Menstrual,5.4,3,2,2,1,2.6,4.9,37.8,45.0
Early Luteal,8.8,5,4,3,2,0.0,264.3,324.1,74.0
Follicular,7.4,4,3,4,2,0.6,218.1,242.4,60.6
Menstrual,6.6,2,4,3,2,1.4,319.2,352.8,33.5
Early Luteal,7.6,5,3,4,2,0.4,164.2,205.0,66.9
Early Luteal,6.0,3,2,3,4,2.0,519.1,494.8,25.2
Late Luteal,6.5,3,3,3,2,1.5,150.2,250.2,37.0
Ovulation,7.0,2,2,3,3,1.0,377.9,410.3,32.9
Menstrual,6.1,3,2,2,4,1.9,547.0,536.1,20.3
Menstrual,7.1,4,4,4,2,0.9,135.0,142.6,54.6
Early Luteal,7.5,4,3,3,4,0.5,620.7,720.7,44.8
Menstrual,5.9,3,2,2,1,2.1,16.9,0.0,45.8
Menstrual,9.0,4,2,3,5,0.0,800.0,834.4,37.7
Late Luteal,8.2,3,3,3,3,0.0,383.0,471.8,53.5
Ovulation,5.5,3,2,4,3,2.5,235.3,335.3,38.5
Late Luteal,7.5,3,3,2,3,0.5,406.0,417.7,41.6
Late Luteal,6.1,3,1,2,5,1.9,782.3,739.5,15.0
Late Luteal,7.7,3,3,2,3,0.3,347.8,342.9,47.4
Follicular,8.7,5,3,3,3,0.0,395.7,377.1,63.6
Early Luteal,5.3,4,3,3,2,2.7,135.4,111.6,46.1
Late Luteal,6.7,2,2,3,2,1.3,152.9,90.6,34.1
Follicular,7.2,4,4,4,1,0.8,12.0,25.2,63.9
Menstrual,4.4,1,2,1,2,3.6,168.7,116.6,7.1
Menstrual,8.1,4,3,4,4,0.0,506.6,442.6,41.3
Early Luteal,5.7,2,2,2,2,2.3,114.7,0.0,32.6
Early Luteal,6.6,2,3,3,3,1.4,462.7,478.0,36.3
Early Luteal,7.6,4,4,4,2,0.4,216.6,236.5,56.9
Follicular,4.7,2,3,3,3,3.3,318.8,383.1,12.2
Late Luteal,5.2,3,2,3,4,2.8,530.9,604.0,11.0
Early Luteal,6.1,4,3,3,2,1.9,267.3,365.0,42.8
Follicular,9.0,4,4,3,3,0.0,203.6,151.9,64.2
Early Luteal,6.7,3,3,2,2,1.3,122.7,200.2,44.5
Early Luteal,7.9,4,4,4,1,0.1,19.4,13.2,70.6
Follicular,7.1,3,3,3,3,0.9,469.0,437.4,40.4
Follicular,5.0,1,2,2,2,3.0,252.4,273.3,19.1
Late Luteal,6.8,2,1,2,2,1.2,307.1,357.0,32.2
Late Luteal,7.4,4,4,3,3,0.6,325.6,227.1,45.7
Follicular,8.3,5,3,4,5,0.0,800.0,897.1,45.2
Early Luteal,7.9,4,3,3,2,0.1,337.2,351.1,60.3
Menstrual,6.1,3,3,3,2,1.9,163.4,263.4,41.7
Menstrual,5.9,3,2,2,1,2.1,44.2,0.2,40.2
Menstrual,6.9,2,3,1,1,1.1,93.0,142.5,42.5
Menstrual,7.2,4,2,2,4,0.8,529.2,508.5,31.3
Early Luteal,7.9,3,3,4,2,0.1,129.5,229.5,57.5
Early Luteal,5.9,4,3,3,2,2.1,143.5,242.1,45.9
Follicular,7.0,3,3,3,3,1.0,290.4,303.4,48.9
Early Luteal,6.7,4,3,2,4,1.3,724.7,681.6,35.7
Early Luteal,8.1,3,3,2,2,0.0,284.6,384.6,54.9
Follicular,5.4,4,3,2,2,2.6,203.8,156.0,43.2
Follicular,7.3,4,3,3,3,0.7,346.0,280.2,54.0
Late Luteal,8.1,4,3,2,1,0.0,112.9,195.1,68.0
Late Luteal,8.1,5,4,2,4,0.0,624.7,582.0,48.0
Early Luteal,6.1,4,4,4,1,1.9,22.3,89.8,58.5
Early Luteal,6.5,3,3,3,1,1.5,110.2,210.2,56.2
Follicular,7.2,4,2,3,3,0.8,307.4,407.4,46.3
Follicular,8.1,4,4,5,2,0.0,109.2,196.5,71.9
Late Luteal,6.5,3,2,3,2,1.5,285.8,385.8,35.6
Early Luteal,8.1,4,4,4,2,0.0,263.7,259.1,59.9
Late Luteal,7.2,4,3,3,2,0.8,107.7,135.4,54.7
Follicular,5.9,3,4,3,3,2.1,285.2,307.4,39.8
Menstrual,6.2,2,2,1,3,1.8,346.7,446.7,25.3
Early Luteal,5.9,2,2,3,3,2.1,258.2,128.8,25.1
Menstrual,7.5,5,4,4,2,0.5,270.2,214.1,60.0
Late Luteal,5.5,2,2,3,2,2.5,330.1,161.6,20.6
Follicular,5.7,3,3,3,3,2.3,355.4,451.9,27.4
Follicular,6.9,2,4,4,2,1.1,265.1,304.7,47.8
Menstrual,7.0,3,3,2,2,1.0,208.0,84.6,43.1
Follicular,6.5,3,3,3,3,1.5,427.6,340.3,36.3
Follicular,8.6,5,4,4,1,0.0,92.8,192.8,86.1
Ovulation,4.8,2,2,4,3,3.2,416.1,448.9,15.8
Follicular,5.1,3,3,2,3,2.9,402.4,468.8,19.0
Menstrual,6.7,3,2,2,2,1.3,226.5,324.9,41.3
Late Luteal,6.8,4,2,1,2,1.2,291.3,268.0,44.9
Early Luteal,8.1,4,3,2,2,0.0,216.8,316.8,58.7
Late Luteal,7.8,4,3,3,2,0.2,229.1,243.7,54.5
Late Luteal,7.1,4,3,3,3,0.9,575.3,521.8,39.8
Follicular,9.5,5,4,5,1,0.0,71.3,38.0,91.7
Follicular,7.5,5,4,5,1,0.5,92.5,63.5,80.0
Late Luteal,7.6,3,3,3,3,0.4,349.6,381.3,46.0
Ovulation,5.3,2,2,3,2,2.7,156.6,172.2,36.5
Late Luteal,5.5,3,2,2,3,2.5,324.7,406.9,23.8
Follicular,7.6,3,3,2,3,0.4,421.7,311.0,46.0
Menstrual,6.1,3,3,3,3,1.9,398.8,404.7,32.0
Menstrual,6.2,3,4,3,1,1.8,47.7,147.7,49.5
Follicular,7.3,4,4,3,2,0.7,108.9,51.2,63.2
Late Luteal,7.1,4,1,1,2,0.9,377.1,443.0,44.0
Follicular,6.0,2,3,3,2,2.0,198.6,184.5,32.2
Late Luteal,6.4,3,3,2,1,1.6,36.9,0.0,50.2
Menstrual,8.3,4,2,3,4,0.0,707.9,744.9,36.3
Early Luteal,6.4,3,3,2,3,1.6,387.9,360.2,38.6
Menstrual,7.1,5,3,4,1,0.9,124.6,123.1,69.1
Follicular,8.1,3,3,3,3,0.0,149.5,74.1,53.2
Late Luteal,5.4,3,2,2,3,2.6,345.4,418.8,24.5
Ovulation,8.0,4,4,3,2,0.0,75.9,1.8,67.9
Follicular,9.2,5,4,3,2,0.0,302.0,285.8,78.7
Menstrual,6.9,3,3,2,2,1.1,231.2,210.4,41.7
Early Luteal,8.2,4,4,4,2,0.0,152.4,103.0,74.7
Follicular,7.6,2,3,3,2,0.4,44.7,0.0,57.3
Follicular,7.6,4,3,4,1,0.4,19.1,0.0,71.1
Menstrual,7.3,4,4,3,1,0.7,50.3,114.1,63.1
Follicular,8.3,4,3,3,3,0.0,283.8,232.4,63.7
Follicular,7.7,4,3,2,3,0.3,400.3,421.5,51.8
Early Luteal,6.2,2,2,3,2,1.8,181.4,177.0,35.4
Follicular,8.8,5,4,4,4,0.0,697.4,725.5,63.1
Late Luteal,8.9,3,2,2,2,0.0,214.3,156.4,59.0
Late Luteal,7.1,4,2,2,2,0.9,368.3,397.6,49.1
Menstrual,6.1,4,3,3,3,1.9,489.6,385.1,31.6
Early Luteal,7.9,5,4,5,1,0.1,116.0,216.0,81.0
Late Luteal,6.7,4,3,3,2,1.3,271.4,316.5,48.1
Menstrual,7.6,2,2,2,2,0.4,247.9,224.3,40.2
Early Luteal,5.2,3,1,2,3,2.8,401.4,501.4,20.7
Early Luteal,6.9,2,2,2,1,1.1,58.7,12.4,49.1
Early Luteal,8.5,4,3,3,1,0.0,9.1,0.0,74.5
Follicular,6.8,2,4,3,2,1.2,277.9,332.3,43.1
Late Luteal,8.0,4,4,2,1,0.0,137.9,0.0,71.6
Follicular,5.7,2,3,3,2,2.3,72.1,133.1,35.6
Late Luteal,7.5,3,3,3,2,0.5,267.7,313.8,47.3
Menstrual,6.5,3,2,2,2,1.5,132.8,118.1,40.6
Early Luteal,6.4,3,3,4,1,1.6,45.1,8.1,52.0
Late Luteal,6.0,2,3,3,1,2.0,5.7,0.0,43.2
Late Luteal,5.8,3,2,2,2,2.2,230.2,214.8,35.7
Early Luteal,6.7,4,3,2,2,1.3,160.9,203.5,52.4
Follicular,6.7,4,4,5,2,1.3,92.5,136.9,53.4
Follicular,8.9,4,5,5,1,0.0,20.5,46.5,81.7
Ovulation,7.7,4,4,4,2,0.3,255.7,226.3,66.2
Menstrual,6.8,3,3,3,3,1.2,398.4,431.4,29.9
Follicular,6.4,3,3,4,2,1.6,244.2,147.0,42.5
Early Luteal,6.0,3,3,2,1,2.0,49.2,131.9,43.6
Early Luteal,7.1,5,2,3,4,0.9,423.7,452.4,46.3
Follicular,7.7,3,3,2,3,0.3,350.7,450.7,52.2
Ovulation,8.8,4,3,3,3,0.0,489.3,437.6,57.0
Menstrual,3.9,1,1,2,4,4.1,531.2,548.5,0.0
Follicular,6.3,4,3,3,2,1.7,177.3,261.6,48.2
Late Luteal,8.0,3,2,3,4,0.0,590.7,676.6,34.5
Early Luteal,6.1,3,3,3,2,1.9,257.6,231.8,47.1
Early Luteal,6.9,3,3,3,2,1.1,241.9,209.3,49.9
Follicular,6.6,3,4,3,1,1.4,35.6,37.5,56.3
Ovulation,7.7,3,4,3,2,0.3,167.3,184.1,61.8
Late Luteal,6.5,2,2,2,1,1.5,56.5,42.1,38.7
Early Luteal,6.8,3,3,4,3,1.2,293.5,356.7,43.2
Late Luteal,5.2,2,1,1,2,2.8,203.5,277.2,26.0
Early Luteal,6.6,2,2,1,2,1.4,191.1,223.3,38.1
Follicular,7.4,5,4,3,2,0.6,232.0,129.0,65.0
Ovulation,5.6,3,4,4,1,2.4,48.8,0.0,51.4
Early Luteal,6.7,2,3,3,2,1.3,85.5,0.0,40.8
Early Luteal,7.3,4,3,2,4,0.7,504.0,403.9,35.7
Ovulation,7.4,5,4,3,4,0.6,665.7,559.4,51.5
Early Luteal,7.4,4,3,3,3,0.6,405.5,380.5,47.4
Early Luteal,6.7,3,4,4,2,1.3,126.6,30.5,49.6
Menstrual,7.4,4,3,3,4,0.6,580.4,539.7,35.3
Menstrual,6.0,4,2,3,3,2.0,270.3,266.6,39.1
Follicular,8.2,5,3,4,3,0.0,463.4,539.0,60.6
Menstrual,7.2,3,3,2,2,0.8,183.8,217.4,50.4
Late Luteal,6.2,2,2,3,2,1.8,182.5,70.6,37.5
Follicular,5.5,2,3,4,2,2.5,222.0,252.3,27.2
Ovulation,9.5,4,4,5,2,0.0,146.8,126.8,75.6
Ovulation,6.8,3,3,3,2,1.2,132.5,121.4,47.2
Menstrual,6.6,4,3,3,2,1.4,153.6,27.0,48.6
Early Luteal,8.6,5,4,4,2,0.0,65.1,73.1,81.7
Follicular,6.3,4,4,4,1,1.7,41.8,80.5,58.6
Follicular,8.1,4,4,4,3,0.0,443.1,435.1,57.2
Late Luteal,8.8,4,4,3,1,0.0,135.3,217.9,67.9
Early Luteal,7.6,4,4,4,2,0.4,94.7,110.8,68.8
Early Luteal,7.4,3,3,3,1,0.6,214.8,314.8,59.9
Late Luteal,7.2,5,3,3,2,0.8,131.4,136.6,66.5
Follicular,8.3,5,4,4,2,0.0,146.8,6.8,72.7
Late Luteal,8.1,4,3,3,4,0.0,540.9,640.9,40.9
Late Luteal,7.4,3,3,3,4,0.6,545.0,483.6,28.0
Late Luteal,4.3,3,2,2,2,3.7,221.4,157.2,20.5
Follicular,6.7,3,3,4,2,1.3,71.1,55.0,52.1
Late Luteal,5.9,3,2,1,3,2.1,336.0,368.2,29.6
Late Luteal,7.7,3,3,3,2,0.3,275.0,362.4,44.5
Late Luteal,6.5,2,2,1,2,1.5,161.8,55.5,30.7
Menstrual,6.6,2,3,3,1,1.4,31.7,131.7,47.0
Late Luteal,5.8,3,4,3,1,2.2,22.7,0.0,47.1
Follicular,8.3,4,3,3,2,0.0,340.8,424.2,66.8
Late Luteal,5.3,3,2,4,4,2.7,747.7,779.4,11.7
Early Luteal,7.4,4,3,3,4,0.6,382.5,357.6,47.0
Ovulation,8.7,4,5,5,2,0.0,331.9,293.6,74.2
Follicular,7.5,4,3,3,2,0.5,312.6,102.7,56.2
Early Luteal,6.6,3,2,4,4,1.4,668.3,609.8,22.3
Early Luteal,6.8,2,3,3,2,1.2,165.3,123.7,39.3
Late Luteal,6.9,2,3,2,2,1.1,224.9,324.9,41.1
Follicular,6.2,3,2,3,3,1.8,337.2,367.4,32.1
Ovulation,8.3,5,4,4,2,0.0,117.0,98.1,81.5
Menstrual,6.4,3,3,2,3,1.6,409.5,509.5,31.5
Late Luteal,6.6,3,3,2,3,1.4,218.6,205.2,28.9
Follicular,6.0,4,4,4,2,2.0,170.4,78.2,49.5
Follicular,6.1,3,2,1,5,1.9,656.7,753.2,18.8
Follicular,6.0,3,2,2,3,2.0,473.8,296.2,24.2
Follicular,8.8,5,5,5,1,0.0,28.6,128.6,88.3
Menstrual,7.1,4,3,3,3,0.9,314.8,225.4,49.2
Late Luteal,6.5,2,2,2,3,1.5,315.2,274.5,26.3
Menstrual,6.3,2,2,1,5,1.7,723.4,740.7,6.7
Late Luteal,7.1,4,3,2,2,0.9,65.5,31.2,52.7
Late Luteal,8.5,4,2,2,3,0.0,168.2,132.3,55.5
Menstrual,6.1,3,2,2,2,1.9,345.8,114.2,32.7
Follicular,6.7,4,4,4,3,1.3,485.0,585.0,41.2
Follicular,6.7,3,4,4,2,1.3,146.0,102.4,48.8
Follicular,5.3,3,3,3,1,2.7,171.5,150.4,37.6
Ovulation,7.3,4,3,2,3,0.7,358.3,266.5,55.0
Late Luteal,6.4,3,3,2,2,1.6,227.6,285.2,36.8
Early Luteal,7.0,2,3,2,3,1.0,253.1,291.5,39.5
Early Luteal,7.4,3,2,1,2,0.6,178.2,241.5,48.5
Early Luteal,6.1,4,3,5,2,1.9,52.7,0.0,51.3
Ovulation,8.1,4,4,3,2,0.0,74.5,92.7,70.9
Follicular,6.6,3,3,3,2,1.4,266.4,128.3,46.4
Late Luteal,7.5,4,2,2,3,0.5,288.5,339.0,51.0
Late Luteal,7.0,3,4,3,2,1.0,354.5,384.9,38.7
Late Luteal,6.6,3,3,3,2,1.4,228.2,237.1,42.1
Menstrual,7.0,2,2,2,3,1.0,440.9,540.9,27.4
Late Luteal,5.5,2,3,2,1,2.5,95.5,140.0,36.0
Ovulation,5.4,3,3,5,2,2.6,280.7,292.5,36.7
Menstrual,6.6,4,3,2,2,1.4,145.6,164.8,52.4
Ovulation,6.0,3,3,3,1,2.0,77.3,82.6,56.3
Ovulation,7.4,3,3,4,2,0.6,246.5,246.1,56.0
Follicular,6.1,3,3,3,3,1.9,452.8,417.5,37.9
Late Luteal,5.6,3,2,2,2,2.4,151.0,80.3,36.4
Menstrual,7.2,5,3,4,3,0.8,410.6,456.5,51.6
Early Luteal,5.5,2,2,3,3,2.5,505.0,558.2,20.7
Early Luteal,6.2,4,3,4,3,1.8,301.7,187.9,43.3
Late Luteal,7.8,3,3,2,2,0.2,209.9,206.9,57.3
Ovulation,8.2,4,3,4,2,0.0,255.9,254.2,64.7
Follicular,7.9,4,4,4,1,0.1,32.0,118.5,73.0
Menstrual,7.5,4,3,3,2,0.5,156.2,180.3,51.0
Follicular,7.8,3,3,3,2,0.2,144.5,0.0,48.8
Early Luteal,5.5,2,4,4,1,2.5,73.2,0.0,35.6
Follicular,6.8,3,2,3,5,1.2,682.4,656.6,21.4
Ovulation,8.0,3,3,3,1,0.0,121.5,96.6,64.9
Menstrual,7.9,3,4,3,1,0.1,35.6,74.5,64.6
Late Luteal,8.1,4,3,2,1,0.0,229.3,113.7,61.5
Ovulation,6.6,4,4,4,2,1.4,157.4,149.4,57.5
Early Luteal,7.4,5,2,4,2,0.6,238.9,94.8,66.5
Menstrual,6.6,2,2,1,1,1.4,145.9,41.3,42.9
Menstrual,8.8,5,4,3,3,0.0,388.5,273.4,61.4
Follicular,7.7,5,3,4,5,0.3,665.7,632.2,44.3
Late Luteal,6.2,2,2,1,1,1.8,5.2,0.0,39.7
Follicular,6.1,4,3,3,3,1.9,381.9,440.4,39.4
Menstrual,7.2,4,4,4,1,0.8,46.1,43.8,63.8
Ovulation,7.4,5,4,4,3,0.6,311.6,266.7,66.6
Menstrual,5.9,4,2,3,3,2.1,332.4,343.6,28.8
Follicular,7.4,4,3,1,2,0.6,147.5,214.4,63.3
Follicular,7.3,4,3,3,2,0.7,296.2,306.3,58.6
Ovulation,5.8,3,4,4,2,2.2,134.1,122.9,46.1
Follicular,6.2,3,5,4,2,1.8,221.7,307.0,42.7
Follicular,7.9,4,4,3,1,0.1,74.2,174.2,69.4
Menstrual,6.7,2,2,3,2,1.3,195.9,213.1,43.0
Follicular,6.2,3,4,5,1,1.8,72.3,0.0,53.2
Late Luteal,6.8,4,3,3,4,1.2,576.4,521.2,31.8
Follicular,5.3,4,3,2,3,2.7,257.4,242.3,40.7
Follicular,6.5,4,4,3,5,1.5,736.6,695.1,29.6
Follicular,7.7,4,4,4,2,0.3,107.7,0.0,68.5
Follicular,7.4,4,3,3,2,0.6,255.2,129.9,60.3
Late Luteal,6.3,2,1,1,3,1.7,427.0,425.3,19.9
Follicular,8.3,4,3,3,5,0.0,702.5,715.9,37.4
Menstrual,6.2,2,3,4,1,1.8,76.4,0.0,45.7
Follicular,9.5,5,5,4,2,0.0,185.7,285.7,86.8
Early Luteal,7.5,4,3,2,2,0.5,232.2,126.5,58.5
Follicular,6.4,3,3,4,1,1.6,92.0,0.9,52.8
Follicular,5.8,3,4,3,1,2.2,102.6,23.7,48.9
Follicular,7.7,4,3,4,4,0.3,583.2,521.4,44.7
Follicular,7.9,4,4,4,2,0.1,319.4,246.3,61.4
Menstrual,7.4,4,2,3,3,0.6,174.4,116.8,41.1
Late Luteal,7.0,2,3,2,1,1.0,90.3,155.0,43.8
Late Luteal,7.5,3,2,2,4,0.5,542.7,526.9,30.0
Early Luteal,6.7,3,3,3,2,1.3,100.1,200.1,51.1
Follicular,6.7,3,3,3,3,1.3,273.8,373.8,36.0
Ovulation,7.9,4,4,4,2,0.1,105.8,205.8,62.1
Late Luteal,7.6,4,3,2,2,0.4,225.3,204.6,49.5
Early Luteal,5.6,4,2,3,4,2.4,581.5,681.5,21.6
Follicular,8.2,5,4,4,2,0.0,200.8,221.0,79.6
Early Luteal,8.4,4,3,4,1,0.0,108.8,132.8,74.5
Menstrual,5.3,4,3,3,2,2.7,192.1,287.0,34.4
Menstrual,7.6,4,3,2,3,0.4,304.3,249.5,45.5
Early Luteal,7.9,3,3,3,3,0.1,474.9,482.4,38.5
Menstrual,5.9,3,2,2,3,2.1,297.4,227.4,26.4
Follicular,7.3,4,3,3,1,0.7,48.9,76.2,65.5
Early Luteal,7.8,4,4,3,1,0.2,136.3,127.0,74.8
Follicular,5.8,3,2,3,3,2.2,321.3,174.1,34.2
Follicular,5.8,3,3,3,2,2.2,235.9,63.0,40.3
Menstrual,6.8,3,3,3,1,1.2,76.7,67.2,49.8
Follicular,5.5,3,3,4,1,2.5,24.6,0.0,51.5
Follicular,6.6,4,4,4,2,1.4,195.7,57.0,56.6
Follicular,7.7,5,4,4,2,0.3,229.0,234.9,68.8
Late Luteal,6.7,2,2,2,2,1.3,134.6,176.6,40.2
Follicular,5.5,3,3,4,3,2.5,425.3,503.0,34.6
Ovulation,7.1,4,4,4,1,0.9,16.7,0.0,64.9
Follicular,7.0,4,3,2,2,1.0,53.2,67.2,59.0
Follicular,8.0,5,4,4,2,0.0,34.5,0.0,72.7
Menstrual,6.4,2,2,1,2,1.6,122.4,222.4,35.0
Follicular,8.3,3,3,2,1,0.0,94.2,18.3,65.2
Ovulation,6.8,3,4,3,4,1.2,588.7,532.2,37.7
Early Luteal,5.2,3,1,2,3,2.8,368.1,364.1,20.2
Ovulation,8.7,4,4,4,2,0.0,221.3,321.3,74.9
Late Luteal,8.1,4,2,2,2,0.0,280.7,350.3,54.2
Late Luteal,6.3,3,4,3,2,1.7,221.4,152.8,40.9
Early Luteal,7.8,3,2,3,3,0.2,507.3,479.1,37.2
Follicular,8.5,4,4,3,2,0.0,215.8,77.4,63.2
Early Luteal,5.0,1,2,2,3,3.0,352.0,157.5,19.3
Follicular,8.4,4,4,5,3,0.0,445.3,411.5,57.8
Early Luteal,6.9,3,3,4,3,1.1,320.2,239.7,40.7
Early Luteal,7.8,5,4,4,1,0.2,5.7,1.5,78.2
Menstrual,7.9,4,3,4,1,0.1,171.5,225.2,62.2
Follicular,8.5,3,4,4,2,0.0,202.0,120.0,59.6
Follicular,8.2,5,4,5,3,0.0,298.0,309.0,65.6
Follicular,6.4,3,4,5,2,1.6,225.7,239.0,43.8
Late Luteal,6.7,3,3,3,3,1.3,364.5,445.6,26.4
Ovulation,6.2,3,3,3,1,1.8,89.9,108.4,52.7
Late Luteal,5.1,3,2,3,5,2.9,800.0,785.3,2.9
Follicular,8.7,5,3,5,4,0.0,528.5,628.5,55.3
Menstrual,8.3,4,3,3,2,0.0,110.0,0.0,68.8
Late Luteal,5.4,3,2,2,1,2.6,49.6,53.3,35.0
Follicular,8.0,4,4,3,2,0.0,297.7,225.4,62.9
Ovulation,6.8,3,4,4,1,1.2,73.4,22.4,65.1
Early Luteal,8.1,4,4,4,2,0.0,205.7,305.7,68.7
Follicular,7.3,4,4,3,3,0.7,530.4,495.5,50.1
Follicular,6.8,3,3,3,3,1.2,547.9,460.4,35.2
Menstrual,5.3,3,3,3,2,2.7,209.2,309.2,35.8
Late Luteal,6.9,4,3,2,1,1.1,57.5,120.6,62.9
Ovulation,8.1,3,3,3,3,0.0,410.9,410.7,54.0
Menstrual,7.7,3,2,2,2,0.3,172.6,157.6,45.3
Menstrual,7.0,4,2,3,3,1.0,330.4,134.5,43.8
Menstrual,6.6,3,3,3,1,1.4,13.4,32.7,43.6
Menstrual,6.5,4,3,2,1,1.5,40.2,0.0,63.6
Follicular,8.4,5,5,4,1,0.0,85.7,70.2,78.4
Follicular,7.0,4,4,3,1,1.0,61.6,10.9,65.6
Follicular,8.0,4,4,4,3,0.0,423.5,235.8,56.6
Menstrual,6.6,2,2,3,4,1.4,541.5,496.5,12.1
Follicular,9.0,4,3,4,3,0.0,417.0,452.0,59.4
Menstrual,5.8,4,3,3,5,2.2,737.7,734.9,16.2
Menstrual,7.7,5,3,3,3,0.3,304.6,368.1,61.7
Early Luteal,7.7,4,4,5,1,0.3,30.3,0.0,70.4
Late Luteal,5.4,2,3,2,2,2.6,83.1,115.1,26.6
Early Luteal,7.4,3,3,3,2,0.6,100.5,0.0,54.0
Follicular,7.7,4,4,4,2,0.3,227.6,270.8,62.6
Early Luteal,8.6,5,3,3,4,0.0,564.1,549.7,51.1
Early Luteal,8.4,4,3,4,2,0.0,183.9,85.1,61.4
Late Luteal,5.4,3,2,3,4,2.6,711.8,637.3,9.4
Follicular,7.2,4,3,3,2,0.8,118.0,123.8,53.9
Follicular,8.4,5,4,5,2,0.0,247.5,303.0,79.0
Follicular,7.7,4,2,3,5,0.3,800.0,900.0,33.8
Menstrual,5.9,3,3,3,2,2.1,270.6,315.5,32.9
Menstrual,8.7,3,3,2,2,0.0,205.2,175.7,60.1
Late Luteal,8.3,4,3,3,3,0.0,475.3,555.4,51.3
Early Luteal,6.1,3,2,3,1,1.9,68.9,140.7,44.6
Late Luteal,5.5,3,2,2,2,2.5,234.3,328.7,28.0
Late Luteal,7.6,2,3,3,2,0.4,131.8,63.4,48.9
Early Luteal,5.9,2,2,2,4,2.1,618.5,659.5,13.6
Follicular,8.4,4,4,4,3,0.0,278.1,350.8,58.3
Follicular,5.4,3,3,3,2,2.6,202.5,240.6,30.5
Follicular,7.1,4,3,2,2,0.9,140.9,111.4,58.0
Late Luteal,5.8,4,3,2,2,2.2,217.0,231.5,45.4
Late Luteal,5.7,2,2,1,2,2.3,146.1,78.5,30.3
Early Luteal,8.4,4,3,3,2,0.0,131.7,231.7,67.3
Early Luteal,7.4,5,3,3,2,0.6,109.6,38.2,65.6
Follicular,5.5,3,3,4,4,2.5,572.2,655.2,23.2
Late Luteal,6.4,3,3,2,2,1.6,127.8,134.9,36.1
Early Luteal,7.3,4,4,3,2,0.7,246.6,190.6,64.9
Late Luteal,7.8,4,3,2,2,0.2,130.4,66.9,62.5
Late Luteal,8.2,4,3,3,2,0.0,312.6,253.1,60.8
Late Luteal,6.2,3,2,2,2,1.8,143.9,160.6,38.8
Early Luteal,7.6,4,4,4,1,0.4,130.8,55.7,73.2
Follicular,8.8,5,4,4,2,0.0,118.8,152.2,74.7
Late Luteal,5.9,3,3,2,1,2.1,13.7,0.0,46.3
Late Luteal,6.2,2,2,1,2,1.8,247.6,235.8,28.2
Menstrual,7.9,3,3,3,2,0.1,132.6,39.7,57.2
Follicular,6.7,3,3,4,3,1.3,304.4,312.5,38.6
Menstrual,6.8,4,3,3,2,1.2,326.2,343.1,49.6
Follicular,5.7,4,4,4,1,2.3,78.1,6.6,50.3
Early Luteal,7.0,3,3,3,2,1.0,193.1,293.1,49.4
Early Luteal,6.4,2,2,2,1,1.6,217.0,229.6,40.6
Menstrual,7.7,4,3,3,2,0.3,233.4,303.7,54.7
Late Luteal,7.2,4,2,2,4,0.8,546.8,532.7,39.3
Early Luteal,5.6,3,3,3,2,2.4,277.4,300.6,38.7
Late Luteal,6.3,3,3,3,2,1.7,136.1,189.6,42.2
Follicular,6.3,2,3,4,2,1.7,105.9,91.3,36.6
Late Luteal,7.5,3,3,3,1,0.5,40.3,57.1,58.4
Ovulation,6.1,3,4,4,2,1.9,132.5,232.5,46.9
Early Luteal,6.9,3,3,3,3,1.1,425.2,253.2,40.9
Follicular,9.3,5,4,5,4,0.0,448.2,381.5,68.5
Ovulation,7.7,4,3,4,4,0.3,514.1,496.5,51.7
Menstrual,6.1,3,3,3,3,1.9,316.0,293.3,26.0
Menstrual,4.8,2,2,2,1,3.2,12.9,43.5,25.2
Menstrual,5.4,3,2,3,2,2.6,316.5,387.6,28.3
Menstrual,7.6,4,3,3,1,0.4,105.1,92.3,64.9
Ovulation,6.8,3,4,3,2,1.2,128.0,186.6,53.5
Menstrual,7.6,4,3,3,2,0.4,121.4,82.3,58.5
Menstrual,5.8,4,2,3,3,2.2,433.5,533.5,34.2
Early Luteal,8.7,5,4,4,2,0.0,228.3,90.4,72.2
Follicular,8.2,5,4,3,3,0.0,462.1,471.6,60.3
Follicular,7.8,4,4,3,2,0.2,128.3,217.0,67.3
Menstrual,5.9,3,3,2,1,2.1,44.9,144.9,46.0
Late Luteal,5.6,2,2,2,1,2.4,6.1,0.0,33.1
Early Luteal,8.2,3,4,4,2,0.0,263.0,278.7,58.1
Menstrual,4.7,2,2,2,2,3.3,263.8,119.6,19.5
Late Luteal,5.1,3,3,3,2,2.9,226.5,270.0,27.1
Late Luteal,6.4,2,2,1,3,1.6,434.1,305.8,22.7
Ovulation,8.1,5,4,4,1,0.0,117.8,25.3,84.5
Menstrual,6.7,4,3,3,3,1.3,441.8,352.5,41.1
Late Luteal,7.4,3,3,3,2,0.6,232.6,201.0,50.7
Follicular,6.3,3,3,3,2,1.7,184.4,61.3,44.8
Early Luteal,6.3,4,3,3,3,1.7,394.1,494.1,42.6
Late Luteal,6.0,2,2,1,4,2.0,550.8,520.1,14.6
Early Luteal,6.5,3,3,3,2,1.5,143.6,10.4,40.9
Late Luteal,7.4,4,4,3,1,0.6,63.7,113.9,66.6
Late Luteal,6.1,2,3,3,2,1.9,288.6,253.0,27.3
Follicular,6.2,3,4,3,1,1.8,124.8,107.3,50.9
Late Luteal,6.5,2,1,1,5,1.5,713.0,744.9,3.1
Ovulation,6.1,3,2,2,1,1.9,104.8,30.7,47.4
Late Luteal,7.5,4,3,2,2,0.5,137.2,115.7,58.3
Late Luteal,5.8,2,1,1,4,2.2,388.9,395.9,12.9
Menstrual,7.4,4,3,3,2,0.6,61.0,108.4,60.6
Menstrual,6.5,3,3,2,2,1.5,135.2,235.2,44.3
Follicular,5.6,3,2,2,5,2.4,800.0,886.2,13.1
Follicular,9.1,4,4,5,2,0.0,146.5,150.1,73.7
Early Luteal,7.6,4,3,3,2,0.4,300.8,269.6,61.8
Follicular,5.2,5,4,4,1,2.8,102.2,0.9,56.4
Early Luteal,7.0,3,2,3,2,1.0,251.0,177.6,46.6
Follicular,9.5,5,5,5,2,0.0,194.4,276.4,85.7
Follicular,7.7,3,3,4,5,0.3,800.0,900.0,28.7
Late Luteal,8.0,5,4,3,1,0.0,118.4,107.1,75.8
Early Luteal,6.9,3,2,2,2,1.1,228.1,310.3,48.7
Menstrual,6.0,2,3,3,1,2.0,148.0,240.6,40.6
Late Luteal,4.9,2,3,2,1,3.1,45.0,145.0,31.4
Ovulation,7.5,4,4,4,2,0.5,207.9,200.6,64.4
Follicular,6.0,3,4,3,3,2.0,266.1,324.1,39.8
Follicular,8.1,3,4,4,1,0.0,78.9,0.0,68.1
Follicular,7.0,2,2,3,3,1.0,339.1,267.9,32.0
Late Luteal,6.6,3,2,2,4,1.4,616.4,667.7,27.2
Follicular,6.8,2,3,1,1,1.2,25.4,102.7,47.5
Late Luteal,8.3,3,3,2,1,0.0,123.9,75.7,60.7
Late Luteal,7.0,2,3,2,2,1.0,193.2,218.7,42.9
Menstrual,5.3,3,3,2,1,2.7,109.9,50.8,35.2
Follicular,7.2,4,4,3,4,0.8,605.6,573.9,37.3
Menstrual,7.0,4,3,3,2,1.0,141.9,111.3,48.1
Follicular,7.6,5,4,4,1,0.4,65.1,31.5,79.2
Ovulation,5.0,3,3,3,2,3.0,189.8,98.4,34.0
Follicular,8.1,5,4,3,1,0.0,157.6,229.1,78.8
Early Luteal,7.2,3,2,2,4,0.8,518.2,610.3,31.2
Early Luteal,7.7,4,2,2,3,0.3,322.3,310.0,49.9
Early Luteal,7.0,4,3,2,3,1.0,293.3,370.1,45.4
Late Luteal,8.5,4,3,3,2,0.0,208.8,175.7,63.9
Ovulation,8.0,4,4,4,2,0.0,353.0,315.8,66.4
Follicular,7.0,3,2,3,3,1.0,405.0,462.8,38.5
Menstrual,8.3,4,3,4,3,0.0,464.1,339.0,50.0
Follicular,6.7,3,2,3,2,1.3,200.9,120.3,46.0
Early Luteal,7.7,3,4,4,1,0.3,36.8,82.9,62.5
Follicular,7.5,5,3,3,4,0.5,485.4,414.4,44.5
Early Luteal,5.8,4,3,4,4,2.2,659.2,759.2,22.3
Early Luteal,6.7,3,3,3,3,1.3,444.0,428.3,32.8
Early Luteal,8.0,3,3,4,4,0.0,454.5,428.1,44.0
Early Luteal,7.4,4,4,4,2,0.6,113.2,153.5,62.7
Follicular,5.9,2,3,3,3,2.1,539.7,578.4,26.6
Late Luteal,5.8,2,3,3,1,2.2,14.5,0.0,42.4
Menstrual,8.9,5,4,4,1,0.0,39.6,117.1,79.2
Follicular,5.9,2,2,3,3,2.1,354.3,378.3,26.5
Menstrual,7.5,4,2,2,5,0.5,726.5,819.8,25.1
Late Luteal,7.2,3,3,2,2,0.8,210.0,197.1,42.4
Late Luteal,5.7,2,3,3,2,2.3,149.6,141.9,25.9
Late Luteal,6.7,3,2,2,3,1.3,465.3,565.3,32.2
Menstrual,7.8,4,3,2,1,0.2,24.4,124.4,69.0
Early Luteal,6.7,3,2,2,3,1.3,373.0,296.9,38.6
Menstrual,7.9,4,3,3,4,0.1,655.3,709.9,46.9
Early Luteal,7.9,5,4,4,2,0.1,102.4,107.3,76.8
Follicular,9.3,4,3,3,3,0.0,363.2,349.3,61.3
Late Luteal,7.2,3,3,2,1,0.8,10.1,0.0,54.4
Follicular,5.7,2,4,4,2,2.3,144.4,244.4,32.8
Late Luteal,6.9,3,2,2,1,1.1,102.3,139.5,49.1
Menstrual,6.9,3,3,3,2,1.1,243.8,258.9,48.7
Menstrual,7.0,3,3,3,1,1.0,128.2,160.4,54.1
Follicular,8.4,4,3,3,3,0.0,259.2,255.8,62.8
Menstrual,5.2,2,2,4,2,2.8,140.6,131.1,26.5
Late Luteal,7.0,2,3,4,2,1.0,151.7,0.0,39.6
Follicular,7.5,4,4,3,1,0.5,139.7,0.0,67.7
Early Luteal,6.4,4,3,4,3,1.6,366.2,466.2,38.7
Follicular,9.5,5,3,2,1,0.0,115.8,215.8,82.0
Early Luteal,7.4,4,3,3,4,0.6,538.7,549.9,39.3
Follicular,7.4,4,4,3,2,0.6,165.7,197.1,61.9
Menstrual,7.0,3,3,3,1,1.0,54.3,116.7,52.0
Late Luteal,7.8,4,4,4,1,0.2,54.6,0.0,71.3
Early Luteal,6.8,3,2,3,1,1.2,66.3,0.0,56.7
Follicular,7.2,4,3,4,3,0.8,357.5,359.9,48.2
Menstrual,7.5,4,3,3,2,0.5,178.1,157.9,53.4
Early Luteal,7.7,4,4,3,2,0.3,202.4,238.8,63.8
Follicular,7.4,4,4,5,2,0.6,252.3,318.1,59.7
Follicular,7.0,4,3,3,2,1.0,254.8,290.0,51.8
Menstrual,5.9,2,3,2,1,2.1,55.8,0.0,41.1
Early Luteal,5.9,2,2,3,2,2.1,257.1,213.2,32.1
Late Luteal,6.2,2,1,1,4,1.8,612.9,538.3,14.3
Ovulation,8.1,5,5,5,2,0.0,234.2,316.4,79.0
Early Luteal,6.4,2,4,3,1,1.6,171.9,211.2,43.8
Ovulation,7.1,4,4,5,1,0.9,91.1,123.2,64.3
Early Luteal,7.8,4,3,3,3,0.2,315.6,321.8,52.5
Late Luteal,7.8,5,3,3,2,0.2,217.5,218.1,62.6
Late Luteal,6.8,3,2,2,1,1.2,106.2,0.0,46.1
Follicular,7.4,4,2,4,3,0.6,358.6,195.9,51.7
Menstrual,7.4,4,2,2,2,0.6,139.5,216.8,59.1
Late Luteal,7.2,3,3,2,3,0.8,333.3,431.4,42.8
Follicular,6.6,3,4,4,2,1.4,209.6,266.1,51.0
Ovulation,6.4,2,3,3,4,1.6,473.8,479.1,22.6
Early Luteal,6.4,3,3,2,1,1.6,33.4,46.8,49.0
Menstrual,6.3,3,2,2,2,1.7,142.8,29.2,38.8
Early Luteal,7.6,5,4,4,3,0.4,313.2,361.5,63.0
Early Luteal,6.9,3,3,3,1,1.1,61.3,133.7,58.4
Ovulation,9.2,5,5,4,3,0.0,468.5,496.5,72.7
Ovulation,8.6,4,4,4,3,0.0,316.4,296.8,60.8
Late Luteal,8.0,3,3,2,1,0.0,84.9,102.5,59.9
Follicular,7.1,4,2,4,5,0.9,800.0,741.7,33.0
Follicular,8.1,4,4,4,3,0.0,342.2,355.7,56.9
Follicular,6.5,4,3,3,2,1.5,268.6,196.9,47.2
Menstrual,7.1,3,4,3,2,0.9,244.9,315.3,44.6
Early Luteal,8.2,4,3,4,3,0.0,495.2,384.4,51.1
Follicular,6.9,2,3,4,3,1.1,340.8,321.4,36.5
Follicular,7.3,3,3,2,1,0.7,71.7,63.3,64.8
Follicular,7.3,4,4,4,2,0.7,302.3,274.7,60.4
Late Luteal,5.6,3,2,1,3,2.4,491.6,407.3,20.0
Late Luteal,7.4,4,2,2,4,0.6,476.3,373.4,36.6
Follicular,7.7,4,4,3,1,0.3,87.7,94.5,65.3
Follicular,7.9,4,4,5,1,0.1,194.9,247.7,68.7
Follicular,6.6,3,3,3,1,1.4,55.2,0.0,52.7
Menstrual,6.0,3,3,3,1,2.0,27.9,0.0,48.8
Follicular,8.9,5,4,4,1,0.0,32.7,113.4,81.8
Early Luteal,5.7,3,3,4,2,2.3,265.8,276.0,38.0
Late Luteal,5.9,2,2,2,4,2.1,612.8,518.0,11.0
Follicular,5.9,3,2,3,4,2.1,546.8,633.6,22.3
Follicular,6.3,3,3,4,2,1.7,154.8,140.1,44.1
Follicular,6.1,3,3,3,2,1.9,106.2,206.2,46.1
Late Luteal,6.7,2,2,2,3,1.3,317.9,417.9,31.3
Late Luteal,4.3,2,2,2,4,3.7,655.4,600.4,0.0
Ovulation,7.2,4,3,4,3,0.8,363.8,278.1,47.0
Ovulation,5.6,3,3,4,4,2.4,547.4,598.8,23.0
Follicular,6.6,3,3,2,2,1.4,256.8,204.6,48.7
Menstrual,5.6,3,3,3,3,2.4,342.2,229.8,30.5
Early Luteal,6.6,2,2,1,3,1.4,318.7,276.8,35.6
Follicular,7.1,3,4,3,2,0.9,103.3,0.0,57.4
Late Luteal,7.2,3,2,2,1,0.8,86.4,130.9,54.0
Early Luteal,7.5,3,3,4,3,0.5,380.4,387.1,45.2
Early Luteal,6.7,3,2,2,3,1.3,425.9,460.1,34.3
Late Luteal,7.5,5,3,3,2,0.5,137.9,67.6,67.6
Follicular,8.5,4,4,3,5,0.0,762.0,716.2,42.9
Late Luteal,5.7,3,1,1,4,2.3,591.1,691.1,12.7
Early Luteal,4.9,2,3,3,1,3.1,9.2,109.2,32.2
Follicular,6.9,3,3,4,1,1.1,32.1,33.5,51.0
Follicular,7.5,4,4,4,1,0.5,76.0,124.9,71.8
Late Luteal,7.4,3,2,1,3,0.6,437.3,337.7,35.7
Late Luteal,6.5,3,3,2,3,1.5,226.3,211.8,34.4
Menstrual,6.3,2,3,1,1,1.7,66.4,125.7,38.6
Late Luteal,6.4,3,2,3,5,1.6,800.0,746.8,13.5
Ovulation,6.2,3,3,3,2,1.8,408.7,466.6,46.1
Early Luteal,7.4,4,4,3,1,0.6,24.2,37.2,68.2
Menstrual,6.2,2,2,2,2,1.8,284.8,384.8,34.4
Late Luteal,6.8,4,2,2,3,1.2,288.8,159.1,44.2
Follicular,8.2,4,4,3,2,0.0,231.3,319.5,66.0
Ovulation,6.7,2,3,3,4,1.3,680.8,683.2,24.3
Late Luteal,6.3,3,3,3,2,1.7,110.0,210.0,45.9
Early Luteal,7.2,4,3,3,3,0.8,328.7,324.9,47.5
Follicular,8.9,5,4,3,2,0.0,252.9,208.8,73.4
Late Luteal,5.9,3,2,2,2,2.1,234.1,179.9,31.8
Late Luteal,6.5,3,2,3,3,1.5,518.8,618.8,26.4
Late Luteal,5.4,3,2,2,2,2.6,63.1,112.8,42.1
Ovulation,7.7,3,3,4,2,0.3,220.4,151.7,59.9
Early Luteal,6.5,3,3,3,2,1.5,80.4,0.0,48.9
Follicular,8.4,4,3,3,1,0.0,100.2,0.0,72.7
Follicular,7.3,4,3,3,4,0.7,545.3,545.7,42.5
Menstrual,7.4,5,4,4,2,0.6,321.7,220.9,58.7
Early Luteal,7.1,5,4,3,2,0.9,179.9,138.9,59.2
Late Luteal,6.3,3,3,3,1,1.7,71.7,157.6,51.1
Early Luteal,6.4,2,3,3,1,1.6,121.0,184.3,41.5
Late Luteal,6.6,2,2,1,1,1.4,96.3,54.1,45.1
Early Luteal,8.4,4,4,4,2,0.0,237.3,337.3,68.3
Follicular,8.3,4,4,4,3,0.0,440.8,540.8,61.2
Menstrual,6.6,3,2,2,2,1.4,243.7,284.3,35.8
Follicular,7.1,5,4,4,1,0.9,154.1,74.8,74.1
Follicular,5.9,3,2,3,3,2.1,341.7,420.2,33.6
Follicular,6.3,3,3,3,1,1.7,109.4,170.1,49.4
Ovulation,6.7,2,3,3,2,1.3,124.4,152.4,44.4
Follicular,7.0,3,3,2,2,1.0,330.1,358.7,47.1
Follicular,6.6,3,3,2,2,1.4,150.5,72.5,50.9
Ovulation,6.1,4,5,5,2,1.9,274.5,240.5,48.2
Ovulation,8.3,5,4,4,2,0.0,156.4,218.6,77.3
Early Luteal,6.7,3,2,3,4,1.3,536.4,492.2,29.0
Menstrual,6.7,4,3,3,3,1.3,256.8,356.8,40.5
Follicular,6.7,4,4,3,2,1.3,304.7,239.5,48.9
Ovulation,5.1,4,3,4,2,2.9,90.8,62.3,50.5
Late Luteal,5.9,2,2,1,3,2.1,474.4,329.8,15.8
Follicular,8.8,5,5,4,1,0.0,35.0,0.0,85.1
Follicular,8.4,4,4,3,2,0.0,107.9,6.6,66.4
Early Luteal,7.5,4,3,3,2,0.5,78.1,102.8,62.3
Late Luteal,7.5,4,3,2,4,0.5,511.5,391.2,34.9
Follicular,6.6,2,3,3,2,1.4,132.6,133.5,43.3
Follicular,7.9,5,5,3,2,0.1,257.7,316.0,73.7
Menstrual,7.1,5,2,3,4,0.9,566.1,508.5,41.4
Ovulation,8.2,5,4,3,2,0.0,377.6,328.8,70.0
Late Luteal,6.6,3,3,3,1,1.4,21.8,66.4,54.7
Ovulation,8.3,4,4,3,3,0.0,393.3,493.3,57.8
Follicular,6.3,4,3,3,3,1.7,331.2,431.2,45.2
Menstrual,9.2,4,3,2,4,0.0,627.9,668.4,42.0
Early Luteal,6.7,3,2,3,2,1.3,154.4,178.5,43.5
Menstrual,4.7,2,1,2,2,3.3,101.3,116.0,18.9
Follicular,7.6,4,3,3,3,0.4,473.6,482.4,53.2
Late Luteal,5.5,1,1,1,3,2.5,286.3,359.2,12.4
Follicular,5.0,2,3,3,1,3.0,12.9,0.0,36.8
Menstrual,6.4,2,2,2,2,1.6,164.4,264.4,32.5
Follicular,6.4,3,3,3,2,1.6,130.9,108.2,42.0
Follicular,5.9,3,2,3,4,2.1,572.3,403.6,25.3
Follicular,6.6,4,4,4,1,1.4,118.9,93.4,56.9
Menstrual,7.1,3,2,2,3,0.9,388.4,264.0,38.7
Early Luteal,6.4,4,2,3,2,1.6,267.1,307.2,42.8
Follicular,7.2,5,3,3,3,0.8,421.8,386.2,54.8
Early Luteal,5.8,2,2,3,1,2.2,14.2,0.0,37.5
Menstrual,7.4,4,3,2,4,0.6,653.7,611.9,26.8
Ovulation,6.7,3,3,3,2,1.3,183.1,117.8,56.6
Follicular,6.3,3,4,3,1,1.7,46.4,0.0,55.7
Follicular,7.5,4,4,4,2,0.5,248.3,216.7,64.0
Follicular,6.4,3,2,3,4,1.6,464.3,400.4,28.6
Menstrual,9.0,4,4,4,2,0.0,124.3,213.0,68.6
Menstrual,7.0,2,2,1,3,1.0,558.8,603.4,23.0
Early Luteal,6.4,3,3,3,3,1.6,473.6,336.6,35.0
Follicular,7.2,5,4,4,3,0.8,625.4,639.4,52.3
Late Luteal,8.0,4,3,3,2,0.0,275.6,249.1,61.5
Early Luteal,6.6,4,2,2,3,1.4,307.6,325.1,43.9
Menstrual,7.1,3,2,2,1,0.9,43.0,31.6,53.7
Ovulation,6.9,3,3,4,2,1.1,108.4,45.1,55.5
Late Luteal,7.5,3,2,2,3,0.5,380.3,386.7,37.3
Follicular,8.3,5,4,4,2,0.0,246.8,204.8,68.7
Follicular,8.5,4,4,5,1,0.0,1.1,0.0,78.4
Menstrual,7.7,4,3,3,1,0.3,106.3,27.0,67.5
Menstrual,6.6,3,3,2,2,1.4,176.0,160.9,38.4
Ovulation,7.6,4,3,3,2,0.4,181.3,156.5,63.7
Early Luteal,6.9,4,4,4,1,1.1,77.2,64.9,63.2
Follicular,8.3,4,3,3,2,0.0,247.7,211.7,66.5
Ovulation,6.2,3,3,4,2,1.8,169.7,250.8,44.6
Menstrual,6.9,3,2,3,4,1.1,492.6,588.7,25.1
Follicular,7.0,3,3,3,2,1.0,303.6,338.7,48.1
Follicular,4.5,1,3,3,2,3.5,96.1,70.4,25.0
Early Luteal,8.9,4,4,4,1,0.0,132.5,85.7,73.0
Follicular,4.5,3,3,3,1,3.5,155.3,159.1,38.9
Early Luteal,5.8,3,2,2,3,2.2,323.7,423.7,26.5
Ovulation,5.9,3,4,2,2,2.1,76.3,31.6,44.5
Follicular,7.1,4,3,4,3,0.9,469.6,405.1,43.4
Follicular,5.9,4,4,4,2,2.1,241.4,285.2,46.4
Late Luteal,7.0,3,2,3,2,1.0,291.4,286.2,42.7
Follicular,7.6,3,4,5,2,0.4,228.0,328.0,60.5
Menstrual,6.2,3,3,4,2,1.8,184.4,193.0,43.4
Late Luteal,4.9,1,1,2,1,3.1,81.3,127.7,17.3
Menstrual,7.4,4,4,3,2,0.6,312.8,388.4,54.1
Early Luteal,9.5,5,4,4,1,0.0,10.7,4.8,86.8
Follicular,8.4,4,4,4,2,0.0,97.5,65.6,72.0
Early Luteal,6.9,4,3,3,4,1.1,633.5,461.4,41.8
Menstrual,3.9,1,2,2,2,4.1,220.9,96.7,1.0
Follicular,6.2,3,3,3,2,1.8,120.9,135.8,45.9
Early Luteal,6.6,4,3,3,3,1.4,433.7,533.7,38.4
Early Luteal,8.5,5,4,5,2,0.0,138.5,52.9,78.6
Menstrual,5.9,3,3,3,1,2.1,133.1,116.8,41.8
Early Luteal,7.8,4,4,4,3,0.2,417.5,416.3,52.7
Early Luteal,7.9,4,3,3,1,0.1,58.6,57.0,75.0
Follicular,5.5,4,3,2,4,2.5,504.9,410.9,28.4
Early Luteal,7.8,3,4,4,2,0.2,117.0,63.1,58.3
Follicular,7.6,4,4,3,2,0.4,303.1,246.1,59.9
Follicular,7.5,5,5,4,2,0.5,110.2,29.6,72.0
Menstrual,6.6,3,2,3,4,1.4,549.9,546.5,26.7
Follicular,8.2,4,4,4,3,0.0,303.2,142.1,57.7
Follicular,6.0,4,3,4,3,2.0,338.1,294.4,41.4
Early Luteal,7.0,3,3,4,2,1.0,195.4,221.3,46.1
Early Luteal,7.6,4,3,3,2,0.4,149.8,181.1,63.8
Late Luteal,5.6,3,1,2,4,2.4,544.7,544.6,14.0
Follicular,8.2,5,3,3,2,0.0,57.2,97.3,68.7
Ovulation,7.8,4,4,4,2,0.2,268.4,296.5,65.9
Late Luteal,6.8,4,4,3,2,1.2,348.9,419.5,50.5
Late Luteal,5.7,2,2,1,3,2.3,386.9,384.1,17.2
Follicular,9.1,5,4,5,1,0.0,97.7,0.0,84.7
Menstrual,5.6,3,2,2,4,2.4,504.7,604.7,18.1
Early Luteal,6.7,3,4,4,1,1.3,27.7,101.9,55.8
Follicular,7.2,5,4,4,4,0.8,445.8,379.9,49.1
Ovulation,6.0,3,4,4,2,2.0,149.5,249.5,47.2
Late Luteal,7.0,4,4,3,2,1.0,140.9,126.0,56.2
Follicular,6.4,3,4,4,1,1.6,143.6,162.4,54.9
Late Luteal,5.7,4,4,3,1,2.3,5.3,0.0,47.9
Early Luteal,7.0,3,3,3,2,1.0,127.0,204.1,53.4
Early Luteal,6.3,2,2,2,2,1.7,93.8,80.0,33.7
Menstrual,7.2,4,3,3,2,0.8,290.8,333.7,53.2
Menstrual,7.4,5,4,3,1,0.6,5.0,0.0,70.5
Ovulation,8.5,4,4,5,3,0.0,468.1,418.2,58.6
Menstrual,6.5,3,3,3,1,1.5,109.2,80.5,50.9
Ovulation,7.9,3,4,3,2,0.1,56.6,0.0,63.7
Ovulation,7.4,4,5,4,1,0.6,86.9,74.0,72.3
Follicular,6.4,4,3,3,5,1.6,800.0,889.9,25.8
Early Luteal,6.1,3,2,2,3,1.9,425.4,376.4,26.2
Early Luteal,6.9,2,3,3,3,1.1,345.2,322.7,33.5
Early Luteal,6.2,3,3,2,3,1.8,366.2,294.2,33.6
Menstrual,6.4,3,3,3,1,1.6,83.6,13.3,50.1
Follicular,5.6,3,3,3,1,2.4,92.9,0.0,43.5
Late Luteal,5.3,3,1,1,3,2.7,340.6,249.3,21.6
Menstrual,8.3,4,3,3,4,0.0,352.0,345.1,48.5
Follicular,7.5,4,4,4,3,0.5,389.8,329.9,58.1
Follicular,7.0,4,3,4,3,1.0,291.8,238.6,50.9
Menstrual,5.6,3,2,2,1,2.4,34.6,62.2,41.3
Follicular,5.2,3,3,3,3,2.8,359.8,237.7,30.9
Ovulation,6.2,3,4,4,2,1.8,192.4,255.5,46.2
Follicular,8.4,3,4,3,2,0.0,224.7,169.2,58.1
Late Luteal,6.5,2,2,2,3,1.5,300.0,220.3,25.9
Early Luteal,6.5,3,3,4,1,1.5,131.0,143.1,58.1
Menstrual,5.2,3,2,2,2,2.8,203.7,251.5,26.0
Early Luteal,6.5,3,3,3,2,1.5,194.0,163.9,46.3
Menstrual,4.8,2,1,2,5,3.2,719.5,636.3,0.0
Early Luteal,7.8,4,3,4,3,0.2,302.4,277.5,57.0
Follicular,7.4,5,4,4,3,0.6,324.8,254.2,61.8
Follicular,6.8,4,4,4,1,1.2,89.8,54.7,65.4
Late Luteal,8.0,4,4,3,2,0.0,71.5,0.0,62.2
Menstrual,6.5,2,2,2,1,1.5,114.7,37.9,35.6
Menstrual,7.0,3,2,2,3,1.0,324.2,337.2,34.1
Ovulation,8.7,5,4,5,4,0.0,524.9,524.3,66.6
Follicular,7.8,3,3,3,2,0.2,157.3,231.4,55.7
Early Luteal,7.1,4,2,3,3,0.9,392.0,436.1,37.8
Menstrual,5.4,2,3,3,1,2.6,114.5,209.1,36.5
Ovulation,6.2,4,4,4,2,1.8,247.8,296.9,47.5
Menstrual,7.6,4,4,3,1,0.4,67.5,0.0,58.6
Early Luteal,8.7,5,5,3,2,0.0,349.9,336.3,70.7
Early Luteal,7.0,2,3,3,1,1.0,31.9,0.0,51.7
Follicular,6.1,4,3,4,1,1.9,90.4,34.1,56.1
Late Luteal,5.7,2,2,1,1,2.3,70.2,81.6,34.9
Follicular,7.9,4,4,4,1,0.1,20.9,79.8,74.3
Early Luteal,7.7,4,3,3,2,0.3,154.1,223.3,67.4
Menstrual,5.9,3,3,2,2,2.1,282.7,220.9,37.0
Early Luteal,7.7,4,4,5,2,0.3,271.2,273.1,68.4
Late Luteal,5.4,2,2,3,2,2.6,92.9,102.7,28.1
Follicular,6.4,2,3,4,2,1.6,199.0,229.3,41.5
Menstrual,6.2,1,2,2,2,1.8,152.2,66.6,24.5
Late Luteal,5.7,3,2,1,3,2.3,505.3,535.6,24.2
Follicular,8.4,5,4,4,3,0.0,475.0,451.5,69.2
Follicular,7.3,4,4,3,1,0.7,258.7,192.6,65.0
Late Luteal,4.8,2,2,2,2,3.2,178.9,262.1,23.4
Late Luteal,6.8,2,2,2,3,1.2,258.8,343.7,29.3
Early Luteal,8.9,5,4,4,2,0.0,251.6,246.2,68.0
Menstrual,6.0,1,2,2,3,2.0,480.5,578.5,10.2
Follicular,8.6,5,4,4,3,0.0,232.9,34.1,69.7
Menstrual,7.0,2,3,3,2,1.0,124.9,60.8,37.9
Menstrual,6.5,2,3,4,1,1.5,53.6,0.0,35.7
Late Luteal,7.1,4,3,2,2,0.9,48.8,19.5,54.7
Follicular,6.6,4,3,3,2,1.4,233.8,122.8,52.2
Menstrual,4.8,2,2,2,3,3.2,332.0,300.8,11.2
Menstrual,8.0,4,2,3,4,0.0,479.6,506.7,46.0
Follicular,7.9,4,4,3,3,0.1,334.8,349.2,58.0
Follicular,7.5,4,4,4,2,0.5,264.7,301.3,60.6
Follicular,7.8,4,4,4,2,0.2,89.4,133.7,67.8
Late Luteal,5.5,3,3,2,3,2.5,434.0,510.5,27.4
Menstrual,5.1,2,1,1,4,2.9,537.7,637.7,0.5
Early Luteal,6.0,4,3,4,1,2.0,147.6,247.6,56.8
Follicular,6.2,2,3,2,1,1.8,69.1,138.0,47.1
Late Luteal,7.3,3,2,2,2,0.7,229.8,329.8,43.6
Follicular,9.3,5,3,3,3,0.0,218.0,230.3,77.9
Late Luteal,7.9,4,3,4,2,0.1,271.2,341.4,59.3
Menstrual,5.7,3,3,2,1,2.3,7.7,9.2,43.9
Late Luteal,5.4,1,2,2,2,2.6,252.6,334.8,21.6
Early Luteal,8.0,4,3,3,2,0.0,245.9,258.3,62.8
Menstrual,6.3,5,3,3,1,1.7,91.1,0.0,57.8
Early Luteal,8.9,5,4,3,2,0.0,301.9,269.9,72.4
Follicular,4.8,1,3,3,3,3.2,272.1,306.7,19.0
Menstrual,5.8,4,3,4,1,2.2,45.5,13.1,50.6
Early Luteal,7.6,5,4,3,1,0.4,84.6,11.3,76.7
Late Luteal,7.7,4,3,3,2,0.3,249.2,258.5,57.5
Early Luteal,5.6,3,3,3,3,2.4,444.3,401.1,34.0
Early Luteal,8.3,5,5,5,2,0.0,289.1,192.9,71.2
Ovulation,5.9,3,2,3,4,2.1,468.3,356.3,28.2
Late Luteal,6.8,2,2,1,1,1.2,105.8,75.6,48.6
Follicular,6.1,3,4,4,4,1.9,612.7,616.2,31.0
Early Luteal,6.1,4,3,2,3,1.9,415.1,322.7,39.1
Follicular,8.0,4,3,2,1,0.0,79.9,38.7,69.6
Early Luteal,6.0,4,4,3,2,2.0,266.3,281.0,49.7
Early Luteal,6.6,2,3,3,3,1.4,391.1,491.1,31.1
Menstrual,6.7,2,3,3,1,1.3,52.2,121.0,46.5
Follicular,9.0,5,4,3,3,0.0,415.4,515.4,71.3
Menstrual,4.8,3,2,2,3,3.2,417.7,361.6,18.1
Follicular,7.1,3,3,4,4,0.9,678.5,680.1,33.2
Menstrual,6.8,3,3,2,3,1.2,245.0,345.0,36.3
Menstrual,6.8,3,4,3,1,1.2,24.2,0.0,51.3
Late Luteal,5.5,3,2,2,2,2.5,140.1,230.9,35.5
Late Luteal,9.3,5,3,4,2,0.0,194.1,186.8,73.3
Menstrual,7.8,3,1,1,5,0.2,800.0,763.8,16.3
Follicular,6.9,3,3,3,2,1.1,158.8,177.3,50.2
Follicular,7.0,2,3,4,1,1.0,84.7,159.0,55.3
Follicular,9.5,5,5,4,1,0.0,64.7,64.2,90.7
Late Luteal,8.6,5,4,3,3,0.0,410.8,368.5,59.3
Follicular,8.1,4,4,3,1,0.0,55.2,0.0,74.6
Late Luteal,6.5,3,2,2,2,1.5,116.3,128.9,41.3
Late Luteal,6.8,3,3,2,3,1.2,305.4,324.9,38.4
Early Luteal,6.6,3,2,2,3,1.4,307.8,341.6,33.7
Follicular,8.0,5,4,4,1,0.0,137.7,134.4,77.8
Menstrual,7.1,4,3,3,2,0.9,139.5,196.3,56.0
Early Luteal,6.8,3,3,2,2,1.2,287.6,285.8,42.2
Menstrual,6.5,2,3,2,1,1.5,119.9,64.4,37.2
Late Luteal,6.2,3,1,1,4,1.8,537.8,637.8,14.9
Ovulation,7.7,5,3,4,3,0.3,495.1,595.1,60.8
Follicular,7.8,4,4,3,2,0.2,107.5,204.7,67.0
Early Luteal,6.8,4,3,2,2,1.2,115.7,194.6,56.3
Follicular,8.1,5,3,2,2,0.0,109.3,66.9,68.1
Late Luteal,5.2,2,2,2,1,2.8,19.3,0.0,32.0
Follicular,7.4,4,3,3,1,0.6,57.4,157.4,72.7
Late Luteal,6.0,3,3,3,1,2.0,56.1,7.9,46.4
Follicular,6.7,3,2,3,3,1.3,542.3,582.8,35.4
Early Luteal,8.1,4,4,3,2,0.0,117.2,154.0,64.7
Menstrual,5.9,4,3,2,3,2.1,434.3,446.7,32.3
Follicular,8.7,5,5,4,2,0.0,215.4,151.0,75.7
Menstrual,6.2,4,3,3,3,1.8,385.1,361.4,37.4
Late Luteal,5.2,2,2,2,1,2.8,4.0,60.4,28.6
Ovulation,7.5,4,3,2,4,0.5,545.9,624.8,44.2
Follicular,6.0,4,3,4,5,2.0,759.0,749.1,23.7
Early Luteal,6.1,4,3,4,2,1.9,159.1,100.9,44.6
Late Luteal,5.7,2,2,1,3,2.3,446.5,546.5,19.6
Menstrual,7.4,5,3,2,4,0.6,550.5,650.5,39.8
Menstrual,7.9,4,3,2,3,0.1,282.1,240.0,51.8
Follicular,8.0,5,4,4,2,0.0,98.0,70.4,78.4
Menstrual,6.5,3,3,4,1,1.5,166.2,124.9,46.3
Follicular,7.0,2,3,3,3,1.0,311.9,369.5,38.0
Follicular,8.9,4,4,4,1,0.0,25.2,29.4,79.0
Late Luteal,5.2,2,2,1,1,2.8,15.1,0.0,34.3
Menstrual,6.5,3,2,2,2,1.5,233.3,227.9,37.0
Ovulation,6.3,4,3,3,3,1.7,324.9,297.6,42.8
Early Luteal,5.8,4,4,3,2,2.2,275.9,131.7,41.9
Follicular,7.4,5,4,4,2,0.6,192.4,67.4,68.5
Late Luteal,8.0,4,4,3,2,0.0,149.8,233.5,61.4
Early Luteal,6.8,3,3,3,3,1.2,271.0,185.9,36.7
Follicular,7.9,4,4,4,1,0.1,81.9,135.6,67.8
Menstrual,4.9,1,2,2,2,3.1,202.7,302.7,14.9
Menstrual,5.4,3,1,2,5,2.6,609.3,579.8,7.5
Early Luteal,7.4,4,3,3,3,0.6,470.8,489.2,55.8
Menstrual,6.5,3,2,2,3,1.5,464.8,445.0,26.7
Follicular,6.9,4,3,3,2,1.1,244.8,225.8,54.5
Follicular,6.8,3,3,4,1,1.2,160.1,216.1,53.9
Late Luteal,6.4,3,3,3,1,1.6,160.7,178.6,46.0
Early Luteal,8.3,4,3,3,3,0.0,381.1,349.3,48.6
Follicular,7.0,3,3,4,3,1.0,266.5,321.4,40.5
Menstrual,6.8,3,3,2,2,1.2,229.9,246.5,39.5
Early Luteal,7.9,3,3,4,1,0.1,54.5,134.2,63.9
Follicular,7.5,5,3,4,3,0.5,455.6,488.3,52.5
Late Luteal,7.3,4,3,3,3,0.7,417.6,400.9,42.3
Follicular,7.1,4,3,4,1,0.9,3.0,0.0,68.6
Ovulation,6.6,3,3,4,2,1.4,107.6,8.0,51.3
Early Luteal,8.2,4,5,5,1,0.0,26.3,0.0,78.0
Early Luteal,7.5,4,3,4,2,0.5,83.0,107.6,63.5
Follicular,5.4,3,4,4,2,2.6,321.0,313.3,40.5
Early Luteal,6.6,3,3,3,1,1.4,68.9,74.9,55.5
Late Luteal,7.7,4,2,2,2,0.3,206.1,217.8,55.1
Follicular,7.8,4,4,4,1,0.2,132.9,232.9,70.6
Follicular,8.9,5,4,4,2,0.0,228.7,162.9,79.8
Late Luteal,7.2,4,3,2,2,0.8,169.1,152.2,58.9
Late Luteal,6.1,3,2,2,2,1.9,117.3,151.2,34.7
Follicular,6.4,2,2,2,1,1.6,39.7,139.7,50.6
Early Luteal,7.1,5,5,4,2,0.9,203.3,271.3,66.8
Ovulation,6.6,3,4,3,2,1.4,118.8,218.8,52.1
Late Luteal,6.9,3,3,2,3,1.1,354.3,384.5,36.6
Follicular,7.6,4,3,3,3,0.4,400.9,483.2,52.2
Late Luteal,6.7,3,2,2,3,1.3,356.7,446.7,29.3
Early Luteal,6.4,3,3,3,2,1.6,243.7,267.2,43.5
Ovulation,7.8,4,2,4,2,0.2,248.3,142.8,60.5
Follicular,8.2,3,3,3,2,0.0,217.5,250.4,64.5
Follicular,6.0,3,3,2,2,2.0,153.8,0.0,45.3
Ovulation,7.4,4,4,5,2,0.6,268.5,241.3,61.6
Menstrual,8.0,5,3,3,1,0.0,1.0,0.0,74.8
Follicular,7.3,4,4,5,2,0.7,291.6,257.4,57.0
Ovulation,6.6,3,3,4,1,1.4,147.3,157.8,56.5
Early Luteal,8.7,5,4,3,1,0.0,136.8,168.3,78.2
Menstrual,6.4,3,2,2,3,1.6,327.7,353.3,28.1
Late Luteal,7.6,4,3,3,1,0.4,93.9,44.6,60.0
Late Luteal,5.5,2,2,1,1,2.5,72.4,172.4,37.6
Late Luteal,6.1,3,2,2,2,1.9,93.4,138.7,36.8
Follicular,6.2,2,2,2,2,1.8,297.3,336.1,39.8
Late Luteal,8.0,3,3,3,4,0.0,657.1,603.4,35.8
Follicular,7.4,2,2,3,3,0.6,426.9,526.9,39.3
Menstrual,6.7,3,2,3,3,1.3,384.0,455.9,34.5
Early Luteal,7.0,3,3,3,2,1.0,163.7,110.2,51.5
Ovulation,6.8,3,3,3,2,1.2,144.7,200.4,49.0
Late Luteal,6.8,2,3,3,2,1.2,209.3,309.3,43.1
Early Luteal,6.8,3,4,3,2,1.2,191.3,125.8,53.3
Late Luteal,6.1,3,2,1,1,1.9,11.8,0.0,46.3
Menstrual,6.6,3,2,3,2,1.4,90.1,105.5,39.5
Late Luteal,6.2,3,3,3,2,1.8,160.6,78.8,41.7
Late Luteal,7.9,4,2,2,1,0.1,86.7,61.1,67.2
Menstrual,7.5,4,3,3,2,0.5,162.8,229.9,57.1
Follicular,5.7,4,3,3,1,2.3,41.6,141.6,54.6
Follicular,7.3,4,4,2,2,0.7,152.6,90.5,59.0
Follicular,7.3,3,3,5,1,0.7,58.8,109.6,62.8
Ovulation,6.5,3,4,4,3,1.5,438.6,345.4,39.9
Ovulation,6.3,3,4,3,2,1.7,114.1,6.5,47.1
Follicular,6.3,3,4,4,2,1.7,251.7,256.7,42.7
Follicular,6.2,2,3,2,2,1.8,130.0,168.1,39.2
Late Luteal,4.5,3,2,2,2,3.5,155.3,195.5,23.4
Late Luteal,4.7,1,2,2,1,3.3,163.0,143.7,20.4
Follicular,8.1,5,4,4,2,0.0,157.3,160.8,73.8
Follicular,8.5,3,4,3,2,0.0,89.2,126.8,61.2
Late Luteal,6.2,2,2,2,2,1.8,138.9,153.1,31.0
Early Luteal,7.6,3,2,3,4,0.4,560.0,648.8,29.1
Menstrual,5.6,2,2,2,2,2.4,154.7,224.2,21.6
Follicular,5.8,3,2,3,3,2.2,485.0,453.8,27.5
Follicular,6.3,3,4,4,2,1.7,112.3,0.0,45.7
Ovulation,7.8,4,4,5,2,0.2,267.6,303.1,65.1
Follicular,6.5,4,3,3,4,1.5,648.4,583.3,29.1
Follicular,6.2,4,4,4,2,1.8,133.4,89.1,56.3
Late Luteal,5.3,2,3,2,1,2.7,91.4,123.6,32.0
Menstrual,6.7,2,2,2,3,1.3,336.5,130.5,21.8
Menstrual,7.4,3,2,3,4,0.6,638.2,684.5,30.5
Follicular,8.7,4,4,4,3,0.0,354.1,399.7,62.0
Follicular,7.6,4,3,4,4,0.4,509.0,546.0,51.1
Follicular,6.0,3,4,4,1,2.0,93.0,0.0,59.1
Menstrual,6.1,3,3,3,1,1.9,99.9,127.5,47.0
Follicular,6.6,4,3,3,2,1.4,117.1,107.7,58.0
Ovulation,7.5,4,4,3,3,0.5,326.1,313.2,55.6
Menstrual,5.0,1,1,2,2,3.0,182.3,258.0,11.4
Early Luteal,7.8,4,3,3,3,0.2,302.2,264.0,50.7
Ovulation,7.8,4,3,4,3,0.2,378.8,264.8,58.9
Late Luteal,5.7,3,3,2,1,2.3,142.2,173.3,44.9
Follicular,5.8,2,2,2,3,2.2,234.0,217.7,29.1
Menstrual,5.1,3,3,3,2,2.9,244.5,273.6,37.5
Late Luteal,7.5,5,4,4,1,0.5,41.1,22.0,68.8
Follicular,6.7,3,4,4,2,1.3,146.2,54.2,50.2
Menstrual,7.4,4,3,4,3,0.6,458.5,336.5,45.5
Follicular,7.7,4,4,2,1,0.3,50.9,67.6,73.5
Late Luteal,6.8,4,3,3,2,1.2,143.0,191.1,50.0
Menstrual,5.9,2,2,3,3,2.1,588.0,497.1,14.2
Late Luteal,7.0,3,2,1,2,1.0,204.7,195.3,42.2
Follicular,6.5,3,3,3,3,1.5,454.0,494.7,35.0
Ovulation,6.8,4,5,4,2,1.2,201.8,185.2,63.9
Follicular,7.6,4,3,3,3,0.4,270.0,142.7,58.7
Ovulation,6.8,3,4,3,3,1.2,362.8,417.2,43.4
Early Luteal,7.2,3,2,1,4,0.8,495.0,419.0,30.6
Follicular,8.2,4,3,4,5,0.0,800.0,737.0,40.3
Follicular,7.2,5,3,3,4,0.8,561.2,392.6,46.8
Early Luteal,5.9,4,3,4,2,2.1,96.7,167.0,56.7
Menstrual,4.8,2,3,3,1,3.2,196.1,186.7,26.4
Late Luteal,6.4,3,3,3,1,1.6,50.5,0.0,48.5
Menstrual,7.9,5,4,4,2,0.1,185.7,285.7,66.2
Early Luteal,5.1,3,3,3,1,2.9,41.4,45.3,41.6
Early Luteal,9.0,5,4,3,1,0.0,75.8,90.2,80.8
Follicular,7.5,4,4,4,2,0.5,174.4,205.5,63.5
Menstrual,6.1,3,2,2,4,1.9,369.7,397.9,19.2
Late Luteal,6.3,4,3,2,2,1.7,208.3,294.4,46.2
Menstrual,6.1,2,2,2,1,1.9,78.4,62.6,36.1
Early Luteal,6.2,3,3,3,3,1.8,381.5,311.7,30.6
Late Luteal,5.1,2,2,1,2,2.9,190.7,246.1,26.5
Late Luteal,8.2,4,3,3,1,0.0,32.6,32.5,67.0
Late Luteal,6.7,3,3,2,2,1.3,106.6,59.6,45.5
Ovulation,6.6,3,3,4,3,1.4,415.0,402.6,40.7
Menstrual,6.2,3,1,2,2,1.8,164.7,44.1,38.0
Follicular,9.4,4,5,4,1,0.0,158.4,93.4,79.8
Late Luteal,6.3,3,2,2,2,1.7,100.6,142.0,42.4
Menstrual,6.0,4,3,2,3,2.0,472.5,543.8,31.3
Menstrual,6.3,3,2,4,2,1.7,217.9,186.8,29.4
Follicular,8.5,4,4,4,1,0.0,224.4,324.4,74.2
Early Luteal,7.3,4,3,3,5,0.7,776.4,729.4,34.0
Early Luteal,7.5,4,4,4,1,0.5,96.0,140.1,66.9
Menstrual,8.0,4,2,2,3,0.0,334.8,276.6,53.7
Ovulation,6.1,2,4,4,1,1.9,107.1,131.9,51.9
Early Luteal,4.8,2,2,2,2,3.2,317.7,286.9,18.0
Menstrual,6.1,3,2,3,2,1.9,96.5,27.7,41.0
Follicular,5.6,3,4,3,1,2.4,86.8,62.3,47.0
Menstrual,5.6,2,2,2,2,2.4,272.7,287.3,19.5
Ovulation,7.5,5,5,4,2,0.5,99.6,0.0,74.2
Early Luteal,6.4,3,3,3,2,1.6,112.5,180.2,42.8
Ovulation,8.6,5,4,4,2,0.0,120.5,100.8,79.9
Late Luteal,5.4,3,2,2,2,2.6,145.0,213.7,36.0
Menstrual,8.4,4,3,4,2,0.0,140.4,118.2,65.0
Late Luteal,7.7,4,2,2,3,0.3,434.2,417.0,43.4
Follicular,5.9,3,3,4,2,2.1,112.6,71.7,47.3
Follicular,7.2,3,4,4,1,0.8,40.9,39.2,68.6
Follicular,8.5,5,3,5,1,0.0,23.2,102.8,82.1
Follicular,5.7,3,3,2,1,2.3,2.8,26.3,52.2
Follicular,7.3,4,4,3,2,0.7,334.2,198.6,59.6
Menstrual,7.9,3,3,3,2,0.1,298.0,234.0,46.6
Late Luteal,7.1,3,3,3,1,0.9,63.2,13.6,57.2
Menstrual,6.3,2,2,2,3,1.7,288.0,259.5,27.2
Follicular,7.6,5,5,4,1,0.4,108.9,37.6,79.7
Follicular,6.2,3,3,4,3,1.8,373.6,328.6,36.4
Menstrual,7.3,3,3,3,1,0.7,79.4,165.0,54.3
Early Luteal,9.5,5,4,4,2,0.0,274.5,254.0,80.2
Early Luteal,7.0,2,2,2,2,1.0,116.6,172.1,47.0
Follicular,6.5,3,4,3,1,1.5,33.6,71.3,52.0
Menstrual,9.0,5,4,4,1,0.0,78.2,146.2,78.7
Late Luteal,6.7,3,2,3,3,1.3,279.7,350.8,38.3
Menstrual,4.9,2,2,2,2,3.1,305.0,248.3,20.0
Follicular,6.9,3,3,4,3,1.1,356.7,282.4,49.5
Early Luteal,7.9,4,3,4,2,0.1,177.2,182.7,54.8
Late Luteal,6.9,3,2,2,2,1.1,313.7,413.7,38.5
Follicular,6.9,4,4,3,2,1.1,145.5,104.4,60.9
Late Luteal,6.2,2,2,2,2,1.8,190.2,83.3,33.4
Ovulation,6.0,4,4,5,3,2.0,402.5,502.5,42.7
Early Luteal,7.4,4,4,4,2,0.6,122.5,222.5,64.5
Follicular,7.3,3,4,3,2,0.7,224.2,239.2,57.0
Follicular,5.8,4,3,3,3,2.2,406.5,381.6,38.2
Late Luteal,9.0,5,3,3,2,0.0,169.6,199.9,68.6
Late Luteal,7.7,4,3,2,2,0.3,417.4,455.7,56.4
Follicular,5.7,3,3,3,2,2.3,182.6,256.3,38.2
Early Luteal,5.5,3,2,2,4,2.5,489.9,552.0,20.2
Ovulation,6.4,3,3,4,2,1.6,196.9,143.9,54.5
Follicular,7.4,4,4,4,2,0.6,308.1,240.2,61.6
Menstrual,8.4,3,3,3,2,0.0,240.4,207.1,52.1
Early Luteal,7.2,4,3,3,3,0.8,444.0,465.7,48.1
Menstrual,5.9,3,3,2,2,2.1,154.8,208.8,36.3
Follicular,6.1,4,4,3,3,1.9,359.6,444.7,42.3
Early Luteal,7.7,5,4,4,3,0.3,452.6,474.9,55.2
Ovulation,7.2,4,4,5,2,0.8,383.5,407.9,62.8
Menstrual,7.3,4,3,3,1,0.7,119.6,70.3,67.1
Follicular,7.8,5,4,2,2,0.2,248.7,333.4,74.3
Follicular,7.4,3,3,4,2,0.6,179.3,279.3,52.1
Follicular,7.2,4,3,4,3,0.8,311.5,405.6,52.2
Follicular,7.9,4,4,3,1,0.1,83.4,87.5,72.5
Late Luteal,7.8,4,3,3,2,0.2,129.7,229.7,61.0
Late Luteal,7.3,4,3,2,1,0.7,29.6,6.8,61.9
Early Luteal,8.7,4,4,3,1,0.0,71.2,64.6,79.2
Late Luteal,8.3,4,3,3,4,0.0,678.6,778.6,42.1
Ovulation,6.6,3,3,4,1,1.4,79.5,2.0,60.9
Menstrual,6.3,3,3,3,2,1.7,137.9,90.4,43.3
Late Luteal,6.7,2,2,2,1,1.3,117.8,217.8,41.6
Follicular,7.8,5,4,4,3,0.2,384.6,333.6,62.1
Early Luteal,5.0,2,1,2,2,3.0,63.2,123.6,24.9
Ovulation,6.5,3,4,4,1,1.5,123.3,117.5,54.9
Follicular,7.1,4,4,4,2,0.9,277.4,301.7,57.0
Follicular,7.7,4,3,3,3,0.3,308.0,220.5,52.3
Early Luteal,6.4,3,1,2,3,1.6,337.6,381.2,35.5
Early Luteal,8.0,5,3,3,1,0.0,43.2,47.2,77.9
Late Luteal,6.9,2,2,3,5,1.1,800.0,808.5,8.5
Ovulation,7.0,3,3,4,3,1.0,343.4,282.4,36.4
Late Luteal,6.4,2,1,2,2,1.6,192.2,85.8,30.3
Late Luteal,6.0,3,2,2,2,2.0,337.2,359.1,40.9
Late Luteal,6.3,3,2,2,1,1.7,56.1,156.1,45.7
Menstrual,7.7,3,2,3,3,0.3,349.1,330.6,34.7
Menstrual,6.1,3,4,3,2,1.9,189.1,142.8,36.7
Late Luteal,6.7,2,2,2,2,1.3,95.3,195.3,39.1
Follicular,6.6,3,3,5,1,1.4,63.2,118.9,51.5
Late Luteal,6.6,2,2,2,2,1.4,170.1,144.0,34.0
Follicular,6.1,3,3,3,2,1.9,150.1,234.3,41.8
Early Luteal,6.9,2,1,3,4,1.1,587.2,609.9,19.1
Follicular,7.4,4,3,5,3,0.6,452.5,254.9,51.0
Follicular,7.4,4,4,4,2,0.6,200.0,101.2,56.0
Follicular,6.3,3,3,2,5,1.7,800.0,792.3,19.4
Follicular,7.0,4,3,4,2,1.0,297.5,139.1,47.4
Menstrual,6.0,3,2,2,1,2.0,7.8,45.1,45.0
Early Luteal,5.4,3,2,3,2,2.6,65.6,78.2,38.3
Follicular,6.9,3,3,3,1,1.1,66.0,76.9,57.5
Early Luteal,7.1,4,2,3,2,0.9,167.1,0.0,60.8
Follicular,7.9,4,4,4,2,0.1,229.4,171.0,63.5
Ovulation,7.3,3,4,4,3,0.7,382.6,482.6,43.3
Follicular,7.2,4,3,4,4,0.8,485.6,361.0,44.5
Follicular,7.0,3,4,4,3,1.0,296.1,230.5,44.2
Follicular,6.6,4,4,4,2,1.4,10.1,58.5,60.1
Late Luteal,8.7,4,2,2,4,0.0,415.3,515.3,45.5
Late Luteal,7.8,3,3,2,3,0.2,466.7,411.1,37.0
Late Luteal,6.3,2,3,2,2,1.7,99.7,101.5,32.9
Menstrual,6.3,3,3,3,2,1.7,211.4,175.4,38.5
Early Luteal,5.9,3,3,4,2,2.1,190.1,138.5,40.0
Follicular,7.3,4,4,3,2,0.7,251.4,276.5,59.0
Follicular,5.2,3,3,2,3,2.8,422.7,321.1,23.3
Late Luteal,6.8,3,2,2,2,1.2,177.3,213.8,46.2
Late Luteal,7.0,2,2,1,3,1.0,468.9,410.9,23.4
Follicular,8.2,5,4,4,1,0.0,79.1,72.5,76.1
Early Luteal,7.4,4,4,4,1,0.6,84.0,84.0,67.1
Early Luteal,7.0,3,3,4,1,1.0,57.1,90.8,50.9
Ovulation,7.4,4,4,5,2,0.6,149.0,214.2,66.7
Late Luteal,5.5,4,3,3,1,2.5,155.7,34.7,47.6
Late Luteal,6.4,2,2,1,2,1.6,183.9,95.2,33.3
Ovulation,6.7,3,4,4,1,1.3,72.3,30.1,58.3
Ovulation,7.5,4,4,4,2,0.5,258.5,354.4,63.7
Menstrual,6.8,3,3,3,2,1.2,249.6,284.4,41.1
Late Luteal,5.5,3,2,2,4,2.5,531.7,506.8,18.1
Ovulation,7.9,4,4,4,2,0.1,284.6,154.1,62.5
Menstrual,5.7,2,1,2,2,2.3,130.6,194.5,25.3
Early Luteal,6.6,3,3,3,2,1.4,123.7,77.9,48.6
Menstrual,5.7,3,1,2,5,2.3,714.9,797.6,6.3
Late Luteal,6.5,3,3,3,1,1.5,88.5,133.7,48.1
Follicular,7.2,5,5,5,1,0.8,49.9,70.8,74.0
Ovulation,7.3,4,4,3,2,0.7,61.1,38.0,59.3
Late Luteal,6.7,3,3,2,2,1.3,197.8,123.4,38.6
Early Luteal,6.8,3,3,3,3,1.2,450.9,550.9,40.6
Late Luteal,5.1,2,1,2,5,2.9,719.4,589.8,0.0
Menstrual,6.1,2,4,3,1,1.9,64.8,125.5,42.8
Follicular,6.1,3,3,3,2,1.9,207.5,274.6,41.9
Early Luteal,7.7,2,3,3,1,0.3,122.0,73.9,56.5
Ovulation,6.1,4,3,3,2,1.9,148.8,188.6,52.8
Ovulation,5.3,2,2,3,4,2.7,615.7,576.5,8.5
Follicular,7.1,4,4,5,2,0.9,109.2,134.1,61.6
Late Luteal,7.1,3,3,2,3,0.9,326.9,307.5,43.4
Follicular,7.3,3,3,3,3,0.7,252.1,203.5,46.9
Menstrual,7.9,3,3,2,2,0.1,95.5,119.8,52.9
Early Luteal,6.6,3,3,2,1,1.4,68.3,168.3,50.8
Ovulation,5.8,3,4,5,1,2.2,102.2,163.4,45.0
Follicular,7.5,3,3,3,3,0.5,389.7,419.5,43.9
Follicular,8.0,4,4,4,1,0.0,56.7,92.9,77.4
Late Luteal,6.0,4,3,2,2,2.0,222.1,322.1,46.6
Follicular,6.4,3,3,3,2,1.6,141.5,143.8,46.0
Follicular,7.7,4,3,3,3,0.3,480.0,495.1,47.3
Late Luteal,7.3,5,4,3,1,0.7,122.3,57.9,69.3
Early Luteal,6.7,3,2,3,2,1.3,249.3,269.3,48.0
Menstrual,7.6,3,2,2,3,0.4,340.0,272.9,44.2
Ovulation,7.2,3,4,4,3,0.8,353.2,453.2,45.6
Follicular,5.8,3,2,3,1,2.2,64.6,66.1,49.0
Follicular,7.9,5,4,3,2,0.1,277.1,150.0,67.7
Menstrual,7.0,3,2,2,2,1.0,306.7,292.1,42.0
Late Luteal,7.0,3,3,1,2,1.0,267.4,234.0,46.8
Early Luteal,6.8,2,3,4,3,1.2,419.7,447.6,30.3
Follicular,7.6,5,4,4,1,0.4,0.5,86.8,77.9
Late Luteal,7.4,3,3,2,3,0.6,512.5,495.8,36.5
Follicular,5.7,3,3,2,3,2.3,365.4,208.9,24.2
Follicular,7.6,5,4,4,2,0.4,173.6,85.4,65.7
Follicular,5.4,3,4,4,1,2.6,126.0,226.0,42.1
Follicular,6.7,3,4,5,1,1.3,132.1,217.5,59.6
Late Luteal,7.7,3,4,2,3,0.3,380.7,265.4,42.2
Follicular,5.9,3,3,3,3,2.1,231.2,152.6,39.7
Follicular,7.0,3,4,4,2,1.0,347.9,381.4,47.0
Follicular,8.7,5,3,4,5,0.0,800.0,653.6,48.7
Menstrual,6.3,2,4,3,2,1.7,129.6,229.6,32.8
Late Luteal,6.3,3,3,2,1,1.7,43.7,0.0,52.0
Follicular,6.0,3,3,3,3,2.0,310.9,332.8,35.6
Menstrual,7.6,3,2,2,2,0.4,136.2,128.8,47.7
Menstrual,5.4,3,3,3,1,2.6,77.5,106.9,40.0
Follicular,8.6,5,3,2,1,0.0,62.5,0.0,80.7
Follicular,7.7,4,4,3,1,0.3,38.4,18.7,71.0
Late Luteal,6.3,3,3,2,1,1.7,35.3,28.3,43.3
Follicular,8.0,3,3,2,3,0.0,401.5,399.0,43.1
Early Luteal,8.9,4,2,3,5,0.0,800.0,732.4,38.5
Follicular,6.4,3,4,3,1,1.6,202.3,109.1,47.5
Late Luteal,7.9,4,3,3,2,0.1,94.2,0.0,63.4
Follicular,7.0,4,4,5,1,1.0,68.5,2.8,66.8
Early Luteal,7.8,4,4,4,2,0.2,195.6,150.7,57.9
Late Luteal,6.9,2,2,2,1,1.1,120.5,100.7,48.0
Menstrual,6.9,3,3,3,3,1.1,400.1,328.1,34.9
Early Luteal,6.6,2,3,3,2,1.4,60.5,111.3,43.7
Late Luteal,6.6,3,3,3,2,1.4,106.1,58.3,45.9
Menstrual,7.0,2,2,3,1,1.0,109.9,41.9,44.0
Follicular,8.1,4,4,4,1,0.0,43.4,115.0,70.2
Late Luteal,5.6,3,2,2,2,2.4,36.5,83.6,35.8
Menstrual,8.6,4,4,5,2,0.0,118.0,100.8,66.6
Menstrual,4.9,1,2,2,3,3.1,334.0,390.1,7.7
Late Luteal,7.5,4,3,2,2,0.5,83.7,0.0,57.7
Menstrual,6.6,3,3,4,5,1.4,653.1,753.1,15.8
Follicular,7.9,4,2,3,3,0.1,357.8,378.6,61.1
Early Luteal,6.9,2,3,2,2,1.1,264.8,335.9,39.8
Late Luteal,5.9,3,3,2,2,2.1,165.0,148.4,36.1
Menstrual,5.1,2,2,2,3,2.9,331.1,410.9,14.6
Menstrual,7.0,2,3,2,1,1.0,58.6,85.8,47.2
Follicular,7.7,4,4,4,2,0.3,95.7,73.0,65.4
Follicular,5.4,2,3,3,3,2.6,320.1,238.6,19.1
Late Luteal,6.6,4,3,3,3,1.4,380.2,383.7,38.1
Early Luteal,7.6,4,3,4,1,0.4,113.3,122.0,66.1
Late Luteal,7.2,4,3,2,4,0.8,487.1,522.7,36.8
Follicular,7.6,4,3,4,2,0.4,153.5,106.3,59.7
Late Luteal,7.3,3,2,2,3,0.7,430.8,427.8,39.6
Early Luteal,7.1,4,3,4,2,0.9,267.0,252.9,50.6
Late Luteal,6.9,3,3,2,3,1.1,242.1,223.0,40.5
Late Luteal,6.6,3,3,2,1,1.4,129.0,135.6,45.2
Late Luteal,5.4,2,2,2,4,2.6,520.5,576.5,13.0
Ovulation,6.5,2,2,4,2,1.5,277.4,302.8,44.5
Follicular,7.1,4,4,3,2,0.9,213.7,237.1,57.5
Late Luteal,6.6,3,2,3,3,1.4,250.0,290.4,33.5
Ovulation,7.8,4,4,4,2,0.2,147.3,123.4,66.1
Early Luteal,7.6,5,4,4,2,0.4,78.6,0.0,72.0
Ovulation,7.6,4,3,4,2,0.4,216.6,212.9,64.1
Follicular,7.5,5,4,3,2,0.5,134.9,134.9,65.5
Ovulation,6.9,3,3,3,2,1.1,182.9,145.2,48.3
Menstrual,5.5,3,3,3,2,2.5,123.3,152.5,33.3
Early Luteal,7.3,4,4,4,2,0.7,157.3,193.6,60.4
Late Luteal,7.1,3,3,2,2,0.9,80.7,0.0,48.7
Late Luteal,6.9,3,2,2,3,1.1,239.4,133.3,33.3
Ovulation,5.7,3,3,3,2,2.3,233.8,222.3,40.3
Early Luteal,5.8,2,3,3,2,2.2,241.1,118.4,28.1
Late Luteal,6.3,3,2,1,2,1.7,132.6,57.1,36.2
Follicular,6.7,4,4,3,2,1.3,312.0,259.4,54.3
Late Luteal,5.6,2,3,3,3,2.4,294.2,326.0,16.2
Ovulation,6.5,2,3,3,2,1.5,171.7,271.7,39.1
Menstrual,7.6,5,4,3,3,0.4,434.6,422.2,49.0
Late Luteal,6.3,4,2,3,1,1.7,34.9,0.0,48.2
Late Luteal,5.7,2,2,3,3,2.3,246.2,152.3,20.3
Menstrual,7.5,4,2,3,2,0.5,178.6,99.0,53.5
Follicular,7.6,5,4,5,2,0.4,48.7,120.7,66.6
Follicular,6.9,3,4,4,2,1.1,188.6,195.1,50.7
Late Luteal,6.0,3,2,2,2,2.0,301.3,392.1,35.0
Menstrual,7.1,5,3,3,3,0.9,409.0,280.7,48.4
Ovulation,6.7,3,4,2,1,1.3,37.1,3.5,52.2
Late Luteal,6.9,3,2,2,4,1.1,485.1,384.7,31.5
Menstrual,8.6,5,4,5,1,0.0,110.7,190.8,80.4
Follicular,7.0,3,3,2,1,1.0,123.1,215.0,55.4
Menstrual,7.3,3,3,2,3,0.7,410.5,271.3,36.9
Ovulation,5.7,4,2,2,5,2.3,668.3,617.5,28.1
Menstrual,7.0,2,3,2,2,1.0,194.6,294.6,40.3
Early Luteal,5.4,2,3,3,3,2.6,296.3,286.6,26.9
Menstrual,6.4,2,2,1,3,1.6,479.3,418.7,20.7
Follicular,6.4,3,3,2,4,1.6,575.7,527.3,29.5
Late Luteal,6.9,3,3,3,2,1.1,205.8,254.2,50.2
Early Luteal,6.4,3,3,3,1,1.6,42.5,0.0,54.4
Early Luteal,7.7,3,3,3,3,0.3,398.3,374.3,42.5
Early Luteal,6.7,4,3,3,2,1.3,222.8,322.8,52.6
Follicular,6.9,4,3,3,1,1.1,30.9,0.0,61.7
Early Luteal,7.2,4,3,4,1,0.8,100.4,91.5,67.7
Ovulation,8.7,5,5,3,3,0.0,267.6,264.2,67.4
Early Luteal,4.8,1,2,2,2,3.2,166.0,1.8,19.4
Menstrual,5.5,3,2,3,4,2.5,518.2,497.9,16.8
Early Luteal,8.6,4,4,4,2,0.0,18.5,0.0,74.3
Late Luteal,7.2,4,2,1,3,0.8,314.4,290.5,45.2
Late Luteal,7.4,3,3,2,1,0.6,115.3,23.3,53.0
Menstrual,5.8,3,3,1,2,2.2,167.1,208.0,34.1
Early Luteal,5.8,2,2,3,2,2.2,229.8,230.0,28.4
Follicular,5.2,3,2,2,4,2.8,726.7,759.3,10.3
Menstrual,8.7,5,3,4,3,0.0,391.3,360.8,63.8
Follicular,7.5,5,5,3,2,0.5,223.8,165.8,68.3
Follicular,6.9,4,4,4,1,1.1,30.7,0.0,67.7
Menstrual,5.7,2,3,2,1,2.3,195.2,253.1,29.5
Early Luteal,6.4,4,3,3,2,1.6,103.9,197.8,50.9
Follicular,7.2,5,3,4,3,0.8,467.4,512.5,50.4
Early Luteal,7.0,3,4,3,1,1.0,63.3,6.3,61.5
Menstrual,5.8,4,3,3,1,2.2,22.8,53.7,52.7
Menstrual,8.0,2,2,2,1,0.0,43.8,77.3,52.1
Follicular,8.4,5,4,4,2,0.0,287.3,214.5,73.2
Ovulation,7.1,5,4,3,2,0.9,186.3,282.2,63.4
Follicular,6.0,2,3,4,2,2.0,100.8,32.1,38.2
Late Luteal,5.8,2,2,1,4,2.2,576.2,516.0,10.7
Late Luteal,6.0,3,2,2,2,2.0,154.3,133.9,36.0
Early Luteal,7.7,3,2,3,3,0.3,353.2,453.2,46.7
Menstrual,7.1,4,3,3,2,0.9,175.2,230.8,51.1
Late Luteal,4.6,2,2,2,1,3.4,26.6,0.0,23.7
Follicular,6.7,3,4,4,2,1.3,188.3,109.8,54.4
Early Luteal,7.1,5,4,4,2,0.9,220.7,248.9,63.1
Early Luteal,6.6,4,2,2,1,1.4,80.8,180.8,54.2
Follicular,7.9,4,4,4,1,0.1,28.7,128.7,73.5
Follicular,9.1,4,4,4,2,0.0,290.9,377.6,72.9
Menstrual,5.0,1,2,2,2,3.0,370.6,452.9,9.8
Menstrual,6.3,4,3,2,2,1.7,195.7,131.5,44.2
Late Luteal,7.8,4,4,4,2,0.2,134.9,140.3,61.1
Menstrual,6.7,2,3,2,3,1.3,433.1,533.1,27.9
Menstrual,5.7,4,2,3,4,2.3,535.7,593.7,19.8
Follicular,7.6,4,4,4,2,0.4,223.2,255.0,67.0
Early Luteal,7.6,5,4,4,1,0.4,99.6,0.0,75.0
Late Luteal,5.1,3,2,2,3,2.9,381.2,268.1,20.6
Follicular,8.4,4,4,4,1,0.0,78.6,71.5,75.3
Early Luteal,5.8,3,3,3,2,2.2,158.4,201.3,41.1
Follicular,8.0,3,4,4,2,0.0,84.8,38.4,69.6
Follicular,7.1,4,3,3,1,0.9,29.9,85.9,63.9
Follicular,7.2,5,4,5,2,0.8,164.0,264.0,68.1
Follicular,6.4,3,2,2,5,1.6,800.0,900.0,10.5
Late Luteal,6.0,2,2,1,2,2.0,136.9,161.1,26.2
Menstrual,9.5,5,3,2,3,0.0,223.0,247.4,69.7
Late Luteal,5.2,3,1,1,5,2.8,756.0,742.2,0.7
Early Luteal,7.6,4,3,4,1,0.4,60.2,0.0,68.1
Late Luteal,6.9,3,3,3,3,1.1,369.1,353.9,37.6
Early Luteal,7.4,5,3,3,2,0.6,357.1,448.4,56.8
Late Luteal,6.4,2,3,2,2,1.6,282.8,310.8,34.1
Late Luteal,7.5,4,3,3,2,0.5,91.4,117.8,57.6
Menstrual,8.4,4,3,2,4,0.0,665.8,586.8,47.2
Late Luteal,5.8,3,3,3,4,2.2,545.7,595.6,18.8
Late Luteal,6.6,3,2,2,3,1.4,446.0,384.1,30.7
Ovulation,7.6,4,5,4,1,0.4,101.8,201.8,74.9
Follicular,8.7,5,5,4,2,0.0,96.3,73.0,75.4
Late Luteal,8.5,3,3,3,2,0.0,220.4,320.4,55.5
Early Luteal,8.8,4,4,4,1,0.0,27.9,78.2,74.8
Early Luteal,7.5,4,3,3,2,0.5,184.5,284.5,55.7
Menstrual,7.6,4,3,2,2,0.4,112.0,99.1,57.5
Late Luteal,6.6,2,2,2,2,1.4,253.4,267.4,29.2
Follicular,6.7,3,3,2,1,1.3,26.3,103.3,52.9
Follicular,7.1,4,4,4,2,0.9,219.7,315.0,58.0
Follicular,7.4,5,4,3,2,0.6,311.1,302.8,60.3
Menstrual,4.5,1,1,3,4,3.5,370.3,379.5,0.0
Late Luteal,5.1,3,3,4,1,2.9,15.8,0.0,38.2
Early Luteal,5.6,3,3,3,3,2.4,402.1,458.5,26.0
Early Luteal,5.8,4,4,4,3,2.2,456.8,382.6,41.9
Early Luteal,6.3,4,4,4,1,1.7,74.3,9.4,57.9
Menstrual,6.0,2,2,3,3,2.0,345.4,300.6,18.9
Late Luteal,7.1,4,2,3,2,0.9,296.8,175.8,50.1
Early Luteal,7.9,4,3,3,1,0.1,100.4,200.4,72.9
Late Luteal,6.6,2,2,2,2,1.4,195.1,86.0,41.5
Follicular,7.4,4,4,3,4,0.6,527.4,435.0,46.1
Early Luteal,5.8,3,2,3,3,2.2,293.7,247.5,31.9
Menstrual,6.1,4,3,4,5,1.9,800.0,759.6,18.7
Early Luteal,7.6,4,3,2,2,0.4,232.3,196.3,59.9
Early Luteal,7.3,4,4,4,2,0.7,204.6,120.6,61.6
Menstrual,6.7,3,3,3,1,1.3,79.5,0.0,43.7
Early Luteal,5.5,4,3,3,3,2.5,322.5,379.1,34.3
Late Luteal,4.3,1,2,2,2,3.7,184.7,210.9,8.0
Ovulation,7.7,4,3,5,2,0.3,189.6,223.4,65.7
Follicular,6.7,3,3,2,2,1.3,226.1,92.1,46.0
Follicular,8.1,4,5,4,2,0.0,223.5,226.5,67.8
Follicular,5.4,2,3,4,4,2.6,655.5,728.8,15.1
Ovulation,5.8,3,3,4,2,2.2,310.8,272.5,47.4
Late Luteal,6.1,3,2,2,2,1.9,245.6,226.1,35.0
Menstrual,6.2,2,3,1,2,1.8,251.2,339.8,29.4
Late Luteal,5.6,3,3,3,1,2.4,72.4,114.4,44.5
Menstrual,6.7,3,3,3,3,1.3,367.8,347.5,34.3
Ovulation,7.0,3,4,4,2,1.0,294.3,286.9,54.6
Early Luteal,7.7,4,2,3,3,0.3,426.8,440.4,47.5
Early Luteal,5.8,3,3,3,1,2.2,116.1,128.2,49.7
Follicular,9.1,4,4,4,2,0.0,137.3,109.1,73.9
Follicular,7.2,5,4,3,2,0.8,200.2,263.0,63.9
Late Luteal,7.3,3,3,2,2,0.7,98.6,0.0,48.4
Early Luteal,6.8,3,3,4,3,1.2,501.5,601.5,34.9
Late Luteal,7.3,3,3,2,1,0.7,142.2,242.2,49.7
Late Luteal,5.3,4,2,2,3,2.7,290.6,349.8,30.2
Early Luteal,7.8,3,3,2,3,0.2,223.6,238.5,49.5
Follicular,9.5,5,3,4,2,0.0,173.3,150.5,77.3
Follicular,7.5,4,4,3,2,0.5,261.8,197.4,61.9
Menstrual,4.5,2,3,2,1,3.5,137.9,78.9,27.3
Late Luteal,5.9,2,3,3,1,2.1,104.1,204.1,42.8
Late Luteal,5.4,3,3,2,1,2.6,124.2,193.5,33.1
Late Luteal,6.3,3,3,2,2,1.7,259.1,203.2,39.3
Follicular,7.0,3,2,2,4,1.0,430.8,369.7,34.4
Late Luteal,6.7,4,3,3,1,1.3,29.3,0.0,56.0
Early Luteal,8.5,4,4,4,1,0.0,82.2,102.3,77.6
Early Luteal,7.9,4,3,2,3,0.1,281.0,381.0,58.7
Early Luteal,6.7,4,4,3,2,1.3,63.5,19.4,60.2
Follicular,6.4,4,4,4,3,1.6,407.7,371.5,45.4
Late Luteal,7.9,3,3,2,1,0.1,25.4,0.0,59.7
Late Luteal,5.8,3,2,3,2,2.2,200.1,101.7,34.0
Menstrual,7.4,3,2,4,2,0.6,277.1,377.1,49.6
Follicular,5.8,3,2,3,5,2.2,800.0,836.9,5.0
Menstrual,6.4,3,3,2,1,1.6,209.9,122.7,44.1
Menstrual,5.9,3,2,3,2,2.1,188.3,282.5,34.2
Early Luteal,6.9,3,3,4,2,1.1,231.2,243.1,48.0
Early Luteal,5.7,3,2,4,4,2.3,569.6,419.6,19.9
Late Luteal,5.6,3,3,3,2,2.4,170.4,159.7,36.1
Early Luteal,6.1,3,4,3,1,1.9,65.6,0.0,52.4
Early Luteal,5.8,3,3,3,4,2.2,630.6,730.6,21.2
Menstrual,6.5,2,2,3,3,1.5,500.5,462.0,18.5
Follicular,7.5,4,3,3,3,0.5,345.2,318.2,57.7
Ovulation,7.7,4,4,5,2,0.3,265.7,301.6,62.7
Late Luteal,6.9,2,2,1,2,1.1,223.2,242.0,34.5
Follicular,7.0,4,4,4,3,1.0,343.0,360.2,49.9
Follicular,7.4,3,4,3,2,0.6,363.1,337.6,51.7
Late Luteal,4.2,2,2,2,2,3.8,112.7,96.2,14.9
Late Luteal,7.7,3,3,3,2,0.3,243.2,213.1,46.7
Late Luteal,6.6,3,3,3,1,1.4,9.6,62.8,50.9
Follicular,5.8,4,3,3,2,2.2,278.3,175.7,44.0
Early Luteal,7.6,4,3,4,2,0.4,249.9,241.9,54.3
Follicular,7.1,3,3,4,2,0.9,139.6,225.1,51.9
Ovulation,5.7,4,3,3,3,2.3,270.6,309.8,40.3
Late Luteal,6.1,3,3,4,4,1.9,567.2,602.3,22.6
Follicular,6.2,3,3,3,3,1.8,374.6,373.7,34.9
Early Luteal,7.7,3,4,3,2,0.3,80.8,100.3,58.5
Early Luteal,9.5,4,4,5,1,0.0,60.6,61.0,78.6
Late Luteal,7.0,4,3,3,2,1.0,172.0,154.3,54.3
Early Luteal,7.0,4,4,4,2,1.0,285.9,106.6,62.0
Late Luteal,5.5,2,2,2,2,2.5,136.9,236.9,28.7
Early Luteal,6.9,2,4,4,2,1.1,153.2,0.0,45.2
Follicular,7.2,3,3,2,1,0.8,123.0,165.7,57.8
Follicular,7.3,3,4,3,2,0.7,360.9,325.7,47.4
Follicular,7.6,4,4,4,1,0.4,98.9,30.9,73.9
Early Luteal,7.5,5,4,4,1,0.5,29.6,46.3,72.6
Follicular,6.5,4,3,4,3,1.5,266.8,366.8,51.7
Follicular,6.8,4,3,4,2,1.2,161.0,51.4,60.3
Late Luteal,5.1,3,1,1,4,2.9,479.6,579.6,10.6
Menstrual,8.4,4,4,3,3,0.0,378.4,446.1,51.4
Menstrual,7.1,4,2,2,2,0.9,257.2,190.4,46.9
Early Luteal,8.8,4,4,3,1,0.0,92.6,166.6,71.6
Menstrual,6.4,3,3,3,2,1.6,218.1,313.2,38.8
Ovulation,7.1,4,4,3,2,0.9,26.3,40.1,64.0
Follicular,8.0,4,4,3,2,0.0,134.6,0.0,71.7
Menstrual,8.0,3,3,3,2,0.0,289.7,389.7,51.4
Follicular,8.4,3,4,4,2,0.0,149.0,143.5,64.4
Early Luteal,5.7,3,3,3,3,2.3,461.0,428.5,27.7
Late Luteal,6.6,3,3,3,2,1.4,105.7,156.5,43.8
Late Luteal,5.5,3,2,2,4,2.5,604.0,633.8,7.8
Late Luteal,5.9,2,2,1,2,2.1,49.6,58.3,31.6
Menstrual,7.5,3,3,3,2,0.5,246.3,292.7,45.5
Menstrual,5.3,2,2,2,2,2.7,109.1,115.9,23.4
Early Luteal,7.3,5,3,2,2,0.7,178.0,224.3,60.0
Late Luteal,7.5,4,3,3,2,0.5,214.3,248.0,58.2
Follicular,7.8,5,5,5,1,0.2,53.2,38.8,83.3
Ovulation,8.3,4,4,4,4,0.0,386.6,394.3,51.5
Late Luteal,6.6,3,3,3,1,1.4,98.9,173.6,51.0
Follicular,7.8,3,2,2,4,0.2,560.5,660.5,37.0
Menstrual,7.8,3,4,2,2,0.2,172.0,272.0,57.2
Late Luteal,7.3,3,3,2,3,0.7,221.1,183.8,47.3
Late Luteal,9.4,5,4,4,2,0.0,235.9,267.1,74.7
Late Luteal,5.9,3,2,2,3,2.1,341.6,390.3,28.4
Late Luteal,5.7,3,4,4,1,2.3,141.2,103.2,45.3
Late Luteal,8.3,3,2,2,4,0.0,523.7,623.7,36.5
Late Luteal,7.9,4,4,2,2,0.1,240.8,340.8,61.0
Follicular,6.8,2,3,3,1,1.2,118.8,206.0,39.6
Early Luteal,7.4,4,4,4,2,0.6,107.5,44.2,63.4
Menstrual,6.1,3,2,3,2,1.9,114.6,100.7,40.2
Early Luteal,7.6,3,3,4,1,0.4,74.6,18.9,55.4
Late Luteal,5.8,3,3,2,4,2.2,499.4,488.3,17.9
Follicular,6.5,3,3,3,1,1.5,116.6,216.6,50.7
Ovulation,8.0,4,4,4,4,0.0,534.1,579.8,52.4
Follicular,7.1,5,4,4,2,0.9,89.6,189.6,65.4
Menstrual,6.8,3,3,3,2,1.2,187.4,0.0,46.9
Ovulation,7.9,4,2,3,3,0.1,318.9,302.0,55.5
Follicular,7.3,3,3,3,3,0.7,279.6,158.2,44.5
Early Luteal,7.2,3,3,2,1,0.8,43.2,138.4,60.7
Menstrual,9.1,3,4,3,1,0.0,42.2,0.0,67.7
Early Luteal,7.3,3,3,3,2,0.7,152.8,186.7,50.6
Late Luteal,7.0,2,1,2,2,1.0,256.4,355.1,31.7
Follicular,6.5,2,3,3,1,1.5,94.5,101.8,42.2
Menstrual,8.8,4,3,3,2,0.0,327.3,278.2,60.7
Menstrual,7.1,4,3,2,2,0.9,250.7,197.8,55.0
Late Luteal,6.5,3,2,3,2,1.5,237.3,316.8,37.0
Follicular,7.3,4,4,4,2,0.7,254.1,216.7,54.0
Follicular,6.8,3,3,3,4,1.2,498.2,422.3,34.1
Late Luteal,5.8,3,3,2,1,2.2,21.5,0.0,44.0
Follicular,6.7,3,4,3,1,1.3,50.3,125.7,55.6
Menstrual,6.9,2,4,3,1,1.1,77.8,105.6,45.9
Early Luteal,6.0,3,3,3,1,2.0,60.6,0.0,48.8
Menstrual,4.6,2,2,1,3,3.4,583.7,530.8,5.2
Late Luteal,5.8,3,2,4,2,2.2,190.2,180.8,29.8
Ovulation,8.4,4,5,3,3,0.0,457.0,463.0,60.2
Early Luteal,6.7,4,3,3,2,1.3,130.6,155.8,58.2
Follicular,6.1,3,3,4,1,1.9,70.4,84.3,53.2
Menstrual,6.7,3,3,2,3,1.3,444.2,514.6,36.2
Late Luteal,7.1,4,2,2,1,0.9,21.9,0.0,58.9
Menstrual,7.6,4,4,3,2,0.4,214.0,157.7,57.3
Late Luteal,7.2,4,3,3,3,0.8,354.4,433.4,42.6
Menstrual,5.5,3,3,4,2,2.5,109.1,197.4,36.7
Menstrual,6.7,3,3,3,1,1.3,91.9,41.3,51.8
Late Luteal,6.9,4,2,1,2,1.1,114.8,214.8,50.2
Follicular,6.8,3,4,4,1,1.2,70.7,27.7,58.9
Early Luteal,5.9,3,3,3,2,2.1,75.4,71.3,43.1
Late Luteal,6.5,3,2,2,3,1.5,392.2,334.3,35.8
Late Luteal,6.1,3,3,2,2,1.9,308.2,225.5,39.7
Menstrual,5.3,3,2,2,2,2.7,133.8,108.6,30.6
Follicular,5.6,3,3,4,2,2.4,63.8,117.9,45.6
Ovulation,8.4,4,4,3,2,0.0,410.6,466.8,64.9
Menstrual,6.6,3,4,4,2,1.4,105.7,105.5,42.6
Early Luteal,5.9,3,3,4,2,2.1,249.2,184.0,36.2
Late Luteal,8.4,3,3,2,1,0.0,97.0,31.8,56.8
Ovulation,6.4,3,2,3,4,1.6,497.2,560.5,36.6
Late Luteal,6.4,2,2,2,1,1.6,46.2,78.0,39.9
Follicular,6.8,4,4,4,2,1.2,84.2,143.7,55.9
Late Luteal,8.1,3,3,3,2,0.0,220.2,149.6,56.1
Menstrual,5.0,1,2,2,2,3.0,135.7,28.9,15.6
Late Luteal,6.5,3,3,3,2,1.5,127.1,82.5,45.7
Early Luteal,7.2,5,4,4,1,0.8,115.8,192.9,68.7
Follicular,7.9,3,3,4,1,0.1,99.6,0.0,67.2
Late Luteal,6.0,3,2,3,3,2.0,296.2,154.2,25.6
Early Luteal,5.4,3,3,5,3,2.6,359.2,459.2,24.3
Late Luteal,4.1,2,2,2,2,3.9,113.5,93.2,21.3
Early Luteal,7.0,3,3,2,1,1.0,19.1,48.3,58.0
Follicular,7.2,5,4,5,2,0.8,103.3,89.9,66.2
Follicular,7.9,5,3,3,3,0.1,379.4,306.2,59.7
Late Luteal,6.7,3,2,2,2,1.3,124.7,192.3,45.0
Menstrual,4.5,2,1,1,2,3.5,106.0,206.0,12.3
Follicular,6.6,3,2,2,2,1.4,205.8,160.9,45.4
Ovulation,5.7,3,3,3,3,2.3,409.7,385.8,33.9
Late Luteal,6.2,3,3,2,1,1.8,184.0,147.4,42.1
Follicular,7.3,4,4,4,1,0.7,240.3,220.2,61.6
Early Luteal,7.8,4,3,3,2,0.2,110.7,210.7,61.5
Follicular,7.0,4,3,4,2,1.0,270.7,292.3,55.8
Follicular,6.3,2,3,4,2,1.7,152.6,156.2,44.0
Ovulation,8.2,4,4,5,1,0.0,105.0,118.6,80.1
Ovulation,7.2,3,4,4,2,0.8,254.9,105.2,56.4
Early Luteal,8.8,5,4,3,2,0.0,235.5,323.9,77.4
Menstrual,7.3,3,2,1,2,0.7,196.3,124.1,49.2
Ovulation,6.7,3,4,4,2,1.3,149.9,249.9,49.9
Follicular,6.9,3,3,3,3,1.1,239.9,206.5,43.8
Late Luteal,6.2,2,2,2,4,1.8,471.3,414.4,16.0
Late Luteal,6.1,2,2,2,2,1.9,224.5,244.0,32.1
Follicular,7.6,3,2,3,2,0.4,211.2,115.5,55.5
Early Luteal,7.0,3,3,3,5,1.0,800.0,855.0,24.5
Follicular,7.8,4,3,3,1,0.2,111.7,17.3,74.1
Follicular,5.6,4,3,3,2,2.4,220.9,194.8,43.2
Menstrual,8.3,4,3,2,2,0.0,194.7,210.6,62.6
Follicular,7.2,5,3,5,5,0.8,800.0,746.9,31.5
Early Luteal,6.9,3,2,3,3,1.1,343.3,367.1,39.1
Menstrual,5.9,3,2,2,1,2.1,98.8,0.0,40.5
Follicular,8.4,4,4,3,2,0.0,339.7,241.7,65.4
Follicular,9.5,5,5,4,2,0.0,205.1,201.3,76.0
Early Luteal,8.6,4,3,3,2,0.0,184.3,284.3,66.6
Early Luteal,7.0,3,2,2,5,1.0,800.0,868.9,12.3
Follicular,6.4,3,4,4,2,1.6,242.6,263.5,43.9
Follicular,7.1,4,3,3,3,0.9,178.0,100.2,57.5
Menstrual,7.0,3,1,2,3,1.0,436.5,387.2,34.0
Follicular,7.3,3,3,4,3,0.7,522.5,489.7,38.6
Menstrual,6.6,3,2,1,2,1.4,131.8,32.5,41.7
Early Luteal,6.6,3,3,3,1,1.4,17.3,0.0,54.3
Follicular,6.5,5,4,4,2,1.5,185.3,195.9,57.2
Early Luteal,6.1,4,3,3,3,1.9,344.3,286.1,38.6
Follicular,8.5,5,5,4,2,0.0,213.2,157.1,71.0
Late Luteal,7.7,3,2,2,3,0.3,432.6,422.7,38.9
Follicular,7.8,4,3,4,2,0.2,223.8,209.0,62.7
Follicular,7.3,4,4,3,2,0.7,268.9,268.4,56.2
Follicular,7.3,4,4,4,2,0.7,53.4,11.4,66.3
Follicular,5.7,3,4,5,1,2.3,54.0,0.0,54.7
Early Luteal,8.3,5,3,3,1,0.0,88.3,142.2,78.0
Follicular,7.8,4,5,4,1,0.2,137.3,114.8,78.5
Menstrual,7.9,3,3,2,2,0.1,127.7,167.0,57.3
Late Luteal,5.2,3,3,2,2,2.8,155.8,162.6,25.8
Late Luteal,6.0,4,2,2,4,2.0,579.6,420.8,25.2
Follicular,5.9,3,3,4,2,2.1,291.7,391.7,41.0
Late Luteal,7.3,4,3,3,2,0.7,224.2,167.2,52.9
Early Luteal,8.6,5,4,4,1,0.0,11.5,39.0,86.2
Early Luteal,7.6,4,4,3,3,0.4,382.0,459.9,52.3
Follicular,7.7,4,3,3,1,0.3,70.1,92.3,68.8
Early Luteal,6.8,2,2,2,2,1.2,145.6,138.3,38.3
Follicular,5.9,3,3,4,2,2.1,225.9,174.4,40.4
Late Luteal,6.9,3,2,2,2,1.1,137.4,16.9,45.8
Ovulation,4.5,2,3,4,2,3.5,185.9,141.6,28.6
Ovulation,6.3,2,4,3,2,1.7,82.0,107.4,38.4
Follicular,6.7,4,3,4,2,1.3,154.9,89.1,57.0
Ovulation,6.9,3,3,3,2,1.1,245.4,273.8,50.7
Late Luteal,4.9,1,2,1,3,3.1,280.3,192.4,7.7
Early Luteal,6.8,3,2,3,1,1.2,99.9,0.0,50.8
Ovulation,9.4,5,4,4,2,0.0,241.7,254.4,78.8
Menstrual,6.8,3,2,3,4,1.2,444.1,496.8,27.9
Follicular,6.4,3,3,3,5,1.6,779.0,681.6,19.9
Menstrual,8.0,3,3,3,2,0.0,174.0,179.2,58.5
Ovulation,6.7,3,4,3,2,1.3,285.4,333.5,43.6
Menstrual,6.9,2,2,2,1,1.1,111.3,99.7,42.5
Early Luteal,5.9,3,3,3,2,2.1,181.3,281.3,40.8
Menstrual,7.5,4,4,3,2,0.5,274.1,191.9,57.1
Early Luteal,7.8,4,3,4,2,0.2,340.8,328.8,62.0
Follicular,7.8,4,4,4,3,0.2,495.1,480.4,45.4
Early Luteal,7.3,4,3,4,1,0.7,37.8,0.0,66.2
Follicular,8.5,4,3,4,4,0.0,593.7,685.2,46.2
Menstrual,8.3,4,3,2,2,0.0,195.1,77.7,62.9
Late Luteal,7.5,5,3,2,2,0.5,114.7,112.7,64.1
Menstrual,6.9,3,2,3,2,1.1,259.3,107.7,40.0
Ovulation,7.0,2,3,2,4,1.0,584.9,539.0,28.9
Late Luteal,6.5,2,2,2,2,1.5,195.1,119.5,35.6
Follicular,6.1,3,3,4,3,1.9,214.1,98.6,36.4
Late Luteal,6.5,2,3,2,1,1.5,187.9,158.7,36.9
Early Luteal,7.6,3,3,3,2,0.4,110.5,210.5,57.7
Late Luteal,7.7,4,3,2,3,0.3,428.9,340.2,45.6
Follicular,7.5,4,5,5,1,0.5,108.9,58.2,71.3
Menstrual,5.9,2,2,4,3,2.1,218.8,121.0,27.3
Menstrual,5.8,3,2,2,1,2.2,101.3,37.1,45.2
Menstrual,7.1,4,4,3,2,0.9,75.6,145.0,52.7
Follicular,7.4,4,3,3,2,0.6,109.0,209.0,60.5
Late Luteal,6.1,2,2,2,2,1.9,195.0,161.1,36.0
Follicular,6.2,3,4,4,2,1.8,159.6,187.1,48.0
Late Luteal,7.1,3,3,3,2,0.9,171.6,237.1,49.8
Early Luteal,6.8,3,3,2,2,1.2,131.4,136.7,47.5
Ovulation,8.3,4,4,3,3,0.0,369.9,455.5,58.8
Follicular,5.6,4,4,3,2,2.4,127.8,149.3,45.5
Late Luteal,7.1,3,2,3,2,0.9,324.9,350.0,52.7
Ovulation,7.8,3,3,3,2,0.2,311.0,236.4,49.6
Menstrual,6.9,3,2,2,4,1.1,595.2,624.0,25.1
Follicular,7.6,5,4,4,2,0.4,148.3,132.8,68.7
Follicular,6.7,3,4,4,1,1.3,65.6,6.1,58.4
Follicular,8.0,4,5,5,1,0.0,44.8,34.5,77.2
Follicular,7.4,4,4,4,3,0.6,359.6,384.8,53.0
Menstrual,6.7,2,2,3,2,1.3,274.5,254.2,31.7
Menstrual,5.4,3,3,3,4,2.6,613.3,526.6,9.2
Follicular,8.1,4,4,4,1,0.0,97.8,36.0,71.3
Follicular,7.7,5,5,5,1,0.3,50.2,6.7,82.8
Late Luteal,6.4,3,2,1,3,1.6,541.6,576.0,17.3
Late Luteal,5.6,3,1,2,5,2.4,800.0,625.3,0.5
Early Luteal,6.9,4,2,3,5,1.1,720.6,774.0,24.6
Follicular,6.5,3,3,3,2,1.5,153.9,46.9,42.7
Follicular,5.8,3,3,3,2,2.2,132.2,106.4,37.8
Follicular,7.1,4,4,4,2,0.9,200.6,43.5,49.9
Follicular,7.4,4,4,3,1,0.6,126.9,43.0,64.3
Follicular,6.4,3,4,4,3,1.6,388.8,432.6,40.7
Early Luteal,5.5,3,4,3,2,2.5,174.6,240.4,40.3
Early Luteal,5.8,2,3,3,2,2.2,196.6,108.0,33.3
Menstrual,6.5,4,3,4,2,1.5,112.3,106.8,45.7
Follicular,5.0,1,3,2,3,3.0,327.2,257.3,14.2
Early Luteal,6.9,3,3,3,1,1.1,24.0,98.6,53.3
Early Luteal,7.6,5,4,3,3,0.4,328.3,264.6,63.1
Late Luteal,6.6,4,2,1,4,1.4,554.2,630.7,31.0
Early Luteal,6.9,4,2,4,2,1.1,78.8,82.0,51.8
Follicular,7.5,5,3,3,4,0.5,679.5,767.7,47.7
Follicular,6.4,3,3,3,4,1.6,721.9,692.5,25.9
Early Luteal,7.7,4,3,3,1,0.3,97.2,197.2,69.4
Late Luteal,7.3,3,3,3,1,0.7,79.0,0.0,60.4
Follicular,6.3,2,3,3,3,1.7,293.0,318.9,33.5
Late Luteal,6.8,2,3,2,1,1.2,50.0,19.5,46.4
Menstrual,7.1,3,4,3,1,0.9,114.3,214.3,52.3
Early Luteal,6.0,4,3,3,1,2.0,88.1,87.9,54.1
Follicular,8.3,3,3,3,3,0.0,358.5,268.5,46.5
Follicular,6.9,3,3,4,2,1.1,134.3,82.4,51.5
Menstrual,6.4,3,3,3,1,1.6,26.9,60.5,47.2
Menstrual,6.2,2,2,2,3,1.8,331.2,408.5,19.2
Follicular,9.0,4,4,5,2,0.0,134.2,234.2,74.1
Follicular,7.2,4,4,4,2,0.8,37.9,0.0,66.5
Menstrual,5.5,3,2,2,2,2.5,77.7,10.3,33.8
Early Luteal,7.4,3,3,3,2,0.6,69.8,0.0,56.8
Late Luteal,6.9,3,3,3,2,1.1,249.6,273.6,47.5
Menstrual,7.3,5,4,4,1,0.7,55.4,28.4,64.4
Follicular,6.9,2,3,3,2,1.1,272.4,294.7,41.4
Late Luteal,6.8,3,3,2,2,1.2,322.3,277.7,40.9
Late Luteal,4.4,2,2,1,1,3.6,35.1,112.1,24.8
Late Luteal,7.2,3,3,2,4,0.8,452.9,552.9,28.2
Menstrual,5.9,3,3,3,1,2.1,23.6,0.0,41.5
Early Luteal,7.2,4,3,2,4,0.8,477.8,534.9,37.5
Menstrual,7.0,3,2,2,2,1.0,191.6,243.1,45.7
Follicular,8.5,4,3,3,3,0.0,217.3,183.1,56.9
Late Luteal,6.0,3,2,3,1,2.0,73.3,162.9,45.0
Menstrual,6.9,3,3,3,2,1.1,249.2,288.6,46.4
Early Luteal,6.1,2,3,3,1,1.9,78.3,47.1,45.4
Follicular,5.6,3,2,3,4,2.4,542.4,339.2,16.9
Early Luteal,6.0,4,3,3,2,2.0,276.5,246.9,43.0
Ovulation,6.7,3,4,4,2,1.3,130.5,113.3,51.9
Follicular,6.7,4,3,2,3,1.3,303.8,310.9,46.4
Late Luteal,8.6,5,3,3,3,0.0,331.4,359.5,63.3
Follicular,6.7,2,3,4,1,1.3,125.8,0.0,51.3
Menstrual,6.1,3,2,3,2,1.9,262.6,305.2,38.5
Early Luteal,8.4,4,4,3,2,0.0,218.8,318.8,63.3
Menstrual,7.5,4,3,3,1,0.5,149.2,0.0,63.3
Early Luteal,6.0,2,3,3,1,2.0,93.7,101.8,37.4
Early Luteal,6.6,3,4,4,1,1.4,147.9,115.7,50.0
Early Luteal,6.0,4,4,4,1,2.0,38.9,121.9,54.4
Follicular,7.0,4,4,4,1,1.0,20.3,20.1,72.2
Menstrual,6.7,3,3,2,2,1.3,146.7,207.2,45.5
Follicular,7.4,4,5,4,2,0.6,185.4,199.0,55.8
Follicular,7.8,3,3,3,1,0.2,186.6,97.1,64.5
Early Luteal,5.7,2,2,2,3,2.3,322.4,188.3,21.6
Follicular,8.4,4,4,4,1,0.0,129.1,229.1,74.6
Follicular,7.4,4,4,4,2,0.6,55.1,105.7,63.0
Late Luteal,6.9,3,3,2,2,1.1,141.3,237.8,44.3
Follicular,6.7,3,3,3,3,1.3,487.8,409.1,38.7
Late Luteal,6.7,2,3,3,1,1.3,62.2,22.6,47.5
Menstrual,8.4,3,2,3,3,0.0,281.1,347.2,46.3
Follicular,6.7,3,3,3,3,1.3,393.1,339.7,35.9
Early Luteal,7.2,4,4,3,1,0.8,61.2,136.9,66.7
Late Luteal,5.5,3,2,2,2,2.5,267.3,304.5,32.6
Early Luteal,5.9,3,3,4,3,2.1,356.5,421.5,29.6
Late Luteal,5.9,2,1,2,2,2.1,148.7,140.2,28.8
Early Luteal,7.2,3,1,3,4,0.8,599.6,587.3,32.1
Early Luteal,5.7,2,2,2,2,2.3,138.2,229.1,31.5
Follicular,8.0,4,3,3,3,0.0,308.8,356.9,57.3
Early Luteal,6.7,2,2,2,3,1.3,359.1,324.3,29.5
Ovulation,6.3,3,4,4,1,1.7,99.6,114.5,52.3
Late Luteal,5.6,3,1,3,3,2.4,372.8,472.8,24.8
Late Luteal,7.7,3,2,2,4,0.3,506.4,454.8,37.0
Follicular,5.9,3,3,3,1,2.1,2.1,0.0,51.6
Follicular,5.9,3,2,3,4,2.1,473.6,573.6,20.1
Early Luteal,6.5,4,3,3,1,1.5,72.6,156.9,59.1
Follicular,7.3,4,3,3,2,0.7,187.4,126.3,59.7
Late Luteal,6.1,3,3,2,3,1.9,418.1,367.5,29.2
Late Luteal,6.7,3,3,3,1,1.3,27.1,117.1,49.8
Late Luteal,4.3,1,2,2,2,3.7,317.9,396.4,6.3
Menstrual,7.8,4,3,3,2,0.2,290.9,311.7,54.7
Late Luteal,5.6,2,3,2,1,2.4,13.1,0.0,39.4
Late Luteal,5.5,2,2,2,2,2.5,105.6,0.0,29.0
Menstrual,6.6,3,3,3,2,1.4,168.1,62.0,43.1
Late Luteal,6.5,2,2,2,3,1.5,352.2,299.1,25.4
Follicular,8.0,4,4,5,2,0.0,135.7,176.5,70.9
Late Luteal,5.6,2,2,1,1,2.4,147.0,141.7,40.3
Early Luteal,5.6,3,4,4,1,2.4,126.2,94.9,49.5
Early Luteal,5.6,3,2,3,2,2.4,201.0,151.2,37.3
Early Luteal,6.8,3,3,3,1,1.2,88.6,108.2,50.7
Early Luteal,4.5,3,1,3,2,3.5,216.1,298.2,24.7
Late Luteal,6.9,3,2,2,2,1.1,399.5,407.8,37.7
Follicular,7.4,5,4,4,3,0.6,440.5,316.8,58.8
Early Luteal,7.0,3,3,3,2,1.0,137.2,237.2,51.0
Follicular,6.3,2,3,3,3,1.7,390.6,426.8,31.4
Ovulation,6.8,3,3,4,2,1.2,61.2,76.0,52.9
Late Luteal,8.1,2,2,1,2,0.0,123.8,44.4,44.8
Early Luteal,7.9,4,4,4,2,0.1,214.8,312.6,69.4
Late Luteal,7.1,3,2,2,3,0.9,319.7,419.7,33.7
Follicular,8.0,5,4,4,3,0.0,397.6,384.7,60.8
Late Luteal,6.6,2,4,2,1,1.4,25.2,40.8,46.2
Early Luteal,8.1,5,4,3,3,0.0,450.3,449.7,67.2
Early Luteal,6.9,2,2,4,2,1.1,170.7,142.2,39.4
Early Luteal,5.9,2,4,4,3,2.1,480.3,450.1,31.7
Late Luteal,4.8,2,2,2,3,3.2,397.9,411.5,16.9
Early Luteal,7.7,3,3,2,1,0.3,22.4,20.2,65.1
Ovulation,6.3,2,2,3,4,1.7,692.6,694.8,18.6
Late Luteal,7.6,4,4,3,1,0.4,9.5,77.4,68.5
Menstrual,4.2,2,2,2,2,3.8,161.4,123.3,18.4
Menstrual,8.3,4,3,2,3,0.0,246.1,191.6,53.1
Early Luteal,6.9,4,2,2,4,1.1,538.2,596.8,33.7
Menstrual,6.5,2,3,2,2,1.5,120.9,147.9,34.7
Early Luteal,7.4,4,3,4,3,0.6,407.9,507.9,45.2
Menstrual,5.9,3,2,2,3,2.1,396.2,374.1,25.8
Menstrual,7.6,3,3,3,3,0.4,226.3,23.1,46.5
Early Luteal,8.3,3,3,3,1,0.0,41.3,0.0,65.9
Ovulation,4.7,2,4,3,1,3.3,143.3,213.6,36.7
Early Luteal,6.9,3,3,4,1,1.1,182.8,114.5,58.4
Late Luteal,6.7,2,2,1,2,1.3,307.1,324.1,29.0
Follicular,9.1,4,3,4,2,0.0,197.6,212.4,66.8
Menstrual,7.3,4,3,3,1,0.7,40.9,29.8,59.0
Follicular,7.8,3,4,4,2,0.2,227.9,66.2,61.4
Menstrual,7.2,4,2,3,2,0.8,277.2,376.2,52.5
Late Luteal,5.6,4,3,3,1,2.4,55.3,127.9,51.5
Early Luteal,5.6,2,1,1,3,2.4,239.9,185.6,26.3
Menstrual,8.2,4,4,4,2,0.0,173.7,273.7,61.9
Menstrual,6.6,3,2,1,5,1.4,800.0,900.0,8.7
Menstrual,6.8,3,2,3,2,1.2,201.1,114.2,46.4
Ovulation,6.9,2,4,3,1,1.1,32.6,0.0,55.3
Follicular,9.5,4,4,4,1,0.0,99.9,123.4,77.3
Follicular,5.5,3,3,4,4,2.5,537.3,559.4,20.7
Follicular,6.6,3,3,3,2,1.4,129.1,166.2,52.2
Follicular,5.0,2,2,2,3,3.0,323.5,253.2,20.6
Early Luteal,7.6,3,3,3,3,0.4,436.8,376.1,43.3
Late Luteal,7.4,4,2,2,3,0.6,416.8,516.8,39.6
Menstrual,5.6,2,2,1,2,2.4,173.5,153.6,25.6
Late Luteal,7.6,3,3,2,1,0.4,69.1,0.0,58.4
Follicular,7.5,4,5,5,2,0.5,56.3,82.9,64.0
Follicular,6.4,3,4,4,2,1.6,161.4,175.5,40.6
Follicular,8.3,4,3,4,2,0.0,238.2,213.6,67.0
Follicular,6.0,4,3,3,1,2.0,53.3,83.6,56.4
Late Luteal,5.5,3,3,3,2,2.5,163.5,200.2,37.5
Ovulation,6.5,3,4,4,3,1.5,416.6,446.2,41.3
Follicular,9.0,5,4,4,2,0.0,195.4,263.1,78.3
Late Luteal,5.1,3,2,2,1,2.9,201.0,290.4,30.0
Late Luteal,6.5,2,2,2,4,1.5,547.2,647.2,19.6
Early Luteal,7.0,2,3,3,2,1.0,178.1,196.1,43.3
Late Luteal,7.3,3,4,4,2,0.7,140.5,62.8,47.1
Follicular,8.6,5,4,4,4,0.0,502.8,564.2,55.5
Follicular,7.1,4,3,4,3,0.9,391.2,475.3,49.2
Late Luteal,7.9,4,3,4,3,0.1,334.3,274.3,53.9
Menstrual,6.8,2,2,2,5,1.2,694.7,620.2,10.7
Early Luteal,6.2,3,2,3,1,1.8,100.5,69.1,50.4
Late Luteal,6.9,2,2,3,2,1.1,257.5,259.3,36.8
Follicular,7.1,4,4,4,2,0.9,23.1,123.1,59.0
Follicular,8.5,5,5,4,1,0.0,107.4,105.2,85.6
Late Luteal,6.0,2,3,3,2,2.0,258.9,292.4,29.7
Follicular,4.8,3,3,5,1,3.2,15.8,0.0,38.4
Late Luteal,6.6,2,2,2,1,1.4,134.8,234.8,39.9
Menstrual,8.2,3,3,3,2,0.0,148.2,209.7,51.3
Follicular,5.9,3,2,5,3,2.1,556.2,534.5,28.5
Late Luteal,7.1,3,3,3,2,0.9,190.4,176.9,44.5
Follicular,5.0,3,2,3,5,3.0,735.5,814.8,6.5
Follicular,7.9,4,4,4,4,0.1,528.6,503.8,51.5
Early Luteal,7.4,5,3,3,2,0.6,331.0,206.4,58.3
Early Luteal,6.8,2,2,1,2,1.2,167.3,209.2,37.3
Early Luteal,6.8,3,3,3,2,1.2,137.9,181.3,53.2
Late Luteal,6.4,4,2,3,2,1.6,78.8,103.4,45.6
Menstrual,8.2,4,4,3,2,0.0,113.7,172.5,71.8
Follicular,7.1,3,3,2,2,0.9,283.7,195.0,49.7
Menstrual,6.1,3,2,2,2,1.9,122.3,116.5,38.8
Early Luteal,6.3,3,3,3,3,1.7,308.8,284.1,36.3
Early Luteal,6.2,3,3,3,3,1.8,437.3,527.1,33.0
Menstrual,7.3,4,3,2,3,0.7,372.0,300.4,48.5
Late Luteal,5.1,2,2,1,3,2.9,394.4,487.2,13.0
Early Luteal,5.8,3,3,3,1,2.2,19.1,0.0,41.6
Follicular,7.7,4,4,4,1,0.3,102.5,136.3,61.3
Late Luteal,5.3,2,1,2,2,2.7,309.5,345.5,23.0
Follicular,6.4,4,4,4,2,1.6,177.0,277.0,53.6
Follicular,6.4,3,4,4,2,1.6,297.9,335.0,44.4
Late Luteal,7.7,4,2,2,5,0.3,800.0,791.9,29.8
Follicular,6.7,3,3,3,2,1.3,268.8,255.6,46.7
Ovulation,6.7,1,4,3,2,1.3,201.4,140.3,43.7
Early Luteal,8.7,5,3,3,2,0.0,76.1,108.4,72.1
Ovulation,8.0,4,4,4,2,0.0,106.0,109.3,68.1
Menstrual,6.2,3,3,2,2,1.8,108.1,113.9,39.9
Follicular,6.3,4,3,4,3,1.7,352.7,372.2,44.5
Menstrual,6.1,3,2,2,1,1.9,8.1,104.5,38.4
Early Luteal,6.3,2,3,3,1,1.7,67.3,94.5,52.3
Follicular,7.1,4,3,5,4,0.9,678.6,747.9,40.1
Early Luteal,8.4,4,3,2,3,0.0,398.4,352.3,57.5
Follicular,6.5,3,3,3,2,1.5,103.9,89.6,53.5
Menstrual,8.3,4,4,3,3,0.0,375.8,339.7,53.6
Follicular,6.2,3,3,3,1,1.8,58.5,27.7,53.3
Menstrual,5.9,3,2,2,1,2.1,32.7,41.0,41.8
Menstrual,9.4,4,3,3,5,0.0,662.0,483.7,44.2
Follicular,6.7,4,4,4,2,1.3,235.4,138.0,51.6
Follicular,7.4,4,4,4,2,0.6,106.9,0.0,61.3
Menstrual,7.1,4,2,2,3,0.9,294.1,239.6,42.9
Late Luteal,7.9,5,3,3,2,0.1,168.1,158.0,61.6
Menstrual,7.3,4,3,3,2,0.7,358.9,458.9,48.1
Follicular,7.5,3,3,3,2,0.5,286.7,239.0,57.4
Early Luteal,7.2,4,2,3,2,0.8,116.6,67.5,61.7
Late Luteal,6.7,2,2,2,3,1.3,556.5,596.8,27.6
Late Luteal,5.8,2,2,2,2,2.2,152.6,60.3,31.1
Follicular,8.3,4,4,3,2,0.0,220.1,320.1,68.5
Menstrual,7.2,5,3,2,1,0.8,55.0,60.9,71.7
Menstrual,7.1,4,4,3,1,0.9,83.7,69.6,63.6
Follicular,7.1,5,3,3,3,0.9,322.7,409.2,53.1
Early Luteal,5.4,3,3,3,3,2.6,355.0,285.3,26.5
Ovulation,6.2,3,3,3,3,1.8,353.9,312.9,42.2
Follicular,6.1,4,3,3,2,1.9,95.1,116.1,48.9
Late Luteal,7.0,3,3,3,1,1.0,171.0,271.0,53.8
Early Luteal,6.7,4,3,4,1,1.3,72.7,115.4,61.4
Late Luteal,5.2,2,3,3,1,2.8,50.1,150.1,32.3
Late Luteal,7.4,4,3,3,2,0.6,120.7,65.4,58.0
Early Luteal,6.1,3,3,3,2,1.9,232.0,259.1,40.3
Early Luteal,7.0,3,1,2,3,1.0,413.8,513.8,35.1
Late Luteal,6.6,3,3,2,1,1.4,72.6,0.0,50.1
Follicular,6.3,4,3,3,3,1.7,393.2,289.5,38.3
Late Luteal,5.7,3,2,3,3,2.3,280.6,250.7,28.2
Late Luteal,8.6,4,4,4,1,0.0,86.5,89.1,76.7
Late Luteal,7.1,4,2,3,1,0.9,7.3,88.0,55.2
Late Luteal,5.6,3,2,1,1,2.4,86.8,0.0,39.8
Follicular,7.8,3,3,3,2,0.2,142.1,0.0,61.1
Follicular,8.5,4,4,4,1,0.0,98.8,0.0,80.8
Late Luteal,5.2,3,2,1,1,2.8,130.8,192.4,38.1
Ovulation,5.3,3,3,4,2,2.7,217.5,145.3,40.9
Late Luteal,5.9,3,2,1,3,2.1,425.0,313.5,21.4
Follicular,5.6,4,3,4,2,2.4,231.3,219.1,46.9
Follicular,7.8,3,3,2,1,0.2,31.1,71.0,63.1
Early Luteal,8.0,4,3,4,4,0.0,700.3,502.7,41.0
Follicular,9.5,4,4,4,3,0.0,319.6,307.8,65.7
Early Luteal,5.5,2,2,3,2,2.5,179.0,242.5,29.7
Follicular,7.5,5,3,3,2,0.5,253.7,301.5,72.1
Follicular,7.3,4,3,4,1,0.7,138.9,129.0,67.0
Follicular,6.9,3,4,5,2,1.1,153.3,253.3,49.2
Early Luteal,7.6,3,3,3,4,0.4,587.1,687.1,33.1
Late Luteal,5.1,3,2,3,1,2.9,96.9,109.3,41.6
Early Luteal,5.9,3,3,4,2,2.1,133.0,127.1,45.2
Late Luteal,8.9,5,3,3,3,0.0,272.1,268.1,66.8
Menstrual,5.0,1,2,3,2,3.0,65.6,121.3,20.0
Late Luteal,8.2,5,3,3,2,0.0,134.6,78.5,63.7
Follicular,4.7,1,1,1,3,3.3,335.5,419.4,6.6
Early Luteal,7.1,4,4,3,2,0.9,163.6,203.4,59.3
Menstrual,6.5,3,3,2,2,1.5,236.3,246.6,39.1
Late Luteal,5.1,4,3,4,2,2.9,105.7,119.1,37.3
Ovulation,9.5,5,4,5,2,0.0,255.5,171.1,77.6
Late Luteal,7.2,3,3,2,3,0.8,368.3,468.3,38.9
Late Luteal,9.3,5,4,4,2,0.0,100.0,4.2,75.3
Follicular,7.4,3,4,3,1,0.6,89.9,25.6,60.6
Early Luteal,6.3,2,3,4,3,1.7,404.7,504.7,25.9
Ovulation,6.6,3,3,3,1,1.4,198.4,108.4,49.8
Late Luteal,4.7,1,1,2,5,3.3,800.0,785.4,0.0
Menstrual,6.4,4,3,2,3,1.6,408.1,435.4,38.0
Late Luteal,6.5,3,2,2,3,1.5,429.1,316.0,35.7
Early Luteal,6.1,3,2,1,4,1.9,596.9,654.4,18.2
Follicular,7.7,4,3,2,2,0.3,204.0,110.9,56.0
Early Luteal,7.9,5,3,3,5,0.1,800.0,869.5,45.4
Menstrual,7.7,4,2,2,1,0.3,20.4,38.0,67.4
Follicular,7.2,4,3,4,4,0.8,414.8,370.2,43.2
Early Luteal,6.5,3,4,4,3,1.5,328.5,221.5,37.5
Ovulation,6.9,3,4,4,1,1.1,64.4,109.6,58.7
Early Luteal,8.1,5,3,4,3,0.0,480.2,560.6,57.4
Follicular,7.1,4,4,4,3,0.9,428.8,480.6,48.9
Late Luteal,7.0,2,2,2,4,1.0,635.9,675.6,16.9
Early Luteal,6.7,2,3,2,2,1.3,275.1,274.5,40.9
Early Luteal,5.1,2,3,3,1,2.9,166.1,196.2,37.4
Menstrual,7.2,3,2,3,3,0.8,254.2,256.5,37.1
Follicular,6.4,4,4,5,1,1.6,91.1,6.2,60.6
Late Luteal,8.5,4,3,3,4,0.0,576.1,538.1,42.1
Follicular,6.9,3,3,4,2,1.1,185.5,229.7,50.7
Follicular,8.4,4,4,3,2,0.0,151.7,80.3,72.3
Follicular,6.5,4,3,4,3,1.5,274.8,279.6,41.3
Late Luteal,5.8,3,1,3,2,2.2,150.6,223.3,33.4
Early Luteal,8.7,4,3,4,3,0.0,249.2,307.1,59.2
Late Luteal,6.2,3,3,3,2,1.8,89.0,189.0,41.8
Follicular,6.9,3,4,3,2,1.1,116.7,4.0,54.4
Early Luteal,7.3,5,4,4,3,0.7,290.6,361.4,59.1
Early Luteal,6.4,4,3,3,3,1.6,283.4,282.5,42.8
Late Luteal,8.4,4,2,1,3,0.0,455.1,555.1,47.4
Ovulation,7.1,5,4,5,1,0.9,84.9,59.7,76.9
Early Luteal,6.7,2,2,2,3,1.3,412.9,459.0,27.0
Follicular,6.6,3,4,3,2,1.4,198.7,133.2,45.3
Menstrual,7.0,2,2,2,1,1.0,45.4,0.0,51.3
Follicular,5.6,3,3,3,4,2.4,663.2,514.5,23.4
Early Luteal,6.1,3,3,3,1,1.9,76.0,176.0,50.2
Early Luteal,6.5,3,3,3,2,1.5,323.6,230.2,40.7
Menstrual,7.6,4,4,5,1,0.4,56.0,84.8,61.5
Menstrual,6.8,3,3,3,2,1.2,232.2,272.0,39.3
Late Luteal,5.5,3,2,3,3,2.5,455.0,461.1,20.4
Follicular,6.9,3,3,4,1,1.1,99.3,187.0,58.4
Early Luteal,7.4,4,4,3,2,0.6,227.4,110.2,52.6
Follicular,6.0,4,3,3,1,2.0,128.7,121.5,56.3
Follicular,5.8,3,5,4,2,2.2,175.6,232.3,45.5
Ovulation,7.6,4,4,5,1,0.4,65.0,117.8,63.3
Late Luteal,7.5,3,2,1,4,0.5,472.3,477.8,34.2
Follicular,7.1,4,4,4,3,0.9,612.9,651.6,47.8
Early Luteal,7.0,3,3,2,2,1.0,105.8,25.1,47.4
Follicular,7.2,4,3,3,2,0.8,282.1,292.7,58.2
Early Luteal,8.0,4,4,4,2,0.0,140.4,87.0,68.2
Early Luteal,7.5,3,3,3,4,0.5,684.1,551.6,35.1
Ovulation,5.5,3,3,4,3,2.5,348.3,259.0,29.8
Follicular,8.8,5,4,4,2,0.0,289.6,306.7,75.3
Menstrual,7.4,5,4,4,2,0.6,253.6,222.3,66.9
Menstrual,7.3,4,3,3,2,0.7,167.2,103.0,50.6
Ovulation,7.4,4,5,4,1,0.6,154.3,0.0,70.4
Late Luteal,8.4,3,2,2,1,0.0,90.0,6.3,59.4
Menstrual,5.8,3,3,3,4,2.2,534.1,564.1,19.9
Early Luteal,7.1,4,3,4,2,0.9,139.3,23.6,65.3
Menstrual,5.9,3,3,2,3,2.1,336.2,307.7,33.1
Menstrual,6.4,3,2,1,2,1.6,329.5,338.8,36.6
Late Luteal,6.2,3,2,2,3,1.8,444.5,468.9,27.3
Early Luteal,6.3,4,3,2,2,1.7,137.6,64.0,49.0
Early Luteal,7.4,3,2,3,2,0.6,280.5,209.3,46.3
Follicular,7.6,5,4,4,2,0.4,168.9,122.9,72.4
Late Luteal,6.5,2,3,3,1,1.5,88.7,0.0,41.7
Early Luteal,6.3,3,2,2,2,1.7,259.1,359.1,42.0
Ovulation,6.7,2,4,3,1,1.3,46.8,0.0,50.9
Early Luteal,7.3,5,3,3,5,0.7,708.8,594.0,38.9
Menstrual,6.7,4,2,2,3,1.3,442.4,366.0,38.0
Follicular,6.2,3,3,3,1,1.8,53.3,97.2,50.7
Ovulation,6.8,3,4,4,2,1.2,386.2,269.2,48.3
Follicular,7.5,4,4,3,2,0.5,166.0,124.4,66.6
Follicular,5.9,3,2,3,2,2.1,202.2,174.0,39.8
Ovulation,7.3,5,5,5,3,0.7,375.3,386.3,60.6
Menstrual,9.5,4,2,3,2,0.0,219.2,87.5,68.9
Follicular,7.6,4,4,4,2,0.4,140.2,39.3,62.4
Menstrual,6.6,3,4,4,1,1.4,72.0,61.5,51.5
Follicular,6.9,2,2,3,2,1.1,121.2,174.5,42.6
Follicular,4.7,2,1,2,4,3.3,601.6,617.4,2.2
Follicular,5.6,3,2,3,5,2.4,800.0,765.5,16.7
Ovulation,8.9,4,4,3,3,0.0,432.5,397.8,61.4
Menstrual,7.4,4,4,2,1,0.6,63.5,80.6,65.7
Menstrual,6.7,3,2,3,3,1.3,319.2,342.7,32.5
Menstrual,4.7,2,2,3,2,3.3,156.3,256.3,19.9
Menstrual,6.9,3,2,2,3,1.1,428.8,328.4,35.0
Early Luteal,7.6,5,4,3,1,0.4,145.8,243.1,73.0
Follicular,8.0,4,3,4,2,0.0,289.3,285.1,66.5
Ovulation,7.5,4,4,4,3,0.5,404.0,382.5,52.5
Ovulation,7.6,5,5,4,1,0.4,88.9,132.9,78.4
Late Luteal,6.3,2,1,1,2,1.7,323.8,378.8,35.7
Follicular,7.7,4,3,4,2,0.3,272.0,255.5,59.0
Follicular,9.5,5,3,4,1,0.0,118.4,149.0,85.0
Late Luteal,7.0,3,3,3,3,1.0,414.5,514.5,38.8
Follicular,7.9,4,4,4,1,0.1,79.8,108.5,75.8
Early Luteal,6.1,2,3,4,2,1.9,268.7,258.8,34.9
Late Luteal,5.6,3,4,3,2,2.4,90.0,0.0,37.1
Follicular,7.8,4,3,3,3,0.2,360.2,275.3,52.6
Early Luteal,6.3,3,3,2,2,1.7,96.5,158.4,41.0
Menstrual,6.5,2,3,2,1,1.5,49.2,115.6,42.1
Follicular,6.3,2,3,4,1,1.7,80.1,63.2,51.8
Early Luteal,7.0,4,3,3,3,1.0,262.1,330.1,52.7
Follicular,8.4,4,4,3,1,0.0,102.3,52.5,75.5
Follicular,6.7,3,3,4,1,1.3,31.4,74.6,51.2
Menstrual,5.6,3,3,3,1,2.4,10.5,9.8,44.3
Follicular,7.8,4,4,3,1,0.2,97.1,63.0,69.8
Early Luteal,4.8,1,3,4,1,3.2,130.2,93.6,26.3
Late Luteal,6.8,3,3,3,2,1.2,91.9,0.0,53.3
Follicular,4.6,2,3,3,1,3.4,70.4,74.3,37.7
Late Luteal,5.5,3,2,2,3,2.5,376.1,451.8,27.4
Late Luteal,6.0,2,2,1,2,2.0,210.4,302.9,28.9
Early Luteal,9.4,5,4,4,2,0.0,72.3,92.9,76.8
Follicular,8.2,5,4,4,2,0.0,400.3,344.3,64.1
Menstrual,6.7,2,2,2,1,1.3,33.8,0.0,44.5
Ovulation,7.4,4,4,4,1,0.6,78.5,103.8,74.5
Follicular,6.6,2,3,3,2,1.4,193.7,165.6,39.0
Early Luteal,7.5,5,4,2,2,0.5,211.7,103.6,64.6
Late Luteal,6.5,3,2,2,5,1.5,800.0,856.8,10.9
Late Luteal,9.2,5,3,3,2,0.0,306.6,240.0,63.6
Late Luteal,6.9,3,3,2,1,1.1,14.8,0.0,48.7
Follicular,6.6,3,3,3,2,1.4,221.2,302.8,49.8
Early Luteal,6.7,3,3,3,4,1.3,684.7,577.3,30.3
Early Luteal,6.5,3,2,3,4,1.5,495.5,509.9,26.8
Late Luteal,7.1,4,2,3,2,0.9,293.7,318.3,47.5
Menstrual,6.6,2,2,2,4,1.4,344.5,312.4,20.8
Follicular,7.4,5,5,5,1,0.6,91.5,92.3,76.0
Early Luteal,6.3,3,3,4,3,1.7,488.4,522.3,31.2
Ovulation,6.1,4,4,3,2,1.9,99.4,124.9,55.1
Ovulation,7.3,4,4,4,5,0.7,800.0,849.0,37.4
Menstrual,7.7,4,3,3,2,0.3,285.9,314.3,59.7
Menstrual,7.9,5,4,4,2,0.1,230.9,66.3,68.5
Late Luteal,7.6,3,3,3,1,0.4,14.0,26.7,59.1
Follicular,8.2,3,3,4,4,0.0,691.8,585.6,38.7
Menstrual,5.7,3,3,2,2,2.3,85.7,0.0,37.9
Late Luteal,5.9,2,1,1,2,2.1,60.7,3.9,32.1
Follicular,9.5,4,4,4,2,0.0,123.6,71.1,77.6
Menstrual,5.9,2,2,2,2,2.1,238.6,241.5,30.6
Early Luteal,7.5,3,3,2,2,0.5,198.3,267.6,53.6
Late Luteal,7.4,4,3,2,2,0.6,170.5,118.4,55.7
Follicular,7.3,4,4,4,1,0.7,62.4,69.4,64.3
Menstrual,6.5,3,3,1,3,1.5,294.7,366.2,27.9
Early Luteal,6.5,3,2,2,4,1.5,571.3,539.7,28.0
Early Luteal,7.4,3,2,3,3,0.6,499.9,509.0,36.3
Early Luteal,7.6,4,3,3,2,0.4,250.0,282.0,58.6
Follicular,6.6,3,3,3,2,1.4,76.3,114.4,49.4
Follicular,9.5,4,4,4,4,0.0,607.4,575.5,58.6
Menstrual,7.4,3,3,3,3,0.6,320.1,364.1,40.1
Follicular,5.8,3,3,3,2,2.2,238.5,226.6,40.9
Menstrual,7.2,4,3,3,2,0.8,71.1,113.3,57.5
Early Luteal,7.2,3,3,3,2,0.8,303.4,331.2,42.5
Early Luteal,5.0,2,2,2,2,3.0,200.2,146.0,27.6
Menstrual,7.8,4,3,3,1,0.2,96.4,131.1,63.3
Ovulation,5.3,3,3,3,2,2.7,51.8,0.0,43.7
Early Luteal,8.7,3,4,4,1,0.0,132.1,167.2,65.3
Follicular,7.1,5,4,4,2,0.9,128.6,201.1,66.9
Menstrual,7.0,3,3,2,2,1.0,318.1,349.2,40.5
Early Luteal,6.9,3,2,4,4,1.1,518.2,353.0,26.9
Follicular,6.6,3,3,3,2,1.4,138.1,0.0,45.8
Follicular,6.6,4,4,4,2,1.4,70.2,66.6,55.6
Early Luteal,8.0,4,3,3,1,0.0,156.1,222.3,71.6
Late Luteal,6.4,2,2,1,2,1.6,336.1,286.2,33.4
Early Luteal,6.3,2,2,2,2,1.7,218.5,195.5,29.5
Menstrual,5.4,4,2,2,5,2.6,800.0,757.4,15.9
Menstrual,5.6,2,2,2,2,2.4,155.8,255.8,27.8
Late Luteal,6.5,3,2,3,3,1.5,264.5,102.2,32.5
Follicular,6.3,3,3,4,1,1.7,65.9,88.7,51.3
Early Luteal,4.7,2,4,2,1,3.3,129.4,107.1,26.5
Late Luteal,6.6,3,2,3,3,1.4,370.9,380.8,33.9
Menstrual,5.4,4,3,3,1,2.6,78.4,65.8,47.3
Menstrual,5.4,4,3,4,1,2.6,104.0,88.5,45.5
Ovulation,6.6,2,2,3,4,1.4,644.5,712.0,17.9
Early Luteal,6.8,3,3,4,2,1.2,300.1,245.7,45.3
Late Luteal,7.1,3,3,2,2,0.9,50.0,0.0,49.1
Follicular,6.6,2,3,3,3,1.4,445.1,469.8,25.9
Follicular,5.9,3,3,2,3,2.1,461.4,521.9,31.7
Menstrual,5.9,3,2,2,1,2.1,13.6,12.4,40.5
Late Luteal,7.0,2,2,3,2,1.0,167.3,109.2,33.5
Ovulation,7.6,4,4,3,1,0.4,99.6,162.4,70.8
Follicular,8.7,5,3,4,3,0.0,247.6,295.5,72.1
Late Luteal,6.9,3,3,2,1,1.1,71.0,163.3,51.0
Follicular,7.9,5,5,5,1,0.1,14.4,111.2,87.7
Follicular,7.6,5,4,4,1,0.4,69.0,58.6,81.9
Late Luteal,5.8,3,3,3,2,2.2,161.5,233.6,35.7
Menstrual,6.4,3,2,2,2,1.6,272.9,372.9,38.0
Early Luteal,7.8,3,3,4,2,0.2,335.6,435.6,56.7
Follicular,6.9,4,3,2,2,1.1,166.6,0.0,61.3
Ovulation,7.4,3,3,3,3,0.6,484.6,492.7,50.6
Early Luteal,7.3,3,3,3,3,0.7,381.7,416.1,41.1
Menstrual,6.4,2,2,2,1,1.6,22.9,0.0,39.2
Ovulation,8.3,4,4,5,1,0.0,15.1,60.6,80.2
Ovulation,5.7,3,3,3,4,2.3,474.7,495.6,26.1
Early Luteal,8.7,5,4,3,2,0.0,276.8,316.9,73.4
Early Luteal,8.0,4,3,2,1,0.0,141.7,138.8,65.3
Menstrual,8.8,4,3,3,3,0.0,322.8,422.8,49.5
Early Luteal,6.6,3,2,2,3,1.4,321.7,208.9,29.3
Ovulation,5.4,3,4,5,3,2.6,492.1,404.5,33.4
Early Luteal,5.9,2,2,3,2,2.1,175.2,150.1,33.2
Early Luteal,7.3,4,4,5,1,0.7,149.7,5.3,59.6
Ovulation,8.9,4,5,5,1,0.0,17.4,116.1,85.1
Ovulation,8.4,5,4,5,2,0.0,302.0,255.3,71.8
Follicular,7.6,4,5,5,1,0.4,45.8,0.0,73.8
Menstrual,7.2,5,3,2,3,0.8,351.0,253.6,51.4
Late Luteal,7.2,3,3,2,2,0.8,97.6,17.2,48.3
Late Luteal,5.7,3,2,2,3,2.3,436.5,416.8,25.6
Late Luteal,7.1,5,3,3,2,0.9,171.6,92.3,53.7
Follicular,7.9,3,4,4,2,0.1,169.2,118.3,56.7
Follicular,5.4,3,2,2,2,2.6,91.5,7.1,45.8
Late Luteal,6.0,3,3,3,1,2.0,143.2,13.5,43.8
Ovulation,6.4,3,4,4,3,1.6,412.5,398.8,38.1
Late Luteal,7.2,4,2,3,2,0.8,84.1,184.1,57.4
Early Luteal,6.3,3,3,3,2,1.7,243.3,190.6,45.8
Early Luteal,6.3,2,3,3,2,1.7,153.4,242.1,39.5
Late Luteal,7.5,4,3,2,2,0.5,122.2,164.5,55.7
Early Luteal,7.8,5,5,4,3,0.2,579.8,554.1,59.4
Follicular,6.6,4,4,3,1,1.4,38.3,0.0,61.3
Menstrual,6.8,3,3,2,1,1.2,47.6,85.3,55.5
Follicular,9.4,5,5,4,2,0.0,134.0,88.8,81.1
Menstrual,5.6,3,3,2,2,2.4,132.2,123.8,35.1
Follicular,7.2,3,4,4,2,0.8,171.7,271.7,52.5
Follicular,7.0,3,3,3,5,1.0,800.0,861.2,17.2
Follicular,8.9,5,4,4,5,0.0,641.6,503.0,52.7
Follicular,7.5,4,4,3,1,0.5,138.0,196.3,65.8
Menstrual,7.0,3,3,3,2,1.0,71.5,21.7,48.3
Follicular,6.6,4,3,4,2,1.4,236.5,182.7,54.7
Early Luteal,7.1,3,2,2,2,0.9,268.9,150.0,50.3
Early Luteal,7.1,4,3,3,2,0.9,219.0,293.9,59.7
Follicular,7.8,5,5,4,1,0.2,104.4,204.4,82.8
Menstrual,5.9,4,3,3,3,2.1,371.9,371.8,28.7
Late Luteal,5.4,2,3,3,2,2.6,208.5,200.2,32.0
Early Luteal,8.0,3,3,4,2,0.0,189.9,101.2,53.5
Follicular,7.2,4,3,2,2,0.8,241.5,234.5,55.5
Menstrual,6.9,3,3,3,2,1.1,215.6,201.7,40.9
Late Luteal,6.8,3,2,3,2,1.2,89.7,157.2,47.4
Menstrual,6.7,3,3,2,1,1.3,22.9,0.0,48.9
Late Luteal,6.2,4,3,4,1,1.8,51.0,151.0,58.7
Follicular,7.3,4,4,3,3,0.7,363.0,199.2,51.2
Ovulation,7.8,4,4,5,1,0.2,11.4,1.1,80.0
Follicular,6.6,3,3,3,2,1.4,209.0,176.9,50.7
Follicular,8.7,4,4,3,1,0.0,43.8,31.3,72.7
Late Luteal,7.9,3,3,4,3,0.1,436.2,370.5,40.8
Menstrual,6.3,3,2,2,3,1.7,410.8,383.8,27.8
Late Luteal,6.4,4,2,2,3,1.6,313.3,413.3,42.4
Follicular,7.1,4,4,5,2,0.9,231.1,267.9,54.1
Menstrual,5.9,4,2,3,5,2.1,800.0,807.2,18.9
Early Luteal,6.5,3,2,2,3,1.5,419.1,327.4,36.7
Menstrual,6.8,2,3,2,2,1.2,200.4,156.0,38.5
Early Luteal,6.9,3,4,3,2,1.1,28.3,50.5,50.6
Follicular,7.9,4,4,4,3,0.1,478.0,437.9,51.0
Early Luteal,6.1,3,3,3,3,1.9,312.8,412.8,33.6
Follicular,8.1,4,4,3,1,0.0,61.8,0.0,71.5
Follicular,6.5,3,3,4,1,1.5,97.1,26.5,52.4
Ovulation,7.1,4,5,5,1,0.9,61.7,43.2,65.9
Menstrual,6.5,4,3,3,1,1.5,69.6,22.3,57.7
Follicular,7.7,4,4,3,2,0.3,333.0,360.6,59.5
Menstrual,6.2,2,2,2,2,1.8,251.2,139.3,33.0
Late Luteal,7.2,3,2,3,2,0.8,138.7,92.0,49.0
Early Luteal,7.4,5,4,4,3,0.6,414.3,274.9,61.4
Late Luteal,5.7,2,2,2,1,2.3,49.3,113.4,38.5
Menstrual,5.0,2,2,2,1,3.0,46.6,0.0,31.4
Menstrual,7.7,3,3,2,2,0.3,170.1,219.8,50.2
Follicular,7.3,4,4,4,2,0.7,19.9,0.0,60.4
Follicular,5.7,3,3,1,2,2.3,167.1,151.1,41.2
Early Luteal,6.7,2,3,3,2,1.3,126.5,207.9,41.7
Follicular,5.6,3,3,3,3,2.4,379.6,350.1,30.8
Follicular,6.9,2,2,2,2,1.1,168.8,105.2,44.4
Menstrual,5.5,2,2,2,3,2.5,321.0,421.0,20.1
Follicular,6.3,4,4,3,1,1.7,96.3,93.3,61.1
Menstrual,5.9,2,2,2,3,2.1,383.2,439.6,20.0
Early Luteal,6.6,3,4,3,1,1.4,64.0,120.8,61.5
Late Luteal,4.9,2,1,2,2,3.1,234.5,295.8,21.8
Early Luteal,6.1,3,3,3,2,1.9,173.6,200.5,42.0
Follicular,8.1,4,3,4,2,0.0,155.9,255.9,63.0
Follicular,7.5,4,5,4,2,0.5,52.2,39.2,65.4
Menstrual,7.9,5,4,2,3,0.1,255.8,216.2,57.5
Follicular,5.5,3,3,4,3,2.5,442.5,540.0,30.2
Menstrual,6.6,3,3,3,1,1.4,16.0,116.0,50.0
Ovulation,7.5,4,4,3,2,0.5,72.0,0.0,67.0
Early Luteal,9.5,4,3,2,2,0.0,127.2,109.1,72.3
Follicular,5.9,4,3,3,2,2.1,300.9,400.9,55.1
Menstrual,6.0,3,2,3,2,2.0,0.4,0.0,42.0
Late Luteal,5.6,2,2,3,3,2.4,544.1,594.1,16.4
Early Luteal,7.5,4,3,3,1,0.5,133.1,93.3,62.2
Late Luteal,6.1,3,2,2,3,1.9,380.2,286.3,24.3
Early Luteal,8.1,3,2,1,3,0.0,299.6,349.9,47.3
Follicular,8.6,5,5,4,1,0.0,84.2,77.9,82.1
Late Luteal,5.6,4,2,3,2,2.4,131.0,214.4,39.9
Follicular,7.7,3,3,3,1,0.3,13.3,0.0,64.8
Follicular,8.3,4,5,5,3,0.0,445.5,505.2,62.7
Menstrual,6.2,3,2,2,4,1.8,502.4,437.2,22.0
Ovulation,8.1,3,4,4,3,0.0,368.1,379.0,59.9
Ovulation,6.0,2,3,4,3,2.0,330.4,308.0,29.5
Menstrual,6.0,2,2,1,2,2.0,75.2,0.0,27.5
Early Luteal,5.8,2,4,3,1,2.2,98.9,177.1,45.9
Follicular,6.2,4,3,3,3,1.8,307.7,175.3,47.5
Follicular,3.7,1,1,3,3,4.3,285.1,309.0,8.3
Follicular,8.4,4,4,3,5,0.0,756.7,580.7,35.1
Follicular,7.3,5,4,4,2,0.7,286.8,236.6,64.6
Early Luteal,7.1,4,4,4,2,0.9,226.6,218.5,56.3
Follicular,7.1,4,3,4,1,0.9,53.1,43.9,65.3
Ovulation,6.8,3,3,3,4,1.2,402.2,435.8,35.5
Follicular,7.3,5,3,2,2,0.7,185.0,282.2,60.6
Late Luteal,7.0,2,2,2,1,1.0,111.2,137.7,45.2
Late Luteal,6.4,3,2,3,2,1.6,140.5,83.2,37.8
Follicular,5.5,2,4,3,1,2.5,28.5,0.0,45.0
Follicular,8.8,5,4,5,2,0.0,254.7,255.3,76.8
Ovulation,8.2,4,4,4,2,0.0,252.7,238.2,63.2
Follicular,8.8,4,4,4,1,0.0,54.7,135.2,77.0
Late Luteal,6.6,3,2,2,1,1.4,23.9,0.0,52.1
Early Luteal,7.8,4,4,4,1,0.2,28.8,123.9,67.9
Late Luteal,5.5,3,2,1,2,2.5,155.7,255.7,31.0
Late Luteal,6.7,3,2,2,1,1.3,87.3,0.0,49.1
Follicular,5.7,2,3,3,3,2.3,346.8,305.3,27.8
Ovulation,6.2,2,2,3,4,1.8,516.7,428.6,24.4
Late Luteal,6.3,1,2,2,1,1.7,86.8,164.4,37.6
Follicular,6.3,3,3,4,4,1.7,604.3,562.0,26.3
Early Luteal,7.0,3,2,1,3,1.0,408.1,371.4,35.9
Follicular,5.8,3,3,4,1,2.2,137.1,237.1,52.5
Early Luteal,8.1,5,3,4,3,0.0,272.7,197.9,67.6
Follicular,6.3,3,3,3,2,1.7,170.1,129.2,52.6
Early Luteal,6.7,4,3,3,2,1.3,145.8,170.2,53.0
Follicular,7.3,5,4,4,2,0.7,370.7,367.1,60.6
Follicular,6.6,3,3,4,2,1.4,178.3,180.2,52.3
Ovulation,7.9,4,4,4,2,0.1,170.3,137.8,68.8
Follicular,8.8,5,4,3,2,0.0,133.5,130.1,81.8
Follicular,6.5,3,3,4,1,1.5,10.8,110.8,61.7
Early Luteal,6.2,2,2,3,2,1.8,235.7,322.8,35.0
Follicular,7.3,4,4,4,3,0.7,309.3,221.3,52.5
Follicular,7.3,4,4,4,2,0.7,148.2,40.7,56.0
Ovulation,6.9,2,4,3,1,1.1,0.2,0.0,55.0
Early Luteal,7.6,5,4,3,2,0.4,250.3,163.0,65.3
Follicular,5.3,2,2,2,2,2.7,228.5,208.8,28.7
Follicular,7.7,3,4,4,2,0.3,82.6,98.4,61.1
Late Luteal,7.4,4,3,2,2,0.6,75.1,80.4,55.0
Ovulation,7.8,4,4,4,2,0.2,238.1,285.1,69.3
Ovulation,7.3,4,3,3,2,0.7,221.8,176.6,56.7
Menstrual,7.3,4,3,3,2,0.7,101.2,47.4,50.6
Late Luteal,6.5,3,3,2,1,1.5,80.3,30.8,50.5
Follicular,8.2,5,4,4,1,0.0,17.1,110.7,82.0
Late Luteal,7.8,5,2,2,3,0.2,511.1,559.4,46.2
Follicular,7.0,2,2,2,4,1.0,488.2,539.0,26.9
Late Luteal,6.8,3,2,3,2,1.2,238.9,251.9,40.9
Early Luteal,6.3,2,2,2,2,1.7,55.2,4.4,40.9
Early Luteal,6.7,3,3,3,2,1.3,227.6,258.8,48.7
Follicular,6.4,3,3,4,2,1.6,177.2,88.7,46.0
Follicular,7.2,4,3,3,2,0.8,46.5,125.1,58.5
Ovulation,7.7,4,3,3,2,0.3,106.5,95.1,68.6
Early Luteal,7.7,4,3,4,2,0.3,299.4,340.3,61.2
Early Luteal,5.9,2,2,3,1,2.1,110.6,162.4,39.5
Late Luteal,7.5,4,2,3,3,0.5,414.3,311.3,43.9
Menstrual,6.8,3,1,2,5,1.2,727.6,610.7,16.3
Ovulation,7.2,5,3,4,4,0.8,465.9,383.6,48.7
Follicular,8.7,5,4,4,3,0.0,357.8,376.3,69.6
Follicular,6.7,4,3,3,1,1.3,57.4,83.6,60.0
Follicular,6.5,3,4,2,1,1.5,86.6,113.7,53.5
Late Luteal,7.4,4,2,2,2,0.6,200.6,104.2,48.4
Early Luteal,7.8,5,4,4,1,0.2,84.7,157.4,77.0
Menstrual,7.6,4,2,3,4,0.4,629.8,609.5,33.7
Menstrual,6.1,3,2,3,3,1.9,381.0,411.0,26.4
Late Luteal,6.6,3,3,2,2,1.4,231.9,266.6,43.5
Late Luteal,6.6,2,3,3,1,1.4,14.7,47.4,50.0
Early Luteal,7.7,3,3,3,4,0.3,562.0,458.0,34.2
Late Luteal,5.1,2,2,3,1,2.9,28.9,88.5,36.2
Ovulation,4.6,2,3,3,3,3.4,203.3,303.3,25.4
Late Luteal,4.9,1,2,1,2,3.1,333.4,333.1,17.4
Late Luteal,7.2,3,3,2,3,0.8,395.9,438.2,36.5
Menstrual,5.9,2,2,2,2,2.1,112.7,29.8,35.1
Follicular,7.6,4,4,4,2,0.4,234.3,193.1,63.9
Follicular,7.5,2,4,5,3,0.5,345.6,223.8,42.6
Late Luteal,6.3,3,3,2,2,1.7,146.8,53.8,39.2
Early Luteal,6.7,3,3,3,1,1.3,62.9,162.9,55.5
Follicular,7.2,5,3,5,3,0.8,341.0,315.8,58.6
Late Luteal,7.2,4,2,2,4,0.8,568.4,550.4,29.7
Late Luteal,6.6,3,1,3,3,1.4,426.3,427.9,27.7
Early Luteal,6.9,3,3,4,5,1.1,800.0,765.3,27.0
Late Luteal,8.2,5,4,3,1,0.0,109.4,123.9,78.5
Follicular,7.3,4,3,3,1,0.7,50.6,83.6,69.9
Late Luteal,7.3,4,3,3,1,0.7,71.8,69.9,59.8
Late Luteal,7.4,3,2,2,3,0.6,248.2,111.2,36.3
Early Luteal,8.4,3,3,3,3,0.0,306.7,175.8,53.9
Early Luteal,6.3,2,2,2,3,1.7,302.9,402.9,27.0
Early Luteal,5.3,3,3,4,2,2.7,163.6,241.5,40.9
Late Luteal,6.4,3,2,2,2,1.6,132.3,161.9,44.7
Follicular,7.2,3,3,3,3,0.8,378.1,397.5,45.6
Late Luteal,7.0,2,4,2,1,1.0,53.6,0.0,49.9
Menstrual,5.9,3,3,2,3,2.1,355.9,319.0,29.5
Follicular,6.5,3,2,2,2,1.5,206.6,223.6,46.8
Early Luteal,6.6,3,3,2,3,1.4,363.0,372.6,40.7
Early Luteal,8.4,4,4,3,4,0.0,573.9,673.9,48.8
Early Luteal,6.0,3,3,3,5,2.0,800.0,705.1,13.8
Ovulation,6.7,2,3,3,4,1.3,670.2,582.2,27.0
Menstrual,6.3,2,3,3,2,1.7,282.6,236.2,23.5
Early Luteal,6.7,3,2,3,3,1.3,376.4,454.0,39.9
Follicular,9.4,4,4,3,2,0.0,185.7,205.2,73.9
Early Luteal,5.5,2,2,1,2,2.5,267.4,345.0,30.3
Follicular,6.8,3,3,3,3,1.2,332.5,278.1,43.5
Early Luteal,5.6,3,3,2,3,2.4,334.6,345.0,28.2
Menstrual,6.3,2,2,1,2,1.7,131.8,231.8,33.7
Ovulation,7.1,4,3,3,2,0.9,90.1,90.0,57.6
Late Luteal,6.4,2,2,2,1,1.6,33.0,61.6,47.0
Menstrual,8.2,4,4,3,1,0.0,46.5,81.5,73.2
Late Luteal,6.9,3,2,2,3,1.1,418.2,479.6,33.8
Late Luteal,5.2,3,3,2,3,2.8,398.8,184.0,24.1
Late Luteal,7.4,4,4,4,2,0.6,333.2,424.7,48.3
Late Luteal,7.9,3,3,2,2,0.1,113.6,0.0,56.0
Follicular,6.7,3,3,3,3,1.3,325.8,215.2,37.9
Early Luteal,6.1,3,2,2,3,1.9,394.2,323.5,33.9
Late Luteal,4.8,2,1,2,4,3.2,471.1,571.1,6.0
Menstrual,5.7,3,2,3,2,2.3,157.7,165.5,33.6
Menstrual,5.5,3,2,3,4,2.5,603.1,693.8,14.0
Late Luteal,4.6,1,1,2,3,3.4,387.3,377.2,2.6
Follicular,7.4,3,2,3,2,0.6,338.8,438.8,51.7
Ovulation,8.1,4,4,3,1,0.0,47.3,147.3,78.9
Follicular,7.7,4,3,3,2,0.3,60.2,160.2,60.5
Ovulation,8.5,5,4,4,2,0.0,148.8,243.0,73.4
Menstrual,7.7,4,4,3,2,0.3,184.9,284.9,56.6
Follicular,6.9,4,3,3,4,1.1,496.4,596.4,38.8
Ovulation,6.2,2,3,4,1,1.8,59.0,29.5,47.4
Follicular,7.1,3,2,3,5,0.9,800.0,803.3,16.6
Menstrual,6.2,2,2,2,2,1.8,179.9,279.9,28.8
Late Luteal,6.0,3,2,2,3,2.0,370.5,396.5,30.8
Follicular,6.4,3,2,4,5,1.6,695.6,616.7,21.3
Follicular,6.7,3,3,4,3,1.3,332.1,283.0,38.9
Early Luteal,5.2,4,3,4,2,2.8,152.8,130.5,43.8
Follicular,7.6,4,3,3,3,0.4,299.7,357.6,51.1
Late Luteal,6.8,3,3,2,3,1.2,486.4,428.2,33.2
Menstrual,6.1,3,2,3,2,1.9,73.0,59.8,37.6
Menstrual,8.3,4,3,3,3,0.0,566.0,398.7,48.4
Follicular,7.1,4,5,4,1,0.9,97.4,88.4,65.2
Menstrual,7.1,4,3,2,2,0.9,198.8,216.0,62.7
Early Luteal,7.2,3,3,3,1,0.8,89.5,56.7,57.8
Follicular,5.7,4,3,3,5,2.3,800.0,768.9,17.2
Early Luteal,8.3,4,4,4,1,0.0,12.8,2.6,80.3
Follicular,7.5,4,3,4,2,0.5,233.5,229.9,56.7
Menstrual,7.6,4,5,4,1,0.4,73.2,87.1,66.4
Late Luteal,8.3,3,3,2,3,0.0,430.7,530.7,45.3
Menstrual,7.0,2,2,2,2,1.0,202.5,1.9,38.9
Early Luteal,6.6,3,3,4,2,1.4,102.5,163.8,46.5
Late Luteal,3.9,2,2,2,2,4.1,154.7,208.1,11.5
Menstrual,6.7,4,3,4,1,1.3,95.6,54.6,53.3
Late Luteal,8.1,4,2,1,3,0.0,367.3,265.4,47.9
Follicular,8.6,5,5,5,1,0.0,86.4,167.8,81.6
Follicular,5.6,3,3,4,3,2.4,476.6,427.0,28.5
Follicular,6.7,4,3,4,2,1.3,2.3,102.3,62.7
Follicular,6.9,3,4,3,2,1.1,150.6,179.8,51.4
Follicular,7.5,4,3,3,2,0.5,62.4,0.0,64.6
Ovulation,7.9,5,5,5,5,0.1,778.6,727.5,51.2
Early Luteal,4.9,3,1,2,3,3.1,426.4,373.9,18.4
Follicular,6.5,3,3,4,4,1.5,440.7,440.2,33.7
Follicular,6.3,3,3,3,2,1.7,125.6,138.5,47.6
Late Luteal,4.7,1,2,2,1,3.3,68.5,64.4,19.7
Follicular,6.2,3,2,3,3,1.8,482.4,516.9,35.3
Early Luteal,7.5,4,2,2,4,0.5,588.4,676.2,41.0
Follicular,7.3,5,3,3,3,0.7,436.1,410.0,54.2
Early Luteal,7.0,3,3,3,2,1.0,171.4,239.9,50.8
Late Luteal,6.6,3,2,3,1,1.4,111.8,211.8,46.3
Ovulation,6.3,3,3,3,4,1.7,579.6,633.5,24.3
Late Luteal,5.4,3,2,2,3,2.6,298.9,260.6,24.6
Late Luteal,7.2,4,3,2,2,0.8,111.2,35.2,53.7
Early Luteal,6.5,4,3,4,3,1.5,379.0,377.0,41.9
Early Luteal,6.4,3,2,2,3,1.6,376.2,412.2,33.0
Follicular,7.8,5,4,4,2,0.2,323.8,423.8,74.6
Early Luteal,6.9,3,2,3,4,1.1,408.8,286.7,27.7
Follicular,5.6,3,2,2,3,2.4,400.3,440.1,30.1
Ovulation,6.6,4,4,5,2,1.4,245.5,81.4,48.4
Early Luteal,4.9,3,2,3,1,3.1,94.2,194.2,38.0
Menstrual,7.2,4,3,2,3,0.8,272.8,255.8,43.5
Follicular,7.1,4,3,4,3,0.9,505.9,463.9,46.1
Late Luteal,7.0,3,2,2,3,1.0,271.5,368.4,39.4
Late Luteal,7.1,3,4,3,1,0.9,127.9,146.0,58.7
Follicular,7.2,5,4,4,2,0.8,117.7,147.3,64.3
Follicular,7.3,4,3,3,2,0.7,161.9,261.9,60.2
Follicular,7.0,4,4,3,2,1.0,220.8,102.8,59.5
Early Luteal,7.8,4,3,3,2,0.2,5.2,98.0,65.0
Menstrual,9.2,5,3,3,3,0.0,522.7,622.7,60.5
Follicular,6.8,3,3,4,2,1.2,137.5,17.8,53.0
Follicular,7.7,5,4,5,2,0.3,33.4,0.0,75.4
Late Luteal,7.0,3,3,2,2,1.0,95.5,94.8,48.6
Early Luteal,5.9,3,3,3,3,2.1,459.4,332.1,34.9
Follicular,7.8,3,4,3,3,0.2,229.2,276.3,53.6
Early Luteal,7.3,4,3,4,3,0.7,414.4,399.7,49.3
Follicular,7.7,4,3,3,4,0.3,548.3,499.7,47.7
Early Luteal,7.1,4,4,4,1,0.9,88.9,94.7,66.4
Menstrual,6.4,3,3,3,2,1.6,136.6,220.5,35.1
Early Luteal,7.9,4,3,4,3,0.1,392.8,316.3,53.8
Late Luteal,7.9,3,3,2,2,0.1,131.6,231.6,56.9
Follicular,7.6,5,3,3,2,0.4,152.4,227.1,64.9
Menstrual,6.9,3,3,2,1,1.1,91.3,69.2,50.3
Early Luteal,7.1,4,3,4,1,0.9,106.6,168.9,60.1
Ovulation,7.4,4,4,3,1,0.6,30.9,0.0,75.3
Follicular,7.0,2,3,3,2,1.0,184.8,220.3,47.0
Late Luteal,6.0,3,2,1,1,2.0,4.1,29.1,39.8
Late Luteal,6.7,2,2,2,2,1.3,154.8,225.7,38.7
Ovulation,7.8,3,4,5,1,0.2,62.0,157.5,67.4
Late Luteal,5.7,3,2,2,3,2.3,377.9,395.5,19.8
Early Luteal,7.1,3,4,4,2,0.9,299.1,374.8,49.8
Early Luteal,6.4,4,4,3,1,1.6,122.2,108.1,61.8
Follicular,6.6,2,4,3,2,1.4,195.4,136.9,38.7
Menstrual,6.8,2,2,1,3,1.2,488.3,366.5,23.5
Menstrual,7.0,3,2,3,2,1.0,30.9,82.0,43.8
Menstrual,8.0,5,4,3,2,0.0,83.4,66.5,72.1
Menstrual,7.1,3,2,1,1,0.9,60.3,62.2,48.0
Early Luteal,6.4,4,4,3,2,1.6,74.8,0.0,54.7
Follicular,8.9,4,4,4,3,0.0,358.7,420.3,63.6
Follicular,7.5,5,4,3,4,0.5,641.7,662.6,50.2
Menstrual,7.4,4,4,3,2,0.6,213.6,170.1,58.8
Follicular,7.1,4,3,4,2,0.9,114.7,205.7,58.2
Follicular,7.5,4,3,3,2,0.5,112.7,109.8,62.8
Menstrual,7.2,4,3,1,2,0.8,317.9,355.4,49.3
Ovulation,6.8,3,4,2,2,1.2,372.3,435.3,51.6
Ovulation,6.8,3,3,4,3,1.2,422.3,515.6,41.3
Follicular,7.4,4,3,3,2,0.6,287.7,277.7,58.6
Early Luteal,6.0,4,3,3,4,2.0,573.6,664.7,30.1
Follicular,7.9,3,3,3,3,0.1,361.5,297.8,43.3
Menstrual,5.6,4,2,2,3,2.4,265.4,321.1,33.2
Menstrual,6.3,3,3,3,2,1.7,124.9,147.5,42.6
Late Luteal,5.9,2,2,2,2,2.1,248.4,169.0,31.6
Early Luteal,7.2,3,2,2,3,0.8,493.3,493.5,36.4
Early Luteal,6.7,3,3,3,2,1.3,271.2,281.6,41.8
Early Luteal,9.1,4,4,3,2,0.0,143.9,67.6,74.5
Follicular,6.1,3,3,3,3,1.9,490.1,483.6,28.9
Menstrual,6.9,3,2,1,3,1.1,342.2,442.2,32.6
Menstrual,7.5,4,4,3,2,0.5,196.0,127.5,54.6
Early Luteal,6.9,3,3,2,2,1.1,205.2,180.3,47.8
Late Luteal,4.7,1,2,3,3,3.3,343.3,202.4,8.1
Menstrual,5.3,3,2,3,3,2.7,379.9,317.9,19.2
Follicular,8.5,5,4,4,3,0.0,405.7,418.1,73.3
Early Luteal,7.6,4,3,4,2,0.4,125.3,225.3,60.1
Menstrual,6.0,3,2,2,1,2.0,26.5,42.9,48.6
Follicular,8.6,5,4,4,1,0.0,16.6,0.0,81.5
Early Luteal,6.3,3,2,3,4,1.7,614.2,561.9,25.6
Menstrual,6.1,2,2,2,4,1.9,392.6,287.3,15.7
Early Luteal,5.5,2,3,3,1,2.5,157.2,151.6,38.2
Early Luteal,6.1,3,3,3,2,1.9,200.0,148.0,38.0
Menstrual,6.2,2,3,2,2,1.8,341.8,429.5,27.8
Follicular,6.4,3,3,5,3,1.6,274.8,309.8,36.7
Follicular,7.7,5,3,3,3,0.3,386.0,444.4,60.2
Follicular,7.7,4,5,3,2,0.3,192.4,185.9,66.6
Late Luteal,5.2,3,2,2,1,2.8,80.9,79.7,35.1
Follicular,7.6,5,4,4,2,0.4,168.9,153.6,66.7
Ovulation,7.3,3,3,4,3,0.7,414.1,410.0,47.6
Late Luteal,7.0,3,3,3,4,1.0,439.0,465.3,31.7
Late Luteal,5.6,3,3,3,1,2.4,217.4,125.5,37.7
Late Luteal,4.3,1,2,1,1,3.7,54.5,0.0,22.3
Ovulation,8.5,4,4,3,3,0.0,358.9,313.8,61.2
Menstrual,4.4,3,2,2,2,3.6,301.1,401.1,19.7
Menstrual,6.4,2,2,3,1,1.6,48.4,45.1,42.4
Menstrual,6.1,2,2,2,2,1.9,189.0,264.1,32.1
Late Luteal,6.8,3,2,2,1,1.2,58.6,13.9,49.7
Menstrual,7.5,3,3,3,1,0.5,33.8,0.0,57.6
Menstrual,6.7,3,3,3,4,1.3,429.9,529.9,22.6
Follicular,6.4,3,4,4,1,1.6,27.7,5.7,53.3
Follicular,7.7,4,4,4,3,0.3,323.2,341.8,60.0
Ovulation,7.4,5,4,3,3,0.6,567.7,603.4,54.6
Late Luteal,7.6,4,3,3,3,0.4,358.0,458.0,47.6
Menstrual,5.4,3,3,3,1,2.6,107.7,0.0,37.8
Ovulation,7.3,4,3,3,4,0.7,653.1,637.1,45.9
Follicular,7.1,5,4,3,2,0.9,235.4,335.4,64.3
Late Luteal,8.0,4,3,3,3,0.0,479.9,579.9,48.0
Late Luteal,6.2,3,2,2,3,1.8,400.5,356.0,24.9
Ovulation,6.9,3,4,4,1,1.1,28.1,0.0,63.4
Follicular,7.6,3,4,3,3,0.4,284.9,204.6,50.4
Ovulation,7.2,4,5,5,1,0.8,62.5,106.2,71.4
Follicular,5.1,4,3,4,2,2.9,286.3,386.3,43.4
Follicular,7.1,3,4,4,1,0.9,138.4,114.5,63.0
Early Luteal,5.4,3,2,4,3,2.6,350.3,396.4,27.6
Follicular,8.4,4,4,4,2,0.0,282.3,382.3,65.2
Follicular,7.4,4,3,4,2,0.6,383.8,421.3,56.1
Late Luteal,5.9,3,2,2,2,2.1,145.6,178.8,32.8
Menstrual,6.3,2,2,3,3,1.7,347.8,374.0,23.6
Early Luteal,7.2,4,4,4,2,0.8,233.5,302.0,63.4
Ovulation,6.6,2,3,4,1,1.4,114.3,48.6,50.5
Late Luteal,8.7,4,3,3,2,0.0,90.9,86.9,63.5
Ovulation,8.2,4,4,4,2,0.0,267.0,216.2,69.0
Late Luteal,7.1,4,2,2,2,0.9,203.3,16.0,48.4
Early Luteal,6.1,4,3,4,2,1.9,42.8,60.6,56.0
Early Luteal,9.4,4,4,4,2,0.0,155.9,117.1,73.0
Early Luteal,6.9,3,3,3,3,1.1,326.0,368.6,39.0
Ovulation,7.4,5,5,5,2,0.6,149.2,113.6,73.1
Ovulation,5.9,2,3,3,2,2.1,70.9,65.5,41.0
Late Luteal,5.3,2,2,2,2,2.7,331.9,405.4,24.1
Menstrual,7.4,4,3,3,2,0.6,110.4,176.3,55.8
Late Luteal,4.9,1,1,2,2,3.1,134.7,229.6,17.3
Menstrual,5.2,3,3,3,1,2.8,129.6,13.9,40.0
Follicular,7.7,3,4,3,2,0.3,234.9,253.9,56.5
Menstrual,7.4,3,2,2,2,0.6,311.5,198.6,47.0
Follicular,6.8,4,5,4,1,1.2,22.9,0.0,61.8
Follicular,6.0,3,3,3,3,2.0,499.3,552.8,32.9
Menstrual,4.1,2,2,2,4,3.9,411.4,453.4,0.7
Menstrual,8.3,4,3,4,4,0.0,469.6,567.6,39.3
Follicular,7.3,4,3,3,3,0.7,326.0,280.1,48.8
Follicular,6.9,4,4,2,1,1.1,188.5,53.8,56.8
Follicular,8.7,5,3,4,2,0.0,180.6,242.1,75.6
Menstrual,6.8,4,2,2,2,1.2,296.8,331.6,48.1
Late Luteal,5.7,2,2,1,2,2.3,162.1,212.9,30.4
Late Luteal,6.9,3,3,3,3,1.1,279.4,234.2,38.2
Follicular,8.7,5,5,5,2,0.0,272.3,229.3,72.1
Late Luteal,6.5,3,2,1,3,1.5,304.5,404.5,34.1
Late Luteal,6.3,3,2,3,3,1.7,395.0,424.3,28.4
Menstrual,7.2,5,3,3,2,0.8,253.2,314.4,59.8
Follicular,6.8,4,3,3,3,1.2,461.4,467.9,44.3
Follicular,5.9,2,2,3,2,2.1,92.2,29.8,34.1
Menstrual,5.8,3,3,3,2,2.2,57.9,157.9,39.0
Follicular,8.3,4,4,4,1,0.0,24.9,43.2,74.8
Follicular,6.2,3,3,4,2,1.8,23.3,0.0,49.0
Follicular,6.6,3,4,3,3,1.4,361.6,445.8,37.9
Ovulation,5.3,2,3,3,3,2.7,497.1,415.0,23.4
Late Luteal,6.2,2,2,1,2,1.8,107.9,0.0,34.9
Early Luteal,7.4,4,3,4,2,0.6,287.1,331.1,56.5
Early Luteal,7.5,5,3,3,1,0.5,40.1,0.0,72.9
Early Luteal,6.6,3,3,2,3,1.4,339.7,421.2,36.9
Menstrual,6.8,4,2,2,1,1.2,89.4,169.0,53.3
Follicular,8.4,4,4,3,2,0.0,229.7,215.2,70.0
Early Luteal,8.6,5,4,4,3,0.0,590.5,548.0,63.3
Early Luteal,7.0,3,2,3,4,1.0,613.4,568.6,25.1
Follicular,7.4,3,3,3,5,0.6,800.0,868.1,30.2
Late Luteal,7.1,4,2,3,3,0.9,442.9,427.5,45.3
Late Luteal,6.6,3,2,2,1,1.4,88.0,31.6,47.7
Follicular,7.2,4,4,4,1,0.8,150.7,212.6,64.9
Late Luteal,7.6,4,3,2,2,0.4,343.6,354.2,53.8
Early Luteal,7.2,4,3,2,1,0.8,94.4,14.0,65.9
Early Luteal,8.9,5,4,4,1,0.0,108.6,202.0,81.8
Follicular,6.5,3,3,3,2,1.5,186.9,154.9,49.3
Late Luteal,5.4,3,2,2,2,2.6,51.5,151.5,34.6
Late Luteal,8.3,3,2,2,3,0.0,446.7,453.9,43.5
Ovulation,7.4,4,3,3,4,0.6,639.5,624.7,49.5
Early Luteal,6.6,3,2,2,4,1.4,518.0,491.9,22.9
Late Luteal,6.7,2,3,2,1,1.3,25.3,124.8,46.2
Follicular,8.4,5,4,5,3,0.0,326.8,230.3,70.8
Early Luteal,6.4,3,3,3,2,1.6,223.4,268.0,43.3
Menstrual,7.1,4,3,3,1,0.9,70.2,0.0,61.4
Late Luteal,5.5,3,2,2,2,2.5,237.4,291.3,28.6
Ovulation,7.2,5,4,4,1,0.8,98.6,77.1,71.7
Follicular,7.3,5,4,4,1,0.7,105.9,185.4,73.4
Follicular,6.9,4,3,3,2,1.1,80.8,96.6,54.0
Early Luteal,6.8,3,3,3,2,1.2,143.5,62.7,50.7
Early Luteal,6.5,2,3,2,3,1.5,285.6,231.4,27.3
Early Luteal,7.0,4,3,3,3,1.0,190.5,124.5,47.6
Menstrual,3.5,1,2,2,3,4.5,265.4,365.4,0.0
Late Luteal,6.0,1,2,1,2,2.0,138.1,173.9,24.3
Early Luteal,7.1,5,4,4,1,0.9,85.9,185.9,70.7
Follicular,7.7,5,5,5,3,0.3,337.9,315.1,69.3
Ovulation,7.8,4,3,3,3,0.2,495.2,445.4,56.7
Menstrual,6.1,3,2,3,1,1.9,0.7,100.7,39.6
Follicular,7.7,5,4,4,2,0.3,145.3,44.9,68.7
Menstrual,5.8,3,2,2,2,2.2,70.7,79.4,36.3
Late Luteal,5.7,3,2,2,3,2.3,295.2,240.9,25.4
Late Luteal,7.9,4,3,3,2,0.1,289.2,199.9,53.3
Follicular,6.8,3,4,3,1,1.2,41.3,110.2,59.4
Early Luteal,5.9,3,3,2,3,2.1,301.3,291.4,36.9
Late Luteal,8.3,4,3,3,1,0.0,108.3,168.2,66.1
Follicular,6.9,4,5,5,2,1.1,71.9,0.0,63.2
Ovulation,5.8,4,4,4,3,2.2,278.7,376.6,45.0
Ovulation,8.6,3,4,4,3,0.0,399.4,409.3,61.1
Late Luteal,8.4,3,2,1,2,0.0,91.5,0.0,58.5
Early Luteal,8.3,4,3,3,2,0.0,177.7,176.8,64.3
Follicular,8.6,5,5,4,1,0.0,114.8,70.2,85.2
Late Luteal,6.4,3,2,2,3,1.6,365.2,332.7,28.4
Menstrual,7.4,4,4,3,2,0.6,52.0,110.9,52.7
Early Luteal,6.7,3,4,3,2,1.3,164.4,137.1,49.5
Late Luteal,6.9,4,3,3,3,1.1,434.3,473.8,45.3
Follicular,7.1,4,4,4,2,0.9,139.0,152.4,61.2
Follicular,6.9,3,4,3,2,1.1,326.2,305.3,48.0
Early Luteal,9.0,5,4,4,1,0.0,8.0,0.0,89.8
Follicular,6.5,3,3,4,2,1.5,99.3,42.0,44.7
Late Luteal,8.1,2,3,2,3,0.0,318.3,219.0,44.5
Menstrual,7.0,2,3,2,2,1.0,212.0,274.3,38.8
Early Luteal,7.0,3,2,3,2,1.0,170.3,135.5,48.7
Ovulation,8.6,5,4,5,3,0.0,272.1,224.8,71.4
Follicular,8.3,5,5,5,2,0.0,214.4,314.4,73.9
Late Luteal,7.5,4,2,2,4,0.5,621.5,657.4,36.4
Early Luteal,7.8,5,4,4,3,0.2,373.6,379.4,63.3
Early Luteal,6.9,3,4,3,1,1.1,142.9,30.2,56.5
Ovulation,9.0,4,4,4,3,0.0,374.2,279.1,64.2
Follicular,5.8,3,3,2,2,2.2,170.5,151.7,43.5
Follicular,9.3,5,4,3,3,0.0,411.7,449.2,71.8
Early Luteal,6.6,3,3,2,2,1.4,236.3,102.3,49.6
Early Luteal,6.9,3,4,3,2,1.1,239.0,183.2,47.6
Follicular,7.6,5,4,5,1,0.4,113.8,172.8,77.9
Menstrual,7.2,5,3,4,5,0.8,569.6,645.8,36.6
Early Luteal,6.2,3,2,3,4,1.8,562.4,557.3,18.5
Late Luteal,6.9,3,2,2,2,1.1,174.7,221.6,48.5
Follicular,7.7,4,3,4,1,0.3,82.8,3.2,69.3
Follicular,7.0,4,5,5,2,1.0,193.5,139.7,60.7
Follicular,7.5,5,4,4,2,0.5,277.8,196.8,70.6
Early Luteal,5.0,2,3,3,1,3.0,23.0,77.9,36.8
Ovulation,7.9,5,5,5,1,0.1,67.8,69.8,80.3
Late Luteal,7.3,3,2,2,3,0.7,247.6,193.6,41.0
Follicular,6.9,3,2,2,4,1.1,504.6,504.2,29.2
Follicular,6.0,3,4,4,2,2.0,77.2,11.1,47.9
Follicular,6.1,3,3,4,5,1.9,737.1,752.7,14.2
Early Luteal,7.4,3,4,3,2,0.6,256.8,171.3,51.1
Follicular,7.1,4,4,2,1,0.9,48.9,43.3,64.6
Menstrual,7.2,5,2,2,4,0.8,456.1,511.4,41.8
Early Luteal,9.3,5,4,3,3,0.0,378.7,371.6,66.9
Follicular,8.1,4,4,3,2,0.0,271.3,97.7,63.2
Late Luteal,7.3,4,3,3,3,0.7,458.0,558.0,47.0
Late Luteal,7.6,4,3,2,2,0.4,146.5,50.4,57.4
Early Luteal,5.4,2,2,2,1,2.6,8.0,3.6,38.6
Follicular,7.4,5,3,3,5,0.6,800.0,779.7,34.3
Late Luteal,6.9,4,4,3,1,1.1,136.3,36.1,61.3
Late Luteal,6.2,4,2,2,2,1.8,183.9,101.4,39.3
Late Luteal,6.8,3,3,2,1,1.2,13.7,0.0,55.4
Early Luteal,5.9,2,3,3,3,2.1,391.9,471.5,25.8
Early Luteal,8.4,3,4,4,2,0.0,200.6,178.0,59.7
Follicular,6.7,3,3,3,1,1.3,22.6,27.2,56.5
Late Luteal,7.6,4,3,2,2,0.4,211.9,308.1,58.8
Follicular,8.7,5,4,5,3,0.0,467.7,558.7,62.6
Follicular,7.9,4,5,5,1,0.1,55.2,55.4,71.5
Late Luteal,6.1,4,3,2,2,1.9,245.1,288.5,46.1
Early Luteal,7.8,3,3,4,2,0.2,148.8,133.7,55.0
Ovulation,5.1,4,4,4,3,2.9,474.3,562.0,37.3
Ovulation,6.3,3,3,4,1,1.7,55.5,15.0,56.4
Follicular,7.7,5,3,4,4,0.3,479.8,380.2,55.7
Menstrual,6.2,3,2,3,3,1.8,297.3,295.0,30.0
Late Luteal,7.0,2,2,1,2,1.0,355.1,343.2,30.8
Late Luteal,6.8,2,2,3,2,1.2,206.2,142.4,33.7
Late Luteal,9.1,5,3,5,2,0.0,178.3,177.3,71.2
Follicular,7.9,5,5,3,2,0.1,205.1,159.5,69.0
Menstrual,4.9,1,1,1,2,3.1,148.6,0.0,8.8
Early Luteal,8.7,4,3,3,3,0.0,516.9,528.4,53.7
Late Luteal,7.3,3,3,3,2,0.7,194.4,289.6,50.1
Ovulation,7.1,5,4,4,1,0.9,55.4,155.4,79.3
Late Luteal,6.5,2,2,2,2,1.5,125.4,57.6,38.6
Early Luteal,7.2,5,4,4,1,0.8,63.2,0.0,68.9
Follicular,6.9,4,3,3,2,1.1,334.4,247.0,55.8
Follicular,6.5,3,5,4,1,1.5,132.3,123.7,53.2
Follicular,6.5,3,3,4,1,1.5,87.4,0.0,55.8
Early Luteal,7.3,4,3,2,2,0.7,283.5,193.0,54.6
Follicular,9.1,4,4,4,2,0.0,305.3,299.5,68.6
Early Luteal,7.3,4,3,3,4,0.7,488.5,534.4,39.9
Early Luteal,6.9,2,2,2,1,1.1,147.5,62.1,42.5
Late Luteal,5.3,2,1,2,3,2.7,364.2,414.7,13.4
Late Luteal,6.4,2,1,1,1,1.6,178.2,168.9,34.2
Follicular,5.8,3,3,4,2,2.2,100.8,41.6,46.4
Late Luteal,6.7,3,3,3,2,1.3,334.5,247.9,42.9
Ovulation,7.7,4,4,4,2,0.3,73.8,159.5,70.3
Follicular,7.8,5,3,4,3,0.2,302.3,206.8,68.0
Late Luteal,5.9,3,2,2,2,2.1,295.8,242.3,38.9
Follicular,7.7,4,4,4,3,0.3,353.8,347.3,57.6
Menstrual,6.0,3,2,2,1,2.0,18.9,75.2,47.1
Early Luteal,6.9,3,3,3,3,1.1,604.1,580.4,36.0
Follicular,7.1,3,4,4,4,0.9,608.2,510.9,34.8
Follicular,9.1,5,5,5,2,0.0,342.1,299.6,76.6
Follicular,7.9,5,3,4,5,0.1,800.0,780.1,41.2
Late Luteal,5.5,4,3,3,2,2.5,245.9,345.9,41.8
Late Luteal,7.0,3,4,4,1,1.0,56.1,57.9,57.4
Late Luteal,6.7,3,3,3,2,1.3,311.2,411.2,41.3
Late Luteal,8.7,4,2,2,2,0.0,230.0,233.6,61.3
Follicular,7.7,4,3,3,3,0.3,469.5,423.3,52.3
Early Luteal,5.3,2,2,2,2,2.7,188.1,213.9,27.1
Follicular,6.1,3,3,3,3,1.9,413.8,454.4,35.5
Follicular,8.4,3,3,3,4,0.0,571.5,566.3,41.1
Follicular,6.6,4,4,4,3,1.4,341.3,346.8,47.4
Late Luteal,7.3,4,2,4,3,0.7,277.6,320.3,48.1
Early Luteal,8.0,5,4,2,1,0.0,95.7,187.2,74.2
Early Luteal,7.8,4,3,3,2,0.2,331.0,431.0,54.8
Ovulation,7.4,4,3,4,4,0.6,532.8,443.6,42.6
Early Luteal,8.3,4,2,3,3,0.0,380.9,447.9,54.3
Menstrual,7.4,2,3,2,2,0.6,128.2,228.2,47.5
Follicular,7.8,4,4,4,3,0.2,256.9,356.9,56.1
Early Luteal,6.5,4,3,4,2,1.5,60.4,82.0,54.2
Late Luteal,7.3,3,3,3,3,0.7,310.2,324.1,40.5
Follicular,6.3,4,3,4,2,1.7,133.8,26.5,53.2
Follicular,8.2,5,4,3,2,0.0,110.6,184.2,73.3
Menstrual,6.8,3,2,3,3,1.2,230.4,228.5,40.4
Early Luteal,8.9,3,3,3,1,0.0,69.2,0.0,65.4
Menstrual,4.8,2,2,3,1,3.2,87.8,187.8,25.9
Early Luteal,7.2,4,3,3,3,0.8,342.4,442.4,45.9
Follicular,6.2,3,3,5,2,1.8,204.7,201.1,48.5
Follicular,6.8,3,3,3,2,1.2,205.7,214.4,48.1
Late Luteal,4.5,1,2,1,3,3.5,358.6,335.0,2.2
Early Luteal,8.8,5,3,4,4,0.0,493.4,508.8,65.9
Late Luteal,6.8,3,2,3,3,1.2,374.5,244.9,36.1
Follicular,7.7,4,4,4,1,0.3,15.0,0.0,75.0
Follicular,7.0,4,4,5,2,1.0,247.5,273.0,58.3
Menstrual,7.3,3,3,3,2,0.7,90.0,190.0,47.1
Early Luteal,6.1,4,2,3,4,1.9,679.1,661.3,29.2
Follicular,5.9,2,3,4,3,2.1,337.4,263.3,28.5
Early Luteal,8.0,4,4,3,1,0.0,32.8,0.0,77.3
Late Luteal,7.4,4,3,2,3,0.6,539.2,601.2,40.7
Early Luteal,7.8,3,4,4,1,0.2,29.2,40.8,63.6
Follicular,8.9,4,3,3,3,0.0,358.7,249.8,54.3
Follicular,6.3,3,4,4,2,1.7,341.3,314.9,40.5
Menstrual,5.3,2,1,2,2,2.7,112.8,81.9,28.6
Ovulation,8.8,4,3,4,5,0.0,712.9,658.3,44.7
Late Luteal,7.2,4,3,3,2,0.8,137.4,182.8,56.5
Menstrual,7.0,2,2,2,3,1.0,315.4,240.4,31.6
Follicular,7.9,5,4,2,2,0.1,116.8,77.2,73.5
Menstrual,7.6,4,3,3,3,0.4,349.5,294.6,46.3
Early Luteal,7.0,4,2,3,2,1.0,245.0,252.9,56.8
Early Luteal,7.8,4,2,3,2,0.2,198.0,167.0,59.0
Menstrual,6.6,4,2,3,4,1.4,452.0,529.8,25.4
Early Luteal,5.2,4,2,3,2,2.8,184.1,177.4,42.6
Menstrual,6.7,2,2,1,4,1.3,657.1,622.1,11.0
Ovulation,6.9,3,4,3,1,1.1,41.4,0.0,65.9
Follicular,7.0,4,3,3,1,1.0,111.1,127.6,64.2
Follicular,7.4,5,4,5,2,0.6,203.3,156.8,66.5
Late Luteal,6.3,4,3,2,2,1.7,103.0,25.7,43.5
Late Luteal,6.5,2,2,2,1,1.5,137.4,237.4,40.2
Late Luteal,6.5,3,3,2,2,1.5,247.4,344.9,40.6
Early Luteal,9.5,5,4,3,3,0.0,480.2,555.0,66.2
Late Luteal,6.4,4,2,2,3,1.6,436.5,536.5,33.8
Late Luteal,8.3,3,3,3,2,0.0,93.7,193.7,64.3
Ovulation,7.4,4,4,4,2,0.6,115.6,43.2,61.4
Follicular,6.5,4,4,4,2,1.5,75.7,0.0,56.1
Ovulation,7.1,4,4,2,2,0.9,182.5,282.5,61.5
Follicular,6.2,4,3,3,4,1.8,652.6,577.9,22.9
Early Luteal,8.4,4,4,5,2,0.0,137.8,237.8,70.9
Follicular,6.6,4,3,2,1,1.4,142.4,229.9,54.3
Ovulation,6.7,3,4,4,2,1.3,131.1,139.9,51.8
Follicular,8.0,3,3,4,2,0.0,50.7,117.5,59.1
Follicular,7.0,4,5,5,1,1.0,109.2,163.1,62.5
Late Luteal,7.7,3,2,2,2,0.3,163.0,263.0,48.0
Menstrual,6.2,2,2,3,2,1.8,243.9,291.0,31.9
Late Luteal,7.1,4,2,2,3,0.9,354.6,431.2,48.1
Early Luteal,6.4,4,4,4,1,1.6,76.6,99.8,62.3
Ovulation,5.3,2,3,3,2,2.7,116.6,0.0,28.2
Ovulation,6.5,3,4,3,2,1.5,238.1,202.9,49.3
Ovulation,7.2,4,4,3,2,0.8,154.5,164.7,56.9
Follicular,7.7,4,3,4,2,0.3,250.9,322.3,66.0
Ovulation,5.6,2,3,3,3,2.4,316.7,386.8,28.8
Late Luteal,5.3,3,2,2,2,2.7,169.5,260.4,28.6
Follicular,7.1,5,4,4,3,0.9,432.1,358.2,47.5
Menstrual,6.5,3,3,1,2,1.5,119.5,145.5,42.4
Ovulation,7.0,3,3,3,5,1.0,724.6,722.8,25.6
Follicular,8.4,4,3,3,3,0.0,173.7,227.9,60.3
Menstrual,5.1,3,3,2,3,2.9,338.7,386.8,24.6
Early Luteal,7.6,3,2,3,2,0.4,194.7,252.1,51.2
Menstrual,6.5,2,2,2,1,1.5,34.2,89.3,43.9
Late Luteal,6.6,3,2,1,3,1.4,308.1,270.8,33.6
Early Luteal,6.1,4,3,4,2,1.9,188.4,149.9,50.6
Ovulation,6.9,3,4,4,1,1.1,2.3,0.0,58.6
Follicular,7.1,4,3,3,3,0.9,362.9,387.5,44.5
Menstrual,6.1,2,2,1,4,1.9,510.6,523.0,15.2
Follicular,9.5,5,5,4,2,0.0,35.3,0.0,89.8
Menstrual,8.9,3,3,3,3,0.0,423.6,523.6,46.6
Menstrual,4.6,1,2,2,2,3.4,245.6,115.8,11.0
Early Luteal,3.5,2,3,3,3,4.5,436.2,536.2,4.5
Late Luteal,6.1,2,3,2,2,1.9,102.0,4.7,38.5
Follicular,7.3,4,3,4,2,0.7,210.8,177.9,61.8
Early Luteal,5.7,3,3,3,2,2.3,125.5,11.6,42.4
Menstrual,8.8,4,3,2,2,0.0,210.6,291.2,63.1
Follicular,6.7,4,3,3,1,1.3,51.2,0.0,61.1
Follicular,6.7,4,3,3,2,1.3,123.1,88.0,59.7
Late Luteal,7.3,4,3,3,1,0.7,45.9,0.0,67.5
Follicular,6.7,5,4,4,2,1.3,170.8,33.3,53.7
Follicular,7.4,4,4,3,1,0.6,74.7,0.0,67.0
Menstrual,7.0,3,2,2,3,1.0,459.9,486.1,34.6
Early Luteal,6.8,4,3,3,1,1.2,96.2,56.5,57.7
Ovulation,9.0,4,4,4,1,0.0,172.4,272.4,81.4
Ovulation,8.5,4,3,4,5,0.0,800.0,737.5,40.0
Early Luteal,7.3,4,2,3,4,0.7,540.1,469.0,34.0
Menstrual,6.0,2,2,1,5,2.0,800.0,850.4,1.1
Menstrual,7.6,4,3,3,2,0.4,15.7,75.3,58.7
Late Luteal,6.2,4,2,3,4,1.8,800.0,857.0,25.1
Follicular,7.7,4,3,3,5,0.3,734.8,574.0,32.4
Menstrual,7.1,3,2,3,3,0.9,291.1,276.5,29.7
Ovulation,7.0,3,3,4,3,1.0,353.0,287.4,48.6
Menstrual,6.4,2,2,1,3,1.6,264.7,285.8,23.1
Early Luteal,7.5,5,4,4,2,0.5,125.3,86.2,70.2
Follicular,6.7,3,3,4,4,1.3,592.4,557.6,34.7
Follicular,7.6,4,4,5,2,0.4,277.8,276.2,65.7
Early Luteal,8.9,4,3,3,3,0.0,454.8,463.6,57.5
Late Luteal,9.0,5,3,4,3,0.0,331.2,270.9,67.7
Ovulation,7.1,3,4,4,1,0.9,55.6,100.0,61.5
Ovulation,6.7,4,4,4,3,1.3,350.0,265.1,48.0
Follicular,8.4,4,5,5,3,0.0,398.1,365.4,61.5
Late Luteal,7.8,3,3,3,2,0.2,147.4,184.0,55.8
Ovulation,7.8,4,4,4,1,0.2,75.1,121.6,72.5
Late Luteal,6.7,3,2,2,1,1.3,19.6,0.0,47.2
Follicular,7.1,4,4,4,1,0.9,79.6,143.1,68.8
Follicular,7.0,4,3,3,2,1.0,230.1,291.9,58.7
Follicular,7.1,3,4,4,2,0.9,156.7,73.2,51.4
Late Luteal,6.3,3,3,3,1,1.7,12.6,65.2,49.8
Follicular,8.0,4,4,3,3,0.0,439.4,518.4,56.3
Ovulation,6.4,2,4,3,2,1.6,279.9,239.3,36.4
Follicular,8.2,5,4,4,2,0.0,102.7,79.2,76.1
Late Luteal,8.0,5,3,3,3,0.0,508.1,608.1,57.7
Follicular,6.5,3,4,3,1,1.5,11.2,59.7,61.5
Late Luteal,5.3,2,2,1,2,2.7,154.8,178.6,21.1
Ovulation,7.1,3,4,4,2,0.9,149.6,123.5,54.9
Ovulation,7.1,4,3,3,2,0.9,213.6,282.4,55.4
Follicular,6.7,4,4,4,1,1.3,29.1,34.1,68.2
Follicular,6.5,3,4,2,3,1.5,417.9,272.4,36.5
Late Luteal,7.7,4,3,3,3,0.3,274.6,251.3,49.5
Early Luteal,6.2,3,3,2,1,1.8,68.5,41.8,44.4
Menstrual,7.8,4,2,3,3,0.2,364.1,412.2,48.8
Menstrual,5.8,3,3,3,1,2.2,134.8,196.1,40.7
Follicular,8.6,3,3,3,3,0.0,425.1,429.8,48.4
Late Luteal,8.0,3,3,2,2,0.0,89.9,39.0,57.5
Early Luteal,6.7,3,3,3,2,1.3,193.1,163.7,44.8
Late Luteal,8.4,4,4,3,1,0.0,112.7,121.7,63.8
Early Luteal,7.8,5,4,4,2,0.2,294.4,382.5,63.6
Menstrual,5.1,3,2,2,2,2.9,213.0,242.9,27.5
Follicular,7.1,4,3,3,2,0.9,152.6,93.9,57.8
Ovulation,6.1,3,4,4,2,1.9,187.5,247.6,42.5
Follicular,6.8,3,4,3,1,1.2,8.5,16.5,58.3
Late Luteal,5.6,2,2,2,2,2.4,132.9,154.4,27.0
Late Luteal,6.9,3,1,2,3,1.1,434.5,450.8,30.2
Late Luteal,7.6,3,2,2,3,0.4,235.3,322.8,36.3
Follicular,9.3,5,4,4,4,0.0,691.1,710.7,59.9
Follicular,6.8,4,3,4,2,1.2,234.6,316.1,55.7
Late Luteal,7.7,4,3,2,2,0.3,95.2,4.1,61.5
Follicular,9.2,5,4,4,3,0.0,444.6,520.3,61.8
Late Luteal,4.7,1,1,1,2,3.3,179.4,132.4,12.5
Follicular,6.9,3,3,3,1,1.1,47.1,0.0,60.2
Early Luteal,6.9,4,4,3,2,1.1,219.4,222.4,53.9
Late Luteal,7.5,4,4,3,1,0.5,18.8,0.0,65.7
Early Luteal,7.3,3,2,3,2,0.7,293.7,136.2,49.5
Late Luteal,7.2,4,3,2,2,0.8,167.9,50.3,52.5
Late Luteal,5.2,2,3,2,2,2.8,86.2,97.7,22.4
Early Luteal,6.3,4,2,4,3,1.7,548.7,507.0,40.6
Follicular,5.6,3,4,3,2,2.4,315.7,327.2,39.4
Follicular,5.3,2,4,4,1,2.7,176.6,245.1,36.5
Follicular,7.1,5,4,4,5,0.9,666.1,674.6,36.8
Early Luteal,7.1,4,4,3,2,0.9,210.5,184.4,52.5
Late Luteal,6.4,3,3,2,1,1.6,36.1,35.0,48.8
Menstrual,6.2,3,3,2,4,1.8,549.3,520.0,14.6
Late Luteal,6.1,2,3,2,2,1.9,216.2,194.4,34.6
Late Luteal,6.6,3,2,1,2,1.4,319.1,344.8,33.9
Ovulation,7.5,4,4,4,2,0.5,256.4,356.4,63.5
Follicular,6.2,4,3,5,2,1.8,55.4,0.0,51.9
Early Luteal,7.6,4,4,5,1,0.4,42.2,93.7,70.2
Late Luteal,5.8,4,2,2,4,2.2,664.2,764.2,19.6
Early Luteal,6.7,3,3,3,3,1.3,320.3,361.6,43.6
Late Luteal,6.3,3,2,2,3,1.7,421.0,438.1,22.8
Menstrual,7.3,4,2,2,2,0.7,353.5,315.2,51.1
Ovulation,6.8,3,4,3,1,1.2,39.2,0.0,59.1
Menstrual,8.1,4,4,4,3,0.0,346.8,443.1,52.7
Follicular,6.6,3,4,3,2,1.4,41.5,25.0,52.2
Late Luteal,8.4,3,3,2,2,0.0,220.7,278.2,50.2
Late Luteal,5.1,3,2,2,3,2.9,306.1,315.6,22.8
Follicular,7.9,3,3,3,2,0.1,118.3,207.3,61.5
Follicular,9.4,5,3,2,4,0.0,394.5,452.4,63.8
Late Luteal,7.1,2,2,3,2,0.9,277.3,371.0,40.1
Late Luteal,5.5,2,2,2,2,2.5,138.2,134.7,25.1
Menstrual,7.2,3,3,3,1,0.8,57.6,42.6,55.1
Follicular,5.8,4,3,4,3,2.2,540.7,418.0,38.0
Ovulation,6.9,3,3,3,2,1.1,75.4,0.0,55.5
Early Luteal,7.1,5,4,4,1,0.9,107.4,207.4,71.9
Follicular,7.3,4,4,4,3,0.7,529.5,421.6,53.9
Menstrual,7.9,3,3,2,1,0.1,152.2,191.9,60.3
Menstrual,6.1,4,4,4,2,1.9,329.5,308.0,39.6
Late Luteal,7.3,4,3,2,3,0.7,309.8,409.8,45.0
Late Luteal,7.5,4,3,2,1,0.5,39.8,0.0,63.0
Late Luteal,7.2,4,2,2,3,0.8,302.2,402.2,48.6
Menstrual,6.1,3,2,2,2,1.9,202.7,229.9,44.2
Late Luteal,8.7,5,3,4,4,0.0,597.4,573.7,50.0
Follicular,9.5,5,5,5,1,0.0,122.6,176.8,90.9
Early Luteal,8.8,5,3,3,4,0.0,638.4,722.0,58.6
Menstrual,6.8,3,3,2,1,1.2,59.8,57.5,53.0
Early Luteal,7.8,5,3,3,5,0.2,800.0,717.5,39.5
Follicular,6.7,4,4,4,3,1.3,397.5,420.4,48.8
Follicular,6.7,3,3,3,1,1.3,57.3,0.0,58.9
Early Luteal,6.8,3,2,3,3,1.2,321.0,403.9,42.9
Early Luteal,6.8,3,3,3,4,1.2,764.3,584.8,24.7
Follicular,7.2,4,4,3,1,0.8,11.5,63.4,64.2
Menstrual,4.6,2,2,3,3,3.4,282.8,277.7,9.8
Follicular,6.3,3,3,4,2,1.7,158.0,95.4,51.0
Late Luteal,5.9,2,2,1,3,2.1,456.2,450.6,14.1
Early Luteal,7.7,4,3,3,2,0.3,230.9,124.4,58.1
Late Luteal,5.3,4,4,4,2,2.7,177.1,114.2,44.0
Early Luteal,7.4,4,3,3,3,0.6,398.8,445.8,51.6
Early Luteal,6.2,3,3,1,3,1.8,322.6,334.3,36.6
Early Luteal,6.2,3,3,4,3,1.8,308.8,300.5,34.6
Ovulation,5.8,3,3,4,2,2.2,282.0,153.9,44.0
Late Luteal,6.1,3,2,1,2,1.9,158.1,146.0,33.4
Menstrual,6.3,2,2,1,1,1.7,115.6,215.6,36.1
Follicular,6.8,3,4,3,2,1.2,108.8,22.5,52.6
Ovulation,6.4,3,4,3,2,1.6,106.4,145.5,55.2
Ovulation,6.9,2,3,2,2,1.1,105.4,205.4,50.0
Menstrual,7.2,3,3,2,1,0.8,32.0,0.0,55.2
Early Luteal,8.5,4,4,4,2,0.0,228.6,307.5,67.0
Follicular,6.5,3,3,3,1,1.5,69.1,18.1,50.4
Late Luteal,6.1,2,3,2,1,1.9,16.1,53.0,43.8
Early Luteal,7.7,4,3,2,4,0.3,541.3,498.8,40.7
Menstrual,6.5,2,2,2,4,1.5,581.1,512.0,16.6
Follicular,5.1,4,3,3,3,2.9,368.4,442.4,32.0
Early Luteal,6.2,4,3,4,3,1.8,354.9,353.8,43.6
Early Luteal,7.5,4,4,4,1,0.5,120.8,153.7,66.5
Follicular,7.9,4,3,3,3,0.1,229.8,264.9,53.3
Follicular,7.5,4,3,3,2,0.5,98.1,0.0,62.2
Early Luteal,5.9,3,3,3,4,2.1,427.8,372.2,33.4
Follicular,8.2,4,4,4,3,0.0,398.0,275.2,61.2
Late Luteal,6.1,3,2,2,1,1.9,112.1,212.1,47.3
Follicular,6.3,3,3,3,2,1.7,236.4,174.5,42.7
Late Luteal,7.2,4,3,4,3,0.8,214.4,234.3,45.5
Ovulation,7.9,4,4,4,2,0.1,226.1,279.5,65.4
Menstrual,5.7,3,2,2,4,2.3,483.9,357.4,16.3
Ovulation,6.9,4,4,4,1,1.1,186.8,233.0,63.5
Follicular,7.1,5,3,4,3,0.9,352.6,258.5,55.2
Ovulation,7.1,5,4,4,2,0.9,304.2,294.7,67.9
Late Luteal,6.5,3,1,1,5,1.5,743.7,843.7,12.8
Early Luteal,7.3,4,3,3,2,0.7,233.5,190.8,55.5
Follicular,9.5,5,4,4,3,0.0,430.4,426.9,71.2
Follicular,6.5,4,4,5,2,1.5,102.5,69.8,59.0
Ovulation,7.2,4,4,4,1,0.8,3.6,103.6,69.9
Early Luteal,8.2,4,4,3,3,0.0,355.6,356.0,56.4
Follicular,8.1,4,5,3,1,0.0,203.8,158.7,73.5
Ovulation,6.4,3,4,4,2,1.6,254.1,322.2,46.3
Late Luteal,5.8,3,2,2,2,2.2,125.9,75.2,32.0
Early Luteal,8.0,4,3,4,3,0.0,545.4,494.3,49.2
Ovulation,6.4,2,3,5,3,1.6,610.1,710.1,30.9
Late Luteal,6.2,3,2,2,3,1.8,234.1,160.1,32.6
Menstrual,6.9,2,2,2,3,1.1,314.9,330.9,28.2
Ovulation,6.9,3,3,3,2,1.1,238.7,264.4,49.8
Ovulation,7.3,5,4,5,2,0.7,152.0,78.0,68.9
Follicular,8.0,4,3,4,3,0.0,320.1,393.6,58.8
Ovulation,7.7,4,3,2,3,0.3,362.6,378.1,56.9
Early Luteal,6.2,3,2,3,3,1.8,466.9,469.6,28.1
Late Luteal,8.2,4,3,3,4,0.0,584.9,557.0,38.9
Menstrual,7.5,3,2,2,1,0.5,92.9,108.9,54.9
Follicular,8.0,4,3,3,2,0.0,198.8,159.7,66.5
Menstrual,6.5,2,2,2,2,1.5,129.8,138.8,30.0
Menstrual,8.0,5,3,4,1,0.0,36.8,134.2,74.3
Early Luteal,7.5,4,4,3,1,0.5,79.6,35.3,65.5
Late Luteal,7.7,4,3,2,2,0.3,147.4,223.3,59.1
Menstrual,5.9,3,3,2,4,2.1,440.5,413.0,17.5
Menstrual,6.6,3,2,2,3,1.4,280.7,202.9,30.1
Early Luteal,6.7,3,3,3,1,1.3,38.6,71.2,54.0
Ovulation,8.0,4,4,4,1,0.0,73.1,145.5,74.3
Menstrual,7.0,2,4,3,2,1.0,173.4,273.4,39.2
Menstrual,5.7,1,2,2,5,2.3,800.0,645.0,0.0
Menstrual,5.8,3,2,1,2,2.2,230.3,195.1,32.2
Follicular,7.7,3,4,3,2,0.3,257.4,314.2,57.0
Late Luteal,5.3,4,1,3,5,2.7,682.8,594.1,0.7
Menstrual,8.0,4,3,3,3,0.0,455.7,542.9,52.5
Follicular,8.1,5,4,5,3,0.0,436.0,288.2,61.3
Late Luteal,6.9,2,2,3,2,1.1,166.4,65.6,35.7
Late Luteal,6.9,3,2,3,3,1.1,347.8,447.8,32.1
Early Luteal,7.4,3,3,3,3,0.6,477.1,550.4,39.5
Follicular,8.5,4,3,3,1,0.0,90.5,183.7,71.9
Menstrual,7.7,4,3,3,4,0.3,574.7,483.5,46.2
Ovulation,6.2,4,4,4,2,1.8,74.0,56.7,52.5
Follicular,6.5,3,3,3,4,1.5,559.9,491.8,27.4
Follicular,8.4,4,5,4,2,0.0,212.1,165.8,66.3
Early Luteal,6.0,4,2,4,4,2.0,589.5,372.1,30.0
Ovulation,6.5,3,3,4,2,1.5,205.3,162.2,47.8
Menstrual,7.2,5,4,4,2,0.8,252.1,139.5,57.1
Follicular,8.3,5,5,3,3,0.0,289.6,338.9,64.8
Ovulation,6.6,3,4,3,2,1.4,162.8,217.1,53.8
Late Luteal,5.9,4,3,4,3,2.1,328.9,357.9,34.5
Menstrual,8.2,3,3,4,2,0.0,240.2,265.5,54.0
Menstrual,7.7,4,3,2,1,0.3,78.4,0.0,62.7
Ovulation,6.0,3,3,3,3,2.0,313.6,368.9,35.2
Early Luteal,7.6,4,4,4,3,0.4,492.5,516.8,46.0
Late Luteal,6.9,3,2,2,3,1.1,264.7,214.3,38.9
Follicular,7.0,2,3,3,1,1.0,18.3,0.0,47.9
Menstrual,6.5,3,3,3,2,1.5,99.4,36.5,41.2
Follicular,6.3,3,3,3,2,1.7,119.2,76.2,45.0
Follicular,6.2,3,3,4,1,1.8,37.0,117.8,52.0
Follicular,6.0,3,4,3,1,2.0,11.7,67.5,55.6
Ovulation,6.8,3,3,4,1,1.2,137.3,237.3,57.6
Ovulation,6.3,2,3,4,3,1.7,339.5,360.2,34.0
Early Luteal,7.6,4,4,4,1,0.4,71.1,30.5,68.4
Late Luteal,7.5,3,2,2,1,0.5,1.0,0.0,54.7
Menstrual,6.7,3,3,2,1,1.3,36.2,85.1,50.9
Late Luteal,6.3,3,1,2,5,1.7,800.0,880.4,6.9
Follicular,7.1,5,3,3,2,0.9,190.2,265.2,65.6
Ovulation,7.1,4,4,3,2,0.9,317.9,417.9,62.2
Late Luteal,6.2,3,3,3,2,1.8,189.6,0.0,46.2
Follicular,7.0,4,3,3,3,1.0,438.8,421.5,47.7
Late Luteal,5.6,3,3,3,3,2.4,340.1,241.5,24.2
Early Luteal,6.3,3,3,2,1,1.7,43.0,0.0,53.2
Menstrual,8.4,4,3,3,2,0.0,242.6,265.1,63.3
Follicular,7.4,5,4,4,1,0.6,124.1,224.1,73.6
Follicular,8.7,5,3,4,4,0.0,583.3,608.8,53.3
Late Luteal,6.0,3,2,1,2,2.0,215.3,135.7,36.7
Late Luteal,6.9,2,3,2,2,1.1,225.9,175.2,39.7
Follicular,6.2,3,4,5,3,1.8,378.5,478.5,34.3
Ovulation,8.2,5,4,4,2,0.0,185.6,251.4,79.2
Follicular,6.4,3,3,4,2,1.6,228.2,121.0,42.0
Late Luteal,7.6,4,3,2,2,0.4,324.1,419.6,51.8
Late Luteal,7.3,3,3,3,1,0.7,118.6,218.6,56.7
Early Luteal,4.9,1,2,2,2,3.1,180.0,122.0,20.6
Menstrual,7.3,3,2,2,2,0.7,104.2,162.5,45.0
Late Luteal,4.6,1,2,1,2,3.4,266.7,366.7,13.0
Early Luteal,9.2,4,4,3,1,0.0,52.5,152.5,78.2
Follicular,7.4,5,3,3,4,0.6,491.4,357.1,49.9
Menstrual,4.9,1,2,2,3,3.1,403.9,343.8,1.9
Menstrual,5.6,4,3,4,1,2.4,76.3,0.0,49.2
Early Luteal,5.4,2,3,3,3,2.6,286.4,292.1,23.9
Late Luteal,6.3,3,3,1,1,1.7,175.3,275.3,40.8
Ovulation,4.9,1,2,3,4,3.1,453.2,553.2,12.0
Menstrual,4.7,1,1,2,2,3.3,265.9,221.9,8.0
Menstrual,6.3,2,3,3,1,1.7,14.0,32.7,41.0
Menstrual,6.8,2,2,3,4,1.2,603.3,604.9,19.2
Late Luteal,9.0,4,3,3,2,0.0,207.5,289.3,69.0
Late Luteal,8.2,5,3,2,3,0.0,389.4,382.3,63.2
Follicular,6.2,2,3,3,2,1.8,211.6,206.5,37.6
Follicular,7.1,3,3,5,2,0.9,249.6,349.6,48.7
Follicular,5.8,3,3,3,3,2.2,273.7,277.0,32.9
Follicular,7.4,5,4,5,4,0.6,541.3,588.6,51.6
Late Luteal,7.4,5,3,3,2,0.6,213.4,283.6,56.0
Follicular,7.0,4,4,3,1,1.0,51.8,90.2,65.0
Early Luteal,6.4,3,3,4,1,1.6,106.4,120.7,54.0
Late Luteal,7.1,4,4,2,1,0.9,49.7,64.8,60.5
Follicular,6.6,2,3,4,3,1.4,526.2,506.9,29.7
Follicular,7.4,4,3,3,1,0.6,88.9,0.0,66.4
Early Luteal,8.1,3,3,2,2,0.0,172.2,272.2,57.8
Follicular,7.2,4,3,4,3,0.8,261.0,208.2,52.5
Early Luteal,7.9,3,3,4,2,0.1,136.4,95.2,55.5
Ovulation,8.2,4,4,3,2,0.0,217.0,258.3,67.3
Follicular,7.9,4,2,3,5,0.1,800.0,741.5,35.2
Ovulation,5.2,2,3,3,1,2.8,11.8,22.4,38.6
Early Luteal,7.0,3,3,3,1,1.0,98.4,130.0,56.0
Follicular,7.2,4,5,5,2,0.8,102.2,96.0,65.5
Follicular,7.5,4,4,4,2,0.5,287.7,220.4,59.4
Follicular,9.5,3,3,4,2,0.0,63.5,110.4,64.4
Early Luteal,6.1,3,3,4,3,1.9,375.8,360.3,36.6
Follicular,7.8,4,5,5,2,0.2,201.4,252.1,66.6
Early Luteal,6.1,4,4,4,2,1.9,241.2,240.2,45.0
Early Luteal,8.9,4,3,3,3,0.0,259.9,293.0,63.8
Ovulation,9.5,4,5,4,2,0.0,328.8,318.8,75.0
Ovulation,5.0,1,2,3,4,3.0,443.8,491.1,10.8
Late Luteal,5.7,3,2,2,2,2.3,328.2,428.2,32.0
Follicular,5.6,4,3,2,1,2.4,19.3,119.3,54.9
Late Luteal,7.1,4,3,2,2,0.9,189.2,289.2,55.8
Menstrual,6.8,3,2,3,2,1.2,263.6,140.5,43.4
Ovulation,8.3,4,3,4,5,0.0,800.0,707.2,37.4
Early Luteal,6.0,3,4,3,1,2.0,31.2,5.8,56.3
Ovulation,7.2,4,4,4,2,0.8,55.1,0.0,63.2
Follicular,7.0,4,3,5,3,1.0,322.5,182.1,46.6
Menstrual,5.2,4,2,2,3,2.8,395.2,303.6,21.8
Late Luteal,8.0,3,2,3,5,0.0,702.3,683.9,32.9
Early Luteal,6.4,3,3,2,1,1.6,43.5,93.9,46.7
Menstrual,6.3,3,2,1,3,1.7,292.6,322.6,30.1
Late Luteal,6.2,3,3,2,3,1.8,382.2,456.3,31.5
Ovulation,7.1,5,4,4,3,0.9,321.8,353.9,61.4
Late Luteal,6.9,2,2,3,4,1.1,617.7,514.3,17.1
Ovulation,7.9,4,4,2,4,0.1,719.7,678.1,46.4
Menstrual,8.2,3,3,2,2,0.0,326.7,271.9,50.7
Follicular,8.6,5,4,4,2,0.0,131.3,75.6,73.3
Follicular,7.9,4,4,4,3,0.1,303.6,297.3,63.2
Follicular,7.5,5,4,5,1,0.5,57.4,8.5,76.2
Follicular,6.5,3,2,3,2,1.5,262.6,257.9,47.2
Follicular,7.5,5,3,4,1,0.5,44.8,0.0,72.3
Late Luteal,5.3,2,1,2,3,2.7,311.7,308.8,12.0
Ovulation,7.9,5,4,4,2,0.1,69.9,26.9,80.7
Early Luteal,5.7,2,3,3,2,2.3,129.6,171.0,32.2
Late Luteal,7.8,4,1,2,5,0.2,724.7,484.5,28.3
Early Luteal,5.5,4,3,3,3,2.5,450.7,512.3,37.3
Early Luteal,7.3,4,4,3,3,0.7,373.6,407.3,51.8
Follicular,7.3,4,5,5,1,0.7,69.3,0.0,66.9
Late Luteal,6.9,2,3,2,2,1.1,194.6,207.4,41.2
Ovulation,6.4,3,3,3,4,1.6,665.9,694.8,31.8
Late Luteal,6.6,3,2,2,5,1.4,800.0,900.0,13.4
Menstrual,5.7,2,2,2,4,2.3,472.9,478.8,13.2
Late Luteal,8.1,4,3,2,1,0.0,71.6,83.6,62.9
Late Luteal,6.5,2,1,1,3,1.5,465.4,529.5,25.2
Early Luteal,9.2,5,5,3,2,0.0,128.6,11.9,79.5
Late Luteal,6.2,3,2,2,2,1.8,125.5,202.4,33.8
Late Luteal,7.0,2,2,2,2,1.0,257.4,253.4,37.4
Follicular,6.7,4,4,2,2,1.3,224.3,324.3,55.2
Late Luteal,5.6,2,2,2,3,2.4,383.4,383.1,14.5
Early Luteal,6.3,3,4,4,1,1.7,45.7,0.0,50.6
Ovulation,6.4,3,3,3,2,1.6,158.8,220.0,45.5
Late Luteal,6.6,3,4,3,2,1.4,147.1,171.8,39.1
Ovulation,6.7,3,3,4,3,1.3,249.2,262.1,44.6
Follicular,6.8,3,3,3,1,1.2,64.9,77.4,51.7
Early Luteal,5.4,4,4,4,2,2.6,144.0,20.7,48.1
Early Luteal,7.0,3,3,3,5,1.0,756.2,776.8,30.1
Early Luteal,7.2,4,4,4,2,0.8,320.4,220.1,61.2
Late Luteal,7.6,3,3,2,2,0.4,269.2,215.5,40.7
Early Luteal,7.2,5,3,3,2,0.8,156.9,51.2,69.4
Late Luteal,5.3,3,2,2,1,2.7,102.6,21.3,28.4
Follicular,5.3,3,3,2,2,2.7,163.3,0.0,31.4
Follicular,6.9,3,3,2,2,1.1,100.6,42.3,48.6
Follicular,7.6,3,3,3,1,0.4,31.2,58.5,58.4
Menstrual,6.6,3,2,2,4,1.4,503.2,580.0,20.6
Follicular,6.5,3,3,3,2,1.5,179.1,264.9,46.1
Follicular,6.5,3,4,4,2,1.5,189.5,289.5,51.9
Late Luteal,6.1,2,2,2,2,1.9,66.6,0.0,25.3
Menstrual,6.4,3,3,4,2,1.6,105.1,142.7,45.4
Follicular,7.6,3,2,3,5,0.4,800.0,717.4,25.3
Follicular,8.4,4,4,3,1,0.0,41.8,84.3,79.4
Follicular,8.7,5,5,4,2,0.0,209.4,294.7,79.6
Menstrual,6.9,3,2,3,2,1.1,55.4,56.8,43.2
Early Luteal,7.6,3,4,4,2,0.4,113.4,213.4,57.5
Early Luteal,7.7,5,4,4,4,0.3,628.7,562.2,50.1
Early Luteal,6.7,4,3,4,2,1.3,144.9,121.9,56.3
Ovulation,8.0,4,4,4,3,0.0,426.2,349.3,61.7
Ovulation,7.2,4,3,5,2,0.8,220.7,113.2,57.1
Menstrual,8.9,4,3,3,2,0.0,115.8,18.5,64.7
Late Luteal,6.7,2,3,2,2,1.3,90.8,173.6,37.5
Follicular,8.2,5,5,4,2,0.0,237.1,192.1,75.4
Menstrual,8.2,4,1,2,4,0.0,561.6,592.3,39.2
Early Luteal,6.1,2,2,3,3,1.9,442.7,496.7,24.3
Follicular,7.0,2,3,3,2,1.0,120.1,82.4,44.3
Early Luteal,7.8,4,3,4,2,0.2,55.8,0.0,66.7
Follicular,7.1,4,3,3,1,0.9,79.8,131.1,66.6
Menstrual,7.2,3,2,1,5,0.8,800.0,873.2,14.3
Late Luteal,5.4,3,3,4,2,2.6,205.5,242.1,30.0
Late Luteal,7.7,4,3,2,4,0.3,502.4,413.2,34.6
Early Luteal,8.2,4,4,4,1,0.0,13.8,0.0,76.6
Follicular,6.2,3,4,5,2,1.8,133.0,216.8,47.1
Follicular,6.1,3,4,3,1,1.9,165.1,164.7,52.5
Early Luteal,7.6,5,5,5,3,0.4,264.3,271.5,64.1
Late Luteal,7.1,4,3,3,2,0.9,181.8,152.4,55.5
Late Luteal,8.7,5,3,2,2,0.0,220.8,269.9,69.1
Menstrual,5.7,3,3,2,1,2.3,54.6,0.0,40.1
Follicular,7.0,4,4,4,1,1.0,79.3,103.4,62.2
Late Luteal,8.4,4,3,4,1,0.0,64.8,141.8,71.2
Early Luteal,6.2,2,3,3,1,1.8,112.3,133.3,44.9
Early Luteal,5.2,2,2,3,3,2.8,384.4,230.1,18.1
Early Luteal,6.5,2,3,2,2,1.5,332.7,343.8,35.3
Follicular,7.7,4,3,2,2,0.3,251.8,232.7,61.6
Menstrual,6.5,4,4,4,3,1.5,432.6,377.8,38.7
Follicular,6.6,4,4,3,1,1.4,13.7,0.0,65.2
Ovulation,7.6,4,4,3,2,0.4,272.9,301.4,57.1
Ovulation,6.8,3,4,3,2,1.2,246.2,338.6,54.1
Late Luteal,4.0,1,1,1,3,4.0,448.5,533.7,0.1
Early Luteal,7.4,4,3,3,1,0.6,123.6,27.6,65.3
Ovulation,6.2,2,3,4,1,1.8,95.3,0.0,47.3
Menstrual,5.9,4,2,2,5,2.1,800.0,660.9,15.8
Follicular,6.8,4,3,3,1,1.2,89.5,0.0,62.5
Menstrual,6.2,2,3,2,3,1.8,308.3,310.6,25.3
Ovulation,8.2,4,4,4,2,0.0,152.3,112.6,67.3
Follicular,6.1,3,3,3,2,1.9,261.3,84.7,43.3
Follicular,9.1,4,4,4,1,0.0,46.1,146.1,79.3
Menstrual,7.8,4,2,3,3,0.2,421.6,279.1,49.9
Follicular,5.0,1,2,2,3,3.0,451.7,551.7,14.1
Early Luteal,5.1,2,3,3,3,2.9,368.1,336.2,20.1
Early Luteal,6.1,3,3,4,2,1.9,250.2,208.3,43.4
Ovulation,7.6,4,4,4,2,0.4,174.4,212.4,67.8
Follicular,6.8,3,3,3,2,1.2,150.9,31.7,49.4
Follicular,7.3,3,4,4,1,0.7,67.9,0.0,61.4
Late Luteal,6.9,3,2,1,2,1.1,66.6,0.0,41.3
Follicular,7.8,4,4,3,2,0.2,177.2,168.1,63.7
Early Luteal,7.7,4,3,2,3,0.3,311.1,330.1,50.5
Ovulation,7.2,4,4,5,1,0.8,111.7,126.7,64.6
Early Luteal,5.9,3,3,2,3,2.1,261.0,200.8,41.4
Early Luteal,6.8,3,3,4,1,1.2,89.2,21.0,52.9
Follicular,6.8,5,4,3,2,1.2,128.9,101.0,64.7
Early Luteal,6.3,2,3,2,2,1.7,136.6,71.6,38.7
Menstrual,6.6,3,3,3,1,1.4,57.2,0.0,51.8
Follicular,6.3,4,3,4,1,1.7,19.3,30.6,62.2
Follicular,5.7,3,3,3,4,2.3,601.7,701.7,23.1
Late Luteal,5.0,2,2,1,4,3.0,399.3,325.0,11.0
Follicular,6.4,3,3,2,2,1.6,204.4,304.4,44.4
Early Luteal,8.1,4,4,3,2,0.0,179.1,151.7,66.6
Early Luteal,5.0,2,2,2,3,3.0,478.9,458.3,11.2
Late Luteal,6.6,2,3,2,2,1.4,185.1,192.1,36.0
Follicular,6.5,3,3,3,3,1.5,344.3,332.8,38.3
Menstrual,7.8,5,3,3,2,0.2,136.7,151.7,63.5
Follicular,7.3,5,4,5,3,0.7,457.3,526.6,54.0
Follicular,6.8,4,4,3,2,1.2,125.0,32.1,54.2
Ovulation,6.2,3,4,3,1,1.8,10.1,110.1,54.2
Follicular,6.4,3,2,2,3,1.6,389.0,365.8,32.0
Follicular,6.4,4,3,4,2,1.6,190.2,20.5,52.6
Follicular,5.5,3,3,4,3,2.5,368.3,370.1,27.7
Late Luteal,6.6,2,2,3,2,1.4,99.0,199.0,35.4
Early Luteal,7.5,4,3,2,1,0.5,110.6,70.3,68.1
Early Luteal,6.2,3,3,3,2,1.8,147.0,212.3,45.0
Follicular,8.2,5,4,4,2,0.0,173.8,156.4,76.9
Follicular,6.7,3,3,4,3,1.3,395.5,413.0,40.9
Late Luteal,4.9,1,1,2,2,3.1,181.1,197.6,7.4
Late Luteal,7.3,4,3,3,2,0.7,209.2,224.8,56.5
Follicular,8.5,4,4,4,2,0.0,276.6,322.8,73.6
Ovulation,9.4,5,5,5,2,0.0,163.0,200.8,85.2
Early Luteal,6.5,4,4,3,2,1.5,310.1,328.4,55.1
Menstrual,7.6,4,3,3,5,0.4,800.0,751.8,25.7
Follicular,5.9,4,4,4,1,2.1,39.8,0.0,56.7
Ovulation,8.3,4,4,3,2,0.0,186.3,141.5,66.0
Early Luteal,8.3,4,4,2,3,0.0,279.6,256.4,56.9
Late Luteal,8.4,4,3,3,2,0.0,104.6,153.8,61.5
Menstrual,7.3,3,3,2,2,0.7,159.6,151.8,49.8
Early Luteal,8.6,4,5,4,2,0.0,188.5,187.5,72.9
Late Luteal,6.2,3,3,3,2,1.8,145.7,141.7,34.1
Follicular,8.4,4,4,3,1,0.0,55.2,122.5,76.6
Follicular,7.9,4,3,4,2,0.1,89.0,50.5,63.3
Follicular,6.8,4,3,4,1,1.2,129.4,229.4,62.3
Late Luteal,5.9,2,2,2,2,2.1,145.9,138.0,28.8
Follicular,7.8,4,3,5,2,0.2,309.2,291.1,59.6
Follicular,6.1,2,2,3,4,1.9,800.0,865.3,16.9
Menstrual,7.2,4,2,1,4,0.8,487.1,585.4,36.8
Early Luteal,6.4,3,2,3,3,1.6,393.3,382.2,30.1
Follicular,7.3,4,3,3,2,0.7,208.3,249.2,54.8
Follicular,7.9,5,4,5,2,0.1,117.1,7.0,66.8
Early Luteal,7.7,3,4,4,1,0.3,84.3,62.6,69.4
Late Luteal,5.6,2,2,2,2,2.4,169.1,254.1,24.5
Follicular,5.9,4,3,3,3,2.1,272.2,267.2,38.4
Menstrual,6.1,3,4,3,2,1.9,136.3,0.0,42.1
Early Luteal,6.6,3,2,3,3,1.4,211.3,289.5,40.3
Early Luteal,8.3,4,3,3,2,0.0,190.7,290.7,64.7
Late Luteal,6.8,2,2,2,1,1.2,26.4,71.6,43.5
Early Luteal,9.1,4,3,3,2,0.0,164.6,128.6,68.7
Late Luteal,6.5,4,3,2,2,1.5,216.4,316.4,50.0
Early Luteal,8.6,5,4,4,2,0.0,240.6,247.8,73.9
Late Luteal,7.1,4,2,2,2,0.9,134.5,167.9,54.3
Late Luteal,6.4,3,2,2,1,1.6,29.9,71.2,48.9
Early Luteal,7.9,5,3,3,3,0.1,262.5,245.2,64.2
Menstrual,7.4,4,3,3,2,0.6,212.1,14.9,54.9
Follicular,7.2,5,5,4,1,0.8,4.3,0.0,78.6
Follicular,7.5,4,5,4,2,0.5,159.6,213.4,62.4
Early Luteal,5.9,3,3,2,3,2.1,277.6,377.6,29.4
Follicular,6.4,4,3,4,5,1.6,800.0,828.7,24.6
Follicular,7.4,4,3,3,4,0.6,631.0,647.4,39.8
Follicular,9.3,5,5,4,3,0.0,368.6,384.2,71.0
Ovulation,6.9,4,3,4,1,1.1,44.4,30.1,66.7
Early Luteal,6.3,3,3,4,3,1.7,424.7,337.9,34.6
Follicular,6.0,3,3,3,2,2.0,328.8,321.4,40.8
Early Luteal,8.8,5,4,3,1,0.0,61.7,1.8,81.7
Follicular,8.1,5,4,4,1,0.0,113.9,144.3,77.5
Early Luteal,8.5,5,3,3,3,0.0,487.6,478.6,61.5
Follicular,8.1,4,3,3,1,0.0,47.2,0.0,75.1
Menstrual,7.3,3,3,3,2,0.7,203.5,179.7,43.9
Follicular,7.8,4,4,4,2,0.2,97.3,72.4,63.5
Follicular,8.6,4,4,4,2,0.0,198.6,298.6,64.9
Early Luteal,6.8,4,3,3,2,1.2,299.3,280.4,53.6
Late Luteal,8.0,4,3,2,2,0.0,124.2,0.0,62.2
Follicular,6.7,4,4,4,1,1.3,135.0,93.4,62.4
Follicular,6.6,3,3,3,4,1.4,659.5,659.2,25.8
Ovulation,6.6,3,4,4,1,1.4,45.8,0.0,55.9
Follicular,7.9,5,4,5,2,0.1,211.1,311.1,71.6
Early Luteal,6.0,4,4,3,2,2.0,284.5,295.8,49.9
Menstrual,6.3,3,3,4,2,1.7,51.6,0.0,41.2
Early Luteal,8.0,4,3,3,2,0.0,322.0,330.4,63.5
Follicular,5.2,4,3,4,3,2.8,444.0,473.7,29.3
Ovulation,8.2,4,3,4,1,0.0,79.9,35.2,73.5
Follicular,7.9,5,4,4,3,0.1,561.4,661.4,59.3
Follicular,7.7,4,3,4,3,0.3,305.6,129.0,56.6
Early Luteal,7.7,4,3,2,2,0.3,306.1,266.3,55.2
Early Luteal,6.5,3,2,1,3,1.5,506.5,539.2,37.6
Late Luteal,7.0,3,3,2,1,1.0,21.8,20.2,57.8
Follicular,4.2,2,3,4,1,3.8,20.4,40.3,30.8
Ovulation,6.7,4,3,5,3,1.3,385.4,412.8,43.2
Late Luteal,7.4,4,2,3,4,0.6,592.0,639.6,35.4
Follicular,8.1,4,4,4,3,0.0,255.8,279.0,59.1
Follicular,5.1,3,3,4,3,2.9,434.9,437.3,18.5
Late Luteal,8.7,5,4,5,2,0.0,250.1,284.9,74.7
Follicular,8.1,4,5,5,1,0.0,11.7,104.6,78.3
Ovulation,6.4,3,2,4,3,1.6,411.0,331.4,36.3
Follicular,9.2,5,4,4,3,0.0,489.0,346.1,61.6
Follicular,8.9,5,3,4,4,0.0,496.1,449.4,54.1
Late Luteal,6.8,3,2,2,2,1.2,123.5,223.5,47.7
Ovulation,6.8,4,4,4,3,1.2,305.0,230.8,48.0
Early Luteal,8.4,3,3,2,2,0.0,201.5,245.3,59.0
Early Luteal,8.0,3,3,4,3,0.0,409.7,509.7,50.2
Follicular,6.7,2,4,3,3,1.3,257.9,357.9,34.0
Follicular,9.0,4,3,2,2,0.0,137.8,98.6,72.1
Early Luteal,5.3,3,3,3,1,2.7,23.3,0.0,43.2
Follicular,7.6,4,3,3,5,0.4,800.0,887.2,32.7
Early Luteal,8.7,3,3,2,2,0.0,90.1,190.1,65.2
Early Luteal,5.8,3,3,3,2,2.2,160.9,62.3,44.3
Late Luteal,5.6,3,2,2,3,2.4,304.7,404.7,28.1
Menstrual,6.2,3,2,3,2,1.8,300.2,280.9,40.3
Late Luteal,6.3,2,3,3,2,1.7,179.0,223.8,29.0
Menstrual,7.3,4,3,4,3,0.7,354.7,418.9,45.0
Follicular,7.9,4,4,3,4,0.1,491.7,524.7,44.7
Menstrual,6.2,4,3,2,1,1.8,162.4,192.7,42.2
Late Luteal,5.8,3,2,3,3,2.2,462.7,478.4,21.6
Late Luteal,7.0,2,2,3,3,1.0,376.7,422.5,31.3
Ovulation,7.4,5,4,4,3,0.6,318.5,279.7,60.3
Follicular,6.7,2,2,2,3,1.3,512.5,538.9,25.9
Follicular,7.8,5,5,4,1,0.2,115.7,95.0,82.1
Ovulation,7.0,3,3,3,3,1.0,261.0,361.0,51.8
Early Luteal,7.0,3,2,2,2,1.0,164.1,241.5,50.4
Early Luteal,4.7,1,1,2,4,3.3,555.4,638.8,0.0
Menstrual,8.3,3,3,3,2,0.0,196.8,155.8,51.3
Ovulation,7.0,2,3,3,2,1.0,313.0,320.7,43.0
Ovulation,7.7,4,4,4,1,0.3,79.7,28.0,74.6
Menstrual,6.2,3,3,3,1,1.8,85.8,98.3,45.3
Follicular,8.0,5,5,5,1,0.0,63.5,163.5,82.7
Follicular,5.7,4,3,4,1,2.3,23.1,93.0,52.7
Early Luteal,7.4,4,4,3,2,0.6,149.5,146.6,65.5
Menstrual,7.4,3,4,2,2,0.6,263.6,282.4,49.1
Follicular,8.9,5,5,5,1,0.0,52.5,84.4,86.8
Early Luteal,6.9,3,3,3,2,1.1,65.7,165.7,51.3
Follicular,6.9,4,4,5,3,1.1,304.8,376.2,49.6
Menstrual,7.6,5,3,3,4,0.4,598.9,611.4,48.0
Menstrual,7.2,5,3,3,3,0.8,124.3,112.1,60.0
Late Luteal,6.4,2,2,2,1,1.6,67.7,40.8,36.3
Early Luteal,8.2,2,3,2,2,0.0,162.8,78.9,49.7
Late Luteal,6.3,2,2,2,2,1.7,157.5,40.9,33.1
Menstrual,7.4,3,2,2,2,0.6,104.5,0.0,51.0
Early Luteal,7.6,4,4,4,1,0.4,63.2,137.6,68.0
Early Luteal,7.5,5,4,4,1,0.5,33.0,133.0,76.2
Menstrual,6.8,3,3,3,2,1.2,69.3,144.0,40.3
Menstrual,6.4,2,2,2,3,1.6,394.1,444.3,24.6
Ovulation,7.2,5,4,4,1,0.8,81.0,123.2,71.9
Late Luteal,4.0,2,2,2,1,4.0,90.6,190.6,18.8
Late Luteal,6.9,2,3,2,2,1.1,266.2,366.2,39.6
Early Luteal,8.4,4,4,4,1,0.0,26.6,36.2,74.1
Late Luteal,5.7,3,2,2,1,2.3,83.2,135.2,36.9
Early Luteal,7.0,4,4,4,2,1.0,325.7,310.2,52.0
Follicular,8.0,4,4,4,3,0.0,451.7,400.5,53.4
Menstrual,7.7,4,4,4,2,0.3,220.8,296.3,53.5
Ovulation,8.7,5,4,5,1,0.0,9.8,70.3,86.6
Follicular,6.4,3,3,3,2,1.6,168.1,120.9,40.7
Menstrual,4.9,3,3,2,2,3.1,147.7,67.9,20.3
Ovulation,5.8,3,2,2,2,2.2,136.3,236.3,40.1
Follicular,7.6,4,3,4,3,0.4,353.6,399.6,54.9
Early Luteal,6.3,3,2,2,3,1.7,443.6,405.5,32.8
Follicular,7.5,4,3,4,3,0.5,286.5,259.0,52.2
Menstrual,6.2,3,2,3,4,1.8,436.2,536.2,20.8
Late Luteal,5.9,3,2,2,5,2.1,774.6,835.2,1.7
Menstrual,6.8,4,2,2,4,1.2,671.2,705.8,28.3
Menstrual,7.1,3,3,3,1,0.9,117.9,25.6,52.2
Early Luteal,7.2,4,4,3,3,0.8,257.9,189.1,54.1
Late Luteal,6.0,3,3,3,2,2.0,292.8,327.6,33.6
Follicular,8.3,4,3,2,3,0.0,408.6,428.5,56.4
Late Luteal,6.8,3,3,3,2,1.2,348.5,340.5,36.4
Follicular,7.5,5,4,4,2,0.5,83.3,183.3,71.6
Ovulation,6.6,2,4,4,2,1.4,117.7,143.1,40.7
Late Luteal,6.3,4,3,3,2,1.7,120.4,16.7,46.1
Follicular,5.3,4,4,5,1,2.7,33.0,23.5,51.5
Late Luteal,7.2,4,2,2,5,0.8,800.0,732.7,24.8
Menstrual,6.0,3,3,2,2,2.0,229.2,154.1,34.7
Early Luteal,7.3,4,4,4,5,0.7,648.9,620.8,36.9
Early Luteal,8.2,4,4,4,1,0.0,104.0,0.0,68.9
Ovulation,4.9,1,2,3,2,3.1,163.0,79.9,23.6
Follicular,8.4,3,2,2,1,0.0,78.6,53.8,64.6
Early Luteal,7.1,5,3,4,3,0.9,294.1,231.1,57.3
Follicular,7.9,3,3,3,2,0.1,254.0,354.0,54.0
Ovulation,8.0,5,5,4,2,0.0,45.1,25.4,79.1
Early Luteal,8.1,4,4,3,2,0.0,109.3,0.0,65.9
Follicular,7.1,4,3,5,2,0.9,320.8,364.8,52.1
Menstrual,8.0,4,4,3,2,0.0,88.7,6.2,60.6
Early Luteal,7.9,4,3,4,1,0.1,109.1,34.7,64.1
Follicular,8.2,5,5,4,2,0.0,301.4,369.6,73.8
Menstrual,7.0,4,3,2,1,1.0,134.2,234.2,56.0
Early Luteal,8.1,5,4,4,2,0.0,163.8,16.8,71.4
Ovulation,8.8,4,5,5,1,0.0,30.7,36.5,84.3
Follicular,7.3,4,3,3,2,0.7,166.6,266.6,53.8
Menstrual,8.0,4,4,4,2,0.0,146.1,80.8,66.6
Follicular,7.8,4,4,5,1,0.2,50.7,0.0,69.0
Follicular,6.2,4,3,4,3,1.8,336.7,104.2,40.2
Late Luteal,6.3,3,4,3,1,1.7,33.5,0.0,52.3
Late Luteal,6.2,4,3,3,2,1.8,319.8,407.6,44.6
Menstrual,6.4,3,2,2,2,1.6,159.9,165.1,35.9
Follicular,6.5,3,4,4,1,1.5,63.8,89.0,54.6
Ovulation,7.6,4,4,5,1,0.4,37.0,14.5,74.6
Follicular,6.3,4,4,4,2,1.7,125.9,137.9,50.5
Early Luteal,7.1,3,2,3,2,0.9,271.9,371.9,41.7
Early Luteal,7.8,4,3,3,2,0.2,234.9,185.3,62.6
Early Luteal,7.3,2,3,3,1,0.7,44.1,0.0,52.1
Early Luteal,5.9,3,2,2,4,2.1,505.9,481.5,29.2
Menstrual,5.9,2,2,2,2,2.1,226.8,199.4,28.6
Late Luteal,8.0,4,4,4,2,0.0,91.1,191.1,62.0
Follicular,5.8,3,4,4,1,2.2,79.7,158.3,49.9
Early Luteal,6.5,3,3,4,2,1.5,174.5,58.2,44.5
Early Luteal,6.2,3,2,2,4,1.8,650.3,558.7,22.4
Follicular,6.6,3,3,3,5,1.4,800.0,900.0,22.1
Early Luteal,7.6,4,2,3,5,0.4,633.0,608.9,31.5
Late Luteal,4.2,2,2,3,2,3.8,265.8,293.1,18.5
Menstrual,7.4,4,3,2,3,0.6,340.2,419.3,47.6
Late Luteal,6.9,3,2,2,2,1.1,141.7,40.2,44.4
Menstrual,6.5,3,3,3,1,1.5,207.1,307.1,47.0
Late Luteal,5.7,3,2,2,3,2.3,474.8,574.8,18.4
Ovulation,6.3,2,4,5,1,1.7,187.8,193.0,40.1
Late Luteal,6.3,3,3,3,2,1.7,152.1,93.6,42.5
Follicular,7.9,4,2,3,5,0.1,800.0,829.5,38.1
Ovulation,8.5,5,4,4,1,0.0,14.8,0.0,86.9
Early Luteal,7.9,3,3,4,2,0.1,155.2,62.6,51.2
Late Luteal,5.0,1,1,1,5,3.0,800.0,623.8,0.0
Menstrual,4.8,3,1,3,3,3.2,485.9,352.9,19.2
Ovulation,5.9,3,3,3,3,2.1,310.0,236.2,32.9
Ovulation,7.0,3,4,5,1,1.0,129.7,139.0,57.6
Menstrual,7.2,4,3,3,2,0.8,187.9,149.5,52.3
Follicular,7.4,4,4,4,2,0.6,230.4,195.0,58.4
Menstrual,7.0,2,3,3,1,1.0,60.9,53.0,47.6
Ovulation,5.5,3,3,4,2,2.5,340.2,440.2,33.9
Early Luteal,7.0,3,3,4,3,1.0,303.9,269.7,40.2
Follicular,8.2,4,4,4,3,0.0,315.7,255.6,57.8
Follicular,6.9,2,3,3,2,1.1,163.0,189.9,40.9
Follicular,6.7,4,3,4,2,1.3,329.5,351.9,46.6
Follicular,6.7,2,2,3,2,1.3,87.4,123.1,41.3
Menstrual,7.8,4,2,2,5,0.2,741.1,729.1,31.3
Late Luteal,6.2,2,2,2,1,1.8,75.1,119.9,42.9
Follicular,5.8,4,3,3,3,2.2,388.3,397.6,39.1
Late Luteal,6.5,3,3,2,2,1.5,239.2,280.4,42.0
Menstrual,6.3,4,3,3,2,1.7,331.7,317.8,42.8
Ovulation,6.3,3,3,4,2,1.7,107.6,135.4,51.4
Follicular,5.5,4,4,4,1,2.5,71.3,40.9,57.1
Follicular,6.1,4,4,5,1,1.9,81.9,181.9,60.1
Follicular,7.9,4,4,3,1,0.1,148.9,170.1,67.3
Menstrual,7.2,4,3,3,2,0.8,207.7,175.5,61.2
Ovulation,5.7,3,3,3,3,2.3,248.4,192.4,31.6
Late Luteal,8.2,2,3,2,1,0.0,12.6,0.0,61.7
Late Luteal,7.5,4,2,2,2,0.5,144.3,116.0,52.7
Ovulation,8.4,5,5,4,2,0.0,142.3,229.4,81.9
Ovulation,6.1,3,3,4,3,1.9,484.9,505.4,33.7
Early Luteal,7.7,3,3,3,2,0.3,98.4,198.4,55.1
Late Luteal,5.4,4,3,3,1,2.6,68.3,43.9,47.2
Menstrual,8.7,4,3,3,5,0.0,800.0,900.0,38.4
Early Luteal,6.3,3,4,4,1,1.7,52.5,60.9,59.2
Follicular,5.4,3,3,3,2,2.6,374.4,375.5,34.1
Early Luteal,7.1,4,3,2,3,0.9,519.9,449.5,43.0
Menstrual,8.2,3,3,2,3,0.0,425.8,474.3,39.9
Menstrual,7.2,3,2,3,1,0.8,23.2,0.0,56.9
Ovulation,8.6,4,5,5,1,0.0,15.5,0.4,84.0
Late Luteal,8.1,3,2,2,2,0.0,291.1,277.1,47.5
Ovulation,7.6,4,4,4,2,0.4,197.8,188.7,65.5
Follicular,6.1,3,3,3,4,1.9,443.0,543.0,29.8
Menstrual,7.3,4,3,2,3,0.7,350.7,450.7,46.0
Menstrual,6.6,3,3,3,2,1.4,209.1,266.7,41.1
Menstrual,5.6,2,2,3,2,2.4,121.7,153.3,28.0
Early Luteal,5.9,3,2,2,2,2.1,86.7,149.7,41.4
Early Luteal,6.9,4,3,3,3,1.1,427.3,449.3,48.9
Follicular,6.4,2,3,2,3,1.6,361.9,362.1,33.1
Late Luteal,5.6,2,2,2,2,2.4,103.2,103.0,32.7
Menstrual,6.3,2,2,2,3,1.7,387.2,460.9,22.4
Menstrual,8.1,4,1,2,4,0.0,637.0,664.0,37.9
Menstrual,6.1,3,2,4,3,1.9,245.1,293.9,31.5
Early Luteal,6.8,3,3,2,3,1.2,354.2,454.1,42.5
Early Luteal,6.9,1,2,3,4,1.1,635.4,716.4,18.9
Early Luteal,6.7,4,3,4,2,1.3,61.5,107.5,51.0
Early Luteal,5.2,3,2,3,2,2.8,302.7,304.5,33.5
Late Luteal,6.9,3,3,2,2,1.1,155.4,150.3,46.5
Late Luteal,6.9,3,3,3,1,1.1,150.2,117.6,47.5
Late Luteal,7.2,3,3,2,2,0.8,226.3,215.6,50.7
Early Luteal,6.6,2,2,2,5,1.4,666.1,698.6,9.6
Late Luteal,8.0,4,3,3,1,0.0,110.0,6.5,67.1
Early Luteal,7.3,5,5,4,2,0.7,303.9,281.4,61.4
Follicular,8.2,4,4,4,5,0.0,640.1,647.0,40.8
Late Luteal,7.6,4,3,4,2,0.4,107.6,123.5,62.5
Early Luteal,7.2,4,4,3,1,0.8,124.2,10.2,66.2
Late Luteal,7.7,4,3,3,2,0.3,86.0,50.4,56.3
Late Luteal,6.4,3,2,2,3,1.6,436.0,453.7,24.7
Follicular,7.1,4,3,3,5,0.9,800.0,743.7,25.6
Late Luteal,5.7,1,2,1,3,2.3,283.0,314.4,14.6
Menstrual,7.6,5,5,4,2,0.4,118.6,218.6,69.1
Early Luteal,6.5,3,3,2,2,1.5,184.1,130.0,36.2
Follicular,6.9,3,4,3,1,1.1,40.6,0.0,58.0
Menstrual,8.1,4,3,2,2,0.0,126.3,148.8,58.7
Early Luteal,7.7,3,3,4,3,0.3,298.1,398.1,50.0
Follicular,5.9,4,3,4,2,2.1,216.2,284.3,49.2
Follicular,6.5,3,3,4,1,1.5,132.4,87.7,55.4
Late Luteal,5.5,2,2,2,2,2.5,98.8,198.8,29.3
Early Luteal,6.7,3,3,3,1,1.3,89.1,189.1,58.2
Early Luteal,7.5,5,3,3,2,0.5,216.5,271.6,63.3
Late Luteal,6.2,2,2,1,4,1.8,514.0,403.5,14.0
Ovulation,7.4,4,4,4,3,0.6,209.7,284.5,52.9
Early Luteal,8.0,3,3,3,2,0.0,273.6,161.2,54.1
Ovulation,6.5,3,4,3,1,1.5,159.8,111.4,55.1
Menstrual,7.4,4,3,2,1,0.6,177.3,127.4,58.7
Menstrual,6.9,4,3,3,2,1.1,177.3,217.1,48.2
Follicular,7.1,3,3,4,2,0.9,100.2,0.0,52.5
Late Luteal,6.6,2,1,1,3,1.4,386.6,486.6,24.0
Follicular,8.2,4,4,4,2,0.0,217.5,213.0,66.6
Follicular,7.7,4,3,3,2,0.3,135.7,144.2,57.7
Early Luteal,6.5,3,2,2,2,1.5,369.9,175.6,44.0
Menstrual,4.9,2,2,2,3,3.1,348.2,163.5,10.2
Follicular,5.4,4,4,4,1,2.6,69.5,26.1,55.7
Follicular,6.5,4,4,3,1,1.5,104.9,204.9,63.1
Early Luteal,8.5,4,4,4,2,0.0,253.5,338.1,59.9
Late Luteal,7.1,4,3,2,2,0.9,105.8,164.6,51.0
Early Luteal,6.5,3,2,3,4,1.5,525.4,500.3,26.5
Menstrual,6.3,3,2,2,3,1.7,297.4,218.0,34.9
Follicular,6.0,4,3,3,3,2.0,380.3,422.9,40.8
Follicular,6.8,3,4,5,1,1.2,20.8,24.3,57.0
Follicular,8.7,4,4,4,1,0.0,25.3,0.0,76.7
Early Luteal,6.7,3,2,3,2,1.3,217.4,270.0,42.6
Menstrual,5.6,4,2,3,3,2.4,412.4,480.5,26.7
Ovulation,7.6,5,5,4,1,0.4,120.3,73.0,71.6
Late Luteal,7.1,4,3,3,1,0.9,22.8,122.8,63.1
Early Luteal,7.7,3,3,3,3,0.3,437.6,334.4,51.8
Early Luteal,7.6,4,4,3,2,0.4,235.8,289.7,65.3
Follicular,8.5,4,4,4,1,0.0,39.2,30.3,71.7
Late Luteal,5.8,2,2,2,2,2.2,159.9,257.5,29.0
Ovulation,5.6,2,2,3,4,2.4,385.9,360.0,18.0
Follicular,6.6,4,3,2,2,1.4,327.3,371.9,49.9
Menstrual,5.5,3,2,1,4,2.5,514.2,386.1,22.5
Late Luteal,6.4,3,4,2,1,1.6,154.6,142.7,45.2
Early Luteal,6.2,4,3,3,3,1.8,360.0,168.5,41.4
Late Luteal,7.4,4,3,2,2,0.6,233.7,307.6,52.8
Follicular,7.4,5,5,5,2,0.6,184.5,133.7,67.5
Follicular,6.8,3,3,2,2,1.2,223.0,323.0,47.4
Menstrual,8.0,3,3,4,2,0.0,108.0,208.0,52.3
Follicular,7.2,4,5,3,1,0.8,92.5,64.9,67.9
Menstrual,5.5,3,3,3,2,2.5,116.5,216.5,34.1
Follicular,8.6,5,4,4,3,0.0,471.1,502.4,66.6
Menstrual,8.1,4,3,3,2,0.0,136.5,236.5,59.2
Follicular,8.0,4,3,4,3,0.0,198.2,131.6,63.3
Early Luteal,6.6,4,2,3,3,1.4,465.1,366.7,43.7
Follicular,7.6,4,3,4,3,0.4,335.2,423.6,51.8
Early Luteal,7.6,4,3,3,2,0.4,150.3,231.6,57.6
Early Luteal,7.1,4,4,4,2,0.9,312.8,412.8,54.7
Early Luteal,5.0,2,3,3,3,3.0,477.5,437.0,14.3
Follicular,7.7,3,4,4,2,0.3,263.8,250.1,59.0
Menstrual,5.4,3,2,2,2,2.6,298.9,390.0,28.7
Menstrual,7.6,4,3,3,2,0.4,328.0,384.5,52.0
Late Luteal,6.0,4,3,3,1,2.0,38.5,59.7,55.9
Follicular,8.0,5,4,3,2,0.0,158.7,186.9,71.7
Follicular,8.0,5,4,4,2,0.0,233.7,82.5,74.1
Follicular,7.0,3,3,4,2,1.0,215.6,125.5,50.8
Follicular,6.6,3,4,4,1,1.4,72.5,15.5,61.1
Late Luteal,7.3,4,3,2,2,0.7,324.5,383.6,51.6
Late Luteal,6.7,3,3,4,2,1.3,261.9,361.9,44.6
Follicular,6.0,3,3,2,2,2.0,247.4,347.4,39.4
Menstrual,7.4,4,2,2,3,0.6,310.7,278.3,44.7
Early Luteal,7.5,4,3,3,2,0.5,203.2,119.1,59.8
Follicular,5.8,4,3,4,2,2.2,128.2,94.3,50.0
Early Luteal,6.7,3,3,3,2,1.3,78.0,158.3,47.4
Late Luteal,7.8,4,3,3,1,0.2,45.9,55.6,62.8
Late Luteal,6.0,3,2,2,1,2.0,153.2,166.8,45.1
Late Luteal,6.6,2,3,3,2,1.4,299.4,332.3,30.6
Late Luteal,6.2,2,2,1,4,1.8,499.6,413.7,14.6
Follicular,8.2,4,3,4,1,0.0,98.2,58.2,68.7
Late Luteal,6.4,2,2,2,1,1.6,116.7,126.1,38.8
Ovulation,6.9,3,4,4,1,1.1,78.4,127.6,62.5
Menstrual,7.3,3,2,3,3,0.7,362.2,186.9,36.4
Early Luteal,6.3,3,2,2,4,1.7,465.7,388.2,24.5
Early Luteal,6.4,3,3,2,2,1.6,228.0,200.3,43.9
Late Luteal,5.7,3,2,3,3,2.3,385.9,485.9,25.8
Follicular,9.0,5,4,4,2,0.0,186.7,129.1,78.9
Early Luteal,8.2,4,4,4,1,0.0,139.4,58.0,72.8
Follicular,6.2,3,3,4,2,1.8,203.9,181.8,44.5
Follicular,6.9,4,3,3,2,1.1,99.4,78.1,57.2
Menstrual,5.5,3,3,3,2,2.5,7.7,0.0,38.0
Late Luteal,6.8,3,3,2,2,1.2,65.8,165.8,43.5
Follicular,6.5,3,3,3,2,1.5,73.9,106.6,54.6
Follicular,6.9,5,4,4,3,1.1,436.5,486.7,57.1
Late Luteal,6.4,3,3,3,1,1.6,60.3,77.0,49.4
Follicular,7.3,4,3,3,2,0.7,320.4,349.2,51.7
Ovulation,6.8,4,4,4,1,1.2,93.4,127.7,61.9
Follicular,7.0,4,3,3,2,1.0,110.6,140.7,55.9
Early Luteal,5.5,4,3,3,2,2.5,160.9,225.9,43.0
Early Luteal,6.4,3,3,4,1,1.6,98.9,134.0,50.4
Follicular,8.2,5,3,3,3,0.0,390.1,386.2,58.5
Follicular,5.8,4,4,4,2,2.2,228.1,305.7,42.8
Follicular,6.6,3,3,3,2,1.4,167.0,189.9,46.9
Late Luteal,5.6,2,3,2,1,2.4,114.3,93.2,31.3
Early Luteal,7.0,2,3,3,2,1.0,257.6,143.9,41.8
Follicular,8.6,4,4,4,4,0.0,456.5,442.0,54.3
Late Luteal,6.8,2,2,2,2,1.2,43.4,143.4,39.2
Early Luteal,7.5,5,4,3,1,0.5,133.7,147.8,73.9
Late Luteal,5.6,3,2,3,2,2.4,206.5,157.4,31.1
Menstrual,5.0,1,2,2,2,3.0,318.4,299.5,17.2
Follicular,6.6,3,3,3,2,1.4,134.1,186.4,48.4
Late Luteal,5.8,3,2,2,2,2.2,146.2,213.6,32.7
Ovulation,7.1,3,4,4,1,0.9,30.1,0.0,62.5
Early Luteal,7.1,4,4,3,1,0.9,57.7,157.7,68.7
Follicular,7.2,4,3,4,1,0.8,119.8,219.8,65.1
Follicular,8.2,5,4,5,2,0.0,192.8,143.4,68.5
Late Luteal,5.9,3,2,2,3,2.1,299.7,208.5,28.8
Late Luteal,6.6,2,1,1,3,1.4,306.5,248.9,25.6
Early Luteal,8.0,5,4,5,2,0.0,124.9,40.3,75.7
Late Luteal,7.3,4,4,3,2,0.7,182.5,282.5,53.3
Late Luteal,8.0,3,3,2,2,0.0,221.9,135.6,56.8
Early Luteal,7.1,5,4,3,2,0.9,74.0,114.8,65.5
Menstrual,7.3,4,2,2,5,0.7,800.0,788.0,26.7
Late Luteal,4.8,1,1,1,4,3.2,535.3,448.8,3.1
Follicular,6.9,4,4,4,1,1.1,77.3,68.5,61.5
Early Luteal,6.0,2,3,4,1,2.0,108.9,81.3,45.7
Early Luteal,7.4,5,3,4,4,0.6,609.6,639.6,47.6
Late Luteal,7.9,4,3,2,2,0.1,236.3,271.0,57.6
Follicular,4.5,1,2,3,2,3.5,123.2,0.0,21.6
Early Luteal,7.2,5,4,3,1,0.8,90.2,0.0,73.7
Follicular,7.6,4,4,4,1,0.4,46.3,146.3,67.6
Late Luteal,4.4,1,2,1,2,3.6,349.1,235.4,9.4
Follicular,8.1,4,3,5,2,0.0,145.7,48.9,62.0
Follicular,5.5,4,3,3,3,2.5,299.7,256.0,37.6
Follicular,7.7,4,4,4,4,0.3,657.3,689.9,45.0
Late Luteal,5.2,3,3,3,1,2.8,62.2,105.8,40.6
Late Luteal,7.6,4,3,3,4,0.4,621.9,656.9,38.4
Menstrual,6.3,4,2,2,2,1.7,178.6,178.2,40.0
Early Luteal,7.7,4,3,3,1,0.3,180.9,151.8,63.6
Early Luteal,5.4,4,3,3,1,2.6,80.9,1.1,49.3
Follicular,7.0,4,4,4,1,1.0,117.7,41.0,66.0
Follicular,6.5,3,3,3,2,1.5,227.4,222.2,42.6
Early Luteal,8.8,5,3,3,2,0.0,142.2,184.3,74.8
Late Luteal,7.0,3,3,2,2,1.0,203.3,148.9,45.7
Ovulation,7.6,5,4,3,1,0.4,81.2,0.0,73.8
Early Luteal,7.2,4,3,4,2,0.8,161.6,135.6,53.1
Menstrual,7.3,4,3,2,1,0.7,99.7,199.7,58.2
Late Luteal,7.7,4,3,3,3,0.3,446.2,375.9,46.3
Menstrual,4.1,3,2,2,1,3.9,59.4,12.6,25.2
Follicular,7.6,5,4,4,2,0.4,305.5,290.8,67.0
Follicular,7.3,4,3,2,2,0.7,178.1,200.9,59.4
Menstrual,6.6,2,3,2,1,1.4,66.8,69.0,40.0
Late Luteal,6.1,3,3,2,2,1.9,216.5,217.4,35.4
Follicular,8.6,5,4,4,2,0.0,127.0,227.0,72.8
Follicular,6.5,3,3,4,2,1.5,91.5,28.8,46.9
Ovulation,7.0,4,4,4,2,1.0,93.1,46.6,53.1
Ovulation,7.7,4,4,4,2,0.3,52.7,141.6,67.0
Follicular,6.7,3,3,3,3,1.3,276.0,198.8,40.1
Follicular,5.8,4,4,4,2,2.2,239.6,339.6,50.2
Late Luteal,6.9,3,3,3,3,1.1,387.2,322.8,33.5
Early Luteal,7.0,3,3,3,2,1.0,150.3,94.4,50.1
Menstrual,6.3,2,2,1,3,1.7,156.3,10.1,21.7
Late Luteal,5.0,2,2,1,2,3.0,201.3,178.5,23.5
Early Luteal,7.3,4,3,3,3,0.7,444.8,544.8,47.5
Ovulation,6.9,3,4,4,2,1.1,144.4,90.0,49.0
Menstrual,7.5,4,3,4,2,0.5,132.4,179.4,54.8
Follicular,7.4,4,4,4,2,0.6,101.4,190.2,69.1
Follicular,5.7,3,3,3,2,2.3,230.7,157.0,34.6
Late Luteal,6.9,3,2,1,1,1.1,12.5,0.0,53.7
Late Luteal,7.0,2,3,2,1,1.0,109.2,36.8,47.6
Follicular,7.0,4,3,3,1,1.0,70.8,170.8,62.7
Follicular,7.2,4,4,4,2,0.8,306.9,354.6,55.1
Follicular,7.0,4,4,3,2,1.0,185.7,0.0,60.4
Menstrual,6.4,3,2,3,4,1.6,651.9,751.9,20.9
Follicular,8.5,4,4,4,1,0.0,4.6,104.6,79.8
Ovulation,5.9,3,3,3,2,2.1,156.0,126.1,38.0
Follicular,6.9,3,4,3,1,1.1,60.0,0.0,60.3
Menstrual,5.5,3,3,2,2,2.5,27.5,0.0,40.9
Menstrual,6.9,3,3,3,1,1.1,128.4,182.9,53.4
Early Luteal,7.8,4,4,3,2,0.2,263.3,282.2,61.4
Early Luteal,7.2,4,3,4,3,0.8,422.9,426.2,45.4
Follicular,5.9,3,3,3,1,2.1,81.3,37.8,45.8
Follicular,7.1,3,3,3,5,0.9,800.0,729.9,22.2
Menstrual,7.0,3,2,1,2,1.0,204.8,119.9,36.0
Follicular,8.7,5,5,5,2,0.0,180.1,133.4,74.1
Late Luteal,7.8,4,4,3,1,0.2,106.7,31.0,61.5
Menstrual,7.7,3,3,2,1,0.3,19.3,0.0,58.0
Follicular,7.6,4,4,4,1,0.4,15.6,0.0,74.8
Early Luteal,8.0,4,5,3,2,0.0,112.4,0.0,65.8
Ovulation,8.4,4,4,4,3,0.0,520.0,423.0,60.5
Late Luteal,6.0,3,2,3,2,2.0,133.8,233.8,41.8
Menstrual,7.4,5,3,2,3,0.6,250.1,161.2,53.4
Menstrual,8.2,4,3,2,2,0.0,159.3,109.0,60.9
Follicular,6.9,3,4,3,2,1.1,126.4,226.0,53.7
Menstrual,6.3,3,2,3,2,1.7,253.2,181.2,36.4
Follicular,8.0,5,4,3,2,0.0,134.5,56.2,70.9
Follicular,7.5,4,4,4,2,0.5,166.3,191.6,66.5
Ovulation,6.9,4,4,4,2,1.1,119.7,93.3,59.7
Ovulation,5.8,3,4,4,1,2.2,92.8,0.0,50.8
Late Luteal,6.3,3,2,3,3,1.7,381.4,478.2,33.8
Ovulation,7.5,3,4,5,2,0.5,290.1,122.1,57.0
Late Luteal,8.4,3,3,2,2,0.0,112.7,132.2,54.0
Early Luteal,6.6,3,4,4,1,1.4,0.6,49.9,52.6
Follicular,8.3,5,4,4,4,0.0,459.6,366.3,57.5
Menstrual,6.3,2,2,2,2,1.7,163.5,167.7,31.7
Menstrual,7.1,4,3,3,2,0.9,269.8,345.8,47.2
Early Luteal,5.9,3,3,3,1,2.1,62.7,40.3,49.1
Late Luteal,6.0,2,1,1,1,2.0,42.3,129.2,34.8
Ovulation,5.8,2,3,2,4,2.2,527.7,600.5,14.6
Late Luteal,5.2,4,2,3,2,2.8,375.5,397.3,34.5
Late Luteal,9.1,4,4,2,2,0.0,156.7,174.7,64.6
Ovulation,5.6,2,3,3,2,2.4,54.7,0.0,37.4
Follicular,8.4,4,4,4,2,0.0,133.7,233.7,70.9
Early Luteal,6.2,3,2,2,2,1.8,280.1,380.1,39.4
Follicular,7.6,5,4,5,2,0.4,186.1,228.6,68.1
Late Luteal,8.3,4,3,3,2,0.0,304.6,193.4,58.4
Late Luteal,6.3,2,2,1,2,1.7,110.8,210.8,28.6
Follicular,7.7,3,4,3,2,0.3,238.1,243.3,57.9
Follicular,7.7,4,3,4,2,0.3,154.3,98.7,67.8
Ovulation,6.9,3,4,4,2,1.1,273.5,255.0,53.9
Follicular,8.9,5,4,4,2,0.0,119.9,203.7,81.6
Early Luteal,7.1,5,4,3,3,0.9,408.0,396.2,58.9
Follicular,7.7,5,4,4,4,0.3,498.1,598.1,57.0
Early Luteal,8.9,3,3,3,3,0.0,397.4,417.8,54.2
Early Luteal,6.8,2,3,2,3,1.2,388.2,422.8,31.1
Early Luteal,8.5,4,4,3,2,0.0,180.1,178.6,70.9
Follicular,7.4,4,4,3,2,0.6,73.7,0.0,61.9
Follicular,9.0,5,4,4,2,0.0,154.3,57.0,82.2
Follicular,6.7,3,3,3,3,1.3,287.9,178.0,46.2
Early Luteal,8.5,4,4,3,3,0.0,308.4,225.1,63.4
Early Luteal,6.8,3,3,3,3,1.2,228.1,245.5,38.3
Ovulation,7.1,4,5,5,2,0.9,103.9,78.4,61.0
Early Luteal,7.6,4,3,3,2,0.4,117.0,0.0,68.0
Late Luteal,6.7,2,2,2,1,1.3,95.4,95.8,41.5
Ovulation,8.3,4,4,3,1,0.0,110.2,154.8,71.7
Early Luteal,5.5,3,4,3,2,2.5,350.2,309.1,34.7
Early Luteal,6.8,3,2,3,3,1.2,363.3,373.0,35.4
Early Luteal,6.5,3,3,2,3,1.5,322.0,398.1,41.6
Late Luteal,5.9,4,3,3,3,2.1,265.8,365.7,33.9
Follicular,7.0,3,3,3,2,1.0,121.2,189.6,47.8
Follicular,8.0,4,4,4,4,0.0,439.9,518.6,49.3
Follicular,8.0,4,4,4,1,0.0,101.0,66.7,72.3
Late Luteal,6.6,4,2,2,1,1.4,45.2,135.5,54.0
Follicular,5.9,3,3,3,1,2.1,22.9,0.0,51.8
Early Luteal,8.4,5,4,4,2,0.0,293.6,157.2,75.2
Follicular,7.0,3,3,2,2,1.0,301.4,188.4,51.7
Follicular,8.3,4,4,4,2,0.0,243.7,262.0,65.1
Early Luteal,6.5,2,2,2,2,1.5,196.5,108.5,30.4
Early Luteal,6.7,2,2,3,3,1.3,387.5,352.7,31.2
Ovulation,7.6,3,4,3,2,0.4,87.0,0.0,57.5
Early Luteal,7.3,3,3,2,5,0.7,800.0,781.7,26.7
Late Luteal,6.8,3,3,3,1,1.2,20.9,0.0,50.8
Early Luteal,7.2,4,4,3,1,0.8,66.0,166.0,62.6
Late Luteal,7.0,4,4,3,2,1.0,211.1,260.3,54.0
Follicular,6.5,3,4,4,1,1.5,14.4,114.4,53.9
Late Luteal,7.5,3,4,1,1,0.5,88.4,76.3,59.4
Early Luteal,6.9,3,3,3,2,1.1,164.7,244.6,46.4
Late Luteal,7.3,4,3,2,2,0.7,267.7,298.2,51.9
Ovulation,7.2,4,3,2,2,0.8,175.6,160.7,59.9
Early Luteal,7.0,2,3,3,1,1.0,45.6,78.3,53.7
Late Luteal,6.9,3,2,2,2,1.1,257.1,269.2,46.3
Follicular,7.5,4,3,3,2,0.5,86.8,186.8,64.4
Follicular,5.8,3,3,3,2,2.2,116.9,147.8,38.3
Follicular,7.9,4,4,4,4,0.1,579.8,564.6,46.2
Early Luteal,8.0,4,4,4,2,0.0,139.2,143.4,62.7
Follicular,7.8,5,4,4,1,0.2,17.2,0.0,78.2
Menstrual,6.4,2,2,3,2,1.6,146.9,69.1,31.7
Ovulation,8.6,4,4,3,2,0.0,87.0,92.8,69.7
Follicular,7.0,3,3,4,2,1.0,101.1,201.1,52.8
Early Luteal,6.2,3,3,3,2,1.8,112.7,41.5,45.0
Late Luteal,5.2,3,2,1,2,2.8,302.5,283.9,27.6
Follicular,6.5,3,3,3,3,1.5,244.1,313.2,41.3
Follicular,7.1,4,4,4,2,0.9,250.9,341.3,55.8
Follicular,7.9,3,4,3,2,0.1,79.9,98.4,58.0
Menstrual,5.9,2,3,2,3,2.1,382.4,277.2,22.9
Ovulation,6.0,4,3,3,3,2.0,454.7,384.6,35.5
Follicular,6.1,4,3,4,5,1.9,800.0,796.4,23.7
Early Luteal,7.4,3,3,3,2,0.6,104.2,47.1,54.5
Follicular,5.4,2,2,3,4,2.6,500.8,577.9,12.3
Early Luteal,6.0,3,3,2,1,2.0,64.4,0.0,47.9
Late Luteal,6.4,2,3,2,3,1.6,572.4,672.4,19.4
Ovulation,7.9,4,4,4,3,0.1,342.5,357.5,61.5
Late Luteal,8.5,3,3,3,2,0.0,123.2,223.2,60.2
Follicular,6.6,3,3,4,3,1.4,360.9,284.5,36.6
Follicular,8.0,4,3,2,2,0.0,73.6,26.5,65.0
Follicular,7.1,4,4,5,3,0.9,295.6,377.6,50.8
Late Luteal,7.2,4,2,1,4,0.8,574.7,587.6,34.9
Follicular,8.4,5,3,4,2,0.0,224.3,303.8,75.2
Follicular,6.8,3,4,4,3,1.2,472.4,538.5,37.9
Late Luteal,6.9,3,3,2,1,1.1,9.2,20.0,55.5
Menstrual,5.0,2,1,1,2,3.0,89.9,105.1,17.0
Follicular,6.5,3,4,3,1,1.5,87.4,132.5,52.2
Ovulation,8.7,5,4,5,1,0.0,40.0,90.5,82.9
Menstrual,7.3,5,3,3,3,0.7,447.8,384.1,50.6
Early Luteal,8.7,4,3,3,2,0.0,111.5,135.7,61.2
Late Luteal,6.4,2,3,3,2,1.6,113.6,182.0,35.4
Early Luteal,7.3,4,3,3,1,0.7,53.9,0.0,62.2
Ovulation,5.6,3,4,5,1,2.4,18.6,11.5,54.6
Ovulation,6.4,3,4,4,1,1.6,51.3,71.9,51.3
Late Luteal,6.8,2,3,2,1,1.2,51.5,0.0,45.2
Early Luteal,5.9,3,3,3,2,2.1,188.0,228.7,41.1
Early Luteal,6.4,3,3,2,3,1.6,401.0,390.8,38.2
Early Luteal,8.5,4,4,5,2,0.0,104.7,39.0,66.6
Late Luteal,5.2,2,1,1,3,2.8,435.3,467.6,12.0
Ovulation,6.0,3,3,2,2,2.0,123.8,0.0,38.9
Follicular,5.8,3,3,4,3,2.2,396.3,385.8,28.8
Follicular,7.4,4,4,4,4,0.6,570.4,624.7,43.9
Menstrual,7.2,3,3,3,2,0.8,109.5,33.6,50.5
Late Luteal,5.3,2,1,1,3,2.7,371.6,471.6,14.3
Late Luteal,7.7,4,2,2,2,0.3,65.0,6.6,56.6
Follicular,7.5,5,5,4,1,0.5,80.8,91.4,75.3
Late Luteal,7.4,3,2,2,5,0.6,800.0,645.7,21.4
Follicular,7.1,4,3,3,3,0.9,273.5,193.9,45.9
Follicular,5.9,3,3,2,5,2.1,800.0,893.1,19.3
Follicular,6.0,3,4,5,1,2.0,19.2,0.0,53.8
Late Luteal,3.8,1,2,1,2,4.2,146.4,246.4,13.8
Menstrual,6.4,3,2,3,3,1.6,253.3,221.3,35.0
Early Luteal,8.2,4,4,4,3,0.0,358.2,389.7,56.2
Follicular,7.2,5,4,3,1,0.8,161.1,135.6,73.9
Follicular,9.1,4,4,4,1,0.0,55.7,155.7,83.3
Follicular,6.9,3,2,1,3,1.1,261.8,299.0,37.9
Menstrual,6.1,3,2,2,2,1.9,282.6,206.7,37.7
Menstrual,7.1,4,3,2,1,0.9,116.7,146.4,55.6
Late Luteal,8.3,4,3,2,2,0.0,245.6,345.6,58.0
Follicular,5.8,3,3,4,3,2.2,308.1,408.1,31.1
Menstrual,8.3,3,3,3,3,0.0,341.5,376.3,41.5
Early Luteal,7.3,5,3,3,1,0.7,124.0,173.9,70.8
Follicular,5.6,3,3,3,1,2.4,116.6,190.7,44.8
Early Luteal,6.6,4,3,3,1,1.4,152.8,133.2,57.2
Follicular,8.1,3,4,4,2,0.0,69.1,169.1,64.1
Follicular,7.2,4,3,3,4,0.8,524.1,624.1,40.0
Follicular,7.6,3,3,3,4,0.4,585.8,656.3,36.5
Late Luteal,5.2,2,2,3,3,2.8,316.3,225.4,21.9
Menstrual,7.0,3,2,3,5,1.0,800.0,849.9,18.8
Late Luteal,5.5,3,2,1,2,2.5,136.0,88.0,32.1
Menstrual,7.4,2,2,2,2,0.6,113.1,64.4,37.9
Follicular,7.6,4,4,3,1,0.4,69.9,16.3,71.3
Follicular,6.6,4,4,4,3,1.4,504.1,472.0,45.9
Late Luteal,6.5,2,3,2,1,1.5,124.5,0.0,42.8
Ovulation,4.9,2,2,3,3,3.1,280.9,174.5,18.6
Menstrual,6.9,2,2,1,1,1.1,7.3,0.0,51.1
Follicular,8.5,5,4,4,2,0.0,228.6,175.7,70.0
Ovulation,6.9,3,3,4,2,1.1,91.9,108.4,51.6
Menstrual,5.9,3,3,4,1,2.1,79.8,56.0,39.8
Follicular,7.7,4,5,5,1,0.3,106.6,27.1,75.4
Follicular,6.9,2,1,3,4,1.1,800.0,759.4,20.4
Follicular,7.3,4,3,3,4,0.7,476.1,477.3,40.5
Menstrual,6.0,3,2,2,2,2.0,254.4,346.0,35.2
Menstrual,6.9,3,2,3,2,1.1,54.0,30.6,47.9
Follicular,8.6,4,4,4,2,0.0,128.0,92.1,73.0
Late Luteal,6.2,2,2,2,2,1.8,120.6,216.7,35.7
Late Luteal,8.0,4,3,2,1,0.0,88.0,103.6,70.3
Follicular,5.7,3,3,3,1,2.3,38.6,138.6,46.6
Follicular,8.8,4,4,5,1,0.0,78.7,23.8,79.4
Follicular,7.2,4,3,3,3,0.8,368.5,468.5,51.5
Early Luteal,5.9,4,3,3,3,2.1,398.4,404.0,36.5
Late Luteal,6.9,3,3,4,2,1.1,168.6,220.9,44.8
Menstrual,5.8,2,2,1,2,2.2,137.8,25.7,24.3
Follicular,7.5,5,4,4,1,0.5,144.7,128.6,78.4
Early Luteal,5.3,4,3,2,3,2.7,384.6,432.7,30.1
Menstrual,6.6,3,3,2,3,1.4,447.5,439.5,27.8
Early Luteal,7.3,4,3,3,3,0.7,331.0,431.0,45.1
Follicular,8.5,4,4,3,2,0.0,188.9,84.2,66.3
Menstrual,8.5,5,3,3,1,0.0,98.0,18.4,77.7
Follicular,7.3,4,3,3,2,0.7,253.2,220.7,59.3
Follicular,8.0,4,4,4,1,0.0,67.1,23.3,80.1
Early Luteal,7.8,5,4,4,2,0.2,189.5,289.5,69.2
Late Luteal,7.1,3,3,2,1,0.9,50.2,70.9,51.4
Follicular,7.3,5,4,4,3,0.7,403.8,427.7,53.6
Ovulation,7.1,4,4,4,1,0.9,14.2,36.2,70.4
Early Luteal,8.1,4,3,3,2,0.0,139.8,137.4,64.7
Follicular,7.7,4,3,4,1,0.3,29.8,31.5,71.3
Menstrual,6.0,3,2,2,2,2.0,29.9,94.4,38.0
Follicular,9.0,4,4,4,3,0.0,495.9,548.3,60.3
Follicular,8.9,4,2,3,4,0.0,516.7,429.0,48.1
Follicular,8.1,4,4,5,3,0.0,288.5,388.5,60.8
Follicular,8.0,4,2,2,3,0.0,175.3,97.7,62.3
Early Luteal,7.9,3,4,4,3,0.1,346.8,265.9,48.8
Follicular,8.5,3,3,4,3,0.0,286.0,258.4,52.6
Early Luteal,4.9,3,1,1,5,3.1,659.8,706.6,4.5
Menstrual,6.0,3,2,3,2,2.0,305.6,253.7,32.4
Late Luteal,5.6,2,3,2,3,2.4,425.5,425.3,18.9
Early Luteal,5.5,3,2,3,4,2.5,520.7,502.6,13.3
Early Luteal,7.4,4,4,4,1,0.6,96.0,125.1,66.4
Late Luteal,7.7,4,3,3,1,0.3,14.2,28.7,66.4
Ovulation,8.1,5,5,4,1,0.0,105.0,53.0,89.4
Early Luteal,6.6,2,2,2,2,1.4,308.1,392.3,33.5
Follicular,9.3,5,4,3,2,0.0,114.1,109.3,79.4
Late Luteal,6.7,3,1,1,4,1.3,492.4,415.7,25.4
Ovulation,5.8,2,3,2,1,2.2,95.4,152.0,34.3
Menstrual,4.6,2,3,2,1,3.4,103.3,104.6,29.6
Early Luteal,6.1,3,2,3,3,1.9,298.8,142.3,36.4
Follicular,7.3,4,4,4,1,0.7,124.4,151.9,65.4
Early Luteal,7.1,4,3,3,2,0.9,99.6,0.0,55.4
Late Luteal,6.1,2,2,2,3,1.9,528.0,466.7,17.3
Follicular,7.0,3,3,4,3,1.0,340.1,402.3,44.2
Late Luteal,5.5,4,3,3,2,2.5,95.2,35.5,40.8
Menstrual,7.7,3,4,3,2,0.3,270.7,284.1,53.0
Early Luteal,4.9,2,2,2,4,3.1,460.2,527.9,8.7
Menstrual,7.7,3,3,2,2,0.3,186.4,163.9,51.2
Early Luteal,7.5,5,4,3,2,0.5,183.4,283.4,65.9
Follicular,7.4,4,4,4,4,0.6,556.8,614.4,45.6
Menstrual,5.6,3,2,2,2,2.4,247.3,308.5,31.2
Early Luteal,4.9,2,2,3,1,3.1,109.1,41.9,30.6
Early Luteal,5.9,4,3,3,2,2.1,170.9,121.5,46.2
Ovulation,7.3,4,3,4,4,0.7,547.2,595.6,46.3
Follicular,6.9,3,3,2,2,1.1,171.7,116.5,46.3
Menstrual,7.0,3,3,3,1,1.0,27.4,0.0,56.3
Late Luteal,6.0,3,3,2,2,2.0,310.0,300.5,37.8
Late Luteal,6.7,4,2,2,1,1.3,111.9,109.5,48.5
Early Luteal,7.1,3,3,3,4,0.9,456.7,556.7,31.1
Menstrual,7.2,4,3,4,1,0.8,10.1,38.0,59.3
Follicular,7.2,2,3,3,2,0.8,219.5,151.2,46.7
Menstrual,6.4,4,2,2,5,1.6,800.0,759.7,18.4
Follicular,7.0,3,2,2,4,1.0,605.4,705.4,29.8
Early Luteal,6.8,4,3,4,1,1.2,80.6,180.6,60.2
Follicular,7.4,4,3,3,1,0.6,129.9,229.9,61.9
Late Luteal,5.8,2,2,1,2,2.2,179.5,102.5,25.6
Late Luteal,5.3,4,2,3,2,2.7,97.4,197.4,43.3
Early Luteal,8.4,4,3,4,4,0.0,488.6,565.5,47.3
Follicular,9.3,5,4,3,3,0.0,385.3,450.2,73.1
Ovulation,7.4,4,3,2,3,0.6,462.4,326.3,50.9
Late Luteal,7.1,3,2,2,1,0.9,46.3,0.0,52.4
Early Luteal,6.8,3,2,2,3,1.2,284.4,384.4,40.9
Follicular,6.6,3,3,3,3,1.4,345.9,445.9,39.0
Early Luteal,7.8,4,3,3,5,0.2,777.9,877.9,33.7
Ovulation,7.4,5,5,4,1,0.6,111.4,163.9,74.8
Follicular,7.1,5,4,4,1,0.9,77.9,87.6,73.9
Late Luteal,6.0,2,3,3,1,2.0,32.3,30.2,45.4
Menstrual,5.9,3,3,3,1,2.1,143.5,96.1,42.9
Ovulation,7.7,5,4,4,2,0.3,261.3,319.4,64.5
Follicular,6.7,4,3,3,1,1.3,70.2,145.8,65.2
Menstrual,6.2,2,1,1,4,1.8,591.6,401.6,12.7
Late Luteal,6.5,1,2,2,2,1.5,148.3,105.3,27.4
Ovulation,7.3,4,4,3,3,0.7,503.7,567.7,52.2
Late Luteal,4.3,2,2,1,2,3.7,219.4,228.6,12.7
Ovulation,8.0,5,4,4,3,0.0,371.0,335.3,65.1
Late Luteal,5.4,2,2,2,2,2.6,228.5,248.9,19.6
Late Luteal,6.0,2,3,3,1,2.0,88.7,187.0,44.6
Ovulation,7.6,4,5,5,2,0.4,108.2,48.7,68.2
Late Luteal,7.7,4,3,2,2,0.3,73.9,173.9,58.9
Early Luteal,9.5,5,4,4,1,0.0,13.7,0.0,88.1
Follicular,7.5,5,3,4,2,0.5,127.3,95.4,69.9
Late Luteal,6.5,3,3,3,2,1.5,22.1,65.1,45.6
Early Luteal,7.7,4,3,3,4,0.3,427.8,465.4,47.5
Early Luteal,6.7,3,3,2,3,1.3,374.7,425.0,35.4
Ovulation,6.9,4,3,4,2,1.1,102.0,77.1,62.2
Late Luteal,6.1,3,3,2,3,1.9,426.4,437.6,29.0
Late Luteal,7.0,3,3,3,5,1.0,800.0,821.6,19.6
Late Luteal,5.3,4,3,2,2,2.7,115.7,156.8,36.6
Late Luteal,6.2,2,2,2,2,1.8,117.4,45.5,32.1
Late Luteal,4.9,3,2,1,1,3.1,94.3,138.9,35.5
Late Luteal,5.9,3,2,2,3,2.1,281.7,330.5,29.7
Ovulation,7.6,4,4,5,2,0.4,138.9,154.5,67.0
Ovulation,6.8,4,3,4,1,1.2,96.1,196.1,64.5
Menstrual,6.0,2,2,1,2,2.0,71.5,164.7,33.7
Early Luteal,7.5,4,4,4,3,0.5,475.0,492.2,45.7
Follicular,8.2,4,4,4,3,0.0,361.2,382.7,62.1
Ovulation,7.4,4,4,4,2,0.6,206.4,149.4,63.3
Early Luteal,6.4,4,3,3,2,1.6,144.8,56.0,53.3
Ovulation,7.0,3,3,3,1,1.0,23.8,30.4,57.4
Follicular,6.6,3,3,4,2,1.4,122.4,92.8,47.7
Ovulation,5.9,4,3,3,3,2.1,411.2,511.2,39.8
Menstrual,7.2,5,3,2,2,0.8,160.0,5.5,59.5
Early Luteal,7.6,4,4,3,1,0.4,76.1,74.8,62.0
Menstrual,4.8,1,2,1,1,3.2,35.6,74.2,21.2
Follicular,7.9,3,3,3,1,0.1,67.4,104.3,64.7
Menstrual,7.4,4,3,3,3,0.6,333.2,284.7,41.9
Follicular,6.4,3,4,4,1,1.6,82.8,100.4,56.3
Early Luteal,8.2,4,3,3,4,0.0,626.7,726.7,38.4
Early Luteal,5.8,3,4,4,2,2.2,280.6,226.2,38.3
Early Luteal,7.6,4,2,4,3,0.4,254.9,241.9,51.3
Late Luteal,8.3,4,4,3,1,0.0,77.2,0.0,71.1
Early Luteal,8.0,4,3,4,5,0.0,776.1,825.8,38.4
Follicular,6.7,3,3,4,4,1.3,584.5,533.0,36.2
Late Luteal,6.4,3,2,2,5,1.6,800.0,837.1,11.4
Early Luteal,7.3,4,3,4,3,0.7,408.0,436.5,47.8
Ovulation,8.4,4,3,3,1,0.0,136.7,172.1,72.7
Early Luteal,5.4,2,3,4,1,2.6,47.5,92.8,37.1
Early Luteal,6.6,2,2,3,2,1.4,253.8,353.8,38.0
Early Luteal,7.2,3,3,2,2,0.8,165.3,157.6,52.6
Menstrual,5.8,3,2,1,2,2.2,115.3,158.9,38.1
Early Luteal,6.9,3,3,3,2,1.1,137.8,141.7,46.7
Early Luteal,8.8,4,4,5,1,0.0,75.9,142.6,77.0
Follicular,7.1,4,4,5,1,0.9,133.2,124.4,64.8
Ovulation,8.0,4,4,4,2,0.0,89.9,189.9,68.7
Late Luteal,6.1,2,2,2,3,1.9,276.2,259.9,21.4
Late Luteal,5.6,3,3,2,2,2.4,198.7,223.3,36.8
Late Luteal,5.3,3,3,3,2,2.7,97.2,112.3,35.5
Follicular,6.0,2,2,3,3,2.0,238.3,327.0,28.5
Follicular,6.9,2,4,4,2,1.1,161.4,220.3,45.4
Late Luteal,5.4,2,2,2,1,2.6,143.0,169.2,29.7
Early Luteal,7.9,5,3,3,4,0.1,645.0,573.6,51.4
Follicular,6.8,4,3,4,4,1.2,572.3,603.8,34.0
Late Luteal,7.9,3,3,2,1,0.1,111.9,15.4,63.3
Ovulation,8.1,4,4,3,1,0.0,39.8,53.7,74.6
Late Luteal,5.9,2,2,3,2,2.1,94.4,194.4,35.9
Early Luteal,7.6,4,3,3,1,0.4,116.0,216.0,67.3
Ovulation,5.3,3,3,4,4,2.7,641.9,700.0,17.9
Late Luteal,6.8,3,3,2,2,1.2,142.9,172.3,41.3
Late Luteal,5.8,4,3,3,2,2.2,124.2,112.0,43.5
Menstrual,8.3,4,2,3,2,0.0,148.7,248.7,55.4
Early Luteal,7.0,3,3,3,5,1.0,800.0,779.1,25.0
Early Luteal,6.1,3,2,3,3,1.9,351.6,451.6,34.1
Ovulation,7.0,3,4,4,1,1.0,149.7,112.4,60.4
Late Luteal,6.9,2,2,2,4,1.1,365.5,410.4,26.5
Follicular,8.3,5,3,4,4,0.0,596.1,515.4,51.8
Menstrual,6.1,3,2,2,2,1.9,455.0,555.0,31.0
Follicular,6.6,3,3,2,2,1.4,228.1,163.0,48.8
Menstrual,5.3,3,2,2,1,2.7,36.1,136.1,38.4
Follicular,7.3,4,4,4,2,0.7,191.6,205.9,67.7
Early Luteal,5.8,3,2,2,3,2.2,291.5,308.7,29.1
Menstrual,5.9,2,2,2,2,2.1,178.6,277.8,29.9
Menstrual,8.1,4,3,2,1,0.0,58.4,138.4,67.8
Follicular,8.8,4,3,3,2,0.0,206.7,208.8,69.3
Menstrual,6.2,3,2,3,3,1.8,384.8,355.3,31.7
Early Luteal,7.1,3,3,3,5,0.9,800.0,900.0,21.9
Ovulation,6.5,3,4,4,3,1.5,324.3,324.7,42.9
Late Luteal,5.3,2,3,2,1,2.7,120.0,220.0,31.0
Menstrual,7.3,3,3,3,3,0.7,352.3,378.8,35.4
Late Luteal,7.9,3,3,2,2,0.1,83.3,112.9,53.6
Ovulation,8.0,4,5,5,2,0.0,265.0,237.7,71.5
Late Luteal,7.7,4,4,4,2,0.3,61.8,130.6,65.0
Late Luteal,7.4,4,3,3,2,0.6,201.8,102.8,58.5
Early Luteal,7.0,3,2,3,4,1.0,583.6,443.2,30.3
Late Luteal,6.7,3,3,3,1,1.3,80.8,0.0,50.9
Follicular,9.0,5,3,4,4,0.0,580.5,680.5,57.8
Early Luteal,6.8,4,4,4,2,1.2,260.7,139.6,57.0
Follicular,6.4,3,4,3,2,1.6,216.0,213.7,47.2
Ovulation,6.2,3,3,3,3,1.8,554.5,479.1,36.7
Follicular,6.9,2,3,3,5,1.1,800.0,690.5,19.0
Late Luteal,6.5,1,2,3,2,1.5,255.5,343.0,33.0
Early Luteal,6.6,3,3,3,1,1.4,97.1,126.4,54.5
Menstrual,7.1,5,3,3,4,0.9,528.7,498.9,37.6
Late Luteal,6.7,2,2,2,2,1.3,388.0,450.5,30.6
Early Luteal,7.6,4,3,3,3,0.4,252.3,237.5,61.2
Follicular,6.5,4,3,3,2,1.5,120.9,220.9,58.8
Follicular,6.2,4,3,4,3,1.8,544.9,644.9,36.6
Late Luteal,6.1,4,2,2,4,1.9,715.2,755.9,23.3
Follicular,7.3,4,4,3,3,0.7,368.9,383.3,52.9
Menstrual,8.8,4,4,3,1,0.0,183.8,121.8,67.4
Menstrual,6.8,2,3,4,2,1.2,266.8,349.8,37.8
Menstrual,7.5,4,3,3,3,0.5,392.7,397.1,44.4
Early Luteal,6.4,3,2,2,2,1.6,114.2,85.8,44.2
Follicular,6.6,3,3,2,2,1.4,237.3,240.6,47.4
Follicular,6.0,3,3,5,1,2.0,104.2,99.0,52.4
Follicular,7.6,3,3,3,3,0.4,428.0,461.0,46.9
Follicular,6.2,3,3,2,2,1.8,111.0,109.6,42.8
Follicular,8.4,4,4,4,2,0.0,209.5,159.1,69.2
Follicular,8.7,5,4,3,2,0.0,49.1,146.9,69.6
Early Luteal,6.5,4,3,3,2,1.5,255.7,314.0,51.6
Late Luteal,7.8,4,3,3,2,0.2,174.4,164.6,56.5
Early Luteal,6.8,4,4,3,1,1.2,53.7,11.1,63.9
Follicular,7.7,4,4,5,2,0.3,280.6,274.4,63.9
Follicular,6.7,3,3,2,1,1.3,99.0,199.0,49.2
Early Luteal,6.6,3,3,3,2,1.4,201.8,184.0,41.3
Early Luteal,4.8,1,2,2,3,3.2,482.3,399.6,1.9
Follicular,7.5,4,5,4,2,0.5,83.8,167.9,67.6
Early Luteal,6.4,2,3,3,1,1.6,89.0,131.2,45.7
Early Luteal,7.6,3,3,4,4,0.4,473.0,382.5,40.8
Menstrual,7.0,2,3,2,1,1.0,117.0,0.0,46.1
Late Luteal,9.0,3,3,3,2,0.0,251.6,189.6,57.0
Menstrual,5.7,2,2,2,1,2.3,77.9,177.9,36.4
Follicular,6.9,4,3,4,1,1.1,154.7,168.3,56.8
Ovulation,7.6,4,4,4,1,0.4,91.5,28.2,72.5
Follicular,7.8,4,3,4,3,0.2,350.5,450.5,52.7
Ovulation,6.9,2,3,3,2,1.1,217.8,230.1,36.6
Late Luteal,7.2,4,3,2,2,0.8,166.3,151.9,57.2
Early Luteal,7.4,5,4,4,1,0.6,31.8,0.0,74.5
Ovulation,7.2,4,4,4,2,0.8,265.3,252.3,65.7
Follicular,7.3,4,3,3,3,0.7,420.2,412.5,49.4
Menstrual,7.1,4,2,3,3,0.9,456.2,434.0,39.8
Late Luteal,5.3,3,2,2,2,2.7,134.6,111.7,32.9
Ovulation,6.4,2,3,3,3,1.6,266.1,165.6,36.9
Follicular,8.8,4,3,3,1,0.0,44.4,76.2,71.5
Follicular,7.6,4,3,3,3,0.4,446.1,471.5,49.3
Late Luteal,6.4,2,2,2,2,1.6,110.4,109.0,36.1
Follicular,8.5,4,4,4,5,0.0,730.4,651.7,43.0
Late Luteal,5.6,3,3,3,1,2.4,43.2,0.0,44.6
Follicular,7.7,5,5,5,1,0.3,40.1,0.0,80.3
Follicular,7.2,4,4,4,2,0.8,222.3,10.9,59.8
Early Luteal,6.4,2,3,3,5,1.6,750.2,850.2,10.3
Menstrual,7.2,3,2,2,3,0.8,442.0,343.9,38.7
Follicular,6.9,3,3,2,2,1.1,215.9,147.9,45.8
Late Luteal,6.9,2,2,2,2,1.1,218.0,274.7,38.5
Menstrual,6.7,3,2,2,4,1.3,585.7,530.7,21.8
Menstrual,6.9,3,3,2,1,1.1,139.0,130.6,48.7
Menstrual,7.8,5,2,2,5,0.2,800.0,723.2,32.2
Menstrual,6.6,2,1,2,2,1.4,113.6,210.1,38.2
Early Luteal,6.3,2,3,2,2,1.7,180.0,130.4,41.1
Ovulation,8.2,4,4,4,1,0.0,73.2,152.2,78.8
Menstrual,6.0,2,2,1,3,2.0,349.1,276.8,17.6
Early Luteal,7.6,3,3,3,2,0.4,112.2,168.0,53.9
Follicular,6.0,3,2,3,4,2.0,502.7,602.7,23.2
Ovulation,6.3,4,4,5,2,1.7,194.3,207.6,56.5
Ovulation,7.2,4,5,4,1,0.8,35.8,0.0,69.2
Late Luteal,6.5,2,2,2,1,1.5,69.0,2.6,40.1
Late Luteal,7.5,4,3,3,3,0.5,281.6,259.8,55.7
Late Luteal,7.8,3,2,3,3,0.2,301.1,277.5,44.2
Menstrual,6.4,2,2,2,3,1.6,395.8,429.0,24.4
Late Luteal,7.3,5,3,2,2,0.7,116.3,60.5,62.2
Early Luteal,5.2,4,3,3,2,2.8,141.0,67.1,40.5
Early Luteal,8.2,3,2,3,2,0.0,360.8,460.8,53.6
Menstrual,7.3,5,4,3,1,0.7,142.0,242.0,70.9
Late Luteal,5.6,2,2,1,1,2.4,119.5,0.0,32.1
Late Luteal,3.7,3,2,2,3,4.3,400.5,384.5,9.3
Late Luteal,6.7,4,2,2,4,1.3,544.6,567.6,32.6
Ovulation,7.6,4,4,4,2,0.4,107.7,207.7,67.8
Menstrual,6.8,4,3,2,3,1.2,434.9,394.2,37.6
Late Luteal,7.3,4,3,3,2,0.7,159.0,145.2,51.5
Follicular,7.6,4,4,3,3,0.4,399.6,330.4,48.1
Follicular,7.4,3,3,3,1,0.6,66.8,153.4,65.4
Ovulation,7.6,3,4,4,3,0.4,356.0,356.8,48.8
Late Luteal,6.1,2,3,3,2,1.9,113.9,207.9,41.0
Menstrual,6.6,3,2,3,2,1.4,327.6,427.6,39.4
Menstrual,5.0,2,2,2,4,3.0,364.3,464.3,7.0
Ovulation,6.5,4,3,3,3,1.5,340.4,273.8,48.1
Follicular,8.4,3,3,3,3,0.0,390.6,280.6,50.1
Follicular,7.8,5,4,4,3,0.2,375.9,316.5,62.8
Menstrual,8.5,3,2,3,3,0.0,466.0,566.0,56.7
Early Luteal,6.8,3,3,1,2,1.2,145.2,159.7,42.2
Follicular,5.9,5,5,5,2,2.1,145.8,169.4,56.0
Follicular,7.7,4,3,3,3,0.3,349.3,246.4,56.9
Early Luteal,6.4,4,2,3,3,1.6,421.5,412.3,41.8
Ovulation,5.8,3,4,5,1,2.2,144.0,114.7,49.8
Menstrual,7.0,3,3,2,1,1.0,62.8,67.3,48.6
Late Luteal,6.0,3,3,2,2,2.0,109.3,142.7,47.2
Ovulation,6.2,2,2,3,2,1.8,133.4,228.7,35.0
Ovulation,6.5,3,3,3,2,1.5,375.6,290.4,40.6
Early Luteal,6.1,3,3,4,2,1.9,342.9,442.9,43.0
Early Luteal,6.2,4,3,4,2,1.8,83.7,73.5,53.1
Menstrual,6.1,3,2,3,3,1.9,522.0,478.8,25.6
Menstrual,5.7,2,1,2,2,2.3,140.6,97.4,21.2
Late Luteal,6.2,3,3,2,2,1.8,279.7,379.7,32.7
Early Luteal,8.4,4,3,4,2,0.0,249.1,218.0,65.4
Follicular,6.7,4,3,4,2,1.3,261.4,271.5,52.5
Menstrual,6.4,4,2,3,2,1.6,159.5,203.5,43.0
Follicular,7.0,4,4,5,2,1.0,97.6,72.8,56.9
Follicular,6.7,2,3,2,3,1.3,426.4,492.8,26.7
Menstrual,5.8,3,2,2,1,2.2,57.5,84.9,37.0
Follicular,7.8,5,4,4,2,0.2,142.4,242.4,67.5
Follicular,7.7,4,4,4,2,0.3,141.0,204.5,66.4
Menstrual,5.5,2,2,2,1,2.5,122.7,0.0,34.2
Menstrual,6.7,2,2,2,2,1.3,267.2,251.1,32.8
Menstrual,6.4,3,3,3,2,1.6,180.8,280.8,40.6
Follicular,7.3,5,5,5,3,0.7,269.9,92.1,59.4
Menstrual,7.5,4,2,3,2,0.5,33.8,69.1,58.0
Follicular,6.9,3,3,4,2,1.1,270.6,267.6,46.4
Late Luteal,6.9,3,3,3,1,1.1,30.3,0.0,51.0
Menstrual,9.4,5,4,2,2,0.0,144.4,184.9,78.6
Follicular,6.2,3,2,3,5,1.8,800.0,787.5,18.4
Early Luteal,6.0,3,4,3,2,2.0,272.9,364.8,41.0
Ovulation,6.6,2,3,3,2,1.4,145.0,102.8,41.7
Menstrual,6.4,2,1,1,5,1.6,800.0,703.6,7.1
Menstrual,7.1,5,4,3,3,0.9,349.0,444.9,52.3
Ovulation,6.1,3,2,3,4,1.9,625.4,725.4,23.5
Menstrual,7.1,4,2,1,2,0.9,99.5,155.3,57.1
Menstrual,7.3,4,3,2,2,0.7,134.4,197.2,57.1
Menstrual,8.1,4,3,2,2,0.0,190.9,268.2,58.0
Ovulation,8.5,3,3,4,2,0.0,279.7,337.8,55.1
Follicular,7.6,3,3,4,2,0.4,344.8,444.8,50.2
Early Luteal,6.3,4,2,3,4,1.7,544.0,474.6,32.2
Late Luteal,6.6,2,3,3,3,1.4,245.6,82.3,31.2
Late Luteal,5.9,2,2,3,1,2.1,4.0,0.0,39.8
Ovulation,6.9,2,3,2,2,1.1,122.5,208.1,47.5
Follicular,7.6,4,2,3,4,0.4,489.8,480.8,38.4
Early Luteal,6.8,2,2,2,4,1.2,534.4,595.5,26.4
Follicular,7.7,4,3,2,2,0.3,123.9,24.5,59.4
Ovulation,5.3,3,3,3,3,2.7,505.0,441.4,22.6
Early Luteal,7.1,4,4,3,1,0.9,4.8,78.5,60.4
Follicular,6.4,3,4,4,2,1.6,253.7,353.7,49.1
Early Luteal,8.0,4,4,4,3,0.0,346.8,294.2,56.3
Late Luteal,6.2,3,3,3,3,1.8,301.8,281.6,32.3
Menstrual,6.9,3,3,2,2,1.1,121.6,221.2,48.3
Follicular,6.5,4,4,3,4,1.5,527.5,627.5,36.7
Menstrual,5.8,3,4,3,2,2.2,139.3,234.0,39.5
Late Luteal,8.0,5,3,3,2,0.0,196.7,296.7,70.2
Early Luteal,6.8,3,3,4,2,1.2,222.8,216.9,47.4
Late Luteal,6.7,2,1,2,5,1.3,800.0,678.0,1.9
Follicular,8.6,5,4,4,3,0.0,364.1,407.9,65.6
Menstrual,5.5,3,1,2,5,2.5,610.4,700.4,6.2
Late Luteal,7.1,4,3,1,3,0.9,250.4,234.0,50.9
Menstrual,6.4,3,2,2,3,1.6,322.4,285.1,29.4
Follicular,8.4,4,4,3,3,0.0,421.9,412.5,58.8
Menstrual,7.2,5,4,4,2,0.8,194.7,134.9,57.5
Follicular,5.6,3,4,3,1,2.4,72.6,0.0,44.2
Early Luteal,7.3,5,4,3,2,0.7,68.2,0.0,67.6
Early Luteal,6.6,2,3,3,1,1.4,167.2,242.1,40.2
Early Luteal,6.6,3,2,1,2,1.4,209.1,309.1,47.4
Late Luteal,5.9,3,1,1,4,2.1,469.7,514.3,18.7
Late Luteal,4.3,1,1,2,3,3.7,301.5,300.4,2.7
Late Luteal,7.8,5,3,2,3,0.2,432.0,338.7,56.3
Follicular,5.8,3,3,3,2,2.2,153.7,105.7,46.1
Menstrual,5.5,3,3,2,2,2.5,323.0,423.0,31.9
Ovulation,7.9,4,4,3,1,0.1,139.1,85.1,75.1
Menstrual,6.6,3,2,2,3,1.4,278.4,167.8,32.3
Early Luteal,7.1,5,4,3,1,0.9,136.5,211.0,68.9
Follicular,9.5,5,4,4,1,0.0,3.0,0.0,87.8
Early Luteal,8.4,3,3,3,4,0.0,643.8,601.1,35.7
Follicular,7.3,5,4,5,3,0.7,292.8,267.5,58.7
Early Luteal,6.8,3,3,3,3,1.2,373.1,357.6,39.4
Menstrual,6.7,3,2,3,3,1.3,324.0,253.0,35.7
Late Luteal,8.2,4,2,2,2,0.0,197.5,248.0,58.9
Follicular,8.1,4,4,3,2,0.0,235.6,335.6,65.5
Early Luteal,7.4,3,3,4,3,0.6,433.4,359.0,42.6
Follicular,7.0,3,5,4,3,1.0,379.4,479.4,45.9
Menstrual,6.6,3,4,3,1,1.4,29.2,88.9,49.2
Ovulation,7.0,4,4,4,1,1.0,22.2,0.0,69.2
Early Luteal,5.8,3,3,3,3,2.2,461.3,431.4,35.1
Follicular,7.4,4,3,4,5,0.6,800.0,779.1,36.5
Follicular,7.1,5,3,3,4,0.9,451.9,391.4,50.5
Ovulation,7.9,4,4,5,3,0.1,525.8,524.4,53.3
Early Luteal,5.7,4,3,3,4,2.3,679.8,633.7,23.3
Early Luteal,5.6,3,4,3,2,2.4,242.7,169.2,41.6
Follicular,5.6,4,3,4,1,2.4,118.1,218.1,53.1
Ovulation,8.4,5,5,4,2,0.0,127.3,114.4,79.7
Early Luteal,8.2,4,4,3,1,0.0,23.4,123.4,76.9
Late Luteal,7.2,5,3,3,2,0.8,214.5,259.6,56.8
Early Luteal,6.2,3,3,3,2,1.8,260.5,203.3,42.7
Late Luteal,7.0,2,2,2,2,1.0,164.6,112.7,39.5
Late Luteal,6.4,3,3,1,3,1.6,258.5,117.2,30.2
Follicular,6.5,3,5,5,2,1.5,236.2,306.1,45.5
Early Luteal,7.9,5,3,5,3,0.1,386.2,456.6,55.7
Follicular,6.5,4,4,4,2,1.5,93.4,53.6,57.3
Follicular,7.6,4,4,4,2,0.4,147.6,49.3,70.5
Follicular,8.4,4,4,4,1,0.0,110.7,124.6,76.7
Menstrual,6.5,3,2,1,1,1.5,179.9,254.3,43.4
Follicular,6.2,2,3,3,3,1.8,314.0,357.8,28.6
Early Luteal,6.7,4,3,3,2,1.3,195.7,168.4,53.6
Follicular,8.6,4,4,3,2,0.0,194.5,254.6,68.0
Late Luteal,6.4,3,3,3,3,1.6,386.5,347.4,27.4
Early Luteal,7.3,3,2,3,2,0.7,182.3,184.7,44.2
Late Luteal,6.2,3,3,3,4,1.8,535.5,578.4,24.6
Late Luteal,4.9,2,3,2,2,3.1,201.2,140.5,24.7
Menstrual,7.4,5,3,3,1,0.6,144.8,122.7,63.5
Follicular,6.6,3,2,2,4,1.4,609.1,562.9,25.1
Early Luteal,6.6,4,4,5,2,1.4,229.1,166.9,57.2
Ovulation,6.1,2,4,4,1,1.9,52.6,47.5,46.1
Late Luteal,6.5,4,3,2,2,1.5,321.5,223.0,47.1
Menstrual,6.5,4,3,3,3,1.5,459.3,542.1,34.2
Follicular,5.3,3,4,4,1,2.7,13.1,15.2,47.2
Early Luteal,6.6,2,2,2,3,1.4,321.3,258.3,30.1
Menstrual,6.9,2,2,3,3,1.1,320.3,234.4,21.6
Follicular,6.9,3,3,3,2,1.1,141.5,40.1,45.8
Early Luteal,7.6,4,4,5,1,0.4,27.6,82.7,68.7
Early Luteal,7.4,4,3,3,5,0.6,800.0,894.8,35.2
Follicular,8.3,5,4,5,1,0.0,38.2,0.0,79.2
Late Luteal,6.0,3,2,3,2,2.0,208.8,127.6,37.9
Early Luteal,6.6,4,3,4,3,1.4,399.7,380.2,43.3
Follicular,7.1,4,4,3,3,0.9,350.5,450.5,53.1
Late Luteal,6.2,3,3,3,3,1.8,318.3,413.1,35.6
Ovulation,8.0,4,4,4,3,0.0,504.9,500.4,57.6
Early Luteal,7.9,5,4,4,2,0.1,188.0,221.7,73.2
Early Luteal,6.7,3,3,3,2,1.3,307.6,341.2,43.4
Late Luteal,7.4,4,3,3,2,0.6,60.7,19.3,55.4
Early Luteal,8.2,3,2,2,5,0.0,800.0,719.0,27.7
Follicular,7.2,5,4,5,3,0.8,473.3,573.3,53.8
Late Luteal,5.1,1,2,1,2,2.9,244.4,2.8,13.8
Ovulation,6.6,3,3,4,2,1.4,143.6,205.6,48.9
Late Luteal,6.1,3,2,2,2,1.9,187.0,116.0,41.7
Early Luteal,7.6,4,2,3,5,0.4,800.0,785.5,28.1
Menstrual,5.9,2,3,2,1,2.1,138.5,149.4,36.7
Follicular,7.4,4,3,3,2,0.6,203.0,265.9,58.9
Follicular,6.3,4,3,4,3,1.7,492.2,491.3,36.6
Ovulation,7.5,4,5,5,2,0.5,124.6,93.7,68.9
Late Luteal,5.8,3,3,2,1,2.2,9.2,109.2,43.4
Follicular,7.3,5,3,3,2,0.7,73.7,50.2,64.7
Late Luteal,6.4,3,1,1,3,1.6,399.8,371.9,24.8
Follicular,7.8,4,4,4,2,0.2,109.5,179.7,69.3
Follicular,7.5,5,4,4,2,0.5,264.0,276.0,70.7
Follicular,8.0,5,4,4,2,0.0,276.0,181.3,69.9
Menstrual,5.6,3,2,3,1,2.4,50.9,41.6,40.9
Late Luteal,6.7,4,2,2,5,1.3,800.0,817.9,19.9
Late Luteal,8.1,4,3,2,4,0.0,528.5,439.9,43.1
Early Luteal,7.6,4,3,3,2,0.4,173.4,148.0,60.6
Follicular,6.7,4,3,4,2,1.3,305.4,378.5,53.4
Early Luteal,7.6,3,4,3,3,0.4,313.4,336.7,46.6
Late Luteal,7.9,5,3,3,2,0.1,117.0,146.5,68.2
Ovulation,5.7,3,3,4,3,2.3,319.8,419.8,30.8
Follicular,7.1,4,3,3,3,0.9,504.3,472.9,45.9
Late Luteal,7.5,4,2,3,2,0.5,268.0,139.9,53.4
Menstrual,5.7,2,2,3,1,2.3,72.9,172.9,35.2
Follicular,7.4,4,4,4,1,0.6,146.9,178.6,69.1
Early Luteal,8.8,5,4,3,2,0.0,174.5,264.8,75.5
Late Luteal,7.2,3,2,3,3,0.8,459.9,383.4,39.8
Menstrual,7.7,4,2,3,4,0.3,600.3,591.8,38.3
Menstrual,5.2,2,3,1,2,2.8,78.7,72.9,21.1
Follicular,8.0,5,4,4,4,0.0,553.7,588.0,57.5
Late Luteal,5.8,2,2,3,4,2.2,501.1,496.4,6.6
Early Luteal,7.3,4,3,3,2,0.7,240.0,273.3,59.2
Ovulation,8.2,4,4,4,2,0.0,131.0,154.8,65.8
Menstrual,8.0,4,2,2,3,0.0,278.0,172.8,52.2
Follicular,7.6,3,3,4,2,0.4,127.3,24.9,54.5
Early Luteal,5.6,2,3,3,1,2.4,84.9,0.0,41.2
Follicular,6.5,3,3,3,1,1.5,37.8,22.8,58.9
Ovulation,7.3,3,4,4,2,0.7,331.4,338.8,46.8
Late Luteal,7.3,3,3,3,1,0.7,97.3,35.8,50.9
Late Luteal,6.5,3,3,2,2,1.5,156.0,112.6,43.5
Early Luteal,7.9,4,5,4,1,0.1,21.2,6.6,70.9
Menstrual,8.5,5,4,4,2,0.0,234.4,308.9,66.9
Late Luteal,6.3,2,2,1,3,1.7,241.9,295.1,17.8
Menstrual,6.1,2,2,1,2,1.9,311.6,296.0,28.6
Follicular,6.3,3,4,4,1,1.7,56.0,156.0,51.9
Early Luteal,6.6,3,3,2,1,1.4,43.1,129.0,52.7
Follicular,7.5,4,5,4,3,0.5,458.9,386.2,52.8
Ovulation,6.9,2,2,2,3,1.1,564.1,533.6,27.4
Late Luteal,8.7,4,3,3,2,0.0,88.0,111.4,68.1
Follicular,8.4,5,5,5,2,0.0,209.7,185.6,74.8
Late Luteal,4.9,1,2,2,3,3.1,197.9,201.2,8.6
Menstrual,7.0,2,2,2,1,1.0,21.1,46.9,46.9
Early Luteal,6.8,3,3,3,1,1.2,5.5,0.0,60.3
Follicular,5.5,3,3,2,1,2.5,86.8,39.0,47.5
Late Luteal,7.5,4,3,3,2,0.5,239.1,308.5,52.5
Follicular,5.7,4,3,4,2,2.3,228.8,279.6,43.7
Follicular,6.5,3,3,4,2,1.5,127.6,227.6,45.6
Late Luteal,5.2,3,3,3,3,2.8,420.0,392.7,21.1
Early Luteal,7.6,4,4,4,2,0.4,79.1,24.3,64.0
Late Luteal,5.3,2,2,2,2,2.7,125.5,181.3,23.9
Late Luteal,6.1,2,3,2,1,1.9,45.8,0.0,38.9
Menstrual,7.1,4,2,3,3,0.9,415.8,328.4,42.5
Follicular,5.8,2,3,3,1,2.2,78.6,178.6,44.6
Menstrual,5.9,3,3,3,1,2.1,90.6,65.9,41.5
Follicular,7.0,3,5,4,1,1.0,53.0,59.9,63.9
Follicular,6.8,2,3,3,1,1.2,140.9,102.8,46.8
Early Luteal,7.3,4,4,4,1,0.7,86.2,86.0,61.0
Follicular,8.3,3,3,3,3,0.0,403.4,389.4,53.7
Follicular,5.1,4,3,3,3,2.9,304.1,247.9,36.7
Ovulation,8.1,4,5,4,2,0.0,227.1,232.6,72.4
Menstrual,6.8,3,2,2,2,1.2,99.6,111.6,42.9
Follicular,6.2,3,3,3,2,1.8,108.4,73.7,48.3
Menstrual,7.7,3,2,2,5,0.3,778.0,856.4,17.2
Late Luteal,7.8,4,3,3,3,0.2,392.3,229.6,48.5
Early Luteal,5.6,3,3,2,2,2.4,125.4,0.0,36.6
Follicular,7.9,5,5,4,1,0.1,72.1,106.3,79.0
Follicular,8.0,4,4,4,2,0.0,280.1,323.3,65.8
Late Luteal,5.9,3,2,2,2,2.1,42.7,66.7,36.3
Menstrual,5.5,3,2,2,1,2.5,78.6,46.0,40.6
Early Luteal,6.8,2,3,3,2,1.2,163.5,51.2,41.8
Late Luteal,7.0,3,2,2,2,1.0,33.5,82.3,51.4
Menstrual,5.9,3,3,2,1,2.1,60.2,0.0,37.8
Early Luteal,5.3,3,2,2,2,2.7,124.3,31.7,33.1
Follicular,6.6,3,3,2,3,1.4,540.8,485.8,34.0
Ovulation,5.7,3,4,4,1,2.3,30.3,38.6,50.3
Menstrual,6.1,1,2,2,2,1.9,281.5,368.0,27.4
Follicular,6.8,3,4,4,2,1.2,184.8,284.8,50.1
Early Luteal,8.1,3,3,2,2,0.0,110.9,94.3,60.5
Follicular,6.8,2,3,2,1,1.2,111.4,194.7,48.7
Menstrual,5.8,3,2,2,1,2.2,49.5,114.7,41.7
Late Luteal,5.6,2,2,1,2,2.4,264.6,364.6,25.1
Late Luteal,5.9,1,1,1,3,2.1,457.6,388.4,20.3
Ovulation,6.2,3,4,4,1,1.8,8.4,0.0,59.2
Menstrual,8.3,4,3,3,2,0.0,277.1,351.7,59.4
Follicular,8.9,5,5,3,2,0.0,162.9,117.9,80.0
Late Luteal,7.3,3,2,2,3,0.7,338.9,427.0,41.1
Menstrual,6.3,2,2,2,1,1.7,70.2,18.4,40.0
Late Luteal,7.6,4,4,4,1,0.4,106.0,147.1,71.6
Follicular,7.7,4,3,4,2,0.3,64.7,0.0,67.8
Early Luteal,7.9,3,3,5,2,0.1,235.4,268.6,56.4
Late Luteal,7.6,5,3,3,3,0.4,490.2,355.3,52.2
Follicular,7.1,4,4,4,2,0.9,133.4,110.2,56.6
Follicular,7.5,4,2,3,4,0.5,439.3,413.0,47.6
Follicular,9.5,5,3,2,4,0.0,624.9,590.4,61.9
Ovulation,8.6,4,3,3,2,0.0,201.9,102.1,74.5
Early Luteal,9.4,5,5,4,3,0.0,521.8,621.8,63.3
Follicular,7.5,4,3,4,3,0.5,357.9,286.4,52.9
Late Luteal,4.9,2,1,2,4,3.1,575.0,651.2,3.6
Follicular,6.7,3,3,3,3,1.3,418.9,335.0,37.0
Ovulation,6.4,3,4,4,1,1.6,28.5,0.0,57.6
Follicular,8.2,4,4,4,2,0.0,225.4,207.8,65.2
Early Luteal,6.9,3,3,3,1,1.1,127.4,146.4,57.9
Follicular,6.1,4,3,3,1,1.9,54.1,92.0,52.4
Menstrual,8.7,3,3,2,2,0.0,298.1,295.2,54.1
Late Luteal,7.1,3,2,3,3,0.9,322.4,349.3,36.8
Early Luteal,5.6,3,3,3,3,2.4,486.8,586.8,26.2
Early Luteal,7.0,2,3,3,2,1.0,42.9,24.5,48.2
Late Luteal,7.6,4,3,3,2,0.4,193.3,281.0,52.7
Menstrual,4.2,3,2,3,3,3.8,324.2,247.4,12.4
Early Luteal,8.0,4,3,2,3,0.0,374.2,185.1,55.8
Early Luteal,6.9,3,3,2,2,1.1,148.3,186.9,46.1
Follicular,6.7,3,3,2,2,1.3,111.3,36.7,45.7
Late Luteal,7.6,3,3,3,3,0.4,319.8,367.8,41.6
Menstrual,7.8,3,2,2,2,0.2,114.2,106.6,54.1
Ovulation,7.8,3,4,4,1,0.2,86.3,54.4,67.6
Menstrual,6.9,3,3,3,2,1.1,379.8,465.6,40.8
Late Luteal,7.6,3,3,2,1,0.4,72.2,50.4,59.1
Follicular,6.5,3,4,3,2,1.5,261.4,351.5,48.1
Menstrual,8.2,5,4,3,1,0.0,60.8,68.5,78.8
Late Luteal,5.9,2,2,2,2,2.1,319.2,328.2,28.0
Menstrual,5.9,2,3,2,1,2.1,47.9,143.0,37.3
Follicular,8.6,5,4,4,2,0.0,246.9,215.7,74.2
Late Luteal,7.1,3,2,2,3,0.9,522.7,523.2,29.0
Late Luteal,7.4,3,3,3,1,0.6,59.7,125.9,53.5
Menstrual,5.4,3,3,2,1,2.6,105.6,173.5,39.2
Early Luteal,6.4,3,2,2,4,1.6,634.4,610.3,28.8
Early Luteal,7.2,4,3,3,2,0.8,165.1,233.5,55.6
Early Luteal,5.9,3,3,1,1,2.1,167.0,242.4,48.7
Ovulation,7.9,4,4,5,2,0.1,269.3,329.4,66.5
Ovulation,6.7,3,2,4,2,1.3,225.2,235.5,51.7
Follicular,8.7,5,3,3,2,0.0,102.2,202.2,73.8
Follicular,7.0,4,4,4,1,1.0,22.3,0.0,65.0
Menstrual,8.6,4,3,4,2,0.0,70.3,73.1,62.0
Follicular,6.5,2,2,3,5,1.5,762.1,665.1,14.7
Menstrual,6.0,3,3,3,3,2.0,334.6,209.9,32.0
Ovulation,8.0,4,4,4,2,0.0,163.3,39.3,68.7
Early Luteal,6.6,3,1,2,4,1.4,689.3,610.9,28.0
Late Luteal,5.0,1,2,1,2,3.0,305.9,301.0,13.6
Early Luteal,6.7,3,3,3,2,1.3,114.1,168.5,48.6
Follicular,6.4,3,3,4,2,1.6,301.3,346.2,40.1
Follicular,7.4,4,4,4,1,0.6,13.6,0.0,69.3
Menstrual,6.7,2,2,3,3,1.3,349.5,288.6,29.8
Early Luteal,6.2,3,3,4,2,1.8,149.1,160.3,45.1
Early Luteal,8.6,4,3,3,2,0.0,59.5,0.0,68.0
Early Luteal,7.5,5,4,4,3,0.5,363.4,413.9,56.5
Follicular,7.6,3,4,4,2,0.4,183.6,81.4,63.0
Follicular,8.7,5,5,5,1,0.0,127.9,0.0,82.8
Menstrual,7.1,3,2,3,4,0.9,498.2,496.8,23.7
Follicular,8.0,5,4,5,2,0.0,149.6,91.2,74.1
Early Luteal,6.1,3,2,3,3,1.9,267.3,338.8,34.7
Late Luteal,6.3,2,3,2,2,1.7,13.0,0.0,35.1
Early Luteal,5.5,3,3,2,2,2.5,193.7,232.4,34.0
Follicular,8.3,5,5,4,2,0.0,98.8,130.1,76.7
Late Luteal,6.7,2,2,2,3,1.3,487.8,472.2,22.5
Follicular,5.7,2,2,3,2,2.3,159.7,236.6,33.6
Early Luteal,7.1,4,4,4,1,0.9,78.5,155.0,65.9
Follicular,5.8,3,4,3,1,2.2,138.8,10.4,46.5
Ovulation,6.0,2,4,4,2,2.0,226.2,170.9,36.9
Ovulation,9.0,5,5,5,2,0.0,185.5,183.6,84.1
Late Luteal,5.1,3,3,3,2,2.9,147.5,78.4,31.8
Follicular,6.3,4,4,4,2,1.7,140.7,25.9,54.4
Early Luteal,7.3,5,4,4,2,0.7,198.7,153.5,62.2
Early Luteal,8.2,4,4,3,1,0.0,54.0,0.0,72.6
Menstrual,5.6,3,3,3,3,2.4,306.9,219.4,28.9
Menstrual,7.1,4,4,3,1,0.9,142.8,166.0,56.0
Early Luteal,6.1,3,4,3,3,1.9,236.0,224.6,37.8
Late Luteal,6.4,1,1,2,4,1.6,581.2,628.5,3.2
Follicular,8.7,5,5,3,1,0.0,19.6,119.6,83.1
Ovulation,7.4,2,3,4,2,0.6,206.8,194.5,54.1
Menstrual,7.4,5,3,3,2,0.6,119.6,110.1,62.9
Menstrual,5.8,3,2,2,1,2.2,137.9,100.0,41.9
Follicular,7.0,3,3,3,3,1.0,341.0,376.9,46.4
Late Luteal,6.0,3,2,2,2,2.0,298.3,398.3,31.3
Late Luteal,7.3,4,3,3,2,0.7,65.7,158.5,54.6
Menstrual,8.5,5,4,4,3,0.0,468.2,553.6,62.1
Follicular,6.6,3,4,4,1,1.4,153.3,207.8,52.2
Follicular,8.1,5,5,5,1,0.0,26.0,0.0,81.8
Late Luteal,6.3,2,2,2,1,1.7,4.8,21.2,46.6
Follicular,6.8,4,3,3,3,1.2,350.4,325.6,49.3
Follicular,7.0,4,3,2,5,1.0,744.0,844.0,31.6
Early Luteal,6.8,4,4,5,2,1.2,202.7,271.2,52.3
Late Luteal,7.2,4,2,2,4,0.8,479.0,438.2,31.6
Late Luteal,6.8,2,3,3,1,1.2,84.0,184.0,47.0
Ovulation,8.5,4,4,4,3,0.0,353.0,386.5,60.6
Follicular,7.2,4,4,5,3,0.8,457.7,392.7,46.6
Late Luteal,7.9,5,3,3,2,0.1,130.2,0.0,66.8
Menstrual,4.8,2,2,2,2,3.2,211.0,154.0,22.1
Follicular,6.8,3,3,2,2,1.2,305.3,312.2,46.5
Late Luteal,4.9,1,1,1,2,3.1,96.0,103.1,15.7
Early Luteal,5.7,3,3,4,2,2.3,155.7,0.0,37.9
Follicular,8.1,5,4,3,2,0.0,82.4,78.5,72.8
Follicular,8.0,4,4,4,1,0.0,77.5,26.7,73.4
Early Luteal,5.6,2,3,3,2,2.4,111.7,0.0,31.5
Late Luteal,7.0,3,3,2,4,1.0,524.5,499.8,28.1
Early Luteal,7.4,4,3,4,4,0.6,533.2,436.6,38.0
Follicular,6.8,3,3,3,3,1.2,280.8,218.1,34.9
Follicular,6.6,3,3,3,3,1.4,377.6,408.0,41.3
Menstrual,7.6,3,3,3,1,0.4,137.4,85.7,50.1
Menstrual,5.2,3,3,3,1,2.8,64.6,0.0,40.1
Follicular,7.0,3,3,4,2,1.0,237.2,159.3,55.3
Menstrual,7.3,4,2,1,5,0.7,756.4,769.0,20.0
Late Luteal,7.1,3,2,3,2,0.9,257.9,305.3,47.8
Late Luteal,6.3,2,2,3,2,1.7,158.9,232.2,36.1
Early Luteal,7.5,5,4,4,3,0.5,554.0,583.9,51.6
Follicular,7.5,4,4,4,1,0.5,74.5,78.2,69.4
Follicular,6.5,3,4,4,2,1.5,303.0,280.9,45.1
Early Luteal,6.9,3,3,2,1,1.1,117.7,61.1,58.6
Follicular,6.9,4,4,3,2,1.1,69.9,115.3,59.7
Follicular,8.6,5,4,3,3,0.0,413.0,346.5,59.4
Follicular,8.5,4,4,3,3,0.0,424.8,452.8,53.9
Ovulation,8.2,4,4,4,5,0.0,694.9,713.9,44.7
Ovulation,6.8,3,3,3,2,1.2,135.7,94.6,53.1
Menstrual,6.3,3,2,3,3,1.7,504.0,448.7,30.1
Follicular,7.0,5,5,3,2,1.0,115.8,215.8,64.5
Follicular,7.2,4,4,4,1,0.8,54.8,40.9,69.9
Late Luteal,6.8,3,3,3,2,1.2,127.4,181.3,41.8
Early Luteal,7.6,4,4,4,1,0.4,52.2,0.0,67.9
Late Luteal,8.4,4,4,4,2,0.0,236.6,156.1,63.6
Follicular,7.9,4,4,4,2,0.1,187.5,245.5,70.9
Follicular,8.3,5,4,4,3,0.0,373.6,412.5,66.2
Early Luteal,5.0,3,3,4,3,3.0,508.9,573.9,21.0
Menstrual,8.0,4,2,3,5,0.0,800.0,786.4,35.5
Follicular,5.7,2,3,3,2,2.3,45.3,0.0,38.3
Early Luteal,9.3,4,3,4,2,0.0,197.1,112.2,73.7
Ovulation,6.6,4,4,3,1,1.4,55.7,155.7,65.4
Menstrual,6.6,4,2,2,2,1.4,207.4,182.8,46.2
Early Luteal,5.6,4,3,3,2,2.4,117.2,82.1,48.0
Follicular,7.7,5,4,4,2,0.3,272.7,150.1,65.4
Late Luteal,7.0,3,2,1,2,1.0,108.6,0.0,47.2
Follicular,6.6,4,4,4,3,1.4,418.7,465.7,41.8
Ovulation,6.2,2,3,3,3,1.8,380.2,324.7,30.9
Early Luteal,7.1,4,3,2,3,0.9,503.2,517.5,42.5
Ovulation,6.7,3,4,4,3,1.3,352.9,390.3,42.4
Follicular,8.0,4,3,3,3,0.0,319.9,311.4,53.9
Ovulation,7.2,4,4,4,1,0.8,103.5,203.5,60.6
Menstrual,7.0,3,3,3,1,1.0,23.1,35.1,53.2
Menstrual,6.6,3,3,3,1,1.4,58.9,1.1,52.4
Follicular,7.3,4,4,4,3,0.7,388.0,470.2,51.9
Menstrual,6.2,4,3,4,2,1.8,103.3,29.1,48.3
Ovulation,7.3,4,5,4,1,0.7,42.1,142.1,72.5
Early Luteal,7.7,3,3,2,1,0.3,18.4,0.0,64.7
Early Luteal,6.4,4,3,3,1,1.6,2.1,0.0,62.6
Menstrual,6.3,3,3,3,1,1.7,112.7,0.0,43.7
Early Luteal,6.0,4,3,4,1,2.0,114.7,147.8,56.3
Menstrual,7.2,4,3,2,3,0.8,314.5,329.0,47.8
Ovulation,5.8,3,3,4,4,2.2,615.7,667.5,27.7
Late Luteal,5.9,4,2,2,2,2.1,197.0,247.7,42.5
Ovulation,7.9,4,4,4,2,0.1,95.5,77.9,72.5
Late Luteal,5.9,3,2,2,4,2.1,602.2,640.5,16.8
Follicular,7.3,4,4,4,2,0.7,258.7,233.2,55.7
Early Luteal,8.1,3,4,4,1,0.0,46.3,119.3,69.5
Late Luteal,4.3,1,1,1,3,3.7,358.8,382.5,0.0
Early Luteal,4.7,1,2,2,3,3.3,274.7,322.7,9.2
Early Luteal,8.4,4,3,3,2,0.0,121.5,93.7,66.4
Follicular,8.6,5,5,4,2,0.0,298.7,205.2,71.3
Follicular,5.2,3,3,5,4,2.8,647.1,747.1,19.6
Follicular,8.4,4,4,3,2,0.0,108.8,0.0,68.5
Follicular,7.3,4,3,3,2,0.7,107.8,44.6,65.4
Early Luteal,7.9,4,4,3,3,0.1,420.1,229.4,58.5
Follicular,8.2,5,4,4,3,0.0,442.9,472.6,61.3
Menstrual,8.2,4,3,3,2,0.0,260.1,205.7,59.7
Follicular,6.8,2,3,4,2,1.2,206.5,207.9,42.4
Menstrual,6.3,3,3,3,2,1.7,136.4,128.0,40.1
Late Luteal,6.1,3,1,1,4,1.9,567.3,582.8,17.0
Menstrual,7.7,3,3,2,3,0.3,265.2,263.9,43.7
Early Luteal,6.9,3,2,2,4,1.1,800.0,811.8,29.3
Menstrual,5.4,2,2,2,2,2.6,227.4,67.6,19.8
Follicular,7.8,4,4,4,3,0.2,572.3,635.7,52.6
Early Luteal,6.1,3,3,4,3,1.9,259.1,276.9,37.6
Ovulation,7.4,4,4,5,3,0.6,457.7,503.8,57.0
Early Luteal,7.4,5,4,4,2,0.6,190.7,290.7,66.1
Follicular,7.5,5,4,4,1,0.5,98.4,182.4,71.6
Follicular,5.9,4,3,3,1,2.1,187.9,287.9,50.9
Ovulation,7.7,3,3,3,4,0.3,484.2,370.7,47.0
Menstrual,6.2,2,2,2,4,1.8,607.7,486.0,14.2
Menstrual,5.2,4,3,3,2,2.8,234.7,97.3,34.1
Early Luteal,7.5,3,4,2,2,0.5,201.7,130.4,50.3
Follicular,7.8,3,4,5,2,0.2,196.0,79.2,61.5
Ovulation,7.1,4,4,4,3,0.9,261.8,286.1,59.2
Follicular,6.1,3,3,5,2,1.9,180.3,80.9,41.6
Menstrual,7.7,3,2,2,1,0.3,33.1,54.2,59.2
Menstrual,5.9,3,3,4,3,2.1,431.8,454.3,25.6
Menstrual,7.5,4,3,3,3,0.5,497.5,497.2,45.0
Early Luteal,9.1,4,3,3,3,0.0,485.0,325.8,59.3
Ovulation,7.2,4,5,4,1,0.8,104.0,175.9,70.0
Follicular,7.0,3,2,3,2,1.0,124.1,217.7,51.9
Early Luteal,6.7,3,3,2,1,1.3,73.0,24.9,56.5
Late Luteal,7.2,4,3,1,2,0.8,183.9,221.1,48.6
Follicular,7.1,5,5,4,1,0.9,6.7,0.0,80.7
Menstrual,6.9,3,3,3,2,1.1,81.6,132.6,46.5
Early Luteal,6.6,3,3,3,1,1.4,75.3,74.4,52.3
Menstrual,6.1,3,2,2,3,1.9,388.1,488.1,21.8
Late Luteal,6.0,2,3,3,2,2.0,215.5,214.4,33.8
Follicular,8.0,5,4,3,1,0.0,70.9,69.3,73.6
Follicular,6.5,4,4,4,2,1.5,138.4,238.4,59.7
Early Luteal,5.6,3,4,4,2,2.4,68.2,71.8,39.5
Menstrual,8.0,5,2,4,3,0.0,395.3,302.9,50.5
Late Luteal,7.6,4,3,3,2,0.4,249.1,287.5,56.8
Late Luteal,6.5,2,2,1,3,1.5,379.7,434.8,23.3
Ovulation,5.4,2,2,3,2,2.6,296.8,130.4,30.7
Ovulation,8.5,5,4,4,2,0.0,158.0,179.3,72.5
Late Luteal,7.0,2,2,3,2,1.0,210.7,310.7,39.9
Follicular,6.7,4,4,3,1,1.3,25.0,57.2,67.6
Menstrual,6.5,3,3,3,2,1.5,202.8,241.9,41.2
Menstrual,6.1,3,2,2,1,1.9,12.4,0.0,44.5
Early Luteal,7.9,5,4,4,2,0.1,241.3,209.1,70.4
Follicular,7.0,3,5,4,1,1.0,34.6,0.0,58.6
Late Luteal,7.2,4,2,2,4,0.8,718.5,802.1,33.1
Late Luteal,6.6,2,2,2,2,1.4,106.2,198.7,34.7
Early Luteal,7.6,3,2,3,1,0.4,52.5,0.0,59.8
Late Luteal,6.2,3,3,3,2,1.8,220.6,255.4,38.2
Late Luteal,7.5,3,3,3,2,0.5,105.5,11.7,46.0
Follicular,8.0,4,4,5,3,0.0,309.0,185.2,54.3
Menstrual,4.8,1,2,1,1,3.2,177.5,167.8,27.6
Early Luteal,5.4,4,2,3,3,2.6,318.1,372.9,33.1
Early Luteal,7.5,4,3,3,4,0.5,461.4,401.4,43.9
Late Luteal,5.1,3,2,2,4,2.9,607.4,611.7,9.6
Early Luteal,8.0,5,4,4,3,0.0,403.6,495.4,62.7
Ovulation,8.0,4,3,3,3,0.0,385.0,316.8,56.9
Menstrual,5.6,3,3,2,3,2.4,498.3,568.9,21.2
Menstrual,7.4,5,3,1,1,0.6,133.8,32.8,67.8
Follicular,5.3,4,3,4,1,2.7,82.4,140.5,51.3
Late Luteal,6.5,2,2,2,3,1.5,491.6,539.1,21.4
Follicular,8.0,5,4,4,3,0.0,294.0,394.0,67.6
Menstrual,4.5,2,2,2,2,3.5,196.1,271.0,14.3
Follicular,6.1,3,3,3,2,1.9,92.9,71.9,48.2
Follicular,7.7,4,3,2,2,0.3,192.2,250.6,56.3
Follicular,6.9,4,4,5,2,1.1,28.0,0.0,61.5
Follicular,7.6,5,3,3,3,0.4,341.6,346.2,56.1
Early Luteal,6.2,4,3,3,2,1.8,154.0,155.9,54.7
Late Luteal,7.7,3,2,2,3,0.3,369.0,469.0,42.8
Ovulation,7.4,4,4,4,2,0.6,236.0,199.5,61.0
Early Luteal,6.1,3,2,2,3,1.9,415.2,504.4,32.2
Follicular,7.2,5,4,4,4,0.8,545.0,482.3,44.1
Menstrual,6.9,3,2,2,4,1.1,418.7,380.4,28.8
Ovulation,8.8,4,5,5,2,0.0,238.8,147.1,79.5
Late Luteal,7.9,4,4,3,2,0.1,40.1,27.8,65.7
Follicular,6.1,3,3,3,2,1.9,114.6,106.7,41.9
Follicular,7.1,4,4,2,3,0.9,348.8,166.1,50.3
Menstrual,6.7,4,2,2,3,1.3,319.8,274.1,44.0
Ovulation,6.8,2,3,3,5,1.2,800.0,900.0,18.2
Early Luteal,6.2,5,3,3,5,1.8,800.0,887.0,26.5
Ovulation,6.2,3,3,3,2,1.8,162.0,114.8,46.2
Menstrual,7.6,5,3,4,1,0.4,29.4,3.1,71.6
Menstrual,5.9,3,2,3,2,2.1,264.7,335.9,32.4
Follicular,6.1,2,3,3,1,1.9,68.9,48.4,42.5
Menstrual,6.9,3,2,2,3,1.1,283.6,125.2,40.5
Ovulation,9.5,5,5,5,2,0.0,132.9,63.6,86.3
Follicular,8.2,4,3,2,4,0.0,550.9,492.8,49.7
Late Luteal,6.5,3,3,3,2,1.5,162.9,231.3,43.8
Follicular,7.0,2,3,4,2,1.0,254.9,129.3,40.4
Menstrual,7.3,3,4,3,2,0.7,301.5,254.5,49.0
Late Luteal,5.2,2,1,2,1,2.8,98.6,135.7,39.0
Menstrual,5.5,2,2,1,2,2.5,147.8,174.6,22.8
Late Luteal,6.4,2,1,1,3,1.6,324.8,348.5,23.9
Late Luteal,4.6,1,1,1,3,3.4,357.5,360.5,2.4
Follicular,7.3,5,4,4,2,0.7,123.0,51.9,60.6
Menstrual,8.4,3,3,2,2,0.0,135.5,235.5,48.2
Follicular,6.6,3,2,3,4,1.4,685.6,751.8,16.9
Early Luteal,5.7,3,3,3,3,2.3,483.2,498.7,23.4
Late Luteal,7.1,4,3,2,2,0.9,200.0,101.0,55.5
Late Luteal,5.5,3,2,2,4,2.5,583.8,637.9,20.9
Menstrual,8.1,3,3,2,3,0.0,539.1,471.1,38.1
Late Luteal,6.8,3,4,2,1,1.2,109.3,72.9,52.3
Menstrual,4.8,1,2,1,2,3.2,250.4,283.5,14.7
Menstrual,6.2,3,2,2,3,1.8,365.7,465.7,32.5
Early Luteal,6.6,2,2,2,3,1.4,362.7,375.3,31.6
Early Luteal,7.8,4,4,4,2,0.2,303.5,229.2,63.1
Ovulation,6.1,3,3,3,4,1.9,516.8,498.6,29.8
Menstrual,7.4,5,3,3,2,0.6,171.1,271.1,62.0
Early Luteal,5.9,3,4,5,2,2.1,156.1,256.1,48.0
Early Luteal,5.9,3,3,3,4,2.1,527.7,627.7,23.4
Late Luteal,7.0,2,2,1,3,1.0,563.8,568.8,26.0
Menstrual,6.2,4,3,3,3,1.8,494.3,527.2,36.5
Early Luteal,9.5,5,4,3,3,0.0,370.3,428.0,69.9
Menstrual,8.0,4,4,2,2,0.0,112.7,113.8,62.6
Menstrual,7.0,3,2,2,2,1.0,93.9,137.0,44.9
Late Luteal,5.9,3,3,2,1,2.1,125.1,125.4,45.9
Ovulation,6.3,3,3,2,2,1.7,134.8,234.8,45.4
Follicular,7.0,3,3,3,4,1.0,370.3,402.9,34.1
Early Luteal,5.3,4,3,3,1,2.7,40.9,0.0,50.7
Follicular,8.3,5,3,3,3,0.0,415.4,485.8,68.5
Follicular,6.8,2,3,3,1,1.2,17.2,0.0,47.8
Early Luteal,6.3,3,2,2,2,1.7,178.9,0.0,41.5
Early Luteal,5.1,4,3,3,1,2.9,6.8,0.0,48.4
Menstrual,5.9,3,2,3,5,2.1,800.0,882.5,4.6
Menstrual,5.8,2,3,3,1,2.2,39.4,94.1,35.4
Ovulation,5.2,3,3,3,3,2.8,444.7,508.3,29.6
Follicular,9.2,5,5,5,3,0.0,344.7,408.9,72.1
Early Luteal,5.9,3,3,3,4,2.1,584.8,616.0,18.1
Menstrual,4.4,1,2,2,1,3.6,22.0,0.0,16.8
Follicular,6.1,3,3,2,3,1.9,473.5,339.2,30.3
Follicular,9.2,4,4,4,2,0.0,129.0,34.4,75.7
Menstrual,6.8,3,3,3,1,1.2,1.3,0.0,54.6
Late Luteal,7.3,4,2,2,5,0.7,800.0,883.9,22.9
Early Luteal,6.6,3,2,2,5,1.4,723.9,699.8,15.6
Follicular,6.9,3,4,4,2,1.1,167.7,67.5,51.0
Follicular,8.2,5,4,4,1,0.0,172.8,146.0,83.4
Follicular,7.3,4,4,4,2,0.7,252.6,305.1,53.3
Early Luteal,7.3,5,4,4,1,0.7,50.0,113.4,72.3
Early Luteal,7.8,4,3,3,2,0.2,199.3,250.2,63.1
Menstrual,7.4,3,2,2,2,0.6,115.3,197.0,50.1
Early Luteal,8.9,5,3,4,4,0.0,457.3,490.9,56.2
Menstrual,6.1,2,2,1,3,1.9,351.7,397.8,24.6
Ovulation,8.8,5,4,5,2,0.0,120.9,120.2,77.2
Menstrual,7.8,4,3,3,2,0.2,98.2,145.1,53.4
Ovulation,9.3,5,4,3,2,0.0,97.0,91.0,85.4
Early Luteal,4.7,3,3,3,2,3.3,335.3,366.7,34.0
Late Luteal,8.0,3,3,3,3,0.0,417.5,313.7,46.0
Follicular,7.6,5,4,3,1,0.4,36.8,73.0,76.2
Follicular,6.5,3,3,4,2,1.5,93.1,41.9,48.2
Late Luteal,7.8,4,3,3,1,0.2,74.3,0.0,61.1
Late Luteal,6.2,2,1,1,3,1.8,331.2,333.5,22.8
Menstrual,6.9,3,2,1,2,1.1,119.3,167.2,42.1
Menstrual,6.8,3,2,3,2,1.2,235.8,273.6,45.8
Menstrual,4.5,2,2,2,1,3.5,55.5,124.0,20.2
Follicular,6.7,3,4,4,2,1.3,139.8,83.8,54.7
Follicular,7.2,5,4,4,2,0.8,128.6,81.8,64.7
Menstrual,6.2,3,2,2,3,1.8,376.7,271.0,24.7
Late Luteal,5.1,3,2,2,3,2.9,271.1,337.7,22.2
Early Luteal,7.6,4,3,3,3,0.4,182.8,219.5,57.8
Early Luteal,7.1,3,3,2,1,0.9,185.5,143.9,53.0
Early Luteal,8.0,4,3,4,5,0.0,781.0,776.6,37.5
Late Luteal,5.7,3,2,2,1,2.3,72.8,172.8,38.3
Late Luteal,6.5,2,2,2,4,1.5,537.1,483.0,20.5
Follicular,7.9,4,3,5,2,0.1,141.1,110.5,66.9
Follicular,9.2,4,4,3,2,0.0,368.1,398.2,67.9
Late Luteal,7.7,4,3,4,1,0.3,41.4,72.8,62.0
Early Luteal,7.2,3,3,3,1,0.8,39.1,121.2,56.0
Late Luteal,6.1,3,3,2,1,1.9,115.7,197.2,47.1
Ovulation,6.7,2,3,2,3,1.3,410.5,510.5,29.2
Early Luteal,7.1,4,3,3,4,0.9,726.1,773.3,31.4
Follicular,7.2,3,3,4,2,0.8,311.1,284.8,47.4
Late Luteal,6.8,3,2,2,2,1.2,231.4,235.1,40.1
Menstrual,5.1,3,3,2,2,2.9,73.4,173.4,33.9
Menstrual,7.1,3,2,1,4,0.9,550.2,480.0,28.6
Follicular,8.3,4,3,3,1,0.0,31.3,0.0,71.5
Menstrual,8.3,3,3,2,2,0.0,180.3,92.4,53.4
Early Luteal,7.9,5,4,3,1,0.1,86.7,0.0,77.2
Ovulation,7.5,3,4,4,1,0.5,35.9,72.2,69.5
Late Luteal,7.3,3,3,2,3,0.7,518.7,529.9,38.0
Early Luteal,6.4,3,2,3,2,1.6,249.0,196.0,41.3
Follicular,6.6,3,4,5,2,1.4,145.1,162.8,52.0
Late Luteal,7.2,3,2,2,2,0.8,222.8,167.4,43.6
Menstrual,7.0,3,3,3,2,1.0,124.4,24.1,47.4
Menstrual,6.9,4,3,2,4,1.1,721.3,788.7,27.9
Follicular,6.9,4,4,3,1,1.1,46.4,0.0,68.9
Follicular,6.8,3,4,3,1,1.2,93.6,80.9,52.7
Menstrual,7.9,4,3,3,2,0.1,128.6,27.5,61.3
Late Luteal,6.6,3,3,3,1,1.4,84.4,22.3,49.7
Follicular,7.8,5,4,4,1,0.2,51.0,96.0,77.4
Follicular,7.1,4,3,3,2,0.9,142.5,182.7,54.5
Follicular,6.1,4,3,4,4,1.9,594.2,608.6,32.2
Early Luteal,8.3,3,3,3,5,0.0,800.0,812.6,32.2
Follicular,6.9,3,4,4,1,1.1,149.0,142.1,57.8
Follicular,5.4,3,3,4,1,2.6,80.6,0.0,45.0
Follicular,5.8,4,4,3,1,2.2,104.0,0.0,56.6
Follicular,8.6,4,4,3,2,0.0,142.5,208.1,68.5
Late Luteal,7.0,3,2,2,3,1.0,438.3,387.7,35.1
Ovulation,7.1,4,4,4,3,0.9,359.6,224.3,51.6
Early Luteal,8.6,5,3,4,2,0.0,145.7,150.9,72.3
Menstrual,5.3,2,3,3,2,2.7,148.6,148.7,27.5
Follicular,6.3,3,4,3,2,1.7,122.9,43.5,51.7
Early Luteal,8.3,4,3,3,4,0.0,646.5,568.3,48.7
Menstrual,8.0,3,3,3,2,0.0,289.1,311.4,53.8
Early Luteal,7.7,5,4,4,3,0.3,397.9,344.1,63.1
Early Luteal,7.6,4,3,4,2,0.4,204.9,194.5,56.5
Early Luteal,7.3,4,4,3,3,0.7,469.2,533.0,47.4
Late Luteal,5.2,3,2,2,1,2.8,46.1,35.6,38.6
Follicular,7.4,3,3,2,3,0.6,376.1,408.8,46.1
Menstrual,6.7,3,2,2,4,1.3,668.5,664.5,25.1
Early Luteal,7.7,4,3,4,2,0.3,132.9,232.9,64.1
Late Luteal,6.4,4,3,3,3,1.6,338.2,265.4,42.9
Follicular,7.4,3,4,4,1,0.6,111.8,0.0,65.0
Late Luteal,6.2,3,3,2,1,1.8,1.9,0.0,49.1
Follicular,8.8,5,4,5,3,0.0,439.8,420.9,70.1
Menstrual,5.5,3,2,1,2,2.5,113.1,0.0,37.8
Follicular,7.3,4,3,4,5,0.7,800.0,807.1,29.9
Late Luteal,6.7,2,2,2,2,1.3,165.0,137.2,33.2
Early Luteal,7.0,3,3,3,2,1.0,336.2,342.3,39.8
Menstrual,7.1,4,3,3,1,0.9,41.9,0.0,60.6
Follicular,5.7,4,3,3,4,2.3,625.6,725.6,30.6
Early Luteal,8.0,3,3,3,3,0.0,331.1,132.1,45.6
Follicular,6.8,4,4,4,2,1.2,64.7,155.9,59.7
Menstrual,6.0,2,3,3,1,2.0,137.6,83.1,36.8
Follicular,7.2,5,4,4,3,0.8,247.1,200.3,58.0
Menstrual,6.9,3,3,3,1,1.1,52.5,52.2,53.2
Early Luteal,8.5,4,4,5,1,0.0,42.0,0.0,74.9
Follicular,6.4,4,4,3,1,1.6,76.7,61.8,60.2
Late Luteal,6.7,4,3,3,1,1.3,16.8,116.6,58.6
Menstrual,7.3,5,3,3,1,0.7,17.0,0.0,69.7
Menstrual,6.8,2,1,1,4,1.2,573.1,657.2,14.0
Early Luteal,7.0,3,3,3,3,1.0,542.8,642.8,34.5
Follicular,9.4,5,5,4,3,0.0,357.1,373.5,70.9
Follicular,7.8,4,3,3,2,0.2,116.7,216.7,64.8
Follicular,5.8,3,2,3,2,2.2,217.1,271.4,37.9
Ovulation,6.3,2,3,4,2,1.7,185.9,188.9,37.6
Late Luteal,7.2,3,2,2,3,0.8,468.7,284.0,32.0
Follicular,7.3,5,4,3,2,0.7,133.7,106.5,64.5
Early Luteal,7.8,4,2,3,4,0.2,703.1,636.3,41.0
Early Luteal,6.8,3,4,3,1,1.2,82.6,30.4,50.9
Follicular,5.9,4,4,4,2,2.1,129.6,65.7,51.1
Follicular,5.8,3,3,3,2,2.2,262.9,301.8,35.0
Follicular,8.7,5,4,4,2,0.0,151.9,140.0,82.5
Menstrual,6.2,3,2,2,1,1.8,110.1,104.8,44.8
Late Luteal,5.7,3,2,2,1,2.3,11.6,0.0,39.2
Early Luteal,6.9,3,2,3,2,1.1,170.5,212.5,49.3
Ovulation,6.3,3,3,4,4,1.7,604.8,567.3,30.7
Follicular,5.9,4,4,4,2,2.1,34.1,134.1,50.3
Menstrual,5.2,3,3,3,1,2.8,30.2,61.7,39.4
Follicular,9.5,4,3,3,2,0.0,230.0,166.0,70.2
Ovulation,6.9,3,3,3,2,1.1,48.1,49.2,57.1
Early Luteal,5.9,3,3,2,2,2.1,176.0,127.5,46.6
Late Luteal,6.3,2,2,2,2,1.7,96.4,110.3,32.6
Follicular,7.7,4,3,3,3,0.3,347.5,396.6,53.9
Late Luteal,7.2,4,2,3,3,0.8,348.5,264.4,46.8
Follicular,6.3,3,4,3,1,1.7,73.2,112.8,55.3
Early Luteal,5.4,3,3,3,3,2.6,417.6,517.6,27.1
Late Luteal,6.0,2,2,2,4,2.0,607.0,539.5,12.7
Menstrual,6.0,3,2,2,2,2.0,116.2,96.3,34.6
Late Luteal,5.3,2,2,2,3,2.7,362.3,353.2,17.6
Follicular,6.7,4,5,5,1,1.3,16.9,0.0,61.7
Follicular,7.7,5,3,4,2,0.3,169.2,126.3,68.1
Follicular,7.8,5,3,4,3,0.2,214.3,102.7,65.1
Late Luteal,6.1,2,2,2,3,1.9,363.5,463.5,20.3
Ovulation,8.4,4,4,5,2,0.0,134.8,184.2,68.4
Follicular,5.6,3,4,3,1,2.4,88.3,88.2,49.5
Early Luteal,7.8,4,3,4,3,0.2,532.9,497.1,49.7
Early Luteal,6.6,4,4,3,2,1.4,283.7,213.9,49.8
Late Luteal,7.2,4,2,2,2,0.8,216.3,58.3,47.6
Late Luteal,6.1,2,3,3,1,1.9,75.9,175.9,41.2
Follicular,7.1,4,4,3,2,0.9,240.5,282.9,55.2
Early Luteal,7.5,4,3,4,2,0.5,300.0,343.3,51.5
Menstrual,7.5,4,3,1,2,0.5,98.7,52.8,54.7
Late Luteal,6.3,2,1,2,3,1.7,303.9,355.4,23.1
Follicular,8.3,4,3,3,4,0.0,453.5,408.2,49.1
Menstrual,5.8,3,2,2,2,2.2,293.0,365.3,30.0
Late Luteal,6.8,3,2,1,2,1.2,90.5,0.2,37.1
Late Luteal,8.2,3,4,3,1,0.0,45.0,109.2,63.5
Menstrual,6.4,2,3,3,1,1.6,86.3,1.0,43.8
Follicular,6.9,3,3,3,1,1.1,79.3,152.5,58.3
Early Luteal,5.9,3,2,2,3,2.1,441.3,541.3,26.0
Ovulation,7.9,5,4,4,2,0.1,252.6,143.2,76.0
Late Luteal,5.5,3,2,2,3,2.5,376.2,392.3,25.6
Follicular,8.1,4,4,4,2,0.0,99.7,135.4,73.9
Menstrual,6.8,2,3,2,1,1.2,45.1,78.7,44.4
Ovulation,6.2,3,3,4,1,1.8,33.2,133.2,54.0
Menstrual,5.7,2,3,3,1,2.3,183.1,146.0,34.7
Follicular,7.6,4,4,4,2,0.4,245.7,345.7,66.5
Menstrual,6.6,3,2,3,3,1.4,235.7,181.4,33.4
Follicular,6.8,2,3,3,3,1.2,369.8,406.7,27.9
Follicular,8.2,5,4,4,1,0.0,49.4,134.5,81.5
Early Luteal,9.4,4,4,4,1,0.0,30.9,16.5,76.0
Menstrual,4.4,2,2,3,3,3.6,564.5,550.5,5.2
Early Luteal,5.2,3,2,4,1,2.8,1.7,0.0,43.7
Ovulation,6.9,3,3,2,3,1.1,435.5,496.7,41.4
Ovulation,7.3,4,5,4,2,0.7,344.0,444.0,60.7
Ovulation,7.2,4,3,4,3,0.8,318.2,307.2,50.6
Follicular,8.7,4,3,2,3,0.0,391.6,342.8,62.1
Late Luteal,8.9,4,4,3,1,0.0,35.1,43.7,73.8
Late Luteal,4.5,2,1,2,2,3.5,195.3,186.6,10.7
Follicular,7.5,4,4,4,1,0.5,3.2,0.0,68.2
Follicular,6.5,2,3,3,3,1.5,386.6,457.7,29.3
Ovulation,7.4,5,5,4,1,0.6,136.5,20.3,73.5
Late Luteal,6.8,3,3,3,2,1.2,153.4,128.3,44.2
Menstrual,6.9,3,2,2,3,1.1,258.2,257.8,40.2
Early Luteal,6.4,2,3,4,2,1.6,173.1,140.1,37.2
Follicular,7.0,2,3,2,3,1.0,318.0,369.2,34.7
Ovulation,7.2,3,4,5,2,0.8,121.5,127.5,59.7
Ovulation,7.1,4,4,4,3,0.9,408.2,346.6,57.5
Early Luteal,9.1,5,3,3,5,0.0,800.0,764.6,47.6
Late Luteal,6.7,4,2,2,2,1.3,134.2,234.2,44.2
Early Luteal,6.8,3,3,2,3,1.2,500.7,406.0,41.4
Ovulation,6.1,3,4,3,2,1.9,213.5,268.9,46.6
Late Luteal,5.8,2,2,2,1,2.2,70.1,92.7,35.3
Early Luteal,8.5,3,4,3,2,0.0,238.0,228.2,61.8
Follicular,8.0,4,3,3,3,0.0,435.3,509.8,54.3
Ovulation,8.3,4,3,2,4,0.0,642.5,742.5,51.1
Late Luteal,6.8,4,4,4,2,1.2,96.3,0.0,51.9
Ovulation,6.7,3,4,5,3,1.3,302.3,369.4,46.4
Follicular,7.9,4,4,5,2,0.1,214.7,268.7,65.7
Late Luteal,6.4,3,3,3,1,1.6,27.4,127.4,51.4
Late Luteal,6.4,2,3,1,1,1.6,53.4,8.7,37.8
Early Luteal,6.5,3,3,3,1,1.5,106.5,206.5,47.9
Late Luteal,5.4,1,2,2,2,2.6,272.6,372.6,16.6
Early Luteal,5.6,4,4,4,1,2.4,72.0,172.0,53.3
Early Luteal,8.2,5,4,3,1,0.0,130.8,97.4,70.4
Menstrual,5.4,3,3,3,1,2.6,24.2,0.0,40.3
Follicular,8.2,4,3,4,4,0.0,527.3,595.0,49.5
Ovulation,6.0,3,4,3,1,2.0,118.3,162.0,52.2
Follicular,6.6,3,3,3,1,1.4,34.6,0.0,52.7
Follicular,7.8,5,3,3,4,0.2,518.5,562.5,49.1
Menstrual,7.6,3,3,3,4,0.4,644.9,661.1,36.8
Late Luteal,7.2,4,3,3,2,0.8,261.2,361.2,53.8
Early Luteal,4.7,2,2,2,1,3.3,60.2,75.9,32.7
Follicular,7.2,3,3,3,3,0.8,349.1,230.5,40.5
Early Luteal,7.2,4,4,5,3,0.8,386.1,391.8,48.3
Early Luteal,6.2,4,3,3,2,1.8,169.7,201.8,46.1
Ovulation,7.6,3,3,3,2,0.4,199.5,247.8,60.9
Early Luteal,6.7,3,4,4,2,1.3,193.2,83.6,47.3
Early Luteal,7.9,5,4,4,3,0.1,305.9,328.0,64.3
Ovulation,6.5,5,4,4,3,1.5,475.6,428.7,54.9
Follicular,8.6,5,4,4,2,0.0,193.3,111.4,77.7
Follicular,7.1,4,4,3,1,0.9,118.7,196.7,63.6
Ovulation,8.6,5,4,5,2,0.0,107.9,92.1,78.4
Follicular,6.8,3,3,4,3,1.2,383.2,372.5,42.2
Menstrual,5.6,3,3,2,2,2.4,299.0,202.4,29.9
Follicular,9.0,5,3,3,3,0.0,514.3,549.8,64.5
Follicular,7.9,4,3,3,3,0.1,452.1,398.8,58.2
Menstrual,6.6,3,3,2,1,1.4,43.7,0.0,51.6
Late Luteal,7.8,3,2,2,3,0.2,275.0,185.6,48.4
Early Luteal,7.1,4,3,3,1,0.9,109.3,116.8,64.1
Late Luteal,6.9,3,2,1,4,1.1,529.6,569.2,22.5
Menstrual,5.5,3,3,2,1,2.5,51.8,151.8,34.6
Early Luteal,6.9,2,3,3,1,1.1,87.1,71.2,49.7
Follicular,7.2,4,3,5,2,0.8,240.5,319.2,56.8
Menstrual,7.7,5,4,4,2,0.3,268.5,300.2,63.0
Ovulation,5.9,2,3,3,1,2.1,12.5,0.0,40.5
Late Luteal,6.0,2,3,2,3,2.0,269.5,369.5,30.8
Follicular,5.7,3,3,3,3,2.3,408.7,344.6,31.9
Early Luteal,9.5,4,3,3,4,0.0,612.5,529.1,50.7
Early Luteal,5.8,2,2,2,2,2.2,218.2,0.0,26.9
Late Luteal,6.7,2,2,1,2,1.3,151.5,149.3,34.9
Menstrual,9.2,4,3,2,3,0.0,348.4,395.8,56.7
Follicular,6.8,3,4,3,2,1.2,283.4,291.5,47.6
Follicular,7.9,4,3,4,1,0.1,191.2,159.1,71.6
Early Luteal,6.0,4,2,3,5,2.0,759.8,859.8,15.5
Menstrual,6.7,3,3,2,2,1.3,253.1,310.8,39.7
Follicular,5.7,3,3,3,2,2.3,292.9,168.5,33.1
Follicular,6.2,3,3,2,1,1.8,114.5,83.9,46.4
Follicular,5.1,3,3,3,2,2.9,98.7,33.1,34.8
Follicular,7.6,5,3,3,2,0.4,139.5,190.0,73.1
Ovulation,7.3,4,3,3,3,0.7,388.4,377.5,49.2
Late Luteal,7.5,3,3,3,1,0.5,128.3,228.3,52.7
Follicular,7.4,4,3,3,1,0.6,98.8,0.0,61.2
Follicular,9.2,5,5,5,2,0.0,171.7,116.1,83.5
Ovulation,9.0,5,4,4,3,0.0,348.0,279.9,70.7
Follicular,8.4,5,4,4,3,0.0,387.2,450.1,61.9
Ovulation,7.9,3,4,3,4,0.1,711.2,805.2,41.6
Menstrual,6.3,2,1,1,2,1.7,242.7,184.0,29.3
Follicular,6.9,3,4,4,3,1.1,340.5,340.5,41.9
Follicular,7.5,4,3,4,3,0.5,442.9,347.1,54.3
Late Luteal,8.4,3,3,2,2,0.0,225.9,219.8,51.3
Menstrual,7.7,4,3,4,2,0.3,146.0,230.8,64.7
Follicular,7.7,5,5,3,3,0.3,342.3,335.1,59.0
Ovulation,5.9,2,5,3,1,2.1,10.0,88.4,49.1
Menstrual,7.1,3,3,2,2,0.9,105.2,36.3,47.6
Late Luteal,6.1,3,2,2,2,1.9,116.8,180.6,37.6
Follicular,7.7,5,4,4,3,0.3,508.1,563.9,58.3
Menstrual,7.8,3,2,2,1,0.2,93.9,25.3,53.6
Late Luteal,6.4,3,2,1,3,1.6,329.2,227.0,33.1
Follicular,7.0,3,3,3,2,1.0,127.5,102.9,55.6
Late Luteal,5.0,1,1,1,2,3.0,295.8,315.0,11.6
Ovulation,5.4,3,2,3,3,2.6,435.4,381.9,31.9
Follicular,8.4,5,4,4,2,0.0,128.8,66.4,75.5
Follicular,9.0,4,3,3,4,0.0,603.7,594.0,50.0
Early Luteal,7.4,4,4,4,2,0.6,229.8,300.2,61.0
Late Luteal,6.8,2,3,2,2,1.2,113.0,172.7,38.6
Early Luteal,7.5,4,3,3,4,0.5,748.6,652.7,42.0
Ovulation,7.7,5,4,4,3,0.3,367.6,453.3,61.6
Ovulation,5.5,3,3,3,2,2.5,125.5,72.1,34.3
Menstrual,7.2,3,3,3,1,0.8,80.9,180.9,51.8
Follicular,8.0,4,4,4,2,0.0,189.1,156.3,65.4
Ovulation,8.3,4,2,1,3,0.0,528.2,398.2,53.1
Early Luteal,7.4,4,2,3,5,0.6,672.8,655.4,33.1
Follicular,6.3,3,3,4,3,1.7,289.5,193.0,38.4
Early Luteal,4.5,3,3,3,1,3.5,98.1,168.8,36.0
Menstrual,6.4,3,2,2,2,1.6,209.0,184.1,33.8
Follicular,8.9,5,4,4,2,0.0,251.1,313.6,72.1
Menstrual,8.3,4,3,3,3,0.0,459.8,464.2,51.2
Menstrual,8.6,5,3,3,1,0.0,113.7,129.6,73.8
Menstrual,6.6,3,3,3,3,1.4,390.1,200.8,30.9
Early Luteal,4.6,3,2,3,2,3.4,110.1,86.3,27.9
Follicular,6.4,3,3,3,2,1.6,336.8,347.3,40.5
Late Luteal,6.1,2,3,4,3,1.9,453.1,470.9,29.6
Ovulation,5.9,2,3,4,2,2.1,128.0,0.0,43.8
Late Luteal,5.9,3,2,2,4,2.1,533.6,610.2,18.0
Early Luteal,4.7,1,2,2,1,3.3,30.9,24.0,22.6
Early Luteal,6.1,4,2,3,3,1.9,289.1,389.1,40.1
Menstrual,8.0,3,2,2,4,0.0,508.4,508.8,36.8
Follicular,7.0,4,4,4,2,1.0,374.3,474.3,51.7
Early Luteal,7.1,4,2,2,5,0.9,800.0,893.0,27.0
Follicular,7.0,2,3,2,2,1.0,220.0,109.5,37.5
Menstrual,8.0,3,3,3,2,0.0,141.4,241.4,53.8
Follicular,7.2,5,4,4,2,0.8,390.0,490.0,65.4
Ovulation,5.7,3,2,4,3,2.3,362.7,263.2,33.5
Follicular,5.5,4,3,3,3,2.5,356.0,376.4,34.3
Ovulation,7.8,4,4,5,2,0.2,114.1,147.9,70.2
Follicular,7.4,3,3,3,4,0.6,581.7,629.6,33.1
Menstrual,5.8,3,2,1,3,2.2,222.9,314.7,26.4
Ovulation,5.6,3,3,2,2,2.4,272.8,234.4,36.3
Early Luteal,6.8,3,2,2,3,1.2,282.8,220.7,37.3
Follicular,6.2,3,3,3,5,1.8,759.9,677.9,19.4
Early Luteal,4.4,3,3,3,2,3.6,142.4,227.4,22.3
Menstrual,4.6,1,2,2,3,3.4,267.1,342.4,3.0
Late Luteal,6.8,3,2,3,2,1.2,136.1,38.2,45.4
Follicular,6.9,3,4,4,2,1.1,190.3,170.0,54.3
Ovulation,6.4,3,4,3,3,1.6,469.0,569.0,38.1
Menstrual,6.8,2,3,3,3,1.2,320.4,384.5,30.2
Late Luteal,7.6,4,3,2,2,0.4,94.2,43.6,63.9
Ovulation,6.1,3,3,4,2,1.9,212.9,209.6,44.5
Late Luteal,7.5,3,3,2,1,0.5,44.2,0.0,55.5
Early Luteal,5.0,2,2,1,2,3.0,152.9,162.3,24.0
Late Luteal,7.1,4,2,2,2,0.9,118.2,191.9,58.1
Ovulation,5.4,3,3,2,1,2.6,54.4,49.2,43.6
Late Luteal,7.4,4,3,3,2,0.6,255.0,278.7,49.3
Follicular,7.9,5,5,5,2,0.1,239.0,225.8,72.8
Early Luteal,6.4,4,2,2,1,1.6,44.8,76.8,61.2
Late Luteal,5.7,3,2,2,5,2.3,800.0,844.3,4.2
Menstrual,7.1,4,3,4,1,0.9,87.6,40.8,65.3
Follicular,5.6,3,4,4,1,2.4,95.4,168.5,46.5
Late Luteal,6.7,3,2,3,2,1.3,109.2,102.9,44.7
Late Luteal,6.7,2,3,1,2,1.3,104.3,84.3,38.5
Follicular,8.2,4,3,3,4,0.0,548.7,564.7,47.7
Menstrual,8.4,5,4,4,2,0.0,308.0,408.0,63.7
Late Luteal,6.4,2,3,3,1,1.6,59.3,0.0,44.7
Early Luteal,7.8,4,3,3,3,0.2,455.2,400.5,54.8
Follicular,6.9,3,4,4,1,1.1,49.8,2.9,60.0
Early Luteal,7.2,3,2,3,2,0.8,243.0,185.4,51.4
Early Luteal,5.1,3,2,3,2,2.9,139.5,179.3,35.5
Early Luteal,6.3,3,4,4,2,1.7,116.6,48.4,43.4
Menstrual,7.8,4,3,2,4,0.2,583.0,598.6,36.6
Follicular,7.6,3,3,3,2,0.4,155.4,224.7,57.8
Late Luteal,7.8,5,3,3,1,0.2,22.7,0.0,77.3
Late Luteal,7.7,4,3,3,1,0.3,1.7,24.4,65.6
Late Luteal,7.0,3,2,2,3,1.0,389.8,318.6,36.1
Late Luteal,7.4,3,2,2,2,0.6,240.9,135.6,47.1
Early Luteal,7.3,5,4,4,1,0.7,8.2,33.4,68.9
Follicular,6.1,4,3,4,3,1.9,301.6,401.6,43.3
Menstrual,6.1,3,2,2,3,1.9,278.4,378.4,29.6
Late Luteal,5.7,3,2,3,3,2.3,322.3,213.4,25.2
Early Luteal,6.8,3,3,3,3,1.2,316.8,260.4,40.8
Early Luteal,7.7,3,3,1,3,0.3,461.8,391.5,42.0
Follicular,8.2,5,4,3,2,0.0,110.1,98.4,75.0
Menstrual,7.8,3,3,3,3,0.2,414.9,440.1,43.4
Early Luteal,6.4,3,3,3,3,1.6,290.3,255.7,36.9
Follicular,6.4,3,4,4,1,1.6,43.8,106.9,56.3
Follicular,9.0,5,4,3,3,0.0,337.9,331.3,64.7
Follicular,5.1,3,3,3,3,2.9,326.2,423.1,26.3
Early Luteal,7.5,3,3,3,3,0.5,410.5,353.9,42.5
Follicular,7.8,4,3,2,4,0.2,681.9,714.2,44.9
Early Luteal,6.2,3,3,4,3,1.8,215.7,242.2,36.1
Follicular,8.5,4,4,4,1,0.0,77.7,81.0,77.9
Menstrual,6.3,1,1,1,3,1.7,471.1,235.3,10.0
Late Luteal,6.1,3,2,2,3,1.9,323.8,172.8,29.9
Ovulation,6.3,4,5,4,2,1.7,303.8,365.3,60.9
Early Luteal,4.3,1,2,3,2,3.7,152.1,55.5,19.5
Menstrual,4.7,1,2,2,1,3.3,48.9,11.7,22.7
Follicular,7.1,4,3,3,2,0.9,169.4,195.0,60.1
Early Luteal,6.2,3,3,3,2,1.8,60.9,17.7,44.2
Early Luteal,7.2,4,3,3,3,0.8,477.9,497.9,46.1
Follicular,8.3,4,4,4,3,0.0,384.1,377.3,58.9
Late Luteal,6.7,4,3,2,2,1.3,150.8,0.0,52.8
Late Luteal,5.5,3,3,2,1,2.5,138.1,128.3,43.5
Follicular,8.7,4,4,4,2,0.0,108.7,169.1,68.9
Late Luteal,5.9,3,3,2,2,2.1,61.4,36.5,42.6
Late Luteal,6.8,2,2,2,3,1.2,296.1,269.1,25.3
Late Luteal,7.1,4,3,3,2,0.9,217.0,197.0,54.7
Follicular,7.9,4,5,4,1,0.1,51.2,52.2,72.7
Follicular,6.3,4,3,2,1,1.7,28.9,80.4,62.3
Follicular,6.9,4,4,4,3,1.1,311.9,215.1,50.3
Follicular,8.5,5,5,4,1,0.0,74.9,63.2,83.0
Menstrual,5.7,3,3,3,3,2.3,357.6,437.8,25.5
Late Luteal,8.9,4,3,3,2,0.0,228.6,234.4,65.8
Late Luteal,7.1,4,3,2,3,0.9,326.7,372.3,44.2
Menstrual,6.9,3,2,3,3,1.1,416.7,402.4,30.8
Ovulation,7.3,3,4,4,3,0.7,472.4,445.8,45.0
Late Luteal,6.1,3,2,3,2,1.9,66.0,144.0,40.4
Menstrual,5.5,3,3,4,2,2.5,133.6,105.9,35.6
Early Luteal,5.6,3,3,3,4,2.4,692.9,738.8,13.2
Late Luteal,7.3,3,2,2,3,0.7,310.6,274.3,36.8
Menstrual,8.0,4,2,2,3,0.0,324.7,302.0,49.3
Early Luteal,8.8,4,3,2,5,0.0,800.0,732.9,39.6
Menstrual,6.0,3,2,3,2,2.0,177.7,185.4,28.9
Early Luteal,6.8,3,4,3,2,1.2,162.0,186.3,52.2
Late Luteal,8.8,3,3,3,1,0.0,48.7,116.1,67.6
Follicular,6.7,3,3,3,1,1.3,25.8,94.0,57.6
Follicular,8.0,5,4,4,4,0.0,580.0,680.0,50.4
Follicular,7.5,4,2,3,5,0.5,683.7,724.2,35.8
Late Luteal,7.9,4,4,2,1,0.1,69.5,6.9,65.7
Ovulation,6.2,3,3,2,2,1.8,138.2,216.8,47.6
Follicular,7.4,5,5,5,2,0.6,84.7,184.7,67.7
Early Luteal,6.5,4,2,3,1,1.5,106.5,133.8,57.4
Late Luteal,6.3,3,3,2,2,1.7,74.3,0.0,36.3
Late Luteal,6.1,3,3,2,2,1.9,210.3,267.2,36.2
Early Luteal,8.6,5,3,4,2,0.0,97.8,76.9,77.7
Early Luteal,8.2,3,4,4,3,0.0,423.2,462.4,50.1
Follicular,7.6,4,3,5,2,0.4,238.0,146.9,60.3
Follicular,7.7,4,4,4,2,0.3,141.1,119.1,63.1
Ovulation,4.7,2,2,4,1,3.3,25.1,123.9,38.1
Late Luteal,6.8,3,2,2,3,1.2,325.4,425.4,30.5
Follicular,7.4,5,4,5,3,0.6,311.6,234.2,57.8
Ovulation,5.7,3,2,3,2,2.3,246.2,331.8,41.4
Menstrual,6.5,3,3,2,2,1.5,84.8,184.8,37.1
Follicular,8.2,4,4,4,2,0.0,339.5,315.1,66.4
Ovulation,6.1,3,3,3,4,1.9,593.6,593.4,31.9
Follicular,6.8,3,3,4,2,1.2,232.1,143.9,47.2
Follicular,7.2,5,4,3,2,0.8,111.6,142.1,64.8
Early Luteal,7.5,5,5,4,1,0.5,34.7,118.8,79.4
Menstrual,6.3,3,3,3,2,1.7,197.3,297.3,37.5
Follicular,7.8,3,4,4,2,0.2,243.0,234.7,56.5
Follicular,7.2,4,3,3,1,0.8,131.7,0.0,63.2
Menstrual,7.1,4,3,3,4,0.9,580.5,628.2,39.0
Ovulation,4.5,2,3,3,3,3.5,339.7,317.7,20.8
Menstrual,6.2,3,3,3,2,1.8,207.2,152.1,34.4
Ovulation,6.0,3,2,2,5,2.0,800.0,817.1,9.8
Early Luteal,5.9,3,3,2,2,2.1,238.4,202.9,42.9
Follicular,7.1,4,3,3,2,0.9,224.0,173.5,59.2
Early Luteal,6.6,3,3,4,2,1.4,197.7,205.9,46.0
Late Luteal,6.4,3,3,2,3,1.6,509.4,592.3,29.4
Late Luteal,7.3,3,3,2,2,0.7,232.7,332.7,45.2
Ovulation,6.0,2,3,3,3,2.0,451.1,468.3,26.5
Follicular,7.0,2,2,2,3,1.0,185.0,12.2,32.8
Menstrual,6.4,3,2,2,5,1.6,734.4,672.2,11.5
Menstrual,4.9,2,1,1,3,3.1,169.2,269.2,12.0
Early Luteal,7.5,5,5,3,1,0.5,222.6,270.8,69.8
Late Luteal,6.4,2,2,2,1,1.6,24.0,124.0,39.6
Menstrual,7.6,2,3,3,1,0.4,35.5,50.4,52.2
Early Luteal,6.5,3,3,3,3,1.5,393.2,478.7,35.5
Early Luteal,8.6,5,4,4,1,0.0,76.6,85.4,79.1
Follicular,8.5,3,3,3,2,0.0,100.0,99.1,59.9
Follicular,6.0,4,3,3,2,2.0,268.3,302.5,46.8
Menstrual,5.5,3,2,3,1,2.5,118.8,61.7,41.1
Early Luteal,8.3,4,3,3,1,0.0,6.8,0.0,72.2
Follicular,7.3,4,4,4,2,0.7,297.8,397.8,62.6
Early Luteal,6.7,2,3,2,2,1.3,156.1,38.5,37.4
Early Luteal,7.0,3,3,3,2,1.0,249.0,349.0,41.0
Early Luteal,8.0,5,3,3,3,0.0,340.7,265.4,63.6
Menstrual,5.7,3,2,3,2,2.3,105.0,189.0,35.7
Follicular,6.2,3,4,4,3,1.8,335.4,349.2,31.7
Ovulation,7.1,4,4,4,2,0.9,240.7,201.7,56.2
Ovulation,7.3,4,4,3,2,0.7,241.0,222.9,62.4
Early Luteal,7.5,4,3,3,2,0.5,150.6,213.2,63.1
Late Luteal,6.6,3,2,2,2,1.4,233.3,333.3,37.1
Late Luteal,7.7,3,3,3,2,0.3,64.6,0.0,54.5
Ovulation,5.2,3,3,3,3,2.8,350.7,450.7,28.3
Early Luteal,7.3,3,2,3,2,0.7,86.2,0.0,50.7
Follicular,6.3,3,3,4,1,1.7,131.9,231.9,49.2
Early Luteal,5.6,3,3,3,2,2.4,244.8,344.8,33.1
Menstrual,7.6,3,3,2,2,0.4,244.8,342.1,48.4
Menstrual,7.1,3,2,1,4,0.9,543.6,643.6,27.3
Menstrual,8.5,4,3,2,5,0.0,570.3,663.0,41.4
Early Luteal,8.4,5,4,5,2,0.0,249.4,274.6,69.4
Late Luteal,6.0,3,2,3,4,2.0,440.9,448.7,21.2
Follicular,7.7,5,4,4,2,0.3,194.8,269.6,69.6
Early Luteal,7.5,4,3,3,4,0.5,547.1,504.4,39.5
Follicular,6.4,2,3,4,2,1.6,81.8,0.0,43.5
Early Luteal,7.0,4,4,5,1,1.0,116.3,20.0,62.8
Follicular,6.7,4,4,4,3,1.3,249.8,266.5,48.5
Late Luteal,7.2,4,2,3,2,0.8,108.0,155.3,53.5
Early Luteal,8.4,4,4,5,2,0.0,180.5,130.0,68.7
Late Luteal,6.3,4,2,3,2,1.7,124.8,198.1,49.6
Late Luteal,7.0,3,2,2,3,1.0,374.9,280.4,38.4
Late Luteal,6.3,2,3,2,3,1.7,291.5,247.1,26.3
Late Luteal,6.9,1,2,3,1,1.1,34.2,0.0,44.0
Ovulation,7.0,3,4,4,3,1.0,443.6,541.7,39.8
Follicular,6.6,3,3,3,1,1.4,53.8,83.7,60.4
Ovulation,7.6,4,4,4,2,0.4,69.6,53.2,69.4
Follicular,8.1,4,4,4,3,0.0,359.4,284.3,56.2
Follicular,6.7,3,3,3,3,1.3,399.4,396.0,32.6
Follicular,8.6,3,3,3,2,0.0,181.6,178.0,63.3
Follicular,6.4,3,4,4,1,1.6,82.3,0.0,55.3
Follicular,7.3,4,4,4,1,0.7,100.9,48.1,62.4
Follicular,8.8,4,4,4,4,0.0,517.0,505.7,55.5
Late Luteal,5.2,2,2,2,2,2.8,312.7,376.8,20.9
Late Luteal,7.2,4,3,3,1,0.8,79.0,158.9,66.2
Follicular,7.9,4,4,4,2,0.1,68.0,0.0,64.1
Follicular,7.9,3,3,4,2,0.1,257.8,196.3,57.3
Early Luteal,5.1,4,3,4,2,2.9,165.2,215.0,38.6
Early Luteal,6.2,4,3,3,2,1.8,221.9,112.8,54.7
Ovulation,5.9,3,4,3,2,2.1,136.6,68.3,45.9
Late Luteal,6.4,1,1,1,3,1.6,321.6,324.2,11.8
Follicular,6.8,3,3,4,2,1.2,215.0,164.9,50.3
Follicular,8.1,3,4,3,1,0.0,57.7,138.9,71.2
Follicular,7.1,4,3,4,3,0.9,332.2,319.7,50.0
Follicular,7.9,5,4,4,3,0.1,314.2,329.9,63.3
Ovulation,6.4,4,4,4,2,1.6,172.7,245.8,57.4
Follicular,7.9,4,4,4,3,0.1,289.7,289.8,57.7
Follicular,6.6,3,3,3,2,1.4,137.3,0.0,44.2
Follicular,6.9,3,5,5,1,1.1,89.9,176.3,61.9
Late Luteal,6.0,3,2,3,2,2.0,249.4,206.4,36.2
Ovulation,7.3,4,3,4,2,0.7,255.9,284.2,56.1
Menstrual,6.8,1,2,2,2,1.2,245.9,213.9,26.4
Follicular,8.2,5,4,4,2,0.0,145.8,205.1,73.4
Early Luteal,7.0,3,2,3,4,1.0,524.8,482.3,30.3
Late Luteal,7.1,4,3,2,3,0.9,226.7,264.3,45.3
Ovulation,7.9,5,4,5,2,0.1,100.6,91.7,72.9
Menstrual,5.8,3,2,2,2,2.2,308.7,309.8,33.1
Late Luteal,7.3,4,3,2,2,0.7,170.2,166.3,50.1
Menstrual,7.2,4,3,3,3,0.8,352.3,345.3,42.7
Late Luteal,4.2,2,2,3,2,3.8,75.2,103.8,16.6
Late Luteal,7.5,4,2,3,1,0.5,106.1,0.0,61.7
Early Luteal,6.6,3,3,4,1,1.4,110.7,120.6,53.0
Follicular,6.1,3,3,3,4,1.9,661.9,675.3,24.8
Follicular,6.9,3,3,4,1,1.1,96.8,137.3,56.0
Early Luteal,6.6,3,2,2,4,1.4,753.9,647.2,21.8
Late Luteal,6.5,3,3,2,2,1.5,174.7,190.9,40.5
Late Luteal,4.2,1,1,1,3,3.8,453.4,553.4,0.0
Menstrual,6.8,4,3,3,2,1.2,6.5,106.5,54.8
Late Luteal,5.7,1,2,1,1,2.3,113.2,125.1,19.7
Follicular,6.0,2,3,4,3,2.0,290.4,364.8,32.3
Late Luteal,5.8,3,4,3,2,2.2,238.2,194.3,35.1
Ovulation,6.2,2,3,4,3,1.8,334.9,371.0,35.0
Follicular,8.3,4,5,4,1,0.0,197.9,252.3,76.5
Follicular,7.4,4,4,4,2,0.6,214.8,175.9,57.8
Early Luteal,8.4,4,3,4,2,0.0,73.5,173.5,66.7
Early Luteal,7.8,3,3,3,2,0.2,137.7,109.4,53.7
Menstrual,5.8,3,2,2,2,2.2,134.4,143.0,35.2
Follicular,6.7,3,2,2,2,1.3,273.6,373.6,42.9
Ovulation,7.4,4,3,4,3,0.6,384.2,281.0,55.2
Follicular,7.1,4,4,5,2,0.9,111.1,149.9,60.6
Ovulation,6.4,4,3,4,5,1.6,723.2,725.0,34.4
Menstrual,4.8,1,2,2,1,3.2,76.3,53.6,22.4
Late Luteal,6.4,2,2,2,2,1.6,167.0,56.8,33.5
Early Luteal,6.2,3,4,3,1,1.8,53.4,0.0,50.4
Follicular,6.2,3,2,3,2,1.8,258.0,316.6,40.3
Follicular,7.5,5,4,4,1,0.5,0.6,0.0,74.4
Ovulation,6.8,3,4,4,1,1.2,105.1,119.7,56.9
Menstrual,7.6,4,3,3,2,0.4,189.2,289.2,53.7
Late Luteal,7.6,3,1,1,2,0.4,327.0,379.2,44.7
Follicular,8.4,5,5,4,2,0.0,102.2,186.2,77.1
Menstrual,6.5,3,2,2,2,1.5,153.6,170.7,39.9
Late Luteal,8.1,3,2,2,3,0.0,451.4,473.0,39.4
Follicular,6.9,3,3,3,3,1.1,279.6,59.2,47.3
Early Luteal,7.1,5,4,4,2,0.9,76.9,74.5,71.1
Menstrual,8.0,3,2,1,2,0.0,261.5,323.4,49.4
Late Luteal,7.1,5,3,3,2,0.9,164.2,252.4,59.8
Late Luteal,7.8,4,2,2,5,0.2,717.8,723.3,28.3
Late Luteal,6.3,2,2,2,1,1.7,207.3,307.3,35.1
Late Luteal,6.1,2,2,2,2,1.9,71.3,45.2,37.0
Menstrual,7.7,3,3,2,2,0.3,143.3,218.7,48.4
Follicular,7.1,5,4,4,1,0.9,81.8,76.2,69.9
Early Luteal,6.5,2,2,2,3,1.5,304.8,360.5,28.0
Follicular,7.4,4,3,4,4,0.6,656.2,701.3,42.7
Follicular,8.5,4,4,4,1,0.0,144.8,24.2,73.9
Follicular,6.6,3,4,4,3,1.4,305.2,401.6,40.1
Early Luteal,6.3,3,3,4,1,1.7,81.9,69.3,50.4
Late Luteal,4.1,1,2,1,2,3.9,287.6,371.3,6.1
Late Luteal,8.0,3,3,3,1,0.0,143.2,173.4,63.4
Follicular,6.9,2,3,3,2,1.1,267.7,284.9,45.0
Ovulation,7.7,5,4,4,2,0.3,327.6,279.7,67.1
Follicular,6.6,3,3,3,1,1.4,40.8,69.5,58.1
Follicular,7.4,5,4,4,2,0.6,357.6,292.2,56.9
Late Luteal,6.5,3,2,3,1,1.5,90.6,141.1,43.8
Menstrual,6.2,2,3,3,1,1.8,215.9,315.9,41.7
Late Luteal,6.9,3,3,3,2,1.1,38.0,69.7,49.4
Menstrual,7.6,3,2,3,1,0.4,111.9,78.0,50.3
Late Luteal,6.4,3,3,3,2,1.6,102.7,148.6,47.0
Late Luteal,5.7,3,2,1,1,2.3,22.1,0.0,39.9
Late Luteal,5.1,3,2,2,2,2.9,160.9,103.3,29.8
Follicular,6.8,4,3,3,2,1.2,329.3,429.3,54.7
Ovulation,7.4,3,3,4,2,0.6,313.1,371.6,55.4
Follicular,7.3,5,4,4,2,0.7,187.6,18.5,67.5
Follicular,7.3,5,3,4,3,0.7,307.8,256.4,56.9
Follicular,6.3,4,4,4,1,1.7,70.8,0.0,61.7
Late Luteal,6.5,3,3,1,1,1.5,134.9,52.7,53.2
Early Luteal,7.6,3,2,2,4,0.4,583.9,520.6,35.4
Menstrual,6.0,3,1,1,4,2.0,548.1,550.1,18.2
Early Luteal,6.3,3,2,3,3,1.7,365.9,362.0,34.1
Follicular,8.2,4,3,4,2,0.0,285.5,297.1,61.2
Ovulation,5.2,4,3,3,3,2.8,438.8,519.5,30.6
Follicular,5.1,3,3,3,3,2.9,407.3,437.7,32.0
Late Luteal,7.2,4,3,4,1,0.8,95.2,37.2,57.4
Late Luteal,7.1,3,3,2,2,0.9,80.2,75.7,50.1
Follicular,6.9,3,3,3,2,1.1,230.6,218.7,51.4
Menstrual,7.6,5,4,4,2,0.4,122.4,99.7,64.5
Early Luteal,8.2,4,3,3,3,0.0,430.8,455.0,55.4
Follicular,5.9,4,4,4,3,2.1,480.9,461.8,38.7
Follicular,8.5,4,4,4,2,0.0,278.2,260.1,70.7
Follicular,7.1,3,4,4,2,0.9,167.9,112.8,54.6
Late Luteal,6.4,3,3,3,2,1.6,200.5,120.7,41.6
Ovulation,5.6,3,3,4,3,2.4,387.5,485.9,34.6
Late Luteal,6.8,2,1,2,5,1.2,800.0,711.7,7.7
Early Luteal,6.0,3,3,3,2,2.0,279.5,241.6,39.2
Early Luteal,7.4,4,3,3,3,0.6,337.7,210.0,52.8
Menstrual,8.9,3,4,3,1,0.0,113.4,213.4,67.9
Late Luteal,7.5,4,3,3,2,0.5,202.5,106.4,59.5
Late Luteal,6.1,3,2,3,2,1.9,220.4,279.6,32.8
Follicular,8.3,4,4,4,2,0.0,218.3,192.6,71.1
Late Luteal,6.5,2,3,3,1,1.5,72.9,0.0,45.9
Follicular,8.4,3,4,3,4,0.0,628.9,524.6,43.2
Follicular,7.4,5,5,4,1,0.6,65.8,0.0,77.2
Late Luteal,6.8,2,2,1,1,1.2,137.1,137.4,44.3
Late Luteal,7.7,4,3,2,2,0.3,197.4,273.7,56.6
Late Luteal,7.7,4,3,2,1,0.3,93.6,193.6,63.2
Early Luteal,8.5,5,5,4,1,0.0,43.2,143.2,86.9
Late Luteal,7.3,4,3,2,1,0.7,181.8,119.7,60.9
Ovulation,6.2,3,4,4,2,1.8,210.9,165.5,48.1
Early Luteal,5.7,4,3,3,1,2.3,79.7,85.3,50.2
Follicular,7.9,4,3,4,2,0.1,231.2,328.1,62.8
Follicular,7.9,5,4,4,4,0.1,584.9,578.5,54.0
Late Luteal,7.1,3,2,2,4,0.9,513.2,613.2,28.2
Early Luteal,6.7,4,4,3,1,1.3,48.9,81.1,59.4
Follicular,7.1,5,4,4,2,0.9,134.6,148.2,69.0
Late Luteal,7.9,3,3,2,1,0.1,100.4,35.4,58.3
Late Luteal,6.9,4,2,3,2,1.1,88.8,9.4,48.7
Follicular,7.1,4,4,4,3,0.9,404.8,348.6,51.2
Late Luteal,6.6,3,2,2,3,1.4,194.3,208.2,32.5
Late Luteal,4.7,2,2,3,1,3.3,97.1,161.5,26.4
Early Luteal,7.9,4,3,4,2,0.1,122.2,222.2,68.9
Ovulation,6.8,3,3,3,2,1.2,128.4,156.7,46.6
Late Luteal,6.9,3,2,1,3,1.1,436.4,367.2,34.4
Menstrual,6.2,3,3,3,2,1.8,113.5,182.5,45.8
Early Luteal,5.9,3,2,2,1,2.1,31.1,0.0,43.2
Menstrual,7.7,3,1,2,4,0.3,512.1,539.8,31.8
Follicular,7.9,5,4,4,2,0.1,286.7,266.4,73.4
Early Luteal,6.4,4,3,3,2,1.6,248.5,348.5,51.7
Menstrual,6.3,3,2,1,2,1.7,111.6,118.1,39.3
Early Luteal,7.8,4,3,3,1,0.2,151.3,93.7,72.2
Ovulation,6.5,3,3,3,5,1.5,800.0,804.3,19.5
Ovulation,8.3,5,3,4,2,0.0,295.6,354.3,79.0
Follicular,7.8,4,4,4,4,0.2,608.7,673.0,46.8
Menstrual,7.2,5,3,3,2,0.8,180.3,80.4,55.3
Ovulation,8.5,4,4,4,1,0.0,104.4,81.9,80.9
Follicular,5.4,4,3,3,4,2.6,800.0,846.9,21.2
Late Luteal,7.5,5,3,4,2,0.5,130.1,105.6,62.4
Follicular,5.1,3,3,3,2,2.9,192.1,239.0,35.1
Follicular,4.9,1,2,2,2,3.1,292.7,293.3,14.2
Menstrual,7.6,3,3,2,4,0.4,658.9,758.9,33.3
Early Luteal,5.7,3,2,2,2,2.3,116.1,44.2,42.0
Menstrual,6.1,4,3,3,2,1.9,101.8,201.8,46.6
Follicular,6.0,4,3,4,2,2.0,352.9,278.1,46.2
Early Luteal,7.0,2,3,3,1,1.0,76.3,96.5,49.4
Late Luteal,7.7,4,3,3,1,0.3,59.8,0.0,65.3
Early Luteal,7.9,4,3,3,3,0.1,412.9,470.2,52.4
Follicular,7.3,4,4,4,3,0.7,317.7,235.7,53.1
Early Luteal,6.1,3,2,3,5,1.9,800.0,828.8,7.6
Late Luteal,5.1,3,2,2,2,2.9,146.7,80.4,32.0
Ovulation,6.9,4,3,3,2,1.1,93.9,45.0,58.6
Late Luteal,5.6,3,3,3,3,2.4,422.8,474.7,23.2
Late Luteal,7.1,4,3,2,2,0.9,312.1,322.4,47.9
Ovulation,8.0,4,4,4,1,0.0,70.6,23.3,74.9
Late Luteal,4.3,1,1,2,2,3.7,225.2,172.4,7.5
Follicular,7.5,4,4,4,2,0.5,246.6,249.0,62.0
Menstrual,7.1,4,3,2,1,0.9,19.9,50.3,64.1
Early Luteal,7.6,4,4,3,2,0.4,318.2,369.0,56.6
Follicular,8.5,4,5,4,1,0.0,73.5,110.7,74.7
Early Luteal,8.0,4,4,4,2,0.0,163.1,89.0,64.8
Follicular,8.4,4,4,4,4,0.0,668.6,768.6,48.8
Late Luteal,6.2,2,3,3,3,1.8,419.3,461.6,23.5
Follicular,6.3,3,3,2,3,1.7,377.9,368.9,36.8
Early Luteal,8.0,4,4,4,2,0.0,236.0,235.2,64.0
Early Luteal,7.9,4,4,4,2,0.1,180.4,104.3,63.8
Follicular,8.8,4,4,4,1,0.0,63.6,0.0,79.1
Early Luteal,7.0,4,3,3,2,1.0,62.9,67.3,55.0
Menstrual,8.3,4,3,3,4,0.0,567.9,546.8,41.2
Late Luteal,4.9,1,2,2,3,3.1,389.4,411.9,7.1
Early Luteal,7.4,3,4,3,2,0.6,240.0,238.6,47.1
Menstrual,8.1,3,3,3,1,0.0,125.9,127.4,60.2
Late Luteal,6.7,3,3,3,2,1.3,30.5,130.5,50.6
Early Luteal,6.9,2,3,3,1,1.1,5.6,23.9,42.9
Follicular,5.9,3,3,3,2,2.1,138.5,76.0,43.7
Menstrual,6.3,2,2,3,3,1.7,418.2,422.6,25.3
Menstrual,8.1,4,2,2,4,0.0,554.6,649.6,39.9
Late Luteal,7.4,3,3,3,1,0.6,99.8,179.5,54.9
Follicular,8.1,3,4,4,2,0.0,45.0,145.0,64.7
Early Luteal,6.8,3,2,2,2,1.2,229.6,226.8,45.0
Ovulation,6.9,3,4,3,3,1.1,406.0,394.0,44.0
Early Luteal,7.6,3,3,3,2,0.4,182.0,132.6,47.5
Menstrual,6.0,2,2,2,3,2.0,382.4,482.4,19.5
Follicular,5.2,3,3,3,4,2.8,526.6,626.6,18.2
Early Luteal,8.7,4,4,4,1,0.0,85.9,22.0,73.3
Follicular,7.5,5,3,4,1,0.5,135.3,235.3,73.0
Ovulation,7.3,5,4,4,2,0.7,186.6,285.8,68.4
Follicular,6.2,4,4,3,2,1.8,257.9,327.8,51.8
Follicular,4.9,2,3,2,2,3.1,290.0,376.7,27.9
Early Luteal,5.3,3,3,2,2,2.7,377.5,381.4,30.2
Follicular,7.9,4,3,4,2,0.1,207.5,188.8,66.8
Early Luteal,7.1,4,4,3,1,0.9,32.3,109.1,69.3
Menstrual,8.1,4,3,3,2,0.0,166.8,255.8,60.5
Late Luteal,7.1,4,3,2,2,0.9,300.7,364.6,52.9
Follicular,7.5,4,4,2,3,0.5,284.3,369.7,55.1
Early Luteal,9.2,4,4,5,2,0.0,259.4,130.8,70.8
Early Luteal,5.4,3,4,4,2,2.6,221.8,95.2,31.8
Early Luteal,7.5,5,3,3,3,0.5,402.3,283.0,56.1
Early Luteal,6.4,4,3,3,1,1.6,12.7,0.0,55.9
Follicular,7.4,4,4,5,3,0.6,421.5,387.3,57.7
Late Luteal,5.5,2,1,1,3,2.5,410.7,421.4,15.9
Ovulation,6.9,2,2,2,3,1.1,424.3,497.4,31.0
Menstrual,6.2,3,2,2,3,1.8,472.2,493.2,25.2
Ovulation,7.5,4,4,4,2,0.5,143.5,63.5,62.0
Menstrual,7.9,3,3,4,1,0.1,50.5,2.7,59.4
Menstrual,6.2,3,2,2,2,1.8,122.7,0.0,38.2
Follicular,8.2,4,3,4,2,0.0,161.4,91.0,65.4
Follicular,6.5,3,4,4,2,1.5,179.0,195.2,48.6
Follicular,7.8,4,4,4,1,0.2,5.6,0.0,74.9
Follicular,8.1,5,4,4,3,0.0,547.4,573.1,56.8
Late Luteal,7.7,4,3,3,1,0.3,64.5,0.0,65.4
Follicular,6.2,4,3,3,2,1.8,122.5,0.0,44.7
Menstrual,7.0,3,3,3,3,1.0,407.9,406.5,34.3
Late Luteal,7.6,4,3,3,1,0.4,141.1,118.5,65.6
Late Luteal,6.0,2,2,1,2,2.0,99.2,168.8,30.0
Ovulation,6.1,2,2,3,2,1.9,127.7,29.5,43.4
Late Luteal,6.8,1,2,1,3,1.2,412.7,357.6,17.0
Menstrual,8.2,4,2,2,2,0.0,207.7,299.0,59.6
Early Luteal,7.8,4,2,4,3,0.2,336.2,418.7,51.9
Menstrual,7.1,3,3,3,2,0.9,116.2,0.0,45.4
Early Luteal,7.7,4,3,5,3,0.3,542.5,642.5,45.0
Follicular,8.2,4,3,4,2,0.0,174.8,250.9,65.1
Follicular,5.6,2,2,3,4,2.4,435.8,353.6,13.1
Follicular,7.9,4,4,4,1,0.1,106.4,59.3,67.0
Early Luteal,8.0,5,4,5,1,0.0,80.2,180.2,75.1
Menstrual,4.4,1,1,1,4,3.6,552.9,613.3,0.0
Late Luteal,5.9,3,2,2,1,2.1,123.8,69.3,41.2
Early Luteal,7.7,5,3,3,4,0.3,479.1,569.4,47.7
Follicular,8.9,5,4,5,2,0.0,263.6,226.0,79.8
Menstrual,7.6,4,3,3,2,0.4,216.8,316.8,53.2
Late Luteal,7.6,4,4,3,2,0.4,114.7,170.2,64.3
Late Luteal,5.6,3,2,2,4,2.4,563.1,632.5,21.8
Follicular,7.3,5,4,3,2,0.7,163.4,79.5,67.4
Late Luteal,6.0,2,3,3,1,2.0,89.0,85.8,38.2
Late Luteal,6.6,2,2,2,3,1.4,528.7,594.9,18.9
Menstrual,6.6,2,2,2,2,1.4,124.7,224.7,37.5
Early Luteal,7.4,4,3,4,3,0.6,382.5,335.9,47.4
Follicular,7.6,5,4,4,2,0.4,112.2,107.2,64.6
Follicular,7.6,3,3,2,3,0.4,351.8,350.4,50.0
Late Luteal,7.2,3,3,3,1,0.8,90.1,134.3,53.2
Ovulation,7.9,4,4,4,2,0.1,275.8,287.4,67.3
Menstrual,6.3,3,3,3,2,1.7,160.9,46.7,36.2
Menstrual,7.4,3,3,3,2,0.6,108.6,83.3,50.3
Ovulation,7.5,4,4,4,2,0.5,184.5,284.5,63.8
Menstrual,8.0,3,3,2,2,0.0,218.3,285.9,50.7
Ovulation,7.1,4,3,4,2,0.9,285.1,266.7,56.9
Menstrual,7.3,4,3,3,4,0.7,405.3,433.0,38.6
Early Luteal,7.1,5,4,3,2,0.9,303.7,352.9,62.8
Follicular,6.7,4,4,3,2,1.3,227.2,327.2,54.5
Follicular,6.6,4,4,3,2,1.4,104.9,120.1,58.0
Menstrual,6.9,3,3,2,2,1.1,306.3,340.2,38.5
Early Luteal,4.1,2,1,1,2,3.9,264.4,260.8,11.9
Follicular,6.9,3,2,3,3,1.1,393.9,331.5,37.0
Follicular,9.5,5,4,4,2,0.0,217.5,179.7,74.5
Menstrual,6.7,3,2,2,3,1.3,350.9,259.4,29.2
Late Luteal,5.5,3,3,2,2,2.5,182.6,282.6,34.7
Menstrual,6.9,3,3,2,2,1.1,304.8,225.2,41.0
Late Luteal,6.0,4,2,2,3,2.0,420.7,390.9,38.6
Late Luteal,6.3,4,3,2,3,1.7,360.5,380.2,36.6
Early Luteal,6.0,3,1,2,3,2.0,382.2,482.2,29.5
Follicular,7.4,5,3,3,3,0.6,334.1,277.4,51.2
Ovulation,5.4,3,3,3,1,2.6,112.4,181.8,46.8
Late Luteal,7.0,2,3,3,2,1.0,127.2,227.2,42.3
Ovulation,7.3,5,4,4,3,0.7,342.4,339.4,56.2
Menstrual,7.7,3,2,2,3,0.3,385.6,409.9,33.9
Follicular,6.6,4,3,2,2,1.4,196.8,200.6,49.8
Follicular,6.0,3,4,4,2,2.0,183.1,186.4,44.8
Menstrual,5.8,2,1,2,2,2.2,166.0,81.6,25.3
Follicular,5.5,3,3,3,1,2.5,38.1,44.6,46.3
